athlete_id,name,noc
athlete_rudolf_dombiroland_kökény,Rudolf DombiRoland Kökény,HUN
athlete_fernando_pimentaemanuel_silva,Fernando PimentaEmanuel Silva,POR
athlete_martin_hollsteinandreas_ihle,Martin HollsteinAndreas Ihle,GER
athlete_sven_kramer,Sven Kramer,NED
athlete_lee_seung_hoon,Lee Seung-hoon,KOR
athlete_ivan_skobrev,Ivan Skobrev,RUS
athlete_kristin_armstrong,Kristin Armstrong,USA
athlete_judith_arndt,Judith Arndt,GER
athlete_olga_zabelinskaya,Olga Zabelinskaya,RUS
athlete_simone_biles,Simone Biles,USA
athlete_aly_raisman,Aly Raisman,USA
athlete_aliya_mustafina,Aliya Mustafina,RUS
athlete_dayron_robles,Dayron Robles,CUB
athlete_david_payne,David Payne,USA
athlete_david_oliver,David Oliver,USA
athlete_félix_sánchez,Félix Sánchez,DOM
athlete_danny_mcfarlane,Danny McFarlane,JAM
athlete_naman_keïta,Naman Keïta,FRA
athlete_bryan_clay,Bryan Clay,USA
athlete_andrei_krauchanka,Andrei Krauchanka,BLR
athlete_leonel_suárez,Leonel Suárez,CUB
athlete_finn_christian_jagge,Finn Christian Jagge,NOR
athlete_alberto_tomba,Alberto Tomba,ITA
athlete_michael_tritscher,Michael Tritscher,AUT
athlete_michael_johnson,Michael Johnson,USA
athlete_alvin_harrison,Alvin Harrison,USA
athlete_gregory_haughton,Gregory Haughton,JAM
athlete_allison_jolly_lynne_jewell,Allison Jolly Lynne Jewell,USA
athlete_marit_söderström_birgitta_bengtsson,Marit Söderström Birgitta Bengtsson,SWE
athlete_larisa_moskalenko_iryna_chunykhovska,Larisa Moskalenko Iryna Chunykhovska,URS
athlete_viktor_ahn_semion_elistratov_vladimir_grigorev_ruslan_zakharov,Viktor Ahn Semion Elistratov Vladimir Grigorev Ruslan Zakharov,RUS
athlete_eddy_alvarez_j_r_celski_chris_creveling_jordan_malone,Eddy Alvarez J. R. Celski Chris Creveling Jordan Malone,USA
athlete_chen_dequan_han_tianyu_shi_jingnan_wu_dajing,Chen Dequan Han Tianyu Shi Jingnan Wu Dajing,CHN
athlete_istván_kovács,István Kovács,HUN
athlete_arnaldo_mesa,Arnaldo Mesa,CUB
athlete_vichairachanon_khadpo,Vichairachanon Khadpo,THA
athlete_raimkul_malakhbekov,Raimkul Malakhbekov,RUS
athlete_lasha_talakhadze,Lasha Talakhadze,GEO
athlete_gor_minasyan,Gor Minasyan,ARM
athlete_irakli_turmanidze,Irakli Turmanidze,GEO
athlete_kosuke_kitajima,Kosuke Kitajima,JPN
athlete_brenton_rickard,Brenton Rickard,AUS
athlete_hugues_duboscq,Hugues Duboscq,FRA
athlete_manuela_di_centa,Manuela Di Centa,ITA
athlete_lyubov_yegorova,Lyubov Yegorova,RUS
athlete_nina_gavrylyuk,Nina Gavrylyuk,RUS
athlete_diana_mocanu,Diana Mocanu,ROM
athlete_roxana_maracineanu,Roxana Maracineanu,FRA
athlete_miki_nakao,Miki Nakao,JPN
athlete_oksen_mirzoyan,Oksen Mirzoyan,URS
athlete_he_yingqiang,He Yingqiang,CHN
athlete_liu_shoubin,Liu Shoubin,CHN
athlete_jin_jong_oh,Jin Jong-oh,KOR
athlete_tan_zongliang,Tan Zongliang,CHN
athlete_vladimir_isakov,Vladimir Isakov,RUS
athlete_claudia_pechstein,Claudia Pechstein,GER
athlete_renate_groenewold,Renate Groenewold,NED
athlete_cindy_klassen,Cindy Klassen,CAN
athlete_wang_meng,Wang Meng,CHN
athlete_evgenia_radanova,Evgenia Radanova,BUL
athlete_anouk_leblanc_boucher,Anouk Leblanc-Boucher,CAN
athlete_allison_schmitt,Allison Schmitt,USA
athlete_camille_muffat,Camille Muffat,FRA
athlete_bronte_barratt,Bronte Barratt,AUS
athlete_tyler_clary,Tyler Clary,USA
athlete_ryosuke_irie,Ryosuke Irie,JPN
athlete_ryan_lochte,Ryan Lochte,USA
athlete_kateřina_emmons,Kateřina Emmons,CZE
athlete_lioubov_galkina,Lioubov Galkina,RUS
athlete_snježana_pejčić,Snježana Pejčić,CRO
athlete_thomas_röhler,Thomas Röhler,GER
athlete_julius_yego,Julius Yego,KEN
athlete_keshorn_walcott,Keshorn Walcott,TTO
athlete_fredrik_lööfmax_salminen,Fredrik LööfMax Salminen,SWE
athlete_iain_percyandrew_simpson,Iain PercyAndrew Simpson,GBR
athlete_robert_scheidtbruno_prada,Robert ScheidtBruno Prada,BRA
athlete_reiichi_mikatatakanori_konokenji_ogiwara,Reiichi MikataTakanori KonoKenji Ogiwara,JPN
athlete_knut_tore_apelandfred_børre_lundbergtrond_einar_elden,Knut Tore ApelandFred Børre LundbergTrond Einar Elden,NOR
athlete_klaus_ofnerstefan_kreinerklaus_sulzenbacher,Klaus OfnerStefan KreinerKlaus Sulzenbacher,AUT
athlete_olga_brusnikinamaria_kisseleva,Olga BrusnikinaMaria Kisseleva,RUS
athlete_miya_tachibanamiho_takeda,Miya TachibanaMiho Takeda,JPN
athlete_virginie_dedieumyriam_lignot,Virginie DedieuMyriam Lignot,FRA
athlete_adelina_sotnikova,Adelina Sotnikova,RUS
athlete_yuna_kim,Yuna Kim,KOR
athlete_carolina_kostner,Carolina Kostner,ITA
athlete_joachim_kunz,Joachim Kunz,GDR
athlete_israel_militosyan,Israel Militosyan,URS
athlete_li_jinhe,Li Jinhe,CHN
athlete_somluck_kamsing,Somluck Kamsing,THA
athlete_serafim_todorov,Serafim Todorov,BUL
athlete_pablo_chacón,Pablo Chacón,ARG
athlete_floyd_mayweather,Floyd Mayweather,USA
athlete_hadi_saei,Hadi Saei,IRI
athlete_mauro_sarmiento,Mauro Sarmiento,ITA
athlete_zhu_guo,Zhu Guo,CHN
athlete_steven_lópez,Steven López,USA
athlete_ekaterina_karsten,Ekaterina Karsten,BLR
athlete_rumyana_neykova,Rumyana Neykova,BUL
athlete_katrin_rutschow_stomporowski,Katrin Rutschow-Stomporowski,GER
athlete_grant_hackett,Grant Hackett,AUS
athlete_kieren_perkins,Kieren Perkins,AUS
athlete_chris_thompson,Chris Thompson,USA
athlete_tamara_tikhonova,Tamara Tikhonova,URS
athlete_anfisa_reztsova,Anfisa Reztsova,URS
athlete_raisa_smetanina,Raisa Smetanina,URS
athlete_gabriela_szabo,Gabriela Szabo,ROM
athlete_sonia_osullivan,Sonia O'Sullivan,IRL
athlete_gete_wami,Gete Wami,ETH
athlete_thomas_stangassinger,Thomas Stangassinger,AUT
athlete_jure_košir,Jure Košir,SLO
athlete_andrey_silnov,Andrey Silnov,RUS
athlete_germaine_mason,Germaine Mason,GBR
athlete_yaroslav_rybakov,Yaroslav Rybakov,RUS
athlete_ruth_beitia,Ruth Beitia,ESP
athlete_mirela_demireva,Mirela Demireva,BUL
athlete_blanka_vlašić,Blanka Vlašić,CRO
athlete_timothy_mack,Timothy Mack,USA
athlete_toby_stevenson,Toby Stevenson,USA
athlete_giuseppe_gibilisco,Giuseppe Gibilisco,ITA
athlete_david_rudisha,David Rudisha,KEN
athlete_nijel_amos,Nijel Amos,BOT
athlete_timothy_kitum,Timothy Kitum,KEN
athlete_maryam_yusuf_jamal,Maryam Yusuf Jamal,BRN
athlete_abeba_aregawi,Abeba Aregawi,ETH
athlete_shannon_rowbury,Shannon Rowbury,USA
athlete_caster_semenya,Caster Semenya,RSA
athlete_pamela_jelimo,Pamela Jelimo,KEN
athlete_alysia_johnson_montaño,Alysia Johnson Montaño,USA
athlete_meseret_defar,Meseret Defar,ETH
athlete_vivian_cheruiyot,Vivian Cheruiyot,KEN
athlete_tirunesh_dibaba,Tirunesh Dibaba,ETH
athlete_faith_kipyegon,Faith Kipyegon,KEN
athlete_genzebe_dibaba,Genzebe Dibaba,ETH
athlete_jennifer_simpson,Jennifer Simpson,USA
athlete_conseslus_kipruto,Conseslus Kipruto,KEN
athlete_evan_jager,Evan Jager,USA
athlete_mahiedine_mekhissi_benabbad,Mahiedine Mekhissi-Benabbad,FRA
athlete_habiba_ghribi,Habiba Ghribi,TUN
athlete_sofia_assefa,Sofia Assefa,ETH
athlete_milcah_chemos_cheywa,Milcah Chemos Cheywa,KEN
athlete_gong_lijiao,Gong Lijiao,CHN
athlete_raven_saunders,Raven Saunders,USA
athlete_valerie_adams,Valerie Adams,NZL
athlete_sally_kipyego,Sally Kipyego,KEN
athlete_ezekiel_kemboi,Ezekiel Kemboi,KEN
athlete_abel_mutai,Abel Mutai,KEN
athlete_laura_trott,Laura Trott,GBR
athlete_sarah_hammer,Sarah Hammer,USA
athlete_annette_edmondson,Annette Edmondson,AUS
athlete_kim_so_hui,Kim So-hui,KOR
athlete_tijana_bogdanović,Tijana Bogdanović,SRB
athlete_patimat_abakarova,Patimat Abakarova,AZE
athlete_panipak_wongpattanakit,Panipak Wongpattanakit,THA
athlete_nancy_langat,Nancy Langat,KEN
athlete_iryna_lishchynska,Iryna Lishchynska,UKR
athlete_nataliya_tobias,Nataliya Tobias,UKR
athlete_samuel_sánchez,Samuel Sánchez,ESP
athlete_fabian_cancellara,Fabian Cancellara,SUI
athlete_alexandr_kolobnev,Alexandr Kolobnev,RUS
athlete_rim_jong_sim,Rim Jong-sim,PRK
athlete_darya_naumava,Darya Naumava,BLR
athlete_lydia_valentín,Lydia Valentín,ESP
athlete_cheick_sallah_cissé,Cheick Sallah Cissé,CIV
athlete_lutalo_muhammad,Lutalo Muhammad,GBR
athlete_oussama_oueslati,Oussama Oueslati,TUN
athlete_milad_beigi,Milad Beigi,AZE
athlete_park_tae_hwan,Park Tae-Hwan,KOR
athlete_zhang_lin,Zhang Lin,CHN
athlete_larsen_jensen,Larsen Jensen,USA
athlete_kirsty_coventry,Kirsty Coventry,ZIM
athlete_margaret_hoelzer,Margaret Hoelzer,USA
athlete_reiko_nakamura,Reiko Nakamura,JPN
athlete_stephanie_brown_trafton,Stephanie Brown Trafton,USA
athlete_olena_antonova,Olena Antonova,UKR
athlete_song_aimin,Song Aimin,CHN
athlete_alexander_vinokourov,Alexander Vinokourov,KAZ
athlete_rigoberto_urán,Rigoberto Urán,COL
athlete_alexander_kristoff,Alexander Kristoff,NOR
athlete_stefan_groothuis,Stefan Groothuis,NED
athlete_denny_morrison,Denny Morrison,CAN
athlete_michel_mulder,Michel Mulder,NED
athlete_greg_van_avermaet,Greg Van Avermaet,BEL
athlete_jakob_fuglsang,Jakob Fuglsang,DEN
athlete_rafał_majka,Rafał Majka,POL
athlete_inna_deriglazova,Inna Deriglazova,RUS
athlete_elisa_di_francisca,Elisa Di Francisca,ITA
athlete_inès_boubakri,Inès Boubakri,TUN
athlete_rebecca_soni,Rebecca Soni,USA
athlete_leisel_jones,Leisel Jones,AUS
athlete_sara_nordenstam,Sara Nordenstam,NOR
athlete_canpatrick_chan_kaetlyn_osmond_gabrielle_daleman_meagan_duhamel_eric_radford_tessa_virtue_scott_moir,"CANPatrick Chan, Kaetlyn Osmond, Gabrielle Daleman, Meagan Duhamel, Eric Radford, Tessa Virtue, Scott Moir",
athlete_oarmikhail_kolyada_evgenia_medvedeva_alina_zagitova_evgenia_tarasova_vladimir_morozov_natalia_zabiiako_alexander_enbert_ekaterina_bobrova_dmitri_soloviev,"OARMikhail Kolyada, Evgenia Medvedeva, Alina Zagitova, Evgenia Tarasova, Vladimir Morozov, Natalia Zabiiako, Alexander Enbert, Ekaterina Bobrova, Dmitri Soloviev",
athlete_usanathan_chen_adam_rippon_bradie_tennell_mirai_nagasu_alexa_scimeca_knierim_chris_knierim_maia_shibutani_alex_shibutani,"USANathan Chen, Adam Rippon, Bradie Tennell, Mirai Nagasu, Alexa Scimeca Knierim, Chris Knierim, Maia Shibutani, Alex Shibutani",
athlete_cao_yuan,Cao Yuan,CHN
athlete_jack_laugher,Jack Laugher,GBR
athlete_patrick_hausding,Patrick Hausding,GER
athlete_chen_aisenlin_yue,Chen AisenLin Yue,CHN
athlete_david_boudiasteele_johnson,David BoudiaSteele Johnson,USA
athlete_tom_daleydaniel_goodfellow,Tom DaleyDaniel Goodfellow,GBR
athlete_chen_ruolinliu_huixia,Chen RuolinLiu Huixia,CHN
athlete_cheong_jun_hoongpandelela_rinong,Cheong Jun HoongPandelela Rinong,MAS
athlete_meaghan_benfeitoroseline_filion,Meaghan BenfeitoRoseline Filion,CAN
athlete_niccolò_campriani,Niccolò Campriani,ITA
athlete_sergey_kamenskiy,Sergey Kamenskiy,RUS
athlete_alexis_raynaud,Alexis Raynaud,FRA
athlete_shi_tingmao,Shi Tingmao,CHN
athlete_he_zi,He Zi,CHN
athlete_tania_cagnotto,Tania Cagnotto,ITA
athlete_nafissatou_thiam,Nafissatou Thiam,BEL
athlete_jessica_ennis_hill,Jessica Ennis-Hill,GBR
athlete_brianne_theisen_eaton,Brianne Theisen-Eaton,CAN
athlete_uladzislau_hancharou,Uladzislau Hancharou,BLR
athlete_dong_dong,Dong Dong,CHN
athlete_gao_lei,Gao Lei,CHN
athlete_gong_jinjiezhong_tianshi,Gong JinjieZhong Tianshi,CHN
athlete_daria_shmelevaanastasia_voynova,Daria ShmelevaAnastasia Voynova,RUS
athlete_kristina_vogelmiriam_welte,Kristina VogelMiriam Welte,GER
athlete_philip_hindesjason_kennycallum_skinner,Philip HindesJason KennyCallum Skinner,GBR
athlete_eddie_dawkinsethan_mitchellsam_webster,Eddie DawkinsEthan MitchellSam Webster,NZL
athlete_grégory_baugémichaël_dalmeidafrançois_pervis,Grégory BaugéMichaël D'AlmeidaFrançois Pervis,FRA
athlete_rosannagh_maclennan,Rosannagh MacLennan,CAN
athlete_bryony_page,Bryony Page,GBR
athlete_li_dan,Li Dan,CHN
athlete_kristina_vogel,Kristina Vogel,GER
athlete_becky_james,Becky James,GBR
athlete_katy_marchant,Katy Marchant,GBR
athlete_jason_kenny,Jason Kenny,GBR
athlete_callum_skinner,Callum Skinner,GBR
athlete_denis_dmitriev,Denis Dmitriev,RUS
athlete_brianna_rollins,Brianna Rollins,USA
athlete_nia_ali,Nia Ali,USA
athlete_kristi_castlin,Kristi Castlin,USA
athlete_elis_ligtlee,Elis Ligtlee,NED
athlete_anna_meares,Anna Meares,AUS
athlete_katie_archibaldlaura_trottelinor_barkerjoanna_rowsell_shand,Katie ArchibaldLaura TrottElinor BarkerJoanna Rowsell Shand,GBR
athlete_sarah_hammerkelly_catlinchloé_dygertjennifer_valente,Sarah HammerKelly CatlinChloé DygertJennifer Valente,USA
athlete_allison_beveridgejasmin_glaesserkirsti_laygeorgia_simmerlinglaura_brown,Allison BeveridgeJasmin GlaesserKirsti LayGeorgia SimmerlingLaura Brown,CAN
athlete_sara_kolak,Sara Kolak,CRO
athlete_sunette_viljoen,Sunette Viljoen,RSA
athlete_barbora_špotáková,Barbora Špotáková,CZE
athlete_anita_włodarczyk,Anita Włodarczyk,POL
athlete_zhang_wenxiu,Zhang Wenxiu,CHN
athlete_sophie_hitchon,Sophie Hitchon,GBR
athlete_matthijs_büchli,Matthijs Büchli,NED
athlete_azizulhasni_awang,Azizulhasni Awang,MAS
athlete_michelle_carter,Michelle Carter,USA
athlete_anita_márton,Anita Márton,HUN
athlete_caterine_ibargüen,Caterine Ibargüen,COL
athlete_yulimar_rojas,Yulimar Rojas,VEN
athlete_olga_rypakova,Olga Rypakova,KAZ
athlete_chen_aisen,Chen Aisen,CHN
athlete_germán_sánchez,Germán Sánchez,MEX
athlete_david_boudia,David Boudia,USA
athlete_huang_shanshan,Huang Shanshan,CHN
athlete_he_wenna,He Wenna,CHN
athlete_can_4th_title,CAN (4th title),
athlete_usa,USA,
athlete_sui,SUI,
athlete_ruth_jebet,Ruth Jebet,BRN
athlete_hyvin_jepkemoi,Hyvin Jepkemoi,KEN
athlete_emma_coburn,Emma Coburn,USA
athlete_wang_zhen,Wang Zhen,CHN
athlete_cai_zelin,Cai Zelin,CHN
athlete_dane_bird_smith,Dane Bird-Smith,AUS
athlete_xu_lijia,Xu Lijia,CHN
athlete_marit_bouwmeester,Marit Bouwmeester,NED
athlete_evi_van_acker,Evi Van Acker,BEL
athlete_shi_tingmaowu_minxia,Shi TingmaoWu Minxia,CHN
athlete_tania_cagnottofrancesca_dallapé,Tania CagnottoFrancesca Dallapé,ITA
athlete_maddison_keeneyanabelle_smith,Maddison KeeneyAnabelle Smith,AUS
athlete_liu_hong,Liu Hong,CHN
athlete_lupita_gonzález,Lupita González,MEX
athlete_lü_xiuzhi,Lü Xiuzhi,CHN
athlete_evgeniya_kanaeva,Evgeniya Kanaeva,RUS
athlete_darya_dmitriyeva,Darya Dmitriyeva,RUS
athlete_liubov_charkashyna,Liubov Charkashyna,BLR
athlete_almaz_ayana,Almaz Ayana,ETH
athlete_kerron_clement,Kerron Clement,USA
athlete_boniface_mucheru_tumuti,Boniface Mucheru Tumuti,KEN
athlete_yasmani_copello,Yasmani Copello,TUR
athlete_dmitry_ushakov,Dmitry Ushakov,RUS
athlete_lu_chunlong,Lu Chunlong,CHN
athlete_anastasia_bliznyuk_uliana_donskova_ksenia_dudkina_alina_makarenko_anastasia_nazarenko_karolina_sevastyanova,Anastasia Bliznyuk Uliana Donskova Ksenia Dudkina Alina Makarenko Anastasia Nazarenko Karolina Sevastyanova,RUS
athlete_maryna_hancharova_anastasia_ivankova_nataliya_leshchyk_aliaksandra_narkevich_ksenia_sankovich_alina_tumilovich,Maryna Hancharova Anastasia Ivankova Nataliya Leshchyk Aliaksandra Narkevich Ksenia Sankovich Alina Tumilovich,BLR
athlete_elisa_blanchi_romina_laurito_marta_pagnini_elisa_santoni_anzhelika_savrayuk_andreea_stefanescu,Elisa Blanchi Romina Laurito Marta Pagnini Elisa Santoni Anzhelika Savrayuk Andreea Stefanescu,ITA
athlete_dalilah_muhammad,Dalilah Muhammad,USA
athlete_sara_petersen,Sara Petersen,DEN
athlete_ashley_spencer,Ashley Spencer,USA
athlete_kaori_matsumoto,Kaori Matsumoto,JPN
athlete_corina_căprioriu,Corina Căprioriu,ROU
athlete_marti_malloy,Marti Malloy,USA
athlete_automne_pavia,Automne Pavia,FRA
athlete_greg_rutherford,Greg Rutherford,GBR
athlete_mitchell_watt,Mitchell Watt,AUS
athlete_will_claye,Will Claye,USA
athlete_hellen_onsando_obiri,Hellen Onsando Obiri,KEN
athlete_tianna_bartoletta,Tianna Bartoletta,USA
athlete_brittney_reese,Brittney Reese,USA
athlete_ivana_španović,Ivana Španović,SRB
athlete_nicole_cooke,Nicole Cooke,GBR
athlete_emma_johansson,Emma Johansson,SWE
athlete_tatiana_guderzo,Tatiana Guderzo,ITA
athlete_taoufik_makhloufi,Taoufik Makhloufi,ALG
athlete_clayton_murphy,Clayton Murphy,USA
athlete_katerina_stefanidi,Katerina Stefanidi,GRE
athlete_sandi_morris,Sandi Morris,USA
athlete_eliza_mccartney,Eliza McCartney,NZL
athlete_mo_farah,Mo Farah,GBR
athlete_paul_kipkemoi_chelimo,Paul Kipkemoi Chelimo,USA
athlete_hagos_gebrhiwet,Hagos Gebrhiwet,ETH
athlete_aaron_peirsol,Aaron Peirsol,USA
athlete_matt_grevers,Matt Grevers,USA
athlete_hayden_stoeckel,Hayden Stoeckel,AUS
athlete_arkady_vyatchanin,Arkady Vyatchanin,RUS
athlete_matej_tóth,Matej Tóth,SVK
athlete_jared_tallent,Jared Tallent,AUS
athlete_hirooki_arai,Hirooki Arai,JPN
athlete_oleksandr_usyk,Oleksandr Usyk,UKR
athlete_clemente_russo,Clemente Russo,ITA
athlete_tervel_pulev,Tervel Pulev,BUL
athlete_teymur_mammadov,Teymur Mammadov,AZE
athlete_jeff_henderson,Jeff Henderson,USA
athlete_luvo_manyonga,Luvo Manyonga,RSA
athlete_kim_jae_bum,Kim Jae-Bum,KOR
athlete_ole_bischof,Ole Bischof,GER
athlete_ivan_nifontov,Ivan Nifontov,RUS
athlete_antoine_valois_fortier,Antoine Valois-Fortier,CAN
athlete_paul_tanui,Paul Tanui,KEN
athlete_tamirat_tola,Tamirat Tola,ETH
athlete_wayde_van_niekerk,Wayde van Niekerk,RSA
athlete_kirani_james,Kirani James,GRN
athlete_lashawn_merritt,LaShawn Merritt,USA
athlete_alistair_brownlee,Alistair Brownlee,GBR
athlete_jonathan_brownlee,Jonathan Brownlee,GBR
athlete_henri_schoeman,Henri Schoeman,RSA
athlete_usain_bolt,Usain Bolt,JAM
athlete_andre_de_grasse,Andre De Grasse,CAN
athlete_christophe_lemaitre,Christophe Lemaitre,FRA
athlete_chen_ding,Chen Ding,CHN
athlete_erick_barrondo,Erick Barrondo,GUA
athlete_chen_ruolinwang_hao,Chen RuolinWang Hao,CHN
athlete_paola_espinosaalejandra_orozco,Paola EspinosaAlejandra Orozco,MEX
athlete_éva_risztov,Éva Risztov,HUN
athlete_haley_anderson,Haley Anderson,USA
athlete_martina_grimaldi,Martina Grimaldi,ITA
athlete_lin_dan,Lin Dan,CHN
athlete_lee_chong_wei,Lee Chong Wei,MAS
athlete_chen_long,Chen Long,CHN
athlete_stefanos_ntouskos,Stefanos Ntouskos,GRE
athlete_kjetil_borch,Kjetil Borch,NOR
athlete_damir_martin,Damir Martin,CRO
athlete_takanori_nagase,Takanori Nagase,JPN
athlete_saeid_mollaei,Saeid Mollaei,MGL
athlete_shamil_borchashvili,Shamil Borchashvili,AUT
athlete_matthias_casse,Matthias Casse,BEL
athlete_barbara_engleder,Barbara Engleder,GER
athlete_zhang_binbin,Zhang Binbin,CHN
athlete_du_li,Du Li,CHN
athlete_elaine_thompson,Elaine Thompson,JAM
athlete_tori_bowie,Tori Bowie,USA
athlete_shelly_ann_fraser_pryce,Shelly-Ann Fraser-Pryce,JAM
athlete_gabriella_papadakisand_guillaume_cizeron,Gabriella Papadakisand Guillaume Cizeron,FRA
athlete_victoria_sinitsinaand_nikita_katsalapov,Victoria Sinitsinaand Nikita Katsalapov,ROC
athlete_madison_hubbelland_zachary_donohue,Madison Hubbelland Zachary Donohue,USA
athlete_yuto_horigome,Yuto Horigome,JPN
athlete_kelvin_hoefler,Kelvin Hoefler,BRA
athlete_jagger_eaton,Jagger Eaton,USA
athlete_distria_krasniqi,Distria Krasniqi,KOS
athlete_funa_tonaki,Funa Tonaki,JPN
athlete_daria_bilodid,Daria Bilodid,UKR
athlete_urantsetseg_munkhbat,Urantsetseg Munkhbat,MGL
athlete_chen_jin,Chen Jin,CHN
athlete_si_tianfeng,Si Tianfeng,CHN
athlete_robert_heffernan,Robert Heffernan,IRL
athlete_aaron_wolf,Aaron Wolf,JPN
athlete_cho_gu_ham,Cho Gu-ham,KOR
athlete_jorge_fonseca,Jorge Fonseca,POR
athlete_niyaz_ilyasov,Niyaz Ilyasov,ROC
athlete_kateryna_tarasenkonataliya_dovhodkoanastasiya_kozhenkovayana_dementyeva,Kateryna TarasenkoNataliya DovhodkoAnastasiya KozhenkovaYana Dementyeva,UKR
athlete_annekatrin_thielecarina_bärjulia_richterbritta_oppelt,Annekatrin ThieleCarina BärJulia RichterBritta Oppelt,GER
athlete_natalie_dellkara_kohlermegan_kalmoeadrienne_martelli,Natalie DellKara KohlerMegan KalmoeAdrienne Martelli,USA
athlete_shohei_ono,Shohei Ono,JPN
athlete_lasha_shavdatuashvili,Lasha Shavdatuashvili,GEO
athlete_an_chang_rim,An Chang-rim,KOR
athlete_tsend_ochiryn_tsogtbaatar,Tsend-Ochiryn Tsogtbaatar,MGL
athlete_alina_zagitova,Alina Zagitova,OAR
athlete_evgenia_medvedeva,Evgenia Medvedeva,OAR
athlete_kaetlyn_osmond,Kaetlyn Osmond,CAN
athlete_chizuru_arai,Chizuru Arai,JPN
athlete_michaela_polleres,Michaela Polleres,AUT
athlete_madina_taimazova,Madina Taimazova,ROC
athlete_sanne_van_dijke,Sanne van Dijke,NED
athlete_erik_kynard,Erik Kynard,USA
athlete_derek_drouin,Derek Drouin,CAN
athlete_robert_grabarz,Robert Grabarz,GBR
athlete_mutaz_essa_barshim,Mutaz Essa Barshim,QAT
athlete_aries_merritt,Aries Merritt,USA
athlete_jason_richardson,Jason Richardson,USA
athlete_hansle_parchment,Hansle Parchment,JAM
athlete_akira_sone,Akira Sone,JPN
athlete_idalys_ortiz,Idalys Ortiz,CUB
athlete_iryna_kindzerska,Iryna Kindzerska,AZE
athlete_romane_dicko,Romane Dicko,FRA
athlete_tiki_gelana,Tiki Gelana,ETH
athlete_priscah_jeptoo,Priscah Jeptoo,KEN
athlete_tatyana_petrova_arkhipova,Tatyana Petrova Arkhipova,RUS
athlete_tong_wen,Tong Wen,CHN
athlete_maki_tsukada,Maki Tsukada,JPN
athlete_lucija_polavder,Lucija Polavder,SLO
athlete_sui_wenjingand_han_cong,Sui Wenjingand Han Cong,CHN
athlete_evgenia_tarasovaand_vladimir_morozov,Evgenia Tarasovaand Vladimir Morozov,ROC
athlete_anastasia_mishinaand_aleksandr_galliamov,Anastasia Mishinaand Aleksandr Galliamov,ROC
athlete_sarah_menezes,Sarah Menezes,BRA
athlete_alina_dumitru,Alina Dumitru,ROU
athlete_charline_van_snick,Charline Van Snick,BEL
athlete_éva_csernoviczki,Éva Csernoviczki,HUN
athlete_momiji_nishiya,Momiji Nishiya,JPN
athlete_rayssa_leal,Rayssa Leal,BRA
athlete_funa_nakayama,Funa Nakayama,JPN
athlete_yang_xiuli,Yang Xiuli,CHN
athlete_yalennis_castillo,Yalennis Castillo,CUB
athlete_jeong_gyeong_mi,Jeong Gyeong-Mi,KOR
athlete_stéphanie_possamaï,Stéphanie Possamaï,FRA
athlete_giulia_quintavalle,Giulia Quintavalle,ITA
athlete_deborah_gravenstijn,Deborah Gravenstijn,NED
athlete_xu_yan,Xu Yan,CHN
athlete_ketleyn_quadros,Ketleyn Quadros,BRA
athlete_shaunae_miller,Shaunae Miller,BAH
athlete_allyson_felix,Allyson Felix,USA
athlete_shericka_jackson,Shericka Jackson,JAM
athlete_shori_hamada,Shori Hamada,JPN
athlete_madeleine_malonga,Madeleine Malonga,FRA
athlete_anna_maria_wagner,Anna-Maria Wagner,GER
athlete_mayra_aguiar,Mayra Aguiar,BRA
athlete_christian_taylor,Christian Taylor,USA
athlete_fabrizio_donato,Fabrizio Donato,ITA
athlete_linoy_ashram,Linoy Ashram,ISR
athlete_dina_averina,Dina Averina,ROC
athlete_alina_harnasko,Alina Harnasko,BLR
athlete_francesco_friedrichthorsten_margis,Francesco FriedrichThorsten Margis,GER
athlete_johannes_lochnerflorian_bauer,Johannes LochnerFlorian Bauer,GER
athlete_christoph_hafermatthias_sommer,Christoph HaferMatthias Sommer,GER
athlete_martin_sinkovićvalent_sinković,Martin SinkovićValent Sinković,CRO
athlete_marius_cozmiucciprian_tudosă,Marius CozmiucCiprian Tudosă,ROU
athlete_frederic_vystaveljoachim_sutton,Frederic VystavelJoachim Sutton,DEN
athlete_yelena_sokolova,Yelena Sokolova,RUS
athlete_janay_deloach,Janay DeLoach,USA
athlete_erin_cafarosusan_franciaesther_lofgrentaylor_ritzelmeghan_musnickielle_logancaroline_lindcaryn_daviesmary_whipple,Erin CafaroSusan FranciaEsther LofgrenTaylor RitzelMeghan MusnickiElle LoganCaroline LindCaryn DaviesMary Whipple,USA
athlete_janine_hansonrachelle_viinbergkrista_guloienlauren_wilkinsonnatalie_mastracciashley_brzozowiczdarcy_marquardtandréanne_morinlesley_thompson_willie,Janine HansonRachelle ViinbergKrista GuloienLauren WilkinsonNatalie MastracciAshley BrzozowiczDarcy MarquardtAndréanne MorinLesley Thompson-Willie,CAN
athlete_jacobine_veenhovenninke_kingmachantal_achterbergsytske_de_grootroline_repelaer_van_drielclaudia_belderboscarline_bouwannemiek_de_haananne_schellekens,Jacobine VeenhovenNinke KingmaChantal AchterbergSytske de GrootRoline Repelaer van DrielClaudia BelderbosCarline BouwAnnemiek de HaanAnne Schellekens,NED
athlete_misty_may_treanorkerri_walsh_jennings,Misty May-TreanorKerri Walsh Jennings,USA
athlete_jennifer_kessyapril_ross,Jennifer KessyApril Ross,USA
athlete_juliana_felisbertalarissa_frança,Juliana FelisbertaLarissa França,BRA
athlete_francesco_friedrichthorsten_margiscandy_baueralexander_schüller,Francesco FriedrichThorsten MargisCandy BauerAlexander Schüller,GER
athlete_johannes_lochnerflorian_bauerchristopher_weberchristian_rasp,Johannes LochnerFlorian BauerChristopher WeberChristian Rasp,GER
athlete_justin_krippsryan_sommercam_stonesben_coakwell,Justin KrippsRyan SommerCam StonesBen Coakwell,CAN
athlete_christoph_harting,Christoph Harting,GER
athlete_piotr_małachowski,Piotr Małachowski,POL
athlete_daniel_jasinski,Daniel Jasinski,GER
athlete_anna_chicherova,Anna Chicherova,RUS
athlete_brigetta_barrett,Brigetta Barrett,USA
athlete_dejen_gebremeskel,Dejen Gebremeskel,ETH
athlete_thomas_pkemeilongosiwa,Thomas PkemeiLongosiwa,KEN
athlete_alexander_purnell_spencer_turrin_jack_hargreaves_alexander_hill,Alexander Purnell Spencer Turrin Jack Hargreaves Alexander Hill,AUS
athlete_mihăiță_țigănescu_mugurel_semciuc_ștefan_berariu_cosmin_pascari,Mihăiță Țigănescu Mugurel Semciuc Ștefan Berariu Cosmin Pascari,ROU
athlete_matteo_castaldo_matteo_lodo_giuseppe_vicinomarco_di_costanzo_bruno_rosetti_h,Matteo Castaldo Matteo Lodo Giuseppe VicinoMarco Di Costanzo Bruno Rosetti (h),ITA
athlete_kim_woo_jinku_bon_chanlee_seung_yun,Kim Woo-jinKu Bon-chanLee Seung-yun,KOR
athlete_brady_ellisonzach_garrettjake_kaminski,Brady EllisonZach GarrettJake Kaminski,USA
athlete_alec_pottsryan_tyacktaylor_worth,Alec PottsRyan TyackTaylor Worth,AUS
athlete_dirk_uittenbogaardabe_wiersmatone_wietenkoen_metsemakers,Dirk UittenbogaardAbe WiersmaTone WietenKoen Metsemakers,NED
athlete_harry_leaskangus_groomtom_barrasjack_beaumont,Harry LeaskAngus GroomTom BarrasJack Beaumont,GBR
athlete_jack_clearycaleb_antillcameron_girdlestoneluke_letcher,Jack ClearyCaleb AntillCameron GirdlestoneLuke Letcher,AUS
athlete_du_jingyu_yang,Du JingYu Yang,CHN
athlete_lee_hyo_junglee_kyung_won,Lee Hyo-jungLee Kyung-won,KOR
athlete_wei_yilizhang_yawen,Wei YiliZhang Yawen,CHN
athlete_ayumi_tanimoto,Ayumi Tanimoto,JPN
athlete_lucie_décosse,Lucie Décosse,FRA
athlete_elisabeth_willeboordse,Elisabeth Willeboordse,NED
athlete_won_ok_im,Won Ok-Im,PRK
athlete_katie_ledecky,Katie Ledecky,USA
athlete_mireia_belmonte_garcía,Mireia Belmonte García,ESP
athlete_rebecca_adlington,Rebecca Adlington,GBR
athlete_marie_dorin_habertanaïs_bescondsimon_desthieuxmartin_fourcade,Marie Dorin HabertAnaïs BescondSimon DesthieuxMartin Fourcade,FRA
athlete_marte_olsbutiril_eckhoffjohannes_thingnes_bøemil_hegle_svendsen,Marte OlsbuTiril EckhoffJohannes Thingnes BøEmil Hegle Svendsen,NOR
athlete_lisa_vittozzidorothea_wiererlukas_hoferdominik_windisch,Lisa VittozziDorothea WiererLukas HoferDominik Windisch,ITA
athlete_ashton_eaton,Ashton Eaton,USA
athlete_kevin_mayer,Kevin Mayer,FRA
athlete_damian_warner,Damian Warner,CAN
athlete_emma_twigg,Emma Twigg,NZL
athlete_hanna_prakatsen,Hanna Prakatsen,ROC
athlete_magdalena_lobnig,Magdalena Lobnig,AUT
athlete_kayla_harrison,Kayla Harrison,USA
athlete_gemma_gibbons,Gemma Gibbons,GBR
athlete_audrey_tcheuméo,Audrey Tcheuméo,FRA
athlete_tessa_virtueand_scott_moir,Tessa Virtueand Scott Moir,CAN
athlete_maia_shibutaniand_alex_shibutani,Maia Shibutaniand Alex Shibutani,USA
athlete_jess_learmonthjonny_brownleegeorgia_taylor_brownalex_yee,Jess LearmonthJonny BrownleeGeorgia Taylor-BrownAlex Yee,GBR
athlete_katie_zafereskevin_mcdowelltaylor_knibbmorgan_pearson,Katie ZaferesKevin McDowellTaylor KnibbMorgan Pearson,USA
athlete_léonie_périaultdorian_coninxcassandre_beaugrandvincent_luis,Léonie PériaultDorian ConinxCassandre BeaugrandVincent Luis,FRA
athlete_leonel_manzano,Leonel Manzano,USA
athlete_abdalaati_iguider,Abdalaati Iguider,MAR
athlete_hugo_boucheronmatthieu_androdias,Hugo BoucheronMatthieu Androdias,FRA
athlete_melvin_twellaarstef_broenink,Melvin TwellaarStef Broenink,NED
athlete_liu_zhiyuzhang_liang,Liu ZhiyuZhang Liang,CHN
athlete_urška_žolnir,Urška Žolnir,SLO
athlete_xu_lili,Xu Lili,CHN
athlete_yoshie_ueno,Yoshie Ueno,JPN
athlete_gévrise_émane,Gévrise Émane,FRA
athlete_aljona_savchenkoand_bruno_massot,Aljona Savchenkoand Bruno Massot,GER
athlete_meagan_duhameland_eric_radford,Meagan Duhameland Eric Radford,CAN
athlete_renaud_lavillenie,Renaud Lavillenie,FRA
athlete_björn_otto,Björn Otto,GER
athlete_raphael_holzdeppe,Raphael Holzdeppe,GER
athlete_ashleigh_mcivor,Ashleigh McIvor,CAN
athlete_hedda_berntsen,Hedda Berntsen,NOR
athlete_marion_josserand,Marion Josserand,FRA
athlete_lucy_stephan_rosemary_popa_jessica_morrison_annabelle_mcintyre,Lucy Stephan Rosemary Popa Jessica Morrison Annabelle McIntyre,AUS
athlete_ellen_hogerwerf_karolien_florijn_ymkje_clevering_veronique_meester,Ellen Hogerwerf Karolien Florijn Ymkje Clevering Veronique Meester,NED
athlete_aifric_keogh_eimear_lambe_fiona_murtagh_emily_hegarty,Aifric Keogh Eimear Lambe Fiona Murtagh Emily Hegarty,IRL
athlete_bohdan_bondarenko,Bohdan Bondarenko,UKR
athlete_fintan_mccarthypaul_odonovan,Fintan McCarthyPaul O'Donovan,IRL
athlete_jonathan_rommelmannjason_osborne,Jonathan RommelmannJason Osborne,GER
athlete_stefano_oppopietro_ruta,Stefano OppoPietro Ruta,ITA
athlete_samuel_girard,Samuel Girard,CAN
athlete_john_henry_krueger,John-Henry Krueger,USA
athlete_seo_yi_ra,Seo Yi-ra,KOR
athlete_betty_heidler,Betty Heidler,GER
athlete_nathan_chen,Nathan Chen,USA
athlete_yuma_kagiyama,Yuma Kagiyama,JPN
athlete_shoma_uno,Shoma Uno,JPN
athlete_chen_yunxiazhang_linglü_yangcui_xiaotong,Chen YunxiaZhang LingLü YangCui Xiaotong,CHN
athlete_agnieszka_kobusmarta_wieliczkomaria_sajdakkatarzyna_zillmann,Agnieszka KobusMarta WieliczkoMaria SajdakKatarzyna Zillmann,POL
athlete_ria_thompsonrowena_meredithharriet_hudsoncaitlin_cronin,Ria ThompsonRowena MeredithHarriet HudsonCaitlin Cronin,AUS
athlete_naohisa_takato,Naohisa Takato,JPN
athlete_yang_yung_wei,Yang Yung-wei,TPE
athlete_yeldos_smetov,Yeldos Smetov,KAZ
athlete_luka_mkheidze,Luka Mkheidze,FRA
athlete_suzanne_schulting,Suzanne Schulting,NED
athlete_kim_boutin,Kim Boutin,CAN
athlete_arianna_fontana,Arianna Fontana,ITA
athlete_meryl_davisand_charlie_white,Meryl Davisand Charlie White,USA
athlete_oksana_domninaand_maxim_shabalin,Oksana Domninaand Maxim Shabalin,RUS
athlete_nicoleta_ancuța_bodnarsimona_radiș,Nicoleta-Ancuța BodnarSimona Radiș,ROU
athlete_brooke_donoghuehannah_osborne,Brooke DonoghueHannah Osborne,NZL
athlete_roos_de_jonglisa_scheenaard,Roos de JongLisa Scheenaard,NED
athlete_anna_shcherbakova,Anna Shcherbakova,ROC
athlete_alexandra_trusova,Alexandra Trusova,ROC
athlete_kaori_sakamoto,Kaori Sakamoto,JPN
athlete_sharon_van_rouwendaal,Sharon van Rouwendaal,NED
athlete_rachele_bruni,Rachele Bruni,ITA
athlete_poliana_okimoto,Poliana Okimoto,BRA
athlete_christina_obergföll,Christina Obergföll,GER
athlete_linda_stahl,Linda Stahl,GER
athlete_mika_sugimoto,Mika Sugimoto,JPN
athlete_karina_bryant,Karina Bryant,GBR
athlete_dafne_schippers,Dafne Schippers,NED
athlete_hifumi_abe,Hifumi Abe,JPN
athlete_vazha_margvelashvili,Vazha Margvelashvili,GEO
athlete_an_ba_ul,An Ba-ul,KOR
athlete_daniel_cargnin,Daniel Cargnin,BRA
athlete_jaroslav_kulhavý,Jaroslav Kulhavý,CZE
athlete_nino_schurter,Nino Schurter,SUI
athlete_marco_aurelio_fontana,Marco Aurelio Fontana,ITA
athlete_kaillie_humphries,Kaillie Humphries,USA
athlete_elana_meyers_taylor,Elana Meyers Taylor,USA
athlete_christine_de_bruin,Christine de Bruin,CAN
athlete_dilshod_nazarov,Dilshod Nazarov,TJK
athlete_ivan_tsikhan,Ivan Tsikhan,BLR
athlete_wojciech_nowicki,Wojciech Nowicki,POL
athlete_tom_mackintoshhamish_bondtom_murraymichael_brakedan_williamsonphillip_wilsonshaun_kirkhammatt_macdonaldsam_bosworth,Tom MackintoshHamish BondTom MurrayMichael BrakeDan WilliamsonPhillip WilsonShaun KirkhamMatt MacdonaldSam Bosworth,NZL
athlete_johannes_weißenfeldlaurits_follertolaf_roggensacktorben_johannesenjakob_schneidermalte_jakschikrichard_schmidthannes_ocikmartin_sauer,Johannes WeißenfeldLaurits FollertOlaf RoggensackTorben JohannesenJakob SchneiderMalte JakschikRichard SchmidtHannes OcikMartin Sauer,GER
athlete_josh_bugajskijacob_dawsonthomas_georgemoe_sbihicharles_elwesoliver_wynne_griffithjames_rudkinthomas_fordhenry_fieldman,Josh BugajskiJacob DawsonThomas GeorgeMoe SbihiCharles ElwesOliver Wynne-GriffithJames RudkinThomas FordHenry Fieldman,GBR
athlete_james_thompsonmatthew_brittainjohn_smithsizwe_ndlovu,James ThompsonMatthew BrittainJohn SmithSizwe Ndlovu,RSA
athlete_peter_chambersrob_williamsrichard_chamberschris_bartley,Peter ChambersRob WilliamsRichard ChambersChris Bartley,GBR
athlete_kasper_winther_jørgensenmorten_jørgensenjacob_barsøeeskild_ebbesen,Kasper Winther JørgensenMorten JørgensenJacob BarsøeEskild Ebbesen,DEN
athlete_arsen_galstyan,Arsen Galstyan,RUS
athlete_hiroaki_hiraoka,Hiroaki Hiraoka,JPN
athlete_felipe_kitadai,Felipe Kitadai,BRA
athlete_rishod_sobirov,Rishod Sobirov,UZB
athlete_monica_puig,Monica Puig,PUR
athlete_angelique_kerber,Angelique Kerber,GER
athlete_petra_kvitová,Petra Kvitová,CZE
athlete_martin_fourcade,Martin Fourcade,FRA
athlete_simon_schempp,Simon Schempp,GER
athlete_emil_hegle_svendsen,Emil Hegle Svendsen,NOR
athlete_thiago_braz,Thiago Braz,BRA
athlete_sam_kendricks,Sam Kendricks,USA
athlete_ferry_weertman,Ferry Weertman,NED
athlete_spyridon_gianniotis,Spyridon Gianniotis,GRE
athlete_marc_antoine_olivier,Marc-Antoine Olivier,FRA
athlete_uta_abe,Uta Abe,JPN
athlete_amandine_buchard,Amandine Buchard,FRA
athlete_odette_giuffrida,Odette Giuffrida,ITA
athlete_chelsie_giles,Chelsie Giles,GBR
athlete_sakura_yosozumi,Sakura Yosozumi,JPN
athlete_kokona_hiraki,Kokona Hiraki,JPN
athlete_sky_brown,Sky Brown,GBR
athlete_omar_mcleod,Omar McLeod,JAM
athlete_orlando_ortega,Orlando Ortega,ESP
athlete_dimitri_bascou,Dimitri Bascou,FRA
athlete_ryan_crouser,Ryan Crouser,USA
athlete_joe_kovacs,Joe Kovacs,USA
athlete_tomas_walsh,Tomas Walsh,NZL
athlete_michael_phelps,Michael Phelps,USA
athlete_masato_sakai,Masato Sakai,JPN
athlete_tamás_kenderesi,Tamás Kenderesi,HUN
athlete_valentina_rodinifederica_cesarini,Valentina RodiniFederica Cesarini,ITA
athlete_laura_tarantolaclaire_bové,Laura TarantolaClaire Bové,FRA
athlete_marieke_keijserilse_paulis,Marieke KeijserIlse Paulis,NED
athlete_nathan_adrian,Nathan Adrian,USA
athlete_james_magnussen,James Magnussen,AUS
athlete_brent_hayden,Brent Hayden,CAN
athlete_grace_prendergastkerri_gowler,Grace PrendergastKerri Gowler,NZL
athlete_vasilisa_stepanovaelena_oriabinskaia,Vasilisa StepanovaElena Oriabinskaia,ROC
athlete_caileigh_filmerhillary_janssens,Caileigh FilmerHillary Janssens,CAN
athlete_lisa_roman_kasia_gruchalla_wesierski_christine_roper_andrea_proske_susanne_grainger_madison_mailey_sydney_payne_avalon_wasteneys_kristen_kit,Lisa Roman Kasia Gruchalla-Wesierski Christine Roper Andrea Proske Susanne Grainger Madison Mailey Sydney Payne Avalon Wasteneys Kristen Kit,CAN
athlete_ella_greenslade_emma_dykelucy_spoors_kelsey_bevangrace_prendergast_kerri_gowler_beth_ross_jackie_gowler_caleb_shepherd,Ella Greenslade Emma DykeLucy Spoors Kelsey BevanGrace Prendergast Kerri Gowler Beth Ross Jackie Gowler Caleb Shepherd,NZL
athlete_wang_zifeng_wang_yuwei_xu_fei_miao_tian_zhang_min_ju_rui_li_jingjing_guo_linlin_zhang_dechang,Wang Zifeng Wang Yuwei Xu Fei Miao Tian Zhang Min Ju Rui Li Jingjing Guo Linlin Zhang Dechang,CHN
athlete_lee_yangwang_chi_lin,Lee YangWang Chi-lin,TPE
athlete_li_junhuiliu_yuchen,Li JunhuiLiu Yuchen,CHN
athlete_aaron_chiasoh_wooi_yik,Aaron ChiaSoh Wooi Yik,MAS
athlete_yuzuru_hanyu,Yuzuru Hanyu,JPN
athlete_javier_fernández,Javier Fernández,ESP
athlete_anna_watkinskatherine_grainger,Anna WatkinsKatherine Grainger,GBR
athlete_kim_crowbrooke_pratley,Kim CrowBrooke Pratley,AUS
athlete_magdalena_fularczykjulia_michalska,Magdalena FularczykJulia Michalska,POL
athlete_laura_noltedeborah_levi,Laura NolteDeborah Levi,GER
athlete_mariama_jamankaalexandra_burghardt,Mariama JamankaAlexandra Burghardt,GER
athlete_elana_meyers_taylorsylvia_hoffman,Elana Meyers TaylorSylvia Hoffman,USA
athlete_eliud_kipchoge,Eliud Kipchoge,KEN
athlete_feyisa_lilesa,Feyisa Lilesa,ETH
athlete_galen_rupp,Galen Rupp,USA
athlete_mahé_drysdale,Mahé Drysdale,NZL
athlete_ondřej_synek,Ondřej Synek,CZE
athlete_nadezhda_skardinoiryna_kryukodzinara_alimbekavadarya_domracheva,Nadezhda SkardinoIryna KryukoDzinara AlimbekavaDarya Domracheva,BLR
athlete_linn_perssonmona_brorssonanna_magnussonhanna_öberg,Linn PerssonMona BrorssonAnna MagnussonHanna Öberg,SWE
athlete_anaïs_chevaliermarie_dorin_habertjustine_braisazanaïs_bescond,Anaïs ChevalierMarie Dorin HabertJustine BraisazAnaïs Bescond,FRA
athlete_michael_tinsley,Michael Tinsley,USA
athlete_javier_culson,Javier Culson,PUR
athlete_thiago_pereira,Thiago Pereira,BRA
athlete_kosuke_hagino,Kosuke Hagino,JPN
athlete_chris_mearsjack_laugher,Chris MearsJack Laugher,GBR
athlete_sam_dormanmichael_hixon,Sam DormanMichael Hixon,USA
athlete_cao_yuanqin_kai,Cao YuanQin Kai,CHN
athlete_kaillie_humphriesheather_moyse,Kaillie HumphriesHeather Moyse,CAN
athlete_helen_uppertonshelley_ann_brown,Helen UppertonShelley-Ann Brown,CAN
athlete_erin_pacelana_meyers,Erin PacElana Meyers,USA
athlete_sabine_spitz,Sabine Spitz,GER
athlete_maja_włoszczowska,Maja Włoszczowska,POL
athlete_irina_kalentieva,Irina Kalentieva,RUS
athlete_chen_ruolin,Chen Ruolin,CHN
athlete_brittany_broben,Brittany Broben,AUS
athlete_pandelela_rinong,Pandelela Rinong,MAS
athlete_carlos_coloma_nicolás,Carlos Coloma Nicolás,ESP
athlete_jenny_rissveds,Jenny Rissveds,SWE
athlete_catharine_pendrel,Catharine Pendrel,CAN
athlete_laura_ludwigkira_walkenhorst,Laura LudwigKira Walkenhorst,GER
athlete_ágatha_bednarczukbárbara_seixas,Ágatha BednarczukBárbara Seixas,BRA
athlete_april_rosskerri_walsh_jennings,April RossKerri Walsh Jennings,USA
athlete_jennifer_suhr,Jennifer Suhr,USA
athlete_yarisley_silva,Yarisley Silva,CUB
athlete_yelena_isinbayeva,Yelena Isinbayeva,RUS
athlete_aksel_lund_svindal,Aksel Lund Svindal,NOR
athlete_bode_miller,Bode Miller,USA
athlete_andrew_weibrecht,Andrew Weibrecht,USA
athlete_misaki_matsutomoayaka_takahashi,Misaki MatsutomoAyaka Takahashi,JPN
athlete_christinna_pedersenkamilla_rytter_juhl,Christinna PedersenKamilla Rytter Juhl,DEN
athlete_jung_kyung_eunshin_seung_chan,Jung Kyung-eunShin Seung-chan,KOR
athlete_yohan_blake,Yohan Blake,JAM
athlete_warren_weir,Warren Weir,JAM
athlete_sally_pearson,Sally Pearson,AUS
athlete_dawn_harper,Dawn Harper,USA
athlete_kellie_wells,Kellie Wells,USA
athlete_jemima_sumgong,Jemima Sumgong,KEN
athlete_eunice_kirwa,Eunice Kirwa,BRN
athlete_mare_dibaba,Mare Dibaba,ETH
athlete_fu_haifengzhang_nan,Fu HaifengZhang Nan,CHN
athlete_goh_v_shemtan_wee_kiong,Goh V ShemTan Wee Kiong,MAS
athlete_marcus_ellischris_langridge,Marcus EllisChris Langridge,GBR
athlete_larisa_ilchenko,Larisa Ilchenko,RUS
athlete_keri_anne_payne,Keri-Anne Payne,GBR
athlete_cassandra_patten,Cassandra Patten,GBR
athlete_laura_dahlmeier,Laura Dahlmeier,GER
athlete_marte_olsbu,Marte Olsbu,NOR
athlete_veronika_vítková,Veronika Vítková,CZE
athlete_elana_meyerslauryn_williams,Elana MeyersLauryn Williams,USA
athlete_jamie_greubelaja_evans,Jamie GreubelAja Evans,USA
athlete_an_kum_ae,An Kum-ae,PRK
athlete_yanet_bermoy,Yanet Bermoy,CUB
athlete_priscilla_gneto,Priscilla Gneto,FRA
athlete_rosalba_forciniti,Rosalba Forciniti,ITA
athlete_masae_ueno,Masae Ueno,JPN
athlete_anaysi_hernández,Anaysi Hernández,CUB
athlete_ronda_rousey,Ronda Rousey,USA
athlete_edith_bosch,Edith Bosch,NED
athlete_chang_hye_jin,Chang Hye-jin,KOR
athlete_lisa_unruh,Lisa Unruh,GER
athlete_ki_bo_bae,Ki Bo-bae,KOR
athlete_anastasiya_kuzmina,Anastasiya Kuzmina,SVK
athlete_anaïs_bescond,Anaïs Bescond,FRA
athlete_stephen_kiprotich,Stephen Kiprotich,UGA
athlete_abel_kirui,Abel Kirui,KEN
athlete_wilson_kipsang,Wilson Kipsang,KEN
athlete_justin_gatlin,Justin Gatlin,USA
athlete_samuel_wanjiru,Samuel Wanjiru,KEN
athlete_jaouad_gharib,Jaouad Gharib,MAR
athlete_tsegay_kebede,Tsegay Kebede,ETH
athlete_marianne_vos,Marianne Vos,NED
athlete_lizzie_armitstead,Lizzie Armitstead,GBR
athlete_tagir_khaybulaev,Tagir Khaybulaev,RUS
athlete_naidangiin_tüvshinbayar,Naidangiin Tüvshinbayar,MGL
athlete_dimitri_peters,Dimitri Peters,GER
athlete_henk_grol,Henk Grol,NED
athlete_alison_ceruttibruno_oscar_schmidt,Alison CeruttiBruno Oscar Schmidt,BRA
athlete_daniele_lupopaolo_nicolai,Daniele LupoPaolo Nicolai,ITA
athlete_alexander_brouwerrobert_meeuwsen,Alexander BrouwerRobert Meeuwsen,NED
athlete_lasse_norman_hansen,Lasse Norman Hansen,DEN
athlete_bryan_coquard,Bryan Coquard,FRA
athlete_ed_clancy,Ed Clancy,GBR
athlete_tariku_bekele,Tariku Bekele,ETH
athlete_qieyang_shijie,Qieyang Shijie,CHN
athlete_li_xuerui,Li Xuerui,CHN
athlete_wang_yihan,Wang Yihan,CHN
athlete_saina_nehwal,Saina Nehwal,IND
athlete_lucas_tramèrsimon_schürchsimon_niepmannmario_gyr,Lucas TramèrSimon SchürchSimon NiepmannMario Gyr,SUI
athlete_jacob_barsøejacob_larsenkasper_winther_jørgensenmorten_jørgensen,Jacob BarsøeJacob LarsenKasper Winther JørgensenMorten Jørgensen,DEN
athlete_franck_solforosithomas_baroukhguillaume_raineauthibault_colard,Franck SolforosiThomas BaroukhGuillaume RaineauThibault Colard,FRA
athlete_miroslava_knapková,Miroslava Knapková,CZE
athlete_fie_udby_erichsen,Fie Udby Erichsen,DEN
athlete_kim_crow,Kim Crow,AUS
athlete_miklós_ungvári,Miklós Ungvári,HUN
athlete_cho_jun_ho,Cho Jun-Ho,KOR
athlete_masashi_ebinuma,Masashi Ebinuma,JPN
athlete_ilse_paulismaaike_head,Ilse PaulisMaaike Head,NED
athlete_lindsay_jennerichpatricia_obee,Lindsay JennerichPatricia Obee,CAN
athlete_huang_wenyipan_feihong,Huang WenyiPan Feihong,CHN
athlete_alan_campbell,Alan Campbell,GBR
athlete_alex_gregorytom_jamespete_reedandrew_triggs_hodge,Alex GregoryTom JamesPete ReedAndrew Triggs Hodge,GBR
athlete_james_chapmanjosh_dunkley_smithdrew_ginnwill_lockwood,James ChapmanJosh Dunkley-SmithDrew GinnWill Lockwood,AUS
athlete_charlie_colescott_gaultglenn_ochalhenrik_rummel,Charlie ColeScott GaultGlenn OchalHenrik Rummel,USA
athlete_lee_yong_daelee_hyo_jung,Lee Yong-daeLee Hyo-jung,KOR
athlete_nova_widiantoliliyana_natsir,Nova WidiantoLiliyana Natsir,INA
athlete_he_hanbinyu_yang,He HanbinYu Yang,CHN
athlete_mariana_pajón,Mariana Pajón,COL
athlete_alise_post,Alise Post,USA
athlete_stefany_hernández,Stefany Hernández,VEN
athlete_cai_yunfu_haifeng,Cai YunFu Haifeng,CHN
athlete_mathias_boecarsten_mogensen,Mathias BoeCarsten Mogensen,DEN
athlete_jung_jae_sunglee_yong_dae,Jung Jae-sungLee Yong-dae,KOR
athlete_tontowi_ahmadliliyana_natsir,Tontowi AhmadLiliyana Natsir,INA
athlete_chan_peng_soongoh_liu_ying,Chan Peng SoonGoh Liu Ying,MAS
athlete_zhang_nanzhao_yunlei,Zhang NanZhao Yunlei,CHN
athlete_arnd_peiffer,Arnd Peiffer,GER
athlete_michal_krčmář,Michal Krčmář,CZE
athlete_dominik_windisch,Dominik Windisch,ITA
athlete_julien_absalon,Julien Absalon,FRA
athlete_jean_christophe_péraud,Jean-Christophe Péraud,FRA
athlete_antti_ruuskanen,Antti Ruuskanen,FIN
athlete_vítězslav_veselý,Vítězslav Veselý,CZE
athlete_luo_yutongqin_kai,Luo YutongQin Kai,CHN
athlete_ilya_zakharovevgeny_kuznetsov,Ilya ZakharovEvgeny Kuznetsov,RUS
athlete_troy_dumaiskristian_ipsen,Troy DumaisKristian Ipsen,USA
athlete_maddie_bowman,Maddie Bowman,USA
athlete_marie_martinod,Marie Martinod,FRA
athlete_ayana_onozuka,Ayana Onozuka,JPN
athlete_oussama_mellouli,Oussama Mellouli,TUN
athlete_thomas_lurz,Thomas Lurz,GER
athlete_richard_weinberger,Richard Weinberger,CAN
athlete_chang_hye_jinchoi_mi_sunki_bo_bae,Chang Hye-jinChoi Mi-sunKi Bo-bae,KOR
athlete_tuyana_dashidorzhievaksenia_perovainna_stepanova,Tuyana DashidorzhievaKsenia PerovaInna Stepanova,RUS
athlete_le_chien_yinglin_shih_chiatan_ya_ting,Le Chien-yingLin Shih-chiaTan Ya-ting,TPE
athlete_roniel_iglesias,Roniel Iglesias,CUB
athlete_denys_berinchyk,Denys Berinchyk,UKR
athlete_vincenzo_mangiacapre,Vincenzo Mangiacapre,ITA
athlete_uranchimegiin_mönkh_erdene,Uranchimegiin Mönkh-Erdene,MGL
athlete_sanya_richards_ross,Sanya Richards-Ross,USA
athlete_christine_ohuruogu,Christine Ohuruogu,GBR
athlete_deedee_trotter,DeeDee Trotter,USA
athlete_ilya_zakharov,Ilya Zakharov,RUS
athlete_qin_kai,Qin Kai,CHN
athlete_he_chong,He Chong,CHN
athlete_mao_asada,Mao Asada,JPN
athlete_joannie_rochette,Joannie Rochette,CAN
athlete_cao_yuanzhang_yanquan,Cao YuanZhang Yanquan,CHN
athlete_iván_garcíagermán_sánchez,Iván GarcíaGermán Sánchez,MEX
athlete_david_boudianicholas_mccrory,David BoudiaNicholas McCrory,USA
athlete_viktor_axelsen,Viktor Axelsen,DEN
athlete_shen_xueand_zhao_hongbo,Shen Xueand Zhao Hongbo,CHN
athlete_pang_qingand_tong_jian,Pang Qingand Tong Jian,CHN
athlete_aljona_savchenkoand_robin_szolkowy,Aljona Savchenkoand Robin Szolkowy,GER
athlete_anna_van_der_breggen,Anna van der Breggen,NED
athlete_elisa_longo_borghini,Elisa Longo Borghini,ITA
athlete_helen_gloverheather_stanning,Helen GloverHeather Stanning,GBR
athlete_genevieve_behrentrebecca_scown,Genevieve BehrentRebecca Scown,NZL
athlete_hedvig_rasmussenanne_andersen,Hedvig RasmussenAnne Andersen,DEN
athlete_david_wise,David Wise,USA
athlete_mike_riddle,Mike Riddle,CAN
athlete_kevin_rolland,Kevin Rolland,FRA
athlete_mansur_isaev,Mansur Isaev,RUS
athlete_riki_nakaya,Riki Nakaya,JPN
athlete_nyam_ochir_sainjargal,Nyam-Ochir Sainjargal,MGL
athlete_ugo_legrand,Ugo Legrand,FRA
athlete_luguelín_santos,Luguelín Santos,DOM
athlete_lalonde_gordon,Lalonde Gordon,TRI
athlete_pierre_houinjérémie_azou,Pierre HouinJérémie Azou,FRA
athlete_gary_odonovanpaul_odonovan,Gary O'DonovanPaul O'Donovan,IRL
athlete_kristoffer_brunare_strandli,Kristoffer BrunAre Strandli,NOR
athlete_jolien_dhoore,Jolien D'Hoore,BEL
athlete_michael_schmid,Michael Schmid,SUI
athlete_andreas_matt,Andreas Matt,AUT
athlete_audun_grønvold,Audun Grønvold,NOR
athlete_jessica_ennis,Jessica Ennis,GBR
athlete_lilli_schwarzkopf,Lilli Schwarzkopf,GER
athlete_austra_skujytė,Austra Skujytė,LTU
athlete_li_ling,Li Ling,CHN
athlete_eric_murrayhamish_bond,Eric MurrayHamish Bond,NZL
athlete_lawrence_brittainshaun_keeling,Lawrence BrittainShaun Keeling,RSA
athlete_giovanni_abagnalemarco_di_costanzo,Giovanni AbagnaleMarco Di Costanzo,ITA
athlete_olha_saladukha,Olha Saladukha,UKR
athlete_elena_ilinykhand_nikita_katsalapov,Elena Ilinykhand Nikita Katsalapov,RUS
athlete_karl_schulzephilipp_wendelauritz_schooftim_grohmann,Karl SchulzePhilipp WendeLauritz SchoofTim Grohmann,GER
athlete_david_šainmartin_sinkovićdamir_martinvalent_sinković,David ŠainMartin SinkovićDamir MartinValent Sinković,CRO
athlete_chris_morgankarsten_forsterlingjames_mcraedaniel_noonan,Chris MorganKarsten ForsterlingJames McRaeDaniel Noonan,AUS
athlete_tatiana_volosozharand_maxim_trankov,Tatiana Volosozharand Maxim Trankov,RUS
athlete_ksenia_stolbovaand_fedor_klimov,Ksenia Stolbovaand Fedor Klimov,RUS
athlete_matthias_mayer,Matthias Mayer,AUT
athlete_christof_innerhofer,Christof Innerhofer,ITA
athlete_kjetil_jansrud,Kjetil Jansrud,NOR
athlete_hanna_öberg,Hanna Öberg,SWE
athlete_mindaugas_griškonissaulius_ritter,Mindaugas GriškonisSaulius Ritter,LTU
athlete_kjetil_borcholaf_tufte,Kjetil BorchOlaf Tufte,NOR
athlete_carmelita_jeter,Carmelita Jeter,USA
athlete_veronica_campbell_brown,Veronica Campbell Brown,JAM
athlete_mads_rasmussenrasmus_quist_hansen,Mads RasmussenRasmus Quist Hansen,DEN
athlete_zac_purchasemark_hunter,Zac PurchaseMark Hunter,GBR
athlete_storm_urupeter_taylor,Storm UruPeter Taylor,NZL
athlete_peppe_femlingjesper_nelinsebastian_samuelssonfredrik_lindström,Peppe FemlingJesper NelinSebastian SamuelssonFredrik Lindström,SWE
athlete_lars_helge_birkelandtarjei_bøjohannes_thingnes_bøemil_hegle_svendsen,Lars Helge BirkelandTarjei BøJohannes Thingnes BøEmil Hegle Svendsen,NOR
athlete_erik_lesserbenedikt_dollarnd_peiffersimon_schempp,Erik LesserBenedikt DollArnd PeifferSimon Schempp,GER
athlete_emily_regankerry_simmondsamanda_polklauren_schmetterlingtessa_gobbomeghan_musnickielle_loganamanda_elmorekatelin_snyder,Emily ReganKerry SimmondsAmanda PolkLauren SchmetterlingTessa GobboMeghan MusnickiElle LoganAmanda ElmoreKatelin Snyder,USA
athlete_katie_grevesmelanie_wilsonfrances_houghtonpolly_swannjessica_eddieolivia_carnegie_brownkaren_bennettzoe_leezoe_de_toledo,Katie GrevesMelanie WilsonFrances HoughtonPolly SwannJessica EddieOlivia Carnegie-BrownKaren BennettZoe LeeZoe de Toledo,GBR
athlete_roxana_cogianuioana_strungarumihaela_petrilăiuliana_popamădălina_bereslaura_opreaadelina_bogușandreea_boghiandaniela_druncea,Roxana CogianuIoana StrungaruMihaela PetrilăIuliana PopaMădălina BeresLaura OpreaAdelina BogușAndreea BoghianDaniela Druncea,ROU
athlete_germain_chardindorian_mortelette,Germain ChardinDorian Mortelette,FRA
athlete_george_nashwill_satch,George NashWill Satch,GBR
athlete_lashinda_demus,Lashinda Demus,USA
athlete_zuzana_hejnová,Zuzana Hejnová,CZE
athlete_kaliese_spencer,Kaliese Spencer,JAM
athlete_sandra_perković,Sandra Perković,CRO
athlete_li_yanfeng,Li Yanfeng,CHN
athlete_yarelys_barrios,Yarelys Barrios,CUB
athlete_nathan_cohenjoseph_sullivan,Nathan CohenJoseph Sullivan,NZL
athlete_alessio_sartoriromano_battisti,Alessio SartoriRomano Battisti,ITA
athlete_luka_špikiztok_čop,Luka ŠpikIztok Čop,SLO
athlete_ku_bon_chan,Ku Bon-chan,KOR
athlete_jean_charles_valladont,Jean-Charles Valladont,FRA
athlete_brady_ellison,Brady Ellison,USA
athlete_magdalena_fularczyk_kozłowskanatalia_madaj,Magdalena Fularczyk-KozłowskaNatalia Madaj,POL
athlete_victoria_thornleykatherine_grainger,Victoria ThornleyKatherine Grainger,GBR
athlete_donata_vištartaitėmilda_valčiukaitė,Donata VištartaitėMilda Valčiukaitė,LTU
athlete_alex_gregorymoe_sbihigeorge_nashconstantine_louloudis,Alex GregoryMoe SbihiGeorge NashConstantine Louloudis,GBR
athlete_will_lockwoodjosh_dunkley_smithjosh_boothalexander_hill,Will LockwoodJosh Dunkley-SmithJosh BoothAlexander Hill,AUS
athlete_domenico_montronematteo_castaldomatteo_lodogiuseppe_vicino,Domenico MontroneMatteo CastaldoMatteo LodoGiuseppe Vicino,ITA
athlete_tora_bergertiril_eckhoffole_einar_bjørndalenemil_hegle_svendsen,Tora BergerTiril EckhoffOle Einar BjørndalenEmil Hegle Svendsen,NOR
athlete_veronika_vítkovágabriela_soukalovájaroslav_soukupondřej_moravec,Veronika VítkováGabriela SoukalováJaroslav SoukupOndřej Moravec,CZE
athlete_dorothea_wiererkarin_oberhoferdominik_windischlukas_hofer,Dorothea WiererKarin OberhoferDominik WindischLukas Hofer,ITA
athlete_marielle_thompson,Marielle Thompson,CAN
athlete_kelsey_serwa,Kelsey Serwa,CAN
athlete_anna_holmlund,Anna Holmlund,SWE
athlete_johannes_thingnes_bø,Johannes Thingnes Bø,NOR
athlete_jakov_fak,Jakov Fak,SLO
athlete_dominik_landertinger,Dominik Landertinger,AUT
athlete_song_dae_nam,Song Dae-Nam,KOR
athlete_asley_gonzález,Asley González,CUB
athlete_ilias_iliadis,Ilias Iliadis,GRE
athlete_masashi_nishiyama,Masashi Nishiyama,JPN
athlete_gulnara_samitova_galkina,Gulnara Samitova-Galkina,RUS
athlete_eunice_jepkorir,Eunice Jepkorir,KEN
athlete_qiu_bo,Qiu Bo,CHN
athlete_tom_daley,Tom Daley,GBR
athlete_julie_bresset,Julie Bresset,FRA
athlete_georgia_gould,Georgia Gould,USA
athlete_kim_brennan,Kim Brennan,AUS
athlete_genevra_stone,Genevra Stone,USA
athlete_duan_jingli,Duan Jingli,CHN
athlete_teddy_riner,Teddy Riner,FRA
athlete_aleksandr_mikhailine,Aleksandr Mikhailine,RUS
athlete_rafael_silva,Rafael Silva,BRA
athlete_andreas_tölzer,Andreas Tölzer,GER
athlete_he_ziwu_minxia,He ZiWu Minxia,CHN
athlete_kelci_bryantabigail_johnston,Kelci BryantAbigail Johnston,USA
athlete_jennifer_abelémilie_heymans,Jennifer AbelÉmilie Heymans,CAN
athlete_markis_kidohendra_setiawan,Markis KidoHendra Setiawan,INA
athlete_hwang_ji_manlee_jae_jin,Hwang Ji-manLee Jae-jin,KOR
athlete_xu_chenma_jin,Xu ChenMa Jin,CHN
athlete_joachim_fischer_nielsenchristinna_pedersen,Joachim Fischer NielsenChristinna Pedersen,DEN
athlete_beat_hefti_alex_baumann,Beat Hefti Alex Baumann,SUI
athlete_steven_holcomb_steven_langton,Steven Holcomb Steven Langton,USA
athlete_oskars_melbārdis_daumants_dreiškens,Oskars Melbārdis Daumants Dreiškens,LAT
athlete_elia_viviani,Elia Viviani,ITA
athlete_mark_cavendish,Mark Cavendish,GBR
athlete_rusevgeni_plushenko_yulia_lipnitskaya_tatiana_volosozhar_maxim_trankov_ksenia_stolbova_fedor_klimov_ekaterina_bobrova_dmitri_soloviev_elena_ilinykh_nikita_katsalapov,"RUSEvgeni Plushenko, Yulia Lipnitskaya, Tatiana Volosozhar, Maxim Trankov, Ksenia Stolbova, Fedor Klimov, Ekaterina Bobrova, Dmitri Soloviev, Elena Ilinykh, Nikita Katsalapov",
athlete_canpatrick_chan_kevin_reynolds_kaetlyn_osmond_meagan_duhamel_eric_radford_kirsten_moore_towers_dylan_moscovitch_tessa_virtue_scott_moir,"CANPatrick Chan, Kevin Reynolds, Kaetlyn Osmond, Meagan Duhamel, Eric Radford, Kirsten Moore-Towers, Dylan Moscovitch, Tessa Virtue, Scott Moir",
athlete_usajeremy_abbott_jason_brown_ashley_wagner_gracie_gold_marissa_castelli_simon_shnapir_meryl_davis_charlie_white,"USAJeremy Abbott, Jason Brown, Ashley Wagner, Gracie Gold, Marissa Castelli, Simon Shnapir, Meryl Davis, Charlie White",
athlete_philipp_wendelauritz_schoofkarl_schulzehans_gruhne,Philipp WendeLauritz SchoofKarl SchulzeHans Gruhne,GER
athlete_karsten_forsterlingalexander_belonogoffcameron_girdlestonejames_mcrae,Karsten ForsterlingAlexander BelonogoffCameron GirdlestoneJames McRae,AUS
athlete_andrei_jämsäallar_rajatõnu_endreksonkaspar_taimsoo,Andrei JämsäAllar RajaTõnu EndreksonKaspar Taimsoo,EST
athlete_maarten_van_der_weijden,Maarten van der Weijden,NED
athlete_david_davies,David Davies,GBR
athlete_patrick_chan,Patrick Chan,CAN
athlete_denis_ten,Denis Ten,KAZ
athlete_darya_domracheva,Darya Domracheva,BLR
athlete_tiril_eckhoff,Tiril Eckhoff,NOR
athlete_natalia_ishchenkosvetlana_romashina,Natalia IshchenkoSvetlana Romashina,RUS
athlete_ona_carbonellandrea_fuentes,Ona CarbonellAndrea Fuentes,ESP
athlete_huang_xuechenliu_ou,Huang XuechenLiu Ou,CHN
athlete_kerstin_thiele,Kerstin Thiele,GER
athlete_yuri_alvear,Yuri Alvear,COL
athlete_björn_ferry,Björn Ferry,SWE
athlete_christoph_sumann,Christoph Sumann,AUT
athlete_vincent_jay,Vincent Jay,FRA
athlete_andy_murray,Andy Murray,GBR
athlete_juan_martín_del_potro,Juan Martín del Potro,ARG
athlete_kei_nishikori,Kei Nishikori,JPN
athlete_kate_hornseysarah_tait,Kate HornseySarah Tait,AUS
athlete_juliette_haighrebecca_scown,Juliette HaighRebecca Scown,NZL
athlete_robert_harting,Robert Harting,GER
athlete_ehsan_haddadi,Ehsan Haddadi,IRI
athlete_gerd_kanter,Gerd Kanter,EST
athlete_carolina_marín,Carolina Marín,ESP
athlete_p_v_sindhu,P. V. Sindhu,IND
athlete_nozomi_okuhara,Nozomi Okuhara,JPN
athlete_ondřej_moravec,Ondřej Moravec,CZE
athlete_jean_guillaume_béatrix,Jean-Guillaume Béatrix,FRA
athlete_krisztián_pars,Krisztián Pars,HUN
athlete_primož_kozmus,Primož Kozmus,SLO
athlete_koji_murofushi,Koji Murofushi,JPN
athlete_annekatrin_thielecarina_bärjulia_lierlisa_schmidla,Annekatrin ThieleCarina BärJulia LierLisa Schmidla,GER
athlete_chantal_achterbergnicole_beukersinge_janssencarline_bouw,Chantal AchterbergNicole BeukersInge JanssenCarline Bouw,NED
athlete_maria_springwaldjoanna_leszczyńskaagnieszka_kobusmonika_ciaciuch,Maria SpringwaldJoanna LeszczyńskaAgnieszka KobusMonika Ciaciuch,POL
athlete_didier_défago,Didier Défago,SUI
athlete_julius_brinkjonas_reckermann,Julius BrinkJonas Reckermann,GER
athlete_alison_ceruttiemanuel_rego,Alison CeruttiEmanuel Rego,BRA
athlete_mārtiņš_pļaviņšjānis_šmēdiņš,Mārtiņš PļaviņšJānis Šmēdiņš,LAT
athlete_jean_frédéric_chapuis,Jean-Frédéric Chapuis,FRA
athlete_arnaud_bovolenta,Arnaud Bovolenta,FRA
athlete_jonathan_midol,Jonathan Midol,FRA
athlete_sebastian_samuelsson,Sebastian Samuelsson,SWE
athlete_benedikt_doll,Benedikt Doll,GER
athlete_evan_lysacek,Evan Lysacek,USA
athlete_evgeni_plushenko,Evgeni Plushenko,RUS
athlete_daisuke_takahashi,Daisuke Takahashi,JPN
athlete_tian_qingzhao_yunlei,Tian QingZhao Yunlei,CHN
athlete_mizuki_fujiireika_kakiiwa,Mizuki FujiiReika Kakiiwa,JPN
athlete_valeria_sorokinanina_vislova,Valeria SorokinaNina Vislova,RUS
athlete_wu_minxia,Wu Minxia,CHN
athlete_laura_sánchez,Laura Sánchez,MEX
athlete_katherine_copelandsophie_hosking,Katherine CopelandSophie Hosking,GBR
athlete_xu_dongxiangwenyi_huang,Xu DongxiangWenyi Huang,CHN
athlete_christina_giazitzidoualexandra_tsiavou,Christina GiazitzidouAlexandra Tsiavou,GRE
athlete_aleksandr_tretyakov,Aleksandr Tretyakov,RUS
athlete_martins_dukurs,Martins Dukurs,LAT
athlete_matthew_antoine,Matthew Antoine,USA
athlete_hoàng_xuân_vinh,Hoàng Xuân Vinh,VIE
athlete_kim_song_guk,Kim Song-guk,PRK
athlete_tom_burton,Tom Burton,AUS
athlete_tonči_stipanović,Tonči Stipanović,CRO
athlete_sam_meech,Sam Meech,NZL
athlete_henri_junghänel,Henri Junghänel,GER
athlete_kim_jong_hyun,Kim Jong-hyun,KOR
athlete_kirill_grigoryan,Kirill Grigoryan,RUS
athlete_fehaid_al_deehani,Fehaid Al-Deehani,IOA
athlete_marco_innocenti,Marco Innocenti,ITA
athlete_steven_scott,Steven Scott,GBR
athlete_diana_bacosi,Diana Bacosi,ITA
athlete_chiara_cainero,Chiara Cainero,ITA
athlete_kim_rhode,Kim Rhode,USA
athlete_simone_bilesgabby_douglaslaurie_hernandezmadison_kocianaly_raisman,Simone BilesGabby DouglasLaurie HernandezMadison KocianAly Raisman,USA
athlete_angelina_melnikovaaliya_mustafinamaria_pasekadaria_spiridonovaseda_tutkhalyan,Angelina MelnikovaAliya MustafinaMaria PasekaDaria SpiridonovaSeda Tutkhalyan,RUS
athlete_fan_yilinmao_yishang_chunsongtan_jiaxinwang_yan,Fan YilinMao YiShang ChunsongTan JiaxinWang Yan,CHN
athlete_charline_picon,Charline Picon,FRA
athlete_chen_peina,Chen Peina,CHN
athlete_stefania_elfutina,Stefania Elfutina,RUS
athlete_dorian_van_rijsselberghe,Dorian van Rijsselberghe,NED
athlete_nick_dempsey,Nick Dempsey,GBR
athlete_pierre_le_coq,Pierre Le Coq,FRA
athlete_anna_korakaki,Anna Korakaki,GRE
athlete_monika_karsch,Monika Karsch,GER
athlete_heidi_diethelm_gerber,Heidi Diethelm Gerber,SUI
athlete_gabriele_rossetti,Gabriele Rossetti,ITA
athlete_marcus_svensson,Marcus Svensson,SWE
athlete_abdullah_al_rashidi,Abdullah Al-Rashidi,IOA
athlete_annalise_murphy,Annalise Murphy,IRL
athlete_anne_marie_rindom,Anne-Marie Rindom,DEN
athlete_katinka_hosszú,Katinka Hosszú,HUN
athlete_siobhan_marie_oconnor,Siobhan-Marie O'Connor,GBR
athlete_maya_dirado,Maya DiRado,USA
athlete_margarita_mamun,Margarita Mamun,RUS
athlete_yana_kudryavtseva,Yana Kudryavtseva,RUS
athlete_ganna_rizatdinova,Ganna Rizatdinova,UKR
athlete_artur_aleksanyan,Artur Aleksanyan,ARM
athlete_yasmany_lugo,Yasmany Lugo,CUB
athlete_cenk_i̇ldem,Cenk İldem,TUR
athlete_ghasem_rezaei,Ghasem Rezaei,IRI
athlete_amy_tinkler,Amy Tinkler,GBR
athlete_peter_burlingblair_tuke,Peter BurlingBlair Tuke,NZL
athlete_nathan_outteridgeiain_jensen,Nathan OutteridgeIain Jensen,AUS
athlete_erik_heilthomas_plößel,Erik HeilThomas Plößel,GER
athlete_sebastian_brendel,Sebastian Brendel,GER
athlete_isaquias_queiroz,Isaquias Queiroz,BRA
athlete_ilia_shtokalov,Ilia Shtokalov,RUS
athlete_roman_vlasov,Roman Vlasov,RUS
athlete_mark_madsen,Mark Madsen,DEN
athlete_kim_hyeon_woo,Kim Hyeon-woo,KOR
athlete_saeid_abdevali,Saeid Abdevali,IRI
athlete_santiago_langececilia_carranza,Santiago LangeCecilia Carranza,ARG
athlete_jason_waterhouselisa_darmanin,Jason WaterhouseLisa Darmanin,AUS
athlete_thomas_zajactanja_frank,Thomas ZajacTanja Frank,AUT
athlete_giles_scott,Giles Scott,GBR
athlete_vasilij_žbogar,Vasilij Žbogar,SLO
athlete_caleb_paine,Caleb Paine,USA
athlete_mijaín_lópez,Mijaín López,CUB
athlete_rıza_kayaalp,Rıza Kayaalp,TUR
athlete_sabah_shariati,Sabah Shariati,AZE
athlete_sergey_semenov,Sergey Semenov,RUS
athlete_anastasia_bliznyukanastasia_maksimovaanastasiia_tatarevamaria_tolkachevavera_biryukova,Anastasia BliznyukAnastasia MaksimovaAnastasiia TatarevaMaria TolkachevaVera Biryukova,RUS
athlete_sandra_aguilarartemi_gavezouelena_lópezlourdes_mohedanoalejandra_quereda,Sandra AguilarArtemi GavezouElena LópezLourdes MohedanoAlejandra Quereda,ESP
athlete_reneta_kamberovalyubomira_kazanovamihaela_maevska_velichkovatsvetelina_naydenovahristiana_todorova,Reneta KamberovaLyubomira KazanovaMihaela Maevska-VelichkovaTsvetelina NaydenovaHristiana Todorova,BUL
athlete_ed_clancysteven_burkeowain_doullbradley_wiggins,Ed ClancySteven BurkeOwain DoullBradley Wiggins,GBR
athlete_alex_edmondsonjack_bobridgemichael_hepburnsam_welsfordcallum_scotson,Alex EdmondsonJack BobridgeMichael HepburnSam WelsfordCallum Scotson,AUS
athlete_lasse_norman_hansenniklas_larsenfrederik_madsencasper_von_folsachrasmus_quaade,Lasse Norman HansenNiklas LarsenFrederik MadsenCasper von FolsachRasmus Quaade,DEN
athlete_gabriella_szabódanuta_kozák,Gabriella SzabóDanuta Kozák,HUN
athlete_franziska_webertina_dietze,Franziska WeberTina Dietze,GER
athlete_karolina_najabeata_mikołajczyk,Karolina NajaBeata Mikołajczyk,POL
athlete_šime_fantelaigor_marenić,Šime FantelaIgor Marenić,CRO
athlete_mathew_belcherwill_ryan,Mathew BelcherWill Ryan,AUS
athlete_panagiotis_mantispavlos_kagialis,Panagiotis MantisPavlos Kagialis,GRE
athlete_huang_xuechensun_wenyan,Huang XuechenSun Wenyan,CHN
athlete_yukiko_inuirisako_mitsui,Yukiko InuiRisako Mitsui,JPN
athlete_lisa_carrington,Lisa Carrington,NZL
athlete_marta_walczykiewicz,Marta Walczykiewicz,POL
athlete_inna_osypenko_radomska,Inna Osypenko-Radomska,AZE
athlete_vlada_chigireva_natalia_ishchenko_svetlana_kolesnichenko_aleksandra_patskevich_svetlana_romashina_alla_shishkina_maria_shurochkina_gelena_topilina_elena_prokofyeva,"Vlada Chigireva, Natalia Ishchenko, Svetlana Kolesnichenko, Aleksandra Patskevich, Svetlana Romashina, Alla Shishkina, Maria Shurochkina, Gelena Topilina, Elena Prokofyeva",RUS
athlete_gu_xiao_guo_li_li_xiaolu_liang_xinping_sun_wenyan_tang_mengni_yin_chengxin_zeng_zhen_huang_xuechen,"Gu Xiao, Guo Li, Li Xiaolu, Liang Xinping, Sun Wenyan, Tang Mengni, Yin Chengxin, Zeng Zhen, Huang Xuechen",CHN
athlete_aika_hakoyama_yukiko_inui_kei_marumo_risako_mitsui_kanami_nakamaki_mai_nakamura_kano_omata_kurumi_yoshida_aiko_hayashi,"Aika Hakoyama, Yukiko Inui, Kei Marumo, Risako Mitsui, Kanami Nakamaki, Mai Nakamura, Kano Omata, Kurumi Yoshida, Aiko Hayashi",JPN
athlete_davor_štefanek,Davor Štefanek,SRB
athlete_mihran_harutyunyan,Mihran Harutyunyan,ARM
athlete_shmagi_bolkvadze,Shmagi Bolkvadze,GEO
athlete_rasul_chunayev,Rasul Chunayev,AZE
athlete_hannah_millssaskia_clark,Hannah MillsSaskia Clark,GBR
athlete_jo_alehpolly_powrie,Jo AlehPolly Powrie,NZL
athlete_camille_lecointrehélène_defrance,Camille LecointreHélène Defrance,FRA
athlete_martine_graelkahena_kunze,Martine GraelKahena Kunze,BRA
athlete_alex_maloneymolly_meech,Alex MaloneyMolly Meech,NZL
athlete_jena_hansenkatja_salskov_iversen,Jena HansenKatja Salskov-Iversen,DEN
athlete_davit_chakvetadze,Davit Chakvetadze,RUS
athlete_zhan_beleniuk,Zhan Beleniuk,UKR
athlete_javid_hamzatau,Javid Hamzatau,BLR
athlete_denis_kudla,Denis Kudla,GER
athlete_dimitrios_mougiosvasileios_polymeros,Dimitrios MougiosVasileios Polymeros,GRE
athlete_mads_rasmussen_and_rasmus_quist_hansen,Mads Rasmussen and Rasmus Quist Hansen,DEN
athlete_nick_skelton,Nick Skelton,GBR
athlete_peder_fredricson,Peder Fredricson,SWE
athlete_eric_lamaze,Eric Lamaze,CAN
athlete_grégory_baugé,Grégory Baugé,FRA
athlete_shane_perkins,Shane Perkins,AUS
athlete_kyle_snyder,Kyle Snyder,USA
athlete_khetag_gazyumov,Khetag Gazyumov,AZE
athlete_albert_saritov,Albert Saritov,ROU
athlete_magomed_ibragimov,Magomed Ibragimov,UZB
athlete_sebastian_brendeljan_vandrey,Sebastian BrendelJan Vandrey,GER
athlete_erlon_silvaisaquias_queiroz,Erlon SilvaIsaquias Queiroz,BRA
athlete_dmytro_ianchuktaras_mishchuk,Dmytro IanchukTaras Mishchuk,UKR
athlete_chloe_esposito,Chloe Esposito,AUS
athlete_élodie_clouvel,Élodie Clouvel,FRA
athlete_oktawia_nowacka,Oktawia Nowacka,POL
athlete_eirik_verås_larsen,Eirik Verås Larsen,NOR
athlete_adam_van_koeverden,Adam van Koeverden,CAN
athlete_max_hoff,Max Hoff,GER
athlete_abdulrashid_sadulaev,Abdulrashid Sadulaev,RUS
athlete_selim_yaşar,Selim Yaşar,TUR
athlete_sharif_sharifov,Sharif Sharifov,AZE
athlete_jden_cox,J'den Cox,USA
athlete_svetlana_boykoaida_chanaevavictoria_nikichinaevgenia_lamonova,Svetlana BoykoAida ChanaevaVictoria NikichinaEvgenia Lamonova,RUS
athlete_emily_crosserinn_smarthanna_thompson,Emily CrossErinn SmartHanna Thompson,USA
athlete_margherita_granbassiilaria_salvatorigiovanna_trillinivalentina_vezzali,Margherita GranbassiIlaria SalvatoriGiovanna TrilliniValentina Vezzali,ITA
athlete_liam_heath,Liam Heath,GBR
athlete_maxime_beaumont,Maxime Beaumont,FRA
athlete_saúl_craviotto,Saúl Craviotto,ESP
athlete_ronald_rauhe,Ronald Rauhe,GER
athlete_nicolas_lopezjulien_pilletboris_sanson,Nicolas LopezJulien PilletBoris Sanson,FRA
athlete_tim_morehousejason_rogerskeeth_smartjames_williams,Tim MorehouseJason RogersKeeth SmartJames Williams,USA
athlete_aldo_montanodiego_occhiuzzigiampiero_pastoreluigi_tarantino,Aldo MontanoDiego OcchiuzziGiampiero PastoreLuigi Tarantino,ITA
athlete_danuta_kozák,Danuta Kozák,HUN
athlete_emma_jørgensen,Emma Jørgensen,DEN
athlete_saúl_craviottocristian_toro,Saúl CraviottoCristian Toro,ESP
athlete_liam_heathjon_schofield,Liam HeathJon Schofield,GBR
athlete_aurimas_lankasedvinas_ramanauskas,Aurimas LankasEdvinas Ramanauskas,LTU
athlete_helen_maroulis,Helen Maroulis,USA
athlete_saori_yoshida,Saori Yoshida,JPN
athlete_nataliya_synyshyn,Nataliya Synyshyn,AZE
athlete_sofia_mattsson,Sofia Mattsson,SWE
athlete_valentina_vezzali,Valentina Vezzali,ITA
athlete_nam_hyun_hee,Nam Hyun-Hee,KOR
athlete_margherita_granbassi,Margherita Granbassi,ITA
athlete_philippe_rozier_kevin_staut_roger_yves_bost_pénélope_leprevost,"Philippe Rozier, Kevin Staut, Roger-Yves Bost, Pénélope Leprevost",FRA
athlete_kent_farrington_lucy_davis_mclain_ward_elizabeth_madden,"Kent Farrington, Lucy Davis, McLain Ward, Elizabeth Madden",USA
athlete_daniel_deusser_meredith_michaels_beerbaum_ludger_beerbaum_christian_ahlmann,"Daniel Deusser, Meredith Michaels-Beerbaum, Ludger Beerbaum, Christian Ahlmann",GER
athlete_chen_wei_ling,Chen Wei-ling,TPE
athlete_im_jyoung_hwa,Im Jyoung-hwa,KOR
athlete_pensiri_laosirikul,Pensiri Laosirikul,THA
athlete_taha_akgül,Taha Akgül,TUR
athlete_komeil_ghasemi,Komeil Ghasemi,IRI
athlete_ibrahim_saidau,Ibrahim Saidau,BLR
athlete_geno_petriashvili,Geno Petriashvili,GEO
athlete_aleksander_lesun,Aleksander Lesun,RUS
athlete_pavlo_tymoshchenko,Pavlo Tymoshchenko,UKR
athlete_ismael_hernández,Ismael Hernández,MEX
athlete_erica_wiebe,Erica Wiebe,CAN
athlete_guzel_manyurova,Guzel Manyurova,KAZ
athlete_zhang_fengliu,Zhang Fengliu,CHN
athlete_ekaterina_bukina,Ekaterina Bukina,RUS
athlete_ren_qian,Ren Qian,CHN
athlete_si_yajie,Si Yajie,CHN
athlete_meaghan_benfeito,Meaghan Benfeito,CAN
athlete_fabrice_jeannetjérôme_jeannetulrich_robeiri,Fabrice JeannetJérôme JeannetUlrich Robeiri,FRA
athlete_robert_andrzejuktomasz_motykaadam_wierciochradosław_zawrotniak,Robert AndrzejukTomasz MotykaAdam WierciochRadosław Zawrotniak,POL
athlete_stefano_carozzodiego_confalonierialfredo_rotamatteo_tagliariol,Stefano CarozzoDiego ConfalonieriAlfredo RotaMatteo Tagliariol,ITA
athlete_torah_bright,Torah Bright,AUS
athlete_hannah_teter,Hannah Teter,USA
athlete_kelly_clark,Kelly Clark,USA
athlete_hassan_yazdani,Hassan Yazdani,IRI
athlete_aniuar_geduev,Aniuar Geduev,RUS
athlete_jabrayil_hasanov,Jabrayil Hasanov,AZE
athlete_soner_demirtaş,Soner Demirtaş,TUR
athlete_max_rendschmidttom_liebschermax_hoffmarcus_gross,Max RendschmidtTom LiebscherMax HoffMarcus Gross,GER
athlete_denis_myšákerik_vlčekjuraj_tarrtibor_linka,Denis MyšákErik VlčekJuraj TarrTibor Linka,SVK
athlete_daniel_havellukáš_trefiljosef_dostáljan_štěrba,Daniel HavelLukáš TrefilJosef DostálJan Štěrba,CZE
athlete_tom_slingsby,Tom Slingsby,AUS
athlete_pavlos_kontides,Pavlos Kontides,CYP
athlete_rasmus_myrgren,Rasmus Myrgren,SWE
athlete_sarah_aytonsarah_webbpippa_wilson,Sarah AytonSarah WebbPippa Wilson,GBR
athlete_mandy_mulderannemieke_besmerel_witteveen,Mandy MulderAnnemieke BesMerel Witteveen,NED
athlete_sofia_bekatorouvirginia_kravariotisofia_papadopoulou,Sofia BekatorouVirginia KravariotiSofia Papadopoulou,GRE
athlete_lin_qingfeng,Lin Qingfeng,CHN
athlete_triyatno,Triyatno,INA
athlete_kim_myong_hyok,Kim Myong-hyok,PRK
athlete_sara_dosho,Sara Dosho,JPN
athlete_natalia_vorobieva,Natalia Vorobieva,RUS
athlete_elmira_syzdykova,Elmira Syzdykova,KAZ
athlete_jenny_fransson,Jenny Fransson,SWE
athlete_eri_tosaka,Eri Tosaka,JPN
athlete_mariya_stadnik,Mariya Stadnik,AZE
athlete_sun_yanan,Sun Yanan,CHN
athlete_elitsa_yankova,Elitsa Yankova,BUL
athlete_vladimer_khinchegashvili,Vladimer Khinchegashvili,GEO
athlete_rei_higuchi,Rei Higuchi,JPN
athlete_haji_aliyev,Haji Aliyev,AZE
athlete_hassan_rahimi,Hassan Rahimi,IRI
athlete_kirsten_van_der_kolk_and_marit_van_eupen,Kirsten van der Kolk and Marit van Eupen,NED
athlete_minna_nieminen_and_sanna_stén,Minna Nieminen and Sanna Stén,FIN
athlete_tracy_cameron_and_melanie_kok,Tracy Cameron and Melanie Kok,CAN
athlete_konrad_wasielewskimarek_kolbowiczmichał_jelińskiadam_korol,Konrad WasielewskiMarek KolbowiczMichał JelińskiAdam Korol,POL
athlete_luca_agamennonisimone_venierrossano_galtarossasimone_raineri,Luca AgamennoniSimone VenierRossano GaltarossaSimone Raineri,ITA
athlete_jonathan_coefficpierre_jean_peltierjulien_bahaincédric_berrest,Jonathan CoefficPierre-Jean PeltierJulien BahainCédric Berrest,FRA
athlete_thomas_ebertmorten_jørgensenmads_anderseneskild_ebbesen,Thomas EbertMorten JørgensenMads AndersenEskild Ebbesen,DEN
athlete_łukasz_pawłowskibartłomiej_pawełczakmiłosz_bernatajtyspaweł_rańda,Łukasz PawłowskiBartłomiej PawełczakMiłosz BernatajtysPaweł Rańda,POL
athlete_iain_brambelljon_bearemike_lewisliam_parsons,Iain BrambellJon BeareMike LewisLiam Parsons,CAN
athlete_kaori_icho,Kaori Icho,JPN
athlete_valeria_koblova,Valeria Koblova,RUS
athlete_marwa_amri,Marwa Amri,TUN
athlete_sakshi_malik,Sakshi Malik,IND
athlete_victoria_pendleton,Victoria Pendleton,GBR
athlete_guo_shuang,Guo Shuang,CHN
athlete_yuriy_cheban,Yuriy Cheban,UKR
athlete_valentin_demyanenko,Valentin Demyanenko,AZE
athlete_gwen_jorgensen,Gwen Jorgensen,USA
athlete_nicola_spirig_hug,Nicola Spirig Hug,SUI
athlete_vicky_holland,Vicky Holland,GBR
athlete_soslan_ramonov,Soslan Ramonov,RUS
athlete_toghrul_asgarov,Toghrul Asgarov,AZE
athlete_frank_chamizo,Frank Chamizo,ITA
athlete_ikhtiyor_navruzov,Ikhtiyor Navruzov,UZB
athlete_gabriella_szabódanuta_kozáktamara_csipeskrisztina_fazekas,Gabriella SzabóDanuta KozákTamara CsipesKrisztina Fazekas,HUN
athlete_sabrina_heringfranziska_webersteffi_kriegersteintina_dietze,Sabrina HeringFranziska WeberSteffi KriegersteinTina Dietze,GER
athlete_marharyta_makhnevanadzeya_liapeshkavolha_khudzenkamaryna_litvinchuk,Marharyta MakhnevaNadzeya LiapeshkaVolha KhudzenkaMaryna Litvinchuk,BLR
athlete_mélina_robert_michon,Mélina Robert-Michon,FRA
athlete_denia_caballero,Denia Caballero,CUB
athlete_risako_kawai,Risako Kawai,JPN
athlete_maryia_mamashuk,Maryia Mamashuk,BLR
athlete_yekaterina_larionova,Yekaterina Larionova,KAZ
athlete_monika_michalik,Monika Michalik,POL
athlete_paul_goodison,Paul Goodison,GBR
athlete_diego_romero,Diego Romero,ITA
athlete_max_whitlock,Max Whitlock,GBR
athlete_diego_hypólito,Diego Hypólito,BRA
athlete_arthur_mariano,Arthur Mariano,BRA
athlete_kōhei_uchimura,Kōhei Uchimura,JPN
athlete_oleg_verniaiev,Oleg Verniaiev,UKR
athlete_eleftherios_petrounias,Eleftherios Petrounias,GRE
athlete_arthur_zanetti,Arthur Zanetti,BRA
athlete_denis_ablyazin,Denis Ablyazin,RUS
athlete_sanne_wevers,Sanne Wevers,NED
athlete_laurie_hernandez,Laurie Hernandez,USA
athlete_danell_leyva,Danell Leyva,USA
athlete_david_belyavskiy,David Belyavskiy,RUS
athlete_maria_paseka,Maria Paseka,RUS
athlete_giulia_steingruber,Giulia Steingruber,SUI
athlete_goldie_sayers,Goldie Sayers,GBR
athlete_alan_khugaev,Alan Khugaev,RUS
athlete_karam_gaber,Karam Gaber,EGY
athlete_daniyal_gadzhiyev,Daniyal Gadzhiyev,KAZ
athlete_damian_janikowski,Damian Janikowski,POL
athlete_marina_alabau,Marina Alabau,ESP
athlete_tuuli_petäjä,Tuuli Petäjä,FIN
athlete_zofia_klepacka,Zofia Klepacka,POL
athlete_jason_lamy_chappuis,Jason Lamy Chappuis,FRA
athlete_johnny_spillane,Johnny Spillane,USA
athlete_alessandro_pittin,Alessandro Pittin,ITA
athlete_louis_smith,Louis Smith,GBR
athlete_alexander_naddour,Alexander Naddour,USA
athlete_josip_glasnović,Josip Glasnović,CRO
athlete_giovanni_pellielo,Giovanni Pellielo,ITA
athlete_edward_ling,Edward Ling,GBR
athlete_yury_postrigayalexander_dyachenko,Yury PostrigayAlexander Dyachenko,RUS
athlete_raman_piatrushenkavadzim_makhneu,Raman PiatrushenkaVadzim Makhneu,BLR
athlete_lü_xiaojun,Lü Xiaojun,CHN
athlete_lu_haojie,Lu Haojie,CHN
athlete_iván_cambar,Iván Cambar,CUB
athlete_ryōhei_katōkenzō_shiraiyūsuke_tanakakōhei_uchimurakoji_yamamuro,Ryōhei KatōKenzō ShiraiYūsuke TanakaKōhei UchimuraKoji Yamamuro,JPN
athlete_denis_ablyazindavid_belyavskiyivan_stretovichnikolai_kuksenkovnikita_nagornyy,Denis AblyazinDavid BelyavskiyIvan StretovichNikolai KuksenkovNikita Nagornyy,RUS
athlete_deng_shudilin_chaopanliu_yangyou_haozhang_chenglong,Deng ShudiLin ChaopanLiu YangYou HaoZhang Chenglong,CHN
athlete_fabian_hambüchen,Fabian Hambüchen,GER
athlete_nile_wilson,Nile Wilson,GBR
athlete_carl_hesterlaura_bechtolsheimercharlotte_dujardin,Carl HesterLaura BechtolsheimerCharlotte Dujardin,GBR
athlete_dorothee_schneiderkristina_sprehehelen_langehanenberg,Dorothee SchneiderKristina SpreheHelen Langehanenberg,GER
athlete_anky_van_grunsvenedward_galadelinde_cornelissen,Anky van GrunsvenEdward GalAdelinde Cornelissen,NED
athlete_dana_vollmer,Dana Vollmer,USA
athlete_lu_ying,Lu Ying,CHN
athlete_alicia_coutts,Alicia Coutts,AUS
athlete_ri_se_gwang,Ri Se-gwang,PRK
athlete_kenzō_shirai,Kenzō Shirai,JPN
athlete_madison_kocian,Madison Kocian,USA
athlete_sophie_scheder,Sophie Scheder,GER
athlete_anthony_joshua,Anthony Joshua,GBR
athlete_roberto_cammarelle,Roberto Cammarelle,ITA
athlete_magomedrasul_majidov,Magomedrasul Majidov,AZE
athlete_ivan_dychko,Ivan Dychko,KAZ
athlete_catherine_skinner,Catherine Skinner,AUS
athlete_natalie_rooney,Natalie Rooney,NZL
athlete_corey_cogdell,Corey Cogdell,USA
athlete_janeth_jepkosgei_busienei,Janeth Jepkosgei Busienei,KEN
athlete_hasna_benhassi,Hasna Benhassi,MAR
athlete_gabriella_szabódanuta_kozákkatalin_kovácskrisztina_fazekas_zur,Gabriella SzabóDanuta KozákKatalin KovácsKrisztina Fazekas Zur,HUN
athlete_carolin_leonhardtfranziska_weberkatrin_wagner_augustintina_dietze,Carolin LeonhardtFranziska WeberKatrin Wagner-AugustinTina Dietze,GER
athlete_iryna_pamialovanadzeya_papokvolha_khudzenkamaryna_pautaran,Iryna PamialovaNadzeya PapokVolha KhudzenkaMaryna Pautaran,BLR
athlete_ma_long,Ma Long,CHN
athlete_zhang_jike,Zhang Jike,CHN
athlete_jun_mizutani,Jun Mizutani,JPN
athlete_xiang_yanmei,Xiang Yanmei,CHN
athlete_zhazira_zhapparkul,Zhazira Zhapparkul,KAZ
athlete_sara_ahmed,Sara Ahmed,EGY
athlete_sally_mclellan,Sally McLellan,AUS
athlete_priscilla_lopes_schliep,Priscilla Lopes-Schliep,CAN
athlete_sun_yang,Sun Yang,CHN
athlete_peter_vanderkaay,Peter Vanderkaay,USA
athlete_egor_mekhontsev,Egor Mekhontsev,RUS
athlete_adilbek_niyazymbetov,Adilbek Niyazymbetov,KAZ
athlete_yamaguchi_falcão,Yamaguchi Falcão,BRA
athlete_oleksandr_gvozdyk,Oleksandr Gvozdyk,UKR
athlete_sylvia_kibet,Sylvia Kibet,KEN
athlete_wu_jingyu,Wu Jingyu,CHN
athlete_brigitte_yagüe,Brigitte Yagüe,ESP
athlete_chanatip_sonkham,Chanatip Sonkham,THA
athlete_lucija_zaninović,Lucija Zaninović,CRO
athlete_serik_sapiyev,Serik Sapiyev,KAZ
athlete_fred_evans,Fred Evans,GBR
athlete_taras_shelestyuk,Taras Shelestyuk,UKR
athlete_andrey_zamkovoy,Andrey Zamkovoy,RUS
athlete_zhang_mengxue,Zhang Mengxue,CHN
athlete_vitalina_batsarashkina,Vitalina Batsarashkina,RUS
athlete_jan_frodeno,Jan Frodeno,GER
athlete_simon_whitfield,Simon Whitfield,CAN
athlete_bevan_docherty,Bevan Docherty,NZL
athlete_radik_isayev,Radik Isayev,AZE
athlete_abdoul_issoufou,Abdoul Issoufou,NIG
athlete_maicon_siqueira,Maicon Siqueira,BRA
athlete_cha_dong_min,Cha Dong-min,KOR
athlete_denis_gargaud_chanut,Denis Gargaud Chanut,FRA
athlete_matej_beňuš,Matej Beňuš,SVK
athlete_takuya_haneda,Takuya Haneda,JPN
athlete_meng_suping,Meng Suping,CHN
athlete_kim_kuk_hyang,Kim Kuk-hyang,PRK
athlete_sarah_robles,Sarah Robles,USA
athlete_jade_jones,Jade Jones,GBR
athlete_eva_calvo,Eva Calvo,ESP
athlete_hedaya_malak,Hedaya Malak,EGY
athlete_kimia_alizadeh,Kimia Alizadeh,IRI
athlete_anne_caroline_chausson,Anne-Caroline Chausson,FRA
athlete_laëtitia_le_corguillé,Laëtitia Le Corguillé,FRA
athlete_jill_kintner,Jill Kintner,USA
athlete_matthew_emmons,Matthew Emmons,USA
athlete_robeisy_ramírez,Robeisy Ramírez,CUB
athlete_nyambayaryn_tögstsogt,Nyambayaryn Tögstsogt,MGL
athlete_misha_aloyan,Misha Aloyan,RUS
athlete_michael_conlan,Michael Conlan,IRL
athlete_artur_ayvazyan,Artur Ayvazyan,UKR
athlete_warren_potent,Warren Potent,AUS
athlete_anastasia_davydovaanastasia_ermakova,Anastasia DavydovaAnastasia Ermakova,RUS
athlete_andrea_fuentesgemma_mengual,Andrea FuentesGemma Mengual,ESP
athlete_saho_haradaemiko_suzuki,Saho HaradaEmiko Suzuki,JPN
athlete_sönke_rothenbergerdorothee_schneiderkristina_bröring_spreheisabell_werth,Sönke RothenbergerDorothee SchneiderKristina Bröring-SpreheIsabell Werth,GER
athlete_spencer_wiltonfiona_bigwoodcarl_hestercharlotte_dujardin,Spencer WiltonFiona BigwoodCarl HesterCharlotte Dujardin,GBR
athlete_allison_brockkasey_perry_glasssteffen_peterslaura_graves,Allison BrockKasey Perry-GlassSteffen PetersLaura Graves,USA
athlete_nicolien_sauerbreij,Nicolien Sauerbreij,NED
athlete_yekaterina_ilyukhina,Yekaterina Ilyukhina,RUS
athlete_marion_kreiner,Marion Kreiner,AUT
athlete_zheng_shuyin,Zheng Shuyin,CHN
athlete_maría_espinoza,María Espinoza,MEX
athlete_bianca_walkden,Bianca Walkden,GBR
athlete_jackie_galloway,Jackie Galloway,USA
athlete_britta_heidemann,Britta Heidemann,GER
athlete_ana_maria_brânză,Ana Maria Brânză,ROU
athlete_ildikó_mincza_nébald,Ildikó Mincza-Nébald,HUN
athlete_deng_wei,Deng Wei,CHN
athlete_choe_hyo_sim,Choe Hyo-sim,PRK
athlete_karina_goricheva,Karina Goricheva,KAZ
athlete_maialen_chourraut,Maialen Chourraut,ESP
athlete_luuka_jones,Luuka Jones,NZL
athlete_jessica_fox,Jessica Fox,AUS
athlete_antón_paz_fernando_echávarri,Antón Paz Fernando Echávarri,ESP
athlete_darren_bundockglenn_ashby,Darren BundockGlenn Ashby,AUS
athlete_santiago_lange_carlos_espínola,Santiago Lange Carlos Espínola,ARG
athlete_vincent_hancock,Vincent Hancock,USA
athlete_tore_brovold,Tore Brovold,NOR
athlete_anthony_terras,Anthony Terras,FRA
athlete_taner_sağır,Taner Sağır,TUR
athlete_sergey_filimonov,Sergey Filimonov,KAZ
athlete_reyhan_arabacıoğlu,Reyhan Arabacıoğlu,TUR
athlete_rie_kaneto,Rie Kaneto,JPN
athlete_yuliya_yefimova,Yuliya Yefimova,RUS
athlete_shi_jinglin,Shi Jinglin,CHN
athlete_yoanka_gonzález,Yoanka González,CUB
athlete_leire_olaberria,Leire Olaberria,ESP
athlete_lisa_westerhoflobke_berkhout,Lisa WesterhofLobke Berkhout,NED
athlete_ha_tae_kwon_kim_dong_moon,Ha Tae-kwon Kim Dong-moon,KOR
athlete_lee_dong_sooyoo_yong_sung,Lee Dong-sooYoo Yong-sung,KOR
athlete_eng_hianflandy_limpele,Eng HianFlandy Limpele,INA
athlete_tamás_lőrincz,Tamás Lőrincz,HUN
athlete_manuchar_tskhadaia,Manuchar Tskhadaia,GEO
athlete_steeve_guénot,Steeve Guénot,FRA
athlete_martin_ponsiluoma,Martin Ponsiluoma,SWE
athlete_vetle_sjåstad_christiansen,Vetle Sjåstad Christiansen,NOR
athlete_brimin_kiprop_kipruto,Brimin Kiprop Kipruto,KEN
athlete_richard_kipkemboi_mateelong,Richard Kipkemboi Mateelong,KEN
athlete_tate_smithdave_smithmurray_stewartjacob_clear,Tate SmithDave SmithMurray StewartJacob Clear,AUS
athlete_zoltán_kammererdávid_tóthtamás_kulifaidániel_pauman,Zoltán KammererDávid TóthTamás KulifaiDániel Pauman,HUN
athlete_virginia_thrasher,Virginia Thrasher,USA
athlete_yi_siling,Yi Siling,CHN
athlete_bernhard_gruberfelix_gottwaldmario_stecherdavid_kreiner,Bernhard GruberFelix GottwaldMario StecherDavid Kreiner,AUT
athlete_brett_camerotatodd_lodwickjohnny_spillanebill_demong,Brett CamerotaTodd LodwickJohnny SpillaneBill Demong,USA
athlete_johannes_rydzektino_edelmanneric_frenzelbjörn_kircheisen,Johannes RydzekTino EdelmannEric FrenzelBjörn Kircheisen,GER
athlete_rob_waddell,Rob Waddell,NZL
athlete_xeno_müller,Xeno Müller,SUI
athlete_marcel_hacker,Marcel Hacker,GER
athlete_xu_li,Xu Li,CHN
athlete_tonya_verbeek,Tonya Verbeek,CAN
athlete_jackeline_rentería,Jackeline Rentería,COL
athlete_matteo_tagliariol,Matteo Tagliariol,ITA
athlete_fabrice_jeannet,Fabrice Jeannet,FRA
athlete_josé_luis_abajo,José Luis Abajo,ESP
athlete_michael_mcintyre_bryn_vaile,Michael McIntyre Bryn Vaile,GBR
athlete_mark_reynolds_hal_haenel,Mark Reynolds Hal Haenel,USA
athlete_torben_grael_nelson_falcão,Torben Grael Nelson Falcão,BRA
athlete_claressa_shields,Claressa Shields,USA
athlete_nadezda_torlopova,Nadezda Torlopova,RUS
athlete_marina_volnova,Marina Volnova,KAZ
athlete_li_jinzi,Li Jinzi,CHN
athlete_kathryn_watt,Kathryn Watt,AUS
athlete_jeannie_longo_ciprelli,Jeannie Longo-Ciprelli,FRA
athlete_monique_knol,Monique Knol,NED
athlete_fredrik_lööfanders_ekström,Fredrik LööfAnders Ekström,SWE
athlete_thomas_lange,Thomas Lange,GDR
athlete_peter_michael_kolbe,Peter-Michael Kolbe,FRG
athlete_eric_verdonk,Eric Verdonk,NZL
athlete_kerstin_köppenkathrin_boron,Kerstin KöppenKathrin Boron,GER
athlete_veronica_cochelaelisabeta_lipă,Veronica CochelaElisabeta Lipă,ROU
athlete_gu_xiaolilu_huali,Gu XiaoliLu Huali,CHN
athlete_joseph_schooling,Joseph Schooling,SIN
athlete_chad_le_clos,Chad le Clos,RSA
athlete_lászló_cseh,László Cseh,HUN
athlete_luis_doreste_domingo_manrique,Luis Doreste Domingo Manrique,ESP
athlete_paul_foerster_stephen_bourdow,Paul Foerster Stephen Bourdow,USA
athlete_jørgen_bojsen_møller_jens_bojsen_møller,Jørgen Bojsen-Møller Jens Bojsen-Møller,DEN
athlete_agostino_abbagnalealessio_sartorirossano_galtarossasimone_raineri,Agostino AbbagnaleAlessio SartoriRossano GaltarossaSimone Raineri,ITA
athlete_jochem_verbernedirk_lippitsdiederik_simonmichiel_bartman,Jochem VerberneDirk LippitsDiederik SimonMichiel Bartman,NED
athlete_marco_geislerandreas_hajekstephan_volkertandré_willms,Marco GeislerAndreas HajekStephan VolkertAndré Willms,GER
athlete_florence_griffith_joyner,Florence Griffith-Joyner,USA
athlete_evelyn_ashford,Evelyn Ashford,USA
athlete_heike_drechsler,Heike Drechsler,GDR
athlete_jutta_niehaus,Jutta Niehaus,FRG
athlete_laima_zilporytė,Laima Zilporytė,URS
athlete_david_cal,David Cal,ESP
athlete_mark_oldershaw,Mark Oldershaw,CAN
athlete_lim_su_jeong,Lim Su-Jeong,KOR
athlete_azize_tanrıkulu,Azize Tanrıkulu,TUR
athlete_diana_lópez,Diana López,USA
athlete_martina_zubčić,Martina Zubčić,CRO
athlete_sarah_sjöström,Sarah Sjöström,SWE
athlete_emma_mckeon,Emma McKeon,AUS
athlete_alessia_filippi,Alessia Filippi,ITA
athlete_lotte_friis,Lotte Friis,DEN
athlete_pernille_blume,Pernille Blume,DEN
athlete_simone_manuel,Simone Manuel,USA
athlete_aliaksandra_herasimenia,Aliaksandra Herasimenia,BLR
athlete_zhong_man,Zhong Man,CHN
athlete_nicolas_lopez,Nicolas Lopez,FRA
athlete_mihai_covaliu,Mihai Covaliu,ROU
athlete_lim_hyo_jun,Lim Hyo-jun,KOR
athlete_sjinkie_knegt,Sjinkie Knegt,NED
athlete_semion_elistratov,Semion Elistratov,OAR
athlete_andy_holmessteve_redgrave,Andy HolmesSteve Redgrave,GBR
athlete_dănuț_dobredragoș_neagu,Dănuț DobreDragoș Neagu,ROU
athlete_sadik_mujkičbojan_prešern,Sadik MujkičBojan Prešern,YUG
athlete_ji_xinpeng,Ji Xinpeng,CHN
athlete_hendrawan,Hendrawan,INA
athlete_xia_xuanze,Xia Xuanze,CHN
athlete_thierry_péponnet_luc_pillot,Thierry Péponnet Luc Pillot,FRA
athlete_tõnu_tõniste_toomas_tõniste,Tõnu Tõniste Toomas Tõniste,URS
athlete_john_shadden_charles_mckee,John Shadden Charles McKee,USA
athlete_angela_alupeiconstanța_burcică,Angela AlupeiConstanța Burcică,ROM
athlete_claudia_blasbergvalerie_viehoff,Claudia BlasbergValerie Viehoff,GER
athlete_christine_collinssarah_garner,Christine CollinsSarah Garner,USA
athlete_arlen_lópez,Arlen López,CUB
athlete_bektemir_melikuziev,Bektemir Melikuziev,UZB
athlete_kamran_shakhsuvarly,Kamran Shakhsuvarly,AZE
athlete_misael_rodríguez,Misael Rodríguez,MEX
athlete_ranomi_kromowidjojo,Ranomi Kromowidjojo,NED
athlete_marleen_veldhuis,Marleen Veldhuis,NED
athlete_kristin_otto,Kristin Otto,GDR
athlete_krisztina_egerszegi,Krisztina Egerszegi,HUN
athlete_cornelia_sirch,Cornelia Sirch,GDR
athlete_wu_dajing,Wu Dajing,CHN
athlete_hwang_dae_heon,Hwang Dae-heon,KOR
athlete_justin_rose,Justin Rose,GBR
athlete_henrik_stenson,Henrik Stenson,SWE
athlete_matt_kuchar,Matt Kuchar,USA
athlete_zhang_xiangxiang,Zhang Xiangxiang,CHN
athlete_diego_salazar,Diego Salazar,COL
athlete_beslan_mudranov,Beslan Mudranov,RUS
athlete_diyorbek_urozboev,Diyorbek Urozboev,UZB
athlete_katie_taylor,Katie Taylor,IRL
athlete_sofya_ochigava,Sofya Ochigava,RUS
athlete_mavzuna_chorieva,Mavzuna Chorieva,TJK
athlete_adriana_araujo,Adriana Araujo,BRA
athlete_tony_estanguet,Tony Estanguet,FRA
athlete_sideris_tasiadis,Sideris Tasiadis,GER
athlete_michal_martikán,Michal Martikán,SVK
athlete_marte_olsbu_røiselandtiril_eckhofftarjei_bøjohannes_thingnes_bø,Marte Olsbu RøiselandTiril EckhoffTarjei BøJohannes Thingnes Bø,NOR
athlete_anaïs_chevalier_bouchetjulia_simonémilien_jacquelinquentin_fillon_maillet,Anaïs Chevalier-BouchetJulia SimonÉmilien JacquelinQuentin Fillon Maillet,FRA
athlete_uliana_nigmatullinakristina_reztsovaalexander_loginoveduard_latypov,Uliana NigmatullinaKristina ReztsovaAlexander LoginovEduard Latypov,ROC
athlete_ryan_cochrane,Ryan Cochrane,CAN
athlete_shi_zhiyong,Shi Zhiyong,CHN
athlete_daniyar_i̇smayilov,Daniyar İsmayilov,TUR
athlete_luis_javier_mosquera,Luis Javier Mosquera,COL
athlete_bang_soo_hyun,Bang Soo-hyun,KOR
athlete_mia_audina,Mia Audina,INA
athlete_susi_susanti,Susi Susanti,INA
athlete_liu_zige,Liu Zige,CHN
athlete_jiao_liuyang,Jiao Liuyang,CHN
athlete_jessicah_schipper,Jessicah Schipper,AUS
athlete_jonas_warrer_martin_kirketerp,Jonas Warrer Martin Kirketerp,DEN
athlete_iker_martínez_xabier_fernández,Iker Martínez Xabier Fernández,ESP
athlete_jan_peter_peckolt_hannes_peckolt,Jan-Peter Peckolt Hannes Peckolt,GER
athlete_om_yun_chol,Om Yun-chol,PRK
athlete_wu_jingbiao,Wu Jingbiao,CHN
athlete_trần_lê_quốc_toàn,Trần Lê Quốc Toàn,VIE
athlete_magdalena_neuner,Magdalena Neuner,GER
athlete_marie_dorin,Marie Dorin,FRA
athlete_tang_yi,Tang Yi,CHN
athlete_chen_yanqing,Chen Yanqing,CHN
athlete_o_jong_ae,O Jong-ae,PRK
athlete_wandee_kameaim,Wandee Kameaim,THA
athlete_miguel_martinez,Miguel Martinez,FRA
athlete_filip_meirhaeghe,Filip Meirhaeghe,BEL
athlete_christoph_sauser,Christoph Sauser,SUI
athlete_lu_yong,Lu Yong,CHN
athlete_tigran_martirosyan,Tigran Martirosyan,ARM
athlete_jadier_valladares,Jadier Valladares,CUB
athlete_belinda_bencic,Belinda Bencic,SUI
athlete_markéta_vondroušová,Markéta Vondroušová,CZE
athlete_elina_svitolina,Elina Svitolina,UKR
athlete_long_qingquan,Long Qingquan,CHN
athlete_sinphet_kruaithong,Sinphet Kruaithong,THA
athlete_sara_carrigan,Sara Carrigan,AUS
athlete_olga_slyusareva,Olga Slyusareva,RUS
athlete_chris_hoy,Chris Hoy,GBR
athlete_maximilian_levy,Maximilian Levy,GER
athlete_simon_van_velthooven,Simon van Velthooven,NZL
athlete_teun_mulder,Teun Mulder,NED
athlete_simon_ammann,Simon Ammann,SUI
athlete_adam_małysz,Adam Małysz,POL
athlete_gregor_schlierenzauer,Gregor Schlierenzauer,AUT
athlete_valentina_yegorova,Valentina Yegorova,EUN
athlete_yuko_arimori,Yuko Arimori,JPN
athlete_lorraine_moller,Lorraine Moller,NZL
athlete_mireia_belmonte_garcia,Mireia Belmonte Garcia,ESP
athlete_natsumi_hoshi,Natsumi Hoshi,JPN
athlete_ennio_falco,Ennio Falco,ITA
athlete_mirosław_rzepkowski,Mirosław Rzepkowski,POL
athlete_andrea_benelli,Andrea Benelli,ITA
athlete_charles_hamelin,Charles Hamelin,CAN
athlete_sung_si_bak,Sung Si-bak,KOR
athlete_françois_louis_tremblay,François-Louis Tremblay,CAN
athlete_amanda_beard,Amanda Beard,USA
athlete_anne_poleska,Anne Poleska,GER
athlete_guillermo_rigondeaux,Guillermo Rigondeaux,CUB
athlete_worapoj_petchkoom,Worapoj Petchkoom,THA
athlete_aghasi_mammadov,Aghasi Mammadov,AZE
athlete_bahodirjon_sultonov,Bahodirjon Sultonov,UZB
athlete_jorgen_bojsen_moller_christian_gronborg,Jorgen Bojsen-Moller Christian Gronborg,DEN
athlete_ole_petter_pollen_erik_bjørkum,Ole Petter Pollen Erik Bjørkum,NOR
athlete_frank_mclaughlin_john_millen,Frank McLaughlin John Millen,CAN
athlete_anouk_vetter,Anouk Vetter,NED
athlete_emma_oosterwegel,Emma Oosterwegel,NED
athlete_philipp_schoch,Philipp Schoch,SUI
athlete_richard_richardsson,Richard Richardsson,SWE
athlete_chris_klug,Chris Klug,USA
athlete_vacant,vacant,
athlete_mohamed_ehab,Mohamed Ehab,EGY
athlete_josé_antonio_hermida,José Antonio Hermida,ESP
athlete_bart_brentjens,Bart Brentjens,NED
athlete_emma_pooley,Emma Pooley,GBR
athlete_karin_thürig,Karin Thürig,SUI
athlete_pieter_van_den_hoogenband,Pieter van den Hoogenband,NED
athlete_roland_schoeman,Roland Schoeman,RSA
athlete_ian_thorpe,Ian Thorpe,AUS
athlete_quentin_fillon_maillet,Quentin Fillon Maillet,FRA
athlete_anton_smolski,Anton Smolski,BLR
athlete_leontien_zijlaard,Leontien Zijlaard,NED
athlete_hanka_kupfernagel,Hanka Kupfernagel,GER
athlete_diana_žiliūtė,Diana Žiliūtė,LTU
athlete_charlotte_dujardin,Charlotte Dujardin,GBR
athlete_isabell_werth,Isabell Werth,GER
athlete_kristina_bröring_sprehe,Kristina Bröring-Sprehe,GER
athlete_agostino_abbagnaledavide_tizzanogianluca_farinapiero_poli,Agostino AbbagnaleDavide TizzanoGianluca FarinaPiero Poli,ITA
athlete_alf_hansenrolf_thorsenlars_bjønnessvetle_vinje,Alf HansenRolf ThorsenLars BjønnessVetle Vinje,NOR
athlete_jens_köppensteffen_zühlkesteffen_bogsheiko_habermann,Jens KöppenSteffen ZühlkeSteffen BogsHeiko Habermann,GDR
athlete_kerstin_försterkristina_mundtbeate_schrammjana_sorgers,Kerstin FörsterKristina MundtBeate SchrammJana Sorgers,GDR
athlete_irina_kalimbetsvitlana_maziyinna_frolovaantonina_zelikovich,Irina KalimbetSvitlana MaziyInna FrolovaAntonina Zelikovich,URS
athlete_anișoara_bălananişoara_mineaveronica_cogeanuelisabeta_lipă,Anișoara BălanAnişoara MineaVeronica CogeanuElisabeta Lipă,ROU
athlete_roland_schröderralf_brudelolaf_försterthomas_greiner,Roland SchröderRalf BrudelOlaf FörsterThomas Greiner,GDR
athlete_raoul_rodriguezthomas_bohrerrichard_kennellydavid_krmpotich,Raoul RodriguezThomas BohrerRichard KennellyDavid Krmpotich,USA
athlete_guido_grabowvolker_grabownorbert_keßlaujörg_puttlitz,Guido GrabowVolker GrabowNorbert KeßlauJörg Puttlitz,FRG
athlete_gbred_clancy_paul_manning_geraint_thomas_bradley_wiggins,"GBREd Clancy, Paul Manning, Geraint Thomas, Bradley Wiggins",
athlete_dencasper_jørgensen_jens_erik_madsen_michael_mørkøv_alex_rasmussen_michael_færk_christensen,"DENCasper Jørgensen, Jens-Erik Madsen, Michael Mørkøv, Alex Rasmussen, Michael Færk Christensen",
athlete_nzlsam_bewley_hayden_roulston_marc_ryan_jesse_sergent_westley_gough,"NZLSam Bewley, Hayden Roulston, Marc Ryan, Jesse Sergent, Westley Gough",
athlete_mack_horton,Mack Horton,AUS
athlete_gabriele_detti,Gabriele Detti,ITA
athlete_wang_shun,Wang Shun,CHN
athlete_georgeta_damiandoina_ignat,Georgeta DamianDoina Ignat,ROM
athlete_kate_slatterrachael_taylor,Kate SlatterRachael Taylor,AUS
athlete_karen_kraftmelissa_ryan,Karen KraftMelissa Ryan,USA
athlete_anier_garcía,Anier García,CUB
athlete_terrence_trammell,Terrence Trammell,USA
athlete_mark_crear,Mark Crear,USA
athlete_jazmin_carlin,Jazmin Carlin,GBR
athlete_leah_smith,Leah Smith,USA
athlete_annegret_strauchjudith_zeidlerkathrin_haackerute_wildanja_klugebeatrix_schröerramona_balthasarute_stangedaniela_neunast,Annegret StrauchJudith ZeidlerKathrin HaackerUte WildAnja KlugeBeatrix SchröerRamona BalthasarUte StangeDaniela Neunast,GDR
athlete_doina_șnep_bălanveronica_neculaherta_anitașmarioara_trașcăadriana_bazonmihaela_armășescurodica_arbaolga_homeghiecaterina_oancia,Doina Șnep-BălanVeronica NeculaHerta AnitașMarioara TrașcăAdriana BazonMihaela ArmășescuRodica ArbaOlga HomeghiEcaterina Oancia,ROU
athlete_zhou_xiuhuazhang_yalihe_yanwenhan_yaqinzhang_xianghuazhou_shouyingyang_xiaohu_yadongli_ronghua,Zhou XiuhuaZhang YaliHe YanwenHan YaqinZhang XianghuaZhou ShouyingYang XiaoHu YadongLi Ronghua,CHN
athlete_hinrich_romeike,Hinrich Romeike,GER
athlete_gina_miles,Gina Miles,USA
athlete_kristina_cook,Kristina Cook,GBR
athlete_maría_del_rosario_espinoza,María del Rosario Espinoza,MEX
athlete_nina_solheim,Nina Solheim,NOR
athlete_sarah_stevenson,Sarah Stevenson,GBR
athlete_natália_falavigna,Natália Falavigna,BRA
athlete_robson_conceição,Robson Conceição,BRA
athlete_sofiane_oumiha,Sofiane Oumiha,FRA
athlete_lázaro_álvarez,Lázaro Álvarez,CUB
athlete_dorjnyambuugiin_otgondalai,Dorjnyambuugiin Otgondalai,MGL
athlete_nouchka_fontijn,Nouchka Fontijn,NED
athlete_dariga_shakimova,Dariga Shakimova,KAZ
athlete_li_qian,Li Qian,CHN
athlete_florian_rousseau,Florian Rousseau,FRA
athlete_erin_hartwell,Erin Hartwell,USA
athlete_takanobu_jumonji,Takanobu Jumonji,JPN
athlete_nora_gjakova,Nora Gjakova,KOS
athlete_sarah_léonie_cysique,Sarah-Léonie Cysique,FRA
athlete_tsukasa_yoshida,Tsukasa Yoshida,JPN
athlete_jessica_klimkait,Jessica Klimkait,CAN
athlete_jordi_calafat_kiko_sánchez,Jordi Calafat Kiko Sánchez,ESP
athlete_morgan_reeser_kevin_burnham,Morgan Reeser Kevin Burnham,USA
athlete_oxana_slivenko,Oxana Slivenko,RUS
athlete_leydi_solís,Leydi Solís,COL
athlete_abeer_abdelrahman,Abeer Abdelrahman,EGY
athlete_zhang_ning,Zhang Ning,CHN
athlete_xie_xingfang,Xie Xingfang,CHN
athlete_maria_kristin_yulianti,Maria Kristin Yulianti,INA
athlete_tomasz_kucharskirobert_sycz,Tomasz KucharskiRobert Sycz,POL
athlete_elia_luinileonardo_pettinari,Elia LuiniLeonardo Pettinari,ITA
athlete_pascal_touronthibaud_chapelle,Pascal TouronThibaud Chapelle,FRA
athlete_rodica_arba_olga_homeghi,Rodica Arba Olga Homeghi,ROU
athlete_radka_stoyanova_lalka_berberova,Radka Stoyanova Lalka Berberova,BUL
athlete_nikki_payne_lynley_hannen,Nikki Payne Lynley Hannen,NZL
athlete_ma_longxu_xinzhang_jike,Ma LongXu XinZhang Jike,CHN
athlete_koki_niwajun_mizutanimaharu_yoshimura,Koki NiwaJun MizutaniMaharu Yoshimura,JPN
athlete_timo_bolldimitrij_ovtcharovbastian_steger,Timo BollDimitrij OvtcharovBastian Steger,GER
athlete_katie_hoff,Katie Hoff,USA
athlete_joanne_jackson,Joanne Jackson,GBR
athlete_wang_haozhang_jikema_long,Wang HaoZhang JikeMa Long,CHN
athlete_oh_sang_eunjoo_se_hyukryu_seung_min,Oh Sang-EunJoo Se-HyukRyu Seung-Min,KOR
athlete_kim_un_guk,Kim Un-guk,PRK
athlete_óscar_figueroa,Óscar Figueroa,COL
athlete_eko_yuli_irawan,Eko Yuli Irawan,INA
athlete_mindaugas_mizgaitis,Mindaugas Mizgaitis,LTU
athlete_yannick_szczepaniak,Yannick Szczepaniak,FRA
athlete_yury_patrikeyev,Yury Patrikeyev,ARM
athlete_jeremy_wariner,Jeremy Wariner,USA
athlete_david_neville,David Neville,USA
athlete_hilary_caldwell,Hilary Caldwell,CAN
athlete_heike_friedrich,Heike Friedrich,GDR
athlete_silvia_poll,Silvia Poll,CRC
athlete_manuela_stellmach,Manuela Stellmach,GDR
athlete_nurcan_taylan,Nurcan Taylan,TUR
athlete_li_zhuo,Li Zhuo,CHN
athlete_aree_wiratthaworn,Aree Wiratthaworn,THA
athlete_derek_porter,Derek Porter,CAN
athlete_adam_peaty,Adam Peaty,GBR
athlete_cameron_van_der_burgh,Cameron van der Burgh,RSA
athlete_cody_miller,Cody Miller,USA
athlete_zhang_yining,Zhang Yining,CHN
athlete_wang_nan,Wang Nan,CHN
athlete_guo_yue,Guo Yue,CHN
athlete_veronica_cochelageorgeta_damianmaria_magdalena_dumitracheliliana_gafencuelena_georgescudoina_ignatelisabeta_lipăioana_olteanuviorica_susanu,Veronica CochelaGeorgeta DamianMaria Magdalena DumitracheLiliana GafencuElena GeorgescuDoina IgnatElisabeta LipăIoana OlteanuViorica Susanu,ROM
athlete_tessa_appeldoorncarin_ter_beekpieta_van_dishoeckelien_meijereeke_van_nesnelleke_penninxmartijntje_quikanneke_venemamarieke_westerhof,Tessa AppeldoornCarin ter BeekPieta van DishoeckElien MeijerEeke van NesNelleke PenninxMartijntje QuikAnneke VenemaMarieke Westerhof,NED
athlete_buffy_alexanderlaryssa_biesenthalheather_davisalison_korntheresa_lukeheather_mcdermidemma_robinsonlesley_thompsondorota_urbaniak,Buffy AlexanderLaryssa BiesenthalHeather DavisAlison KornTheresa LukeHeather McDermidEmma RobinsonLesley ThompsonDorota Urbaniak,CAN
athlete_aída_román,Aída Román,MEX
athlete_mariana_avitia,Mariana Avitia,MEX
athlete_tony_gunawancandra_wijaya,Tony GunawanCandra Wijaya,INA
athlete_ha_tae_kwonkim_dong_moon,Ha Tae-kwonKim Dong-moon,KOR
athlete_sukanya_srisurat,Sukanya Srisurat,THA
athlete_pimsiri_sirikaew,Pimsiri Sirikaew,THA
athlete_kuo_hsing_chun,Kuo Hsing-chun,TPE
athlete_kanatbek_begaliev,Kanatbek Begaliev,KGZ
athlete_armen_vardanyan,Armen Vardanyan,UKR
athlete_mikhail_siamionau,Mikhail Siamionau,BLR
athlete_poul_erik_høyer_larsen,Poul-Erik Høyer Larsen,DEN
athlete_dong_jiong,Dong Jiong,CHN
athlete_rashid_sidek,Rashid Sidek,MAS
athlete_kristian_blummenfelt,Kristian Blummenfelt,NOR
athlete_alex_yee,Alex Yee,GBR
athlete_hayden_wilde,Hayden Wilde,NZL
athlete_le_maosheng,Le Maosheng,CHN
athlete_israel_josé_rubio,Israel José Rubio,VEN
athlete_evi_sachenbacher_stehleclaudia_nystad,Evi Sachenbacher-StehleClaudia Nystad,GER
athlete_charlotte_kallaanna_haag,Charlotte KallaAnna Haag,SWE
athlete_irina_khazova_natalya_korostelyova,Irina Khazova Natalya Korostelyova,RUS
athlete_hippolyt_kempf,Hippolyt Kempf,SUI
athlete_klaus_sulzenbacher,Klaus Sulzenbacher,AUT
athlete_allar_levandi,Allar Levandi,URS
athlete_pavol_hurajt,Pavol Hurajt,SVK
athlete_jutta_behrendt,Jutta Behrendt,GDR
athlete_anne_marden,Anne Marden,USA
athlete_magdalena_georgieva,Magdalena Georgieva,BUL
athlete_missy_franklin,Missy Franklin,USA
athlete_anastasia_zuyeva,Anastasia Zuyeva,RUS
athlete_elizabeth_beisel,Elizabeth Beisel,USA
athlete_bob_de_jong,Bob de Jong,NED
athlete_markus_giermichael_gier,Markus GierMichael Gier,SUI
athlete_maarten_van_der_lindenpepijn_aardewijn,Maarten van der LindenPepijn Aardewijn,NED
athlete_anthony_edwardsbruce_hick,Anthony EdwardsBruce Hick,AUS
athlete_tomasz_majewski,Tomasz Majewski,POL
athlete_david_storl,David Storl,GER
athlete_reese_hoffa,Reese Hoffa,USA
athlete_ashley_moloney,Ashley Moloney,AUS
athlete_choi_min_jeong,Choi Min-jeong,KOR
athlete_li_jinyu,Li Jinyu,CHN
athlete_evgeny_tishchenko,Evgeny Tishchenko,RUS
athlete_vasily_levit,Vasily Levit,KAZ
athlete_rustam_tulaganov,Rustam Tulaganov,UZB
athlete_erislandy_savón,Erislandy Savón,CUB
athlete_taufik_hidayat,Taufik Hidayat,INA
athlete_shon_seung_mo,Shon Seung-mo,KOR
athlete_sony_dwi_kuncoro,Sony Dwi Kuncoro,INA
athlete_kirsten_barnesjessica_monroebrenda_taylorkay_worthington,Kirsten BarnesJessica MonroeBrenda TaylorKay Worthington,CAN
athlete_shelagh_donohoecynthia_eckertcarol_feeneyamy_fuller,Shelagh DonohoeCynthia EckertCarol FeeneyAmy Fuller,USA
athlete_antje_frankannette_hohngabriele_mehlbirte_siech,Antje FrankAnnette HohnGabriele MehlBirte Siech,GER
athlete_māris_štrombergs,Māris Štrombergs,LAT
athlete_mike_day,Mike Day,USA
athlete_donny_robinson,Donny Robinson,USA
athlete_mariel_zagunis,Mariel Zagunis,USA
athlete_sada_jacobson,Sada Jacobson,USA
athlete_rebecca_ward,Rebecca Ward,USA
athlete_ruslan_nurudinov,Ruslan Nurudinov,UZB
athlete_simon_martirosyan,Simon Martirosyan,ARM
athlete_aleksandr_zaychikov,Aleksandr Zaychikov,KAZ
athlete_denise_herrmann,Denise Herrmann,GER
athlete_anaïs_chevalier_bouchet,Anaïs Chevalier-Bouchet,FRA
athlete_marte_olsbu_røiseland,Marte Olsbu Røiseland,NOR
athlete_nataliya_dobrynska,Nataliya Dobrynska,UKR
athlete_hyleas_fountain,Hyleas Fountain,USA
athlete_kelly_sotherton,Kelly Sotherton,GBR
athlete_josé_luis_doreste,José Luis Doreste,ESP
athlete_peter_holmberg,Peter Holmberg,ISV
athlete_john_cutler,John Cutler,NZL
athlete_kianoush_rostami,Kianoush Rostami,IRI
athlete_tian_tao,Tian Tao,CHN
athlete_denis_ulanov,Denis Ulanov,KAZ
athlete_khasan_khalmurzaev,Khasan Khalmurzaev,RUS
athlete_travis_stevens,Travis Stevens,USA
athlete_sergiu_toma,Sergiu Toma,UAE
athlete_hrachya_petikyan,Hrachya Petikyan,EUN
athlete_robert_foth,Robert Foth,USA
athlete_ryohei_koba,Ryohei Koba,JPN
athlete_shim_suk_heechoi_min_jeongkim_ye_jinkim_a_langlee_yu_bin,Shim Suk-heeChoi Min-jeongKim Ye-jinKim A-langLee Yu-bin,KOR
athlete_arianna_fontanalucia_peretticecilia_maffeimartina_valcepina,Arianna FontanaLucia PerettiCecilia MaffeiMartina Valcepina,ITA
athlete_suzanne_schultingyara_van_kerkhoflara_van_ruijvenjorien_ter_mors,Suzanne SchultingYara van KerkhofLara van RuijvenJorien ter Mors,NED
athlete_joe_deloach,Joe DeLoach,USA
athlete_carl_lewis,Carl Lewis,USA
athlete_robson_da_silva,Robson da Silva,BRA
athlete_buttree_puedpong,Buttree Puedpong,THA
athlete_daynellis_montejo,Daynellis Montejo,CUB
athlete_dalia_contreras,Dalia Contreras,VEN
athlete_dmitriy_balandin,Dmitriy Balandin,KAZ
athlete_josh_prenot,Josh Prenot,USA
athlete_anton_chupkov,Anton Chupkov,RUS
athlete_laura_asadauskaitė,Laura Asadauskaitė,LTU
athlete_samantha_murray,Samantha Murray,GBR
athlete_yane_marques,Yane Marques,BRA
athlete_james_cracknellsteve_redgravetim_fostermatthew_pinsent,James CracknellSteve RedgraveTim FosterMatthew Pinsent,GBR
athlete_valter_moleariccardo_dei_rossilorenzo_carboncinicarlo_mornati,Valter MoleaRiccardo Dei RossiLorenzo CarbonciniCarlo Mornati,ITA
athlete_james_stewartben_dodwellgeoff_stewartbo_hanson,James StewartBen DodwellGeoff StewartBo Hanson,AUS
athlete_charlotte_kalla,Charlotte Kalla,SWE
athlete_kristina_šmigun_vähi,Kristina Šmigun-Vähi,EST
athlete_marit_bjørgen,Marit Bjørgen,NOR
athlete_bakhtiyar_akhmedov,Bakhtiyar Akhmedov,RUS
athlete_david_musuľbes,David Musuľbes,SVK
athlete_disney_rodríguez,Disney Rodríguez,CUB
athlete_marid_mutalimov,Marid Mutalimov,KAZ
athlete_haruka_tachimoto,Haruka Tachimoto,JPN
athlete_sally_conway,Sally Conway,GBR
athlete_laura_vargas_koch,Laura Vargas Koch,GER
athlete_max_rendschmidtmarcus_gross,Max RendschmidtMarcus Gross,GER
athlete_marko_tomićevićmilenko_zorić,Marko TomićevićMilenko Zorić,SRB
athlete_ken_wallacelachlan_tame,Ken WallaceLachlan Tame,AUS
athlete_conor_dwyer,Conor Dwyer,USA
athlete_jochen_schümann_thomas_flach_bernd_jäkel,Jochen Schümann Thomas Flach Bernd Jäkel,GDR
athlete_john_kostecki_william_baylis_robert_billingham,John Kostecki William Baylis Robert Billingham,USA
athlete_jesper_bank_jan_mathiasen_steen_secher,Jesper Bank Jan Mathiasen Steen Secher,DEN
athlete_sylwia_bogacka,Sylwia Bogacka,POL
athlete_yu_dan,Yu Dan,CHN
athlete_estelle_mossely,Estelle Mossely,FRA
athlete_yin_junhua,Yin Junhua,CHN
athlete_mira_potkonen,Mira Potkonen,FIN
athlete_anastasia_belyakova,Anastasia Belyakova,RUS
athlete_georgina_evers_swindellcaroline_evers_swindell,Georgina Evers-SwindellCaroline Evers-Swindell,NZL
athlete_annekatrin_thielechristiane_huth,Annekatrin ThieleChristiane Huth,GER
athlete_elise_laverick_and_anna_bebington,Elise Laverick and Anna Bebington,GBR
athlete_christian_reitz,Christian Reitz,GER
athlete_jean_quiquampoix,Jean Quiquampoix,FRA
athlete_li_yuehong,Li Yuehong,CHN
athlete_natalya_sadova,Natalya Sadova,RUS
athlete_anastasia_kelesidou,Anastasia Kelesidou,GRE
athlete_věra_pospíšilová_cechlová,Věra Pospíšilová-Cechlová,CZE
athlete_karen_josephsonsarah_josephson,Karen JosephsonSarah Josephson,USA
athlete_penny_vilagosvicky_vilagos,Penny VilagosVicky Vilagos,CAN
athlete_fumiko_okunoaki_takayama,Fumiko OkunoAki Takayama,JPN
athlete_servet_tazegül,Servet Tazegül,TUR
athlete_m_bagheri_motamed,M Bagheri Motamed,IRI
athlete_terrence_jennings,Terrence Jennings,USA
athlete_rohullah_nikpai,Rohullah Nikpai,AFG
athlete_jesper_bank_steen_secher_jesper_seier,Jesper Bank Steen Secher Jesper Seier,DEN
athlete_kevin_mahaney_jim_brady_doug_kern,Kevin Mahaney Jim Brady Doug Kern,USA
athlete_lawrie_smith_robert_cruickshank_ossie_stewart,Lawrie Smith Robert Cruickshank Ossie Stewart,GBR
athlete_jordan_burroughs,Jordan Burroughs,USA
athlete_sadegh_goudarzi,Sadegh Goudarzi,IRI
athlete_gábor_hatos,Gábor Hatos,HUN
athlete_denis_tsargush,Denis Tsargush,RUS
athlete_ryan_murphy,Ryan Murphy,USA
athlete_mitch_larkin,Mitch Larkin,AUS
athlete_evgeny_rylov,Evgeny Rylov,RUS
athlete_yana_shemyakina,Yana Shemyakina,UKR
athlete_sun_yujie,Sun Yujie,CHN
athlete_christian_olsson,Christian Olsson,SWE
athlete_marian_oprea,Marian Oprea,ROU
athlete_danil_burkenya,Danil Burkenya,RUS
athlete_rubén_limardo,Rubén Limardo,VEN
athlete_bartosz_piasecki,Bartosz Piasecki,NOR
athlete_jung_jin_sun,Jung Jin-Sun,KOR
athlete_meike_everskerstin_kowalskimanja_kowalskimanuela_lutze,Meike EversKerstin KowalskiManja KowalskiManuela Lutze,GER
athlete_guin_battenmiriam_battenkatherine_graingergillian_lindsay,Guin BattenMiriam BattenKatherine GraingerGillian Lindsay,GBR
athlete_oksana_dorodnovairina_fedotovayuliya_levinalarisa_merk,Oksana DorodnovaIrina FedotovaYuliya LevinaLarisa Merk,RUS
athlete_halil_mutlu,Halil Mutlu,TUR
athlete_wu_meijin,Wu Meijin,CHN
athlete_sedat_artuç,Sedat Artuç,TUR
athlete_britta_steffen,Britta Steffen,GER
athlete_lisbeth_trickett,Lisbeth Trickett,AUS
athlete_natalie_coughlin,Natalie Coughlin,USA
athlete_zhang_guozheng,Zhang Guozheng,CHN
athlete_lee_bae_young,Lee Bae-young,KOR
athlete_nikolaj_pešalov,Nikolaj Pešalov,CRO
athlete_bob_bryanmike_bryan,Bob BryanMike Bryan,USA
athlete_jo_wilfried_tsongamichaël_llodra,Jo-Wilfried TsongaMichaël Llodra,FRA
athlete_julien_benneteaurichard_gasquet,Julien BenneteauRichard Gasquet,FRA
athlete_sébastien_vieilledentadrien_hardy,Sébastien VieilledentAdrien Hardy,FRA
athlete_iztok_čopluka_špik,Iztok ČopLuka Špik,SLO
athlete_rossano_galtarossaalessio_sartori,Rossano GaltarossaAlessio Sartori,ITA
athlete_elise_rechichitessa_parkinson,Elise RechichiTessa Parkinson,AUS
athlete_marcelien_de_koninglobke_berkhout,Marcelien de KoningLobke Berkhout,NED
athlete_fernanda_oliveiraisabel_swan,Fernanda OliveiraIsabel Swan,BRA
athlete_federica_pellegrini,Federica Pellegrini,ITA
athlete_sara_isakovič,Sara Isakovič,SLO
athlete_pang_jiaying,Pang Jiaying,CHN
athlete_osleidys_menéndez,Osleidys Menéndez,CUB
athlete_steffi_nerius,Steffi Nerius,GER
athlete_miréla_manjani,Miréla Manjani,GRE
athlete_tom_ashley,Tom Ashley,NZL
athlete_julien_bontemps,Julien Bontemps,FRA
athlete_shahar_tzuberi,Shahar Tzuberi,ISR
athlete_fabio_basile,Fabio Basile,ITA
athlete_ross_edgar,Ross Edgar,GBR
athlete_kiyofumi_nagai,Kiyofumi Nagai,JPN
athlete_rustam_orujov,Rustam Orujov,AZE
athlete_dirk_van_tichelt,Dirk Van Tichelt,BEL
athlete_hamid_sourian,Hamid Sourian,IRI
athlete_rovshan_bayramov,Rovshan Bayramov,AZE
athlete_péter_módos,Péter Módos,HUN
athlete_mingiyan_semenov,Mingiyan Semenov,RUS
athlete_francis_obikwelu,Francis Obikwelu,POR
athlete_maurice_greene,Maurice Greene,USA
athlete_ladislav_škantárpeter_škantár,Ladislav ŠkantárPeter Škantár,SVK
athlete_david_florencerichard_hounslow,David FlorenceRichard Hounslow,GBR
athlete_gauthier_klaussmatthieu_péché,Gauthier KlaussMatthieu Péché,FRA
athlete_michael_jung,Michael Jung,GER
athlete_sara_algotsson_ostholt,Sara Algotsson Ostholt,SWE
athlete_sandra_auffarth,Sandra Auffarth,GER
athlete_andrey_moiseev,Andrey Moiseev,RUS
athlete_edvinas_krungolcas,Edvinas Krungolcas,LTU
athlete_andrejus_zadneprovskis,Andrejus Zadneprovskis,LTU
athlete_veronica_campbell,Veronica Campbell,JAM
athlete_debbie_ferguson,Debbie Ferguson,BAH
athlete_mireia_belmonte,Mireia Belmonte,ESP
athlete_nelson_évora,Nelson Évora,POR
athlete_phillips_idowu,Phillips Idowu,GBR
athlete_leevan_sands,Leevan Sands,BAH
athlete_milorad_čavić,Milorad Čavić,SRB
athlete_andrew_lauterstein,Andrew Lauterstein,AUS
athlete_penny_oleksiak,Penny Oleksiak,CAN
athlete_giorgio_di_centa,Giorgio Di Centa,ITA
athlete_yevgeny_dementyev,Yevgeny Dementyev,RUS
athlete_mikhail_botvinov,Mikhail Botvinov,AUT
athlete_bill_demong,Bill Demong,USA
athlete_bernhard_gruber,Bernhard Gruber,AUT
athlete_li_naluo_xiaojuansun_yujiexu_anqi,Li NaLuo XiaojuanSun YujieXu Anqi,CHN
athlete_shin_a_lamjung_hyo_jungchoi_in_jeongchoi_eun_sook,Shin A-LamJung Hyo-JungChoi In-JeongChoi Eun-Sook,KOR
athlete_maya_lawrencecourtney_hurleykelley_hurleysusie_scanlan,Maya LawrenceCourtney HurleyKelley HurleySusie Scanlan,USA
athlete_andrea_baldinigiorgio_avolaandrea_cassaràvalerio_aspromonte,Andrea BaldiniGiorgio AvolaAndrea CassaràValerio Aspromonte,ITA
athlete_ryo_miyakeyuki_otakenta_chidasuguru_awaji,Ryo MiyakeYuki OtaKenta ChidaSuguru Awaji,JPN
athlete_peter_joppichsebastian_bachmannbenjamin_kleibrinkandré_weßels,Peter JoppichSebastian BachmannBenjamin KleibrinkAndré Weßels,GER
athlete_fraamandine_buchardguillaume_chainesarah_léonie_cysiquekilian_le_blouchclarisse_agbegnenouaxel_clergetmargaux_pinotalexandre_iddirromane_dickoteddy_rinermadeleine_malonga,FRAAmandine BuchardGuillaume ChaineSarah-Léonie CysiqueKilian Le BlouchClarisse AgbegnenouAxel ClergetMargaux PinotAlexandre IddirRomane DickoTeddy RinerMadeleine Malonga,
athlete_jpnhifumi_abeuta_abeshohei_onotsukasa_yoshidashoichiro_mukaichizuru_araitakanori_nagasemiku_tashirohisayoshi_harasawashori_hamadaaaron_wolfakira_sone,JPNHifumi AbeUta AbeShohei OnoTsukasa YoshidaShoichiro MukaiChizuru AraiTakanori NagaseMiku TashiroHisayoshi HarasawaShori HamadaAaron WolfAkira Sone,
athlete_isrtohar_butbultimna_nelson_levybaruch_shmailovshira_rishonyli_kochmangili_sharirsagi_mukiraz_hershkopeter_paltchikinbar_laniror_sasson,ISRTohar ButbulTimna Nelson-LevyBaruch ShmailovShira RishonyLi KochmanGili SharirSagi MukiRaz HershkoPeter PaltchikInbar LanirOr Sasson,
athlete_gersebastian_seidlkatharina_menzigor_wandtketheresa_stolldominic_resselgiovanna_scoccimarroeduard_trippelmartyna_trajdosjohannes_freyjasmin_grabowskikarl_richard_freyanna_maria_wagner,GERSebastian SeidlKatharina MenzIgor WandtkeTheresa StollDominic ResselGiovanna ScoccimarroEduard TrippelMartyna TrajdosJohannes FreyJasmin GrabowskiKarl-Richard FreyAnna-Maria Wagner,
athlete_lei_sheng,Lei Sheng,CHN
athlete_alaaeldin_abouelkassem,Alaaeldin Abouelkassem,EGY
athlete_choi_byung_chul,Choi Byung-chul,KOR
athlete_sa_jae_hyouk,Sa Jae-hyouk,KOR
athlete_li_hongli,Li Hongli,CHN
athlete_gevorg_davtyan,Gevorg Davtyan,ARM
athlete_milica_mandić,Milica Mandić,SRB
athlete_anne_caroline_graffe,Anne-Caroline Graffe,FRA
athlete_anastasia_baryshnikova,Anastasia Baryshnikova,RUS
athlete_neeraj_chopra,Neeraj Chopra,IND
athlete_jakub_vadlejch,Jakub Vadlejch,CZE
athlete_paola_pezzo,Paola Pezzo,ITA
athlete_alison_sydor,Alison Sydor,CAN
athlete_susan_demattei,Susan DeMattei,USA
athlete_zhou_mi,Zhou Mi,CHN
athlete_sturla_holm_lægreidtarjei_bøjohannes_thingnes_bøvetle_sjåstad_christiansen,Sturla Holm LægreidTarjei BøJohannes Thingnes BøVetle Sjåstad Christiansen,NOR
athlete_fabien_claudeémilien_jacquelinsimon_desthieuxquentin_fillon_maillet,Fabien ClaudeÉmilien JacquelinSimon DesthieuxQuentin Fillon Maillet,FRA
athlete_said_karimulla_khalilialexander_loginovmaxim_tsvetkoveduard_latypov,Said Karimulla KhaliliAlexander LoginovMaxim TsvetkovEduard Latypov,ROC
athlete_philip_hindeschris_hoyjason_kenny,Philip HindesChris HoyJason Kenny,GBR
athlete_grégory_baugemichaël_dalmeidakévin_sireau,Grégory BaugeMichaël D'AlmeidaKévin Sireau,FRA
athlete_rené_endersmaximilian_levyrobert_förstemann,René EndersMaximilian LevyRobert Förstemann,GER
athlete_elvira_öberg,Elvira Öberg,SWE
athlete_yara_van_kerkhof,Yara van Kerkhof,NED
athlete_przemysław_miarczyński,Przemysław Miarczyński,POL
athlete_virgilijus_alekna,Virgilijus Alekna,LTU
athlete_ri_song_hui,Ri Song-hui,PRK
athlete_shakur_stevenson,Shakur Stevenson,USA
athlete_vladimir_nikitin,Vladimir Nikitin,RUS
athlete_murodjon_akhmadaliev,Murodjon Akhmadaliev,UZB
athlete_jin_sun_yu,Jin Sun-yu,KOR
athlete_yang_yang_a,Yang Yang (A),CHN
athlete_zhang_jun_gao_ling,Zhang Jun Gao Ling,CHN
athlete_tri_kusharyanto_minarti_timur,Tri Kusharyanto Minarti Timur,INA
athlete_simon_archer_joanne_goode,Simon Archer Joanne Goode,GBR
athlete_linn_perssonmona_brorssonhanna_öbergelvira_öberg,Linn PerssonMona BrorssonHanna ÖbergElvira Öberg,SWE
athlete_irina_kazakevichkristina_reztsovasvetlana_mironovauliana_nigmatullina,Irina KazakevichKristina ReztsovaSvetlana MironovaUliana Nigmatullina,ROC
athlete_vanessa_voigtvanessa_hinzfranziska_preußdenise_herrmann,Vanessa VoigtVanessa HinzFranziska PreußDenise Herrmann,GER
athlete_linda_andersen,Linda Andersen,NOR
athlete_natalia_vía_dufresne,Natalia Vía Dufresne,ESP
athlete_julia_trotman,Julia Trotman,USA
athlete_melaine_walker,Melaine Walker,JAM
athlete_sheena_tosta,Sheena Tosta,USA
athlete_tasha_danvers,Tasha Danvers,GBR
athlete_martina_walthergerlinde_doberschützcarola_hornigbirte_siechsylvia_rose,Martina WaltherGerlinde DoberschützCarola HornigBirte SiechSylvia Rose,GDR
athlete_zhang_xianghuahu_yadongyang_xiaozhou_shouyingli_ronghua,Zhang XianghuaHu YadongYang XiaoZhou ShouyingLi Ronghua,CHN
athlete_marioara_trașcăveronica_neculaherta_anitașdoina_șnep_bălanecaterina_oancia,Marioara TrașcăVeronica NeculaHerta AnitașDoina Șnep-BălanEcaterina Oancia,ROU
athlete_justine_braisaz_bouchet,Justine Braisaz-Bouchet,FRA
athlete_fermín_cacho,Fermín Cacho,ESP
athlete_rachid_el_basir,Rachid El Basir,MAR
athlete_mohamed_suleiman,Mohamed Suleiman,QAT
athlete_kjetil_andré_aamodt,Kjetil André Aamodt,NOR
athlete_marc_girardelli,Marc Girardelli,LUX
athlete_jan_einar_thorsen,Jan Einar Thorsen,NOR
athlete_anthony_ervin,Anthony Ervin,USA
athlete_florent_manaudou,Florent Manaudou,FRA
athlete_franck_david,Franck David,FRA
athlete_mike_gebhardt,Mike Gebhardt,USA
athlete_lars_kleppich,Lars Kleppich,AUS
athlete_vassili_jirov,Vassili Jirov,KAZ
athlete_seung_bae_lee,Seung-Bae Lee,KOR
athlete_antonio_tarver,Antonio Tarver,USA
athlete_thomas_ulrich,Thomas Ulrich,GER
athlete_kim_il,Kim Il,PRK
athlete_kim_jong_shin,Kim Jong-shin,KOR
athlete_vugar_orujov,Vugar Orujov,EUN
athlete_georgeta_damianviorica_susanu,Georgeta DamianViorica Susanu,ROU
athlete_wu_yougao_yulan,Wu YouGao Yulan,CHN
athlete_yuliya_bichyknatallia_helakh,Yuliya BichykNatallia Helakh,BLR
athlete_anamari_velenšek,Anamari Velenšek,SLO
athlete_matthew_ryan,Matthew Ryan,AUS
athlete_herbert_blöcker,Herbert Blöcker,GER
athlete_blyth_tait,Blyth Tait,NZL
athlete_shaoang_liushaolin_sándor_liuviktor_knochcsaba_burján,Shaoang LiuShaolin Sándor LiuViktor KnochCsaba Burján,HUN
athlete_wu_dajinghan_tianyuchen_dequanxu_hongzhiren_ziwei,Wu DajingHan TianyuChen DequanXu HongzhiRen Ziwei,CHN
athlete_samuel_girardcharles_hamelincharle_cournoyerpascal_dion,Samuel GirardCharles HamelinCharle CournoyerPascal Dion,CAN
athlete_lilly_king,Lilly King,USA
athlete_katie_meili,Katie Meili,USA
athlete_mirna_jukić,Mirna Jukić,AUT
athlete_yuliya_ratkevich,Yuliya Ratkevich,AZE
athlete_hsu_shu_ching,Hsu Shu-ching,TPE
athlete_hidilyn_diaz,Hidilyn Diaz,PHI
athlete_yoon_jin_hee,Yoon Jin-hee,KOR
athlete_tina_trstenjak,Tina Trstenjak,SLO
athlete_clarisse_agbegnenou,Clarisse Agbegnenou,FRA
athlete_yarden_gerbi,Yarden Gerbi,ISR
athlete_anicka_van_emden,Anicka van Emden,NED
athlete_tony_yoka,Tony Yoka,FRA
athlete_joe_joyce,Joe Joyce,GBR
athlete_filip_hrgović,Filip Hrgović,CRO
athlete_inbee_park,Inbee Park,KOR
athlete_lydia_ko,Lydia Ko,NZL
athlete_shanshan_feng,Shanshan Feng,CHN
athlete_benjamin_kleibrink,Benjamin Kleibrink,GER
athlete_yuki_ota,Yuki Ota,JPN
athlete_salvatore_sanzo,Salvatore Sanzo,ITA
athlete_kathleen_baker,Kathleen Baker,USA
athlete_kylie_masse,Kylie Masse,CAN
athlete_fu_yuanhui,Fu Yuanhui,CHN
athlete_josé_van_der_ploeg,José van der Ploeg,ESP
athlete_brian_ledbetter,Brian Ledbetter,USA
athlete_craig_monk,Craig Monk,NZL
athlete_ye_shiwen,Ye Shiwen,CHN
athlete_li_xuanxu,Li Xuanxu,CHN
athlete_udomporn_polsak,Udomporn Polsak,THA
athlete_raema_lisa_rumbewas,Raema Lisa Rumbewas,INA
athlete_mabel_mosquera,Mabel Mosquera,COL
athlete_tarjei_bø,Tarjei Bø,NOR
athlete_dorothea_wierer,Dorothea Wierer,ITA
athlete_majlinda_kelmendi,Majlinda Kelmendi,KOS
athlete_misato_nakamura,Misato Nakamura,JPN
athlete_natalia_kuziutina,Natalia Kuziutina,RUS
athlete_jasey_jay_anderson,Jasey-Jay Anderson,CAN
athlete_benjamin_karl,Benjamin Karl,AUT
athlete_mathieu_bozzetto,Mathieu Bozzetto,FRA
athlete_dwight_phillips,Dwight Phillips,USA
athlete_john_moffitt,John Moffitt,USA
athlete_joan_lino_martínez,Joan Lino Martínez,ESP
athlete_michel_andrieuxjean_christophe_rolland,Michel AndrieuxJean-Christophe Rolland,FRA
athlete_ted_murphysebastian_bea,Ted MurphySebastian Bea,USA
athlete_matthew_longjames_tomkins,Matthew LongJames Tomkins,AUS
athlete_son_tae_jin,Son Tae-Jin,KOR
athlete_mark_lópez,Mark López,USA
athlete_sung_yu_chi,Sung Yu-Chi,TPE
athlete_nathan_wilmotmalcolm_page,Nathan WilmotMalcolm Page,AUS
athlete_nick_rogersjoe_glanfield,Nick RogersJoe Glanfield,GBR
athlete_nicolas_charbonnierolivier_bausset,Nicolas CharbonnierOlivier Bausset,FRA
athlete_ireen_wüst,Ireen Wüst,NED
athlete_kristina_groves,Kristina Groves,CAN
athlete_martina_sáblíková,Martina Sáblíková,CZE
athlete_birgit_petermartina_schröter,Birgit PeterMartina Schröter,GDR
athlete_elisabeta_lipăveronica_cogeanu,Elisabeta LipăVeronica Cogeanu,ROU
athlete_violeta_ninovastefka_madina,Violeta NinovaStefka Madina,BUL
athlete_hisayoshi_harasawa,Hisayoshi Harasawa,JPN
athlete_or_sasson,Or Sasson,ISR
athlete_nico_rienksronald_florijn,Nico RienksRonald Florijn,NED
athlete_beat_schwerzmannueli_bodenmann,Beat SchwerzmannUeli Bodenmann,SUI
athlete_oleksandr_marchenkovasil_yakusha,Oleksandr MarchenkoVasil Yakusha,URS
athlete_dong_bin,Dong Bin,CHN
athlete_sopita_tanasan,Sopita Tanasan,THA
athlete_sri_wahyuni_agustiani,Sri Wahyuni Agustiani,INA
athlete_hiromi_miyake,Hiromi Miyake,JPN
athlete_lena_schöneborn,Lena Schöneborn,GER
athlete_heather_fell,Heather Fell,GBR
athlete_anastasiya_samusevich,Anastasiya Samusevich,BLR
athlete_christine_magnuson,Christine Magnuson,USA
athlete_rafaela_silva,Rafaela Silva,BRA
athlete_sumiya_dorjsuren,Sumiya Dorjsuren,MGL
athlete_telma_monteiro,Telma Monteiro,POR
athlete_kim_ji_yeon,Kim Ji-yeon,KOR
athlete_sofiya_velikaya,Sofiya Velikaya,RUS
athlete_olha_kharlan,Olha Kharlan,UKR
athlete_evelyne_leu,Evelyne Leu,SUI
athlete_li_nina,Li Nina,CHN
athlete_alisa_camplin,Alisa Camplin,AUS
athlete_hicham_el_guerrouj,Hicham El Guerrouj,MAR
athlete_kenenisa_bekele,Kenenisa Bekele,ETH
athlete_stephanie_beckert,Stephanie Beckert,GER
athlete_rolf_göran_bengtsson,Rolf-Göran Bengtsson,SWE
athlete_beezie_madden,Beezie Madden,USA
athlete_nicola_adams,Nicola Adams,GBR
athlete_ren_cancan,Ren Cancan,CHN
athlete_mary_kom,Mary Kom,IND
athlete_marlen_esparza,Marlen Esparza,USA
athlete_lukáš_krpálek,Lukáš Krpálek,CZE
athlete_guram_tushishvili,Guram Tushishvili,GEO
athlete_tamerlan_bashaev,Tamerlan Bashaev,ROC
athlete_jean_yves_le_déroff_nicolas_hénard,Jean-Yves Le Déroff Nicolas Hénard,FRA
athlete_chris_timms_rex_sellers,Chris Timms Rex Sellers,NZL
athlete_lars_grael_clinio_freitas,Lars Grael Clinio Freitas,BRA
athlete_madias_nzesso,Madias Nzesso,CMR
athlete_kathrin_boronjana_thieme,Kathrin BoronJana Thieme,GER
athlete_pieta_van_dishoeckeeke_van_nes,Pieta van DishoeckEeke van Nes,NED
athlete_kristina_poplavskajabirutė_šakickienė,Kristina PoplavskajaBirutė Šakickienė,LTU
athlete_pawina_thongsuk,Pawina Thongsuk,THA
athlete_natalya_zabolotnaya,Natalya Zabolotnaya,RUS
athlete_valentina_popova,Valentina Popova,RUS
athlete_paula_pareto,Paula Pareto,ARG
athlete_jeong_bo_kyeong,Jeong Bo-kyeong,KOR
athlete_ami_kondo,Ami Kondo,JPN
athlete_galbadrakhyn_otgontsetseg,Galbadrakhyn Otgontsetseg,KAZ
athlete_karim_laghouagthibaut_vallettemathieu_lemoineastier_nicolas,Karim LaghouagThibaut ValletteMathieu LemoineAstier Nicolas,FRA
athlete_julia_krajewskisandra_auffarthingrid_klimkemichael_jung,Julia KrajewskiSandra AuffarthIngrid KlimkeMichael Jung,GER
athlete_shane_rosestuart_tinneysam_griffithschris_burton,Shane RoseStuart TinneySam GriffithsChris Burton,AUS
athlete_ge_fei_gu_jun,Ge Fei Gu Jun,CHN
athlete_huang_nanyan_yang_wei,Huang Nanyan Yang Wei,CHN
athlete_gao_ling_qin_yiyuan,Gao Ling Qin Yiyuan,CHN
athlete_liu_chunhong,Liu Chunhong,CHN
athlete_eszter_krutzler,Eszter Krutzler,HUN
athlete_zarema_kasaeva,Zarema Kasaeva,RUS
athlete_clara_hughes,Clara Hughes,CAN
athlete_tom_jamessteve_williamspete_reedandrew_triggs_hodge,Tom JamesSteve WilliamsPete ReedAndrew Triggs Hodge,GBR
athlete_matt_ryanjames_marburgcameron_mckenzie_mchargfrancis_hegerty,Matt RyanJames MarburgCameron McKenzie-McHargFrancis Hegerty,AUS
athlete_julien_desprèsbenjamin_rondeaugermain_chardindorian_mortelette,Julien DesprèsBenjamin RondeauGermain ChardinDorian Mortelette,FRA
athlete_lee_sung_jinki_bo_baechoi_hyeonju,Lee Sung-JinKi Bo-BaeChoi Hyeonju,KOR
athlete_fang_yutingcheng_mingxu_jing,Fang YutingCheng MingXu Jing,CHN
athlete_kaori_kawanakaren_hayakawamiki_kanie,Kaori KawanakaRen HayakawaMiki Kanie,JPN
athlete_boglárka_kapás,Boglárka Kapás,HUN
athlete_sohrab_moradi,Sohrab Moradi,IRI
athlete_vadzim_straltsou,Vadzim Straltsou,BLR
athlete_aurimas_didžbalis,Aurimas Didžbalis,LTU
athlete_kristen_babb_sprague,Kristen Babb-Sprague,USA
athlete_sylvie_fréchette,Sylvie Fréchette,CAN
athlete_fumiko_okuno,Fumiko Okuno,JPN
athlete_fazliddin_gaibnazarov,Fazliddin Gaibnazarov,UZB
athlete_lorenzo_sotomayor,Lorenzo Sotomayor,AZE
athlete_vitaly_dunaytsev,Vitaly Dunaytsev,RUS
athlete_artem_harutyunyan,Artem Harutyunyan,GER
athlete_astier_nicolas,Astier Nicolas,FRA
athlete_phillip_dutton,Phillip Dutton,USA
athlete_giorgi_asanidze,Giorgi Asanidze,GEO
athlete_andrei_rybakou,Andrei Rybakou,BLR
athlete_pyrros_dimas,Pyrros Dimas,GRE
athlete_elmar_gasimov,Elmar Gasimov,AZE
athlete_cyrille_maret,Cyrille Maret,FRA
athlete_ryunosuke_haga,Ryunosuke Haga,JPN
athlete_wang_jiao,Wang Jiao,CHN
athlete_stanka_zlateva,Stanka Zlateva,BUL
athlete_kyoko_hamaguchi,Kyoko Hamaguchi,JPN
athlete_agnieszka_wieszczek,Agnieszka Wieszczek,POL
athlete_eduard_latypov,Eduard Latypov,ROC
athlete_andreas_thorkildsen,Andreas Thorkildsen,NOR
athlete_vadims_vasiļevskis,Vadims Vasiļevskis,LAT
athlete_sergey_makarov,Sergey Makarov,RUS
athlete_gregorio_paltrinieri,Gregorio Paltrinieri,ITA
athlete_connor_jaeger,Connor Jaeger,USA
athlete_bruce_kendall,Bruce Kendall,NZL
athlete_jan_boersma,Jan Boersma,AHO
athlete_arianna_errigo,Arianna Errigo,ITA
athlete_jari_mantilahannu_manninenjaakko_tallussamppa_lajunen,Jari MantilaHannu ManninenJaakko TallusSamppa Lajunen,FIN
athlete_björn_kircheisengeorg_hettichmarcel_höhligronny_ackermann,Björn KircheisenGeorg HettichMarcel HöhligRonny Ackermann,GER
athlete_christoph_bielermichael_grubermario_stecherfelix_gottwald,Christoph BielerMichael GruberMario StecherFelix Gottwald,AUT
athlete_carmine_abbagnalegiuseppe_abbagnalegiuseppe_di_capua_cox,Carmine AbbagnaleGiuseppe AbbagnaleGiuseppe Di Capua (cox),ITA
athlete_mario_streitdetlef_kirchhoffrené_rensch_cox,Mario StreitDetlef KirchhoffRené Rensch (cox),GDR
athlete_andy_holmessteve_redgravepatrick_sweeney_cox,Andy HolmesSteve RedgravePatrick Sweeney (cox),GBR
athlete_mashu_baker,Mashu Baker,JPN
athlete_varlam_liparteliani,Varlam Liparteliani,GEO
athlete_gwak_dong_han,Gwak Dong-han,KOR
athlete_cheng_xunzhao,Cheng Xunzhao,CHN
athlete_kyle_chalmers,Kyle Chalmers,AUS
athlete_pieter_timmers,Pieter Timmers,BEL
athlete_aleksei_tishchenko,Aleksei Tishchenko,RUS
athlete_vitali_tajbert,Vitali Tajbert,GER
athlete_jo_seok_hwan,Jo Seok-Hwan,KOR
athlete_prapawadee_jaroenrattanatarakoon,Prapawadee Jaroenrattanatarakoon,THA
athlete_alexander_zverev,Alexander Zverev,GER
athlete_karen_khachanov,Karen Khachanov,ROC
athlete_pablo_carreño_busta,Pablo Carreño Busta,ESP
athlete_caeleb_dressel_michael_phelps_ryan_held_nathan_adrian_jimmy_feigen_blake_pieroni_anthony_ervin,"Caeleb Dressel, Michael Phelps, Ryan Held, Nathan Adrian, Jimmy Feigen*, Blake Pieroni*, Anthony Ervin*",USA
athlete_mehdy_metella_fabien_gilot_florent_manaudou_jérémy_stravius_william_meynard_clément_mignon,"Mehdy Metella, Fabien Gilot, Florent Manaudou, Jérémy Stravius, William Meynard*, Clément Mignon*",FRA
athlete_james_roberts_kyle_chalmers_james_magnussen_cameron_mcevoy_matthew_abood_indicates_the_swimmer_only_competed_in_the_preliminary_heats,"James Roberts, Kyle Chalmers, James Magnussen, Cameron McEvoy, Matthew Abood* *Indicates the swimmer only competed in the preliminary heats.",AUS
athlete_ma_lin,Ma Lin,CHN
athlete_wang_hao,Wang Hao,CHN
athlete_wang_liqin,Wang Liqin,CHN
athlete_shakhobidin_zoirov,Shakhobidin Zoirov,UZB
athlete_yoel_finol,Yoel Finol,VEN
athlete_hu_jianguan,Hu Jianguan,CHN
athlete_joe_clarke,Joe Clarke,GBR
athlete_peter_kauzer,Peter Kauzer,SLO
athlete_jiří_prskavec,Jiří Prskavec,CZE
athlete_jang_mi_ran,Jang Mi-ran,KOR
athlete_ele_opeloge,Ele Opeloge,SAM
athlete_mariam_usman,Mariam Usman,NGR
athlete_farkhad_kharki,Farkhad Kharki,KAZ
athlete_dara_torres,Dara Torres,USA
athlete_cate_campbell,Cate Campbell,AUS
athlete_manfred_kurzer,Manfred Kurzer,GER
athlete_aleksandr_blinov,Aleksandr Blinov,RUS
athlete_dimitri_lykin,Dimitri Lykin,RUS
athlete_flora_duffy,Flora Duffy,BER
athlete_georgia_taylor_brown,Georgia Taylor-Brown,GBR
athlete_katie_zaferes,Katie Zaferes,USA
athlete_hasanboy_dusmatov,Hasanboy Dusmatov,UZB
athlete_yuberjen_martínez,Yuberjen Martínez,COL
athlete_joahnys_argilagos,Joahnys Argilagos,CUB
athlete_nico_hernández,Nico Hernández,USA
athlete_rod_davis_don_cowie,Rod Davis Don Cowie,NZL
athlete_ross_macdonald_eric_jespersen,Ross MacDonald Eric Jespersen,CAN
athlete_maëlle_ricker,Maëlle Ricker,CAN
athlete_déborah_anthonioz,Déborah Anthonioz,FRA
athlete_olivia_nobs,Olivia Nobs,SUI
athlete_anna_dahlberg_lina_andersson,Anna Dahlberg & Lina Andersson,SWE
athlete_sara_renner_beckie_scott,Sara Renner & Beckie Scott,CAN
athlete_aino_kaisa_saarinen_virpi_kuitunen,Aino-Kaisa Saarinen & Virpi Kuitunen,FIN
athlete_lasha_bekauri,Lasha Bekauri,GEO
athlete_eduard_trippel,Eduard Trippel,GER
athlete_davlat_bobonov,Davlat Bobonov,UZB
athlete_krisztián_tóth,Krisztián Tóth,HUN
athlete_sarah_ourahmoune,Sarah Ourahmoune,FRA
athlete_ingrit_valencia,Ingrit Valencia,COL
athlete_barbora_krejčíkovákateřina_siniaková,Barbora KrejčíkováKateřina Siniaková,CZE
athlete_belinda_bencicviktorija_golubic,Belinda BencicViktorija Golubic,SUI
athlete_laura_pigossiluisa_stefani,Laura PigossiLuisa Stefani,BRA
athlete_alan_budikusuma,Alan Budikusuma,INA
athlete_ardy_wiranata,Ardy Wiranata,INA
athlete_thomas_stuer_lauridsen,Thomas Stuer-Lauridsen,DEN
athlete_hermawan_susanto,Hermawan Susanto,INA
athlete_milen_dobrev,Milen Dobrev,BUL
athlete_khadzhimurat_akkaev,Khadzhimurat Akkaev,RUS
athlete_eduard_tyukin,Eduard Tyukin,RUS
athlete_maria_centracchio,Maria Centracchio,ITA
athlete_catherine_beauchemin_pinard,Catherine Beauchemin-Pinard,CAN
athlete_sybille_schmidtbirgit_peterkerstin_müllerkristina_mundt,Sybille SchmidtBirgit PeterKerstin MüllerKristina Mundt,GER
athlete_anişoara_dobredoina_ignatconstanța_burcicăveronica_cochela,Anişoara DobreDoina IgnatConstanța BurcicăVeronica Cochela,ROU
athlete_antonina_zelikovichtetiana_ustiuzhaninaekaterina_karstenyelena_khloptseva,Antonina ZelikovichTetiana UstiuzhaninaEkaterina KarstenYelena Khloptseva,EUN
athlete_daniyar_yeleussinov,Daniyar Yeleussinov,KAZ
athlete_shakhram_giyasov,Shakhram Giyasov,UZB
athlete_mohammed_rabii,Mohammed Rabii,MAR
athlete_souleymane_cissokho,Souleymane Cissokho,FRA
athlete_nicolás_massú,Nicolás Massú,CHI
athlete_mardy_fish,Mardy Fish,USA
athlete_fernando_gonzález,Fernando González,CHI
athlete_katherine_reutter,Katherine Reutter,USA
athlete_park_seung_hi,Park Seung-hi,KOR
athlete_dmitry_berestov,Dmitry Berestov,RUS
athlete_ihor_razoronov,Ihor Razoronov,UKR
athlete_gleb_pisarevskiy,Gleb Pisarevskiy,RUS
athlete_julio_césar_la_cruz,Julio César La Cruz,CUB
athlete_mathieu_bauderlique,Mathieu Bauderlique,FRA
athlete_joshua_buatsi,Joshua Buatsi,GBR
athlete_áron_szilágyi,Áron Szilágyi,HUN
athlete_diego_occhiuzzi,Diego Occhiuzzi,ITA
athlete_nikolay_kovalev,Nikolay Kovalev,RUS
athlete_xu_jiayu,Xu Jiayu,CHN
athlete_david_plummer,David Plummer,USA
athlete_ahmad_abughaush,Ahmad Abughaush,JOR
athlete_alexey_denisenko,Alexey Denisenko,RUS
athlete_joel_gonzález,Joel González,ESP
athlete_lee_dae_hoon,Lee Dae-hoon,KOR
athlete_chase_kalisz,Chase Kalisz,USA
athlete_daiya_seto,Daiya Seto,JPN
athlete_adrian_moorhouse,Adrian Moorhouse,GBR
athlete_károly_güttler,Károly Güttler,HUN
athlete_dmitry_volkov,Dmitry Volkov,URS
athlete_roger_federer,Roger Federer,SUI
athlete_scott_brash_peter_charles_ben_maher_nick_skelton,Scott Brash Peter Charles Ben Maher Nick Skelton,GBR
athlete_marc_houtzager_gerco_schroder_maikel_van_der_vleuten_jur_vrieling,Marc Houtzager Gerco Schroder Maikel Van Der Vleuten Jur Vrieling,NED
athlete_ramzy_al_duhami_abdullah_bin_mutaib_al_saud_kamal_bahamdan_abdullah_waleed_sharbatly,Ramzy Al Duhami Abdullah bin Mutaib Al Saud Kamal Bahamdan Abdullah Waleed Sharbatly,KSA
athlete_hwang_kyung_seon,Hwang Kyung-Seon,KOR
athlete_karine_sergerie,Karine Sergerie,CAN
athlete_sandra_šarić,Sandra Šarić,CRO
athlete_gwladys_épangue,Gwladys Épangue,FRA
athlete_madeline_groves,Madeline Groves,AUS
athlete_václav_chalupa,Václav Chalupa,TCH
athlete_kajetan_broniewski,Kajetan Broniewski,POL
athlete_liu_shiwending_ningli_xiaoxia,Liu ShiwenDing NingLi Xiaoxia,CHN
athlete_han_yingpetrissa_soljashan_xiaona,Han YingPetrissa SoljaShan Xiaona,GER
athlete_kasumi_ishikawaai_fukuharamima_ito,Kasumi IshikawaAi FukuharaMima Ito,JPN
athlete_émilie_andéol,Émilie Andéol,FRA
athlete_kanae_yamabe,Kanae Yamabe,JPN
athlete_yu_song,Yu Song,CHN
athlete_nicola_spirig,Nicola Spirig,SUI
athlete_lisa_nordén,Lisa Nordén,SWE
athlete_erin_densham,Erin Densham,AUS
athlete_olaf_tuftefredrik_bekken,Olaf TufteFredrik Bekken,NOR
athlete_giovanni_calabresenicola_sartori,Giovanni CalabreseNicola Sartori,ITA
athlete_zou_shiming,Zou Shiming,CHN
athlete_kaeo_pongprayoon,Kaeo Pongprayoon,THA
athlete_paddy_barnes,Paddy Barnes,IRL
athlete_david_ayrapetyan,David Ayrapetyan,RUS
athlete_patric_leitner_alexander_resch,Patric Leitner & Alexander Resch,GER
athlete_mark_grimmette_brian_martin,Mark Grimmette & Brian Martin,USA
athlete_chris_thorpe_clay_ives,Chris Thorpe & Clay Ives,USA
athlete_zhao_shuai,Zhao Shuai,CHN
athlete_tawin_hanprab,Tawin Hanprab,THA
athlete_luisito_pié,Luisito Pié,DOM
athlete_kim_tae_hun,Kim Tae-hun,KOR
athlete_laurent_porchierjean_christophe_betteyves_hocdéxavier_dorfman,Laurent PorchierJean-Christophe BetteYves HocdéXavier Dorfman,FRA
athlete_simon_burgessanthony_edwardsdarren_balmforthrobert_richards,Simon BurgessAnthony EdwardsDarren BalmforthRobert Richards,AUS
athlete_søren_madsenthomas_eberteskild_ebbesenvictor_feddersen,Søren MadsenThomas EbertEskild EbbesenVictor Feddersen,DEN
athlete_alena_kartashova,Alena Kartashova,RUS
athlete_yelena_shalygina,Yelena Shalygina,KAZ
athlete_randi_miller,Randi Miller,USA
athlete_dario_cologna,Dario Cologna,SUI
athlete_pietro_piller_cottrer,Pietro Piller Cottrer,ITA
athlete_lukáš_bauer,Lukáš Bauer,CZE
athlete_liu_xiang,Liu Xiang,CHN
athlete_elisabeta_lipă,Elisabeta Lipă,ROU
athlete_annelies_bredael,Annelies Bredael,BEL
athlete_silken_laumann,Silken Laumann,CAN
athlete_barbara_kendall,Barbara Kendall,NZL
athlete_zhang_xiaodong,Zhang Xiaodong,CHN
athlete_dorien_de_vries,Dorien de Vries,NED
athlete_kerrin_lee_gartner,Kerrin Lee-Gartner,CAN
athlete_hilary_lindh,Hilary Lindh,USA
athlete_veronika_stallmaier,Veronika Stallmaier,AUT
athlete_matthew_pinsentsteve_redgrave,Matthew PinsentSteve Redgrave,GBR
athlete_colin_von_ettingshausenpeter_hoeltzenbein,Colin von EttingshausenPeter Hoeltzenbein,GER
athlete_iztok_čopdenis_žvegelj,Iztok ČopDenis Žvegelj,SLO
athlete_larisa_lazutina,Larisa Lazutina,RUS
athlete_kateřina_neumannová,Kateřina Neumannová,CZE
athlete_bente_martinsen,Bente Martinsen,NOR
athlete_aleksandr_golubev,Aleksandr Golubev,RUS
athlete_sergey_klevchenya,Sergey Klevchenya,RUS
athlete_manabu_horii,Manabu Horii,JPN
athlete_ekaterina_dafovska,Ekaterina Dafovska,BUL
athlete_olena_petrova,Olena Petrova,UKR
athlete_uschi_disl,Uschi Disl,GER
athlete_vasyl_lomachenko,Vasyl Lomachenko,UKR
athlete_han_soon_chul,Han Soon-chul,KOR
athlete_yasniel_toledo,Yasniel Toledo,CUB
athlete_evaldas_petrauskas,Evaldas Petrauskas,LTU
athlete_beckie_scott,Beckie Scott,CAN
athlete_viola_bauer,Viola Bauer,GER
athlete_irving_saladino,Irving Saladino,PAN
athlete_khotso_mokoena,Khotso Mokoena,RSA
athlete_ibrahim_camejo,Ibrahim Camejo,CUB
athlete_miroslav_varga,Miroslav Varga,TCH
athlete_cha_young_chul,Cha Young-chul,KOR
athlete_attila_záhonyi,Attila Záhonyi,HUN
athlete_erin_cafarolindsay_shoopanna_goodaleelle_logananna_cumminssusan_franciacaroline_lindcaryn_daviescox_mary_whipple,Erin CafaroLindsay ShoopAnna GoodaleElle LoganAnna CumminsSusan FranciaCaroline LindCaryn Daviescox: Mary Whipple,USA
athlete_femke_dekkermarlies_smuldersnienke_kingmaroline_repelaer_van_drielannemarieke_van_rumpthelen_tangersarah_siegelaarannemiek_de_haancox_ester_workel,Femke DekkerMarlies SmuldersNienke KingmaRoline Repelaer van DrielAnnemarieke van RumptHelen TangerSarah SiegelaarAnnemiek de Haancox: Ester Workel,NED
athlete_constanța_burcicăviorica_susanurodica_şerbanenikő_barabássimona_muşatioana_papucgeorgeta_andrunachedoina_ignatcox_elena_georgescu,Constanța BurcicăViorica SusanuRodica ŞerbanEnikő BarabásSimona MuşatIoana PapucGeorgeta AndrunacheDoina Ignatcox: Elena Georgescu,ROU
athlete_constanța_burcicăcamelia_macoviciuc,Constanța BurcicăCamelia Macoviciuc,ROU
athlete_teresa_belllindsay_burns,Teresa BellLindsay Burns,USA
athlete_virginia_leerebecca_joyce,Virginia LeeRebecca Joyce,AUS
athlete_giovanni_lombardi,Giovanni Lombardi,ITA
athlete_léon_van_bon,Léon van Bon,NED
athlete_cédric_mathy,Cédric Mathy,BEL
athlete_heiki_nabi,Heiki Nabi,EST
athlete_johan_eurén,Johan Eurén,SWE
athlete_giorgio_di_centapietro_piller_cottrerfulvio_valbusacristian_zorzi,Giorgio Di CentaPietro Piller CottrerFulvio ValbusaCristian Zorzi,ITA
athlete_tobias_angererjens_filbrichandreas_schlütterrené_sommerfeldt,Tobias AngererJens FilbrichAndreas SchlütterRené Sommerfeldt,GER
athlete_mathias_fredrikssonmats_larssonjohan_olsson_anders_södergren,"Mathias FredrikssonMats LarssonJohan Olsson, Anders Södergren",SWE
athlete_ole_einar_bjørndalen,Ole Einar Bjørndalen,NOR
athlete_jaroslav_soukup,Jaroslav Soukup,CZE
athlete_igor_polyansky,Igor Polyansky,URS
athlete_frank_baltrusch,Frank Baltrusch,GDR
athlete_paul_kingsman,Paul Kingsman,NZL
athlete_renata_mauer,Renata Mauer,POL
athlete_tatiana_goldobina,Tatiana Goldobina,RUS
athlete_maria_feklistova,Maria Feklistova,RUS
athlete_jay_barrs,Jay Barrs,USA
athlete_park_sung_soo,Park Sung-soo,KOR
athlete_vladimir_yesheyev,Vladimir Yesheyev,URS
athlete_tatsuhiro_yonemitsu,Tatsuhiro Yonemitsu,JPN
athlete_sushil_kumar,Sushil Kumar,IND
athlete_akzhurek_tanatarov,Akzhurek Tanatarov,KAZ
athlete_liván_lópez,Liván López,CUB
athlete_peter_kretschmerkurt_kuschela,Peter KretschmerKurt Kuschela,GER
athlete_andrei_bahdanovichaliaksandr_bahdanovich,Andrei BahdanovichAliaksandr Bahdanovich,BLR
athlete_alexey_korovashkovilya_pervukhin,Alexey KorovashkovIlya Pervukhin,RUS
athlete_omid_norouzi,Omid Norouzi,IRI
athlete_revaz_lashkhi,Revaz Lashkhi,GEO
athlete_zaur_kuramagomedov,Zaur Kuramagomedov,RUS
athlete_ryutaro_matsumoto,Ryutaro Matsumoto,JPN
athlete_steve_guerdat,Steve Guerdat,SUI
athlete_gerco_schroder,Gerco Schroder,NED
athlete_cian_oconnor,Cian O'Connor,IRL
athlete_mark_tuitert,Mark Tuitert,NED
athlete_shani_davis,Shani Davis,USA
athlete_håvard_bøkko,Håvard Bøkko,NOR
athlete_eric_frenzel,Eric Frenzel,GER
athlete_akito_watabe,Akito Watabe,JPN
athlete_magnus_krog,Magnus Krog,NOR
athlete_alexandre_bilodeau,Alexandre Bilodeau,CAN
athlete_dale_begg_smith,Dale Begg-Smith,AUS
athlete_bryon_wilson,Bryon Wilson,USA
athlete_jing_ruixue,Jing Ruixue,CHN
athlete_soronzonboldyn_battsetseg,Soronzonboldyn Battsetseg,MGL
athlete_lubov_volosova,Lubov Volosova,RUS
athlete_lee_sang_hwa,Lee Sang-hwa,KOR
athlete_jenny_wolf,Jenny Wolf,GER
athlete_wang_beixing,Wang Beixing,CHN
athlete_cho_min_sun,Cho Min-sun,KOR
athlete_aneta_szczepańska,Aneta Szczepańska,POL
athlete_wang_xianbo,Wang Xianbo,CHN
athlete_claudia_zwiers,Claudia Zwiers,NED
athlete_jochem_uytdehaage,Jochem Uytdehaage,NED
athlete_gianni_romme,Gianni Romme,NED
athlete_lasse_sætre,Lasse Sætre,NOR
athlete_ding_ning,Ding Ning,CHN
athlete_li_xiaoxia,Li Xiaoxia,CHN
athlete_kim_song_i,Kim Song-i,PRK
athlete_martín_lópez_zubero,Martín López-Zubero,ESP
athlete_vladimir_selkov,Vladimir Selkov,EUN
athlete_stefano_battistelli,Stefano Battistelli,ITA
athlete_chris_hoy_jason_kenny_jamie_staff,"Chris Hoy, Jason Kenny, Jamie Staff",GBR
athlete_grégory_baugé_kévin_sireau_arnaud_tournant,"Grégory Baugé, Kévin Sireau, Arnaud Tournant",FRA
athlete_rené_enders_maximilian_levy_stefan_nimke,"René Enders, Maximilian Levy, Stefan Nimke",GER
athlete_katja_seizinger,Katja Seizinger,GER
athlete_picabo_street,Picabo Street,USA
athlete_isolde_kostner,Isolde Kostner,ITA
athlete_tymur_taimazov,Tymur Taimazov,UKR
athlete_sergey_syrtsov,Sergey Syrtsov,RUS
athlete_nicu_vlad,Nicu Vlad,ROU
athlete_sandro_viletta,Sandro Viletta,SUI
athlete_ivica_kostelić,Ivica Kostelić,CRO
athlete_therese_johaug,Therese Johaug,NOR
athlete_kristin_størmer_steira,Kristin Størmer Steira,NOR
athlete_marit_bjørgeningvild_flugstad_østberg,Marit BjørgenIngvild Flugstad Østberg,NOR
athlete_aino_kaisa_saarinenkerttu_niskanen,Aino-Kaisa SaarinenKerttu Niskanen,FIN
athlete_ida_ingemarsdotterstina_nilsson,Ida IngemarsdotterStina Nilsson,SWE
athlete_alexei_nemov,Alexei Nemov,RUS
athlete_yang_wei,Yang Wei,CHN
athlete_oleksandr_beresch,Oleksandr Beresch,UKR
athlete_adam_nelson,Adam Nelson,USA
athlete_joachim_olsen,Joachim Olsen,DEN
athlete_manuel_martínez,Manuel Martínez,ESP
athlete_yoto_yotov,Yoto Yotov,BUL
athlete_andreas_behm,Andreas Behm,GER
athlete_makharbek_khadartsev,Makharbek Khadartsev,EUN
athlete_kenan_şimşek,Kenan Şimşek,TUR
athlete_chris_campbell,Chris Campbell,USA
athlete_sergey_klyugin,Sergey Klyugin,RUS
athlete_javier_sotomayor,Javier Sotomayor,CUB
athlete_abderrahmane_hammad,Abderrahmane Hammad,ALG
athlete_liao_hui,Liao Hui,CHN
athlete_vencelas_dabaya,Vencelas Dabaya,FRA
athlete_yordanis_borrero,Yordanis Borrero,CUB
athlete_diána_igaly,Diána Igaly,HUN
athlete_wei_ning,Wei Ning,CHN
athlete_zemfira_meftahatdinova,Zemfira Meftahatdinova,AZE
athlete_mikhail_ivanov,Mikhail Ivanov,RUS
athlete_andrus_veerpalu,Andrus Veerpalu,EST
athlete_odd_bjørn_hjelmeset,Odd-Bjørn Hjelmeset,NOR
athlete_olga_zaitseva,Olga Zaitseva,RUS
athlete_simone_hauswald,Simone Hauswald,GER
athlete_olga_danilova,Olga Danilova,RUS
athlete_anita_moen_guidon,Anita Moen-Guidon,NOR
athlete_mo_tae_bum,Mo Tae-bum,KOR
athlete_chad_hedrick,Chad Hedrick,USA
athlete_andreas_hajekmichael_steinbachstephan_volkertandré_willms,Andreas HajekMichael SteinbachStephan VolkertAndré Willms,GER
athlete_kjetil_undsetper_sætersdallars_bjønnessrolf_thorsen,Kjetil UndsetPer SætersdalLars BjønnessRolf Thorsen,NOR
athlete_alessandro_coronagianluca_farinarossano_galtarossafilippo_soffici,Alessandro CoronaGianluca FarinaRossano GaltarossaFilippo Soffici,ITA
athlete_li_xiaoshuang,Li Xiaoshuang,CHN
athlete_vitaly_scherbo,Vitaly Scherbo,BLR
athlete_hilde_gerg,Hilde Gerg,GER
athlete_deborah_compagnoni,Deborah Compagnoni,ITA
athlete_zali_steggall,Zali Steggall,AUS
athlete_jeon_byeong_gwan,Jeon Byeong-gwan,KOR
athlete_luo_jianming,Luo Jianming,CHN
athlete_fabio_casartelli,Fabio Casartelli,ITA
athlete_erik_dekker,Erik Dekker,NED
athlete_dainis_ozols,Dainis Ozols,LAT
athlete_michelle_guerette,Michelle Guerette,USA
athlete_krzysztof_siemion,Krzysztof Siemion,POL
athlete_not_awarded,not awarded,
athlete_svetlana_zhurova,Svetlana Zhurova,RUS
athlete_wang_manli,Wang Manli,CHN
athlete_ren_hui,Ren Hui,CHN
athlete_goran_maksimović,Goran Maksimović,YUG
athlete_nicolas_berthelot,Nicolas Berthelot,FRA
athlete_johann_riederer,Johann Riederer,FRG
athlete_oleksandr_petriv,Oleksandr Petriv,UKR
athlete_ralf_schumann,Ralf Schumann,GER
athlete_mavlet_batirov,Mavlet Batirov,RUS
athlete_kenichi_yumoto,Kenichi Yumoto,JPN
athlete_bazar_bazarguruev,Bazar Bazarguruev,KGZ
athlete_morad_mohammadi,Morad Mohammadi,IRI
athlete_vadim_devyatovskiy,Vadim Devyatovskiy,BLR
athlete_andrew_coopernick_greenmike_mckayjames_tomkins,Andrew CooperNick GreenMike McKayJames Tomkins,AUS
athlete_jeffrey_mclaughlinwilliam_burdenthomas_bohrerpatrick_manning,Jeffrey McLaughlinWilliam BurdenThomas BohrerPatrick Manning,USA
athlete_milan_janšasadik_mujkičsašo_mirjaničjanez_klemenčič,Milan JanšaSadik MujkičSašo MirjaničJanez Klemenčič,SLO
athlete_theresa_zabell_patricia_guerra,Theresa Zabell Patricia Guerra,ESP
athlete_leslie_jean_egnot_jan_shearer,Leslie Jean Egnot Jan Shearer,NZL
athlete_jennifer_isler_pamela_healy,Jennifer Isler Pamela Healy,USA
athlete_marjo_matikainen,Marjo Matikainen,FIN
athlete_vida_vencienė,Vida Vencienė,URS
athlete_joss_christensen,Joss Christensen,USA
athlete_gus_kenworthy,Gus Kenworthy,USA
athlete_nick_goepper,Nick Goepper,USA
athlete_lee_sun_hee,Lee Sun-hee,KOR
athlete_trude_gundersen,Trude Gundersen,NOR
athlete_yoriko_okamoto,Yoriko Okamoto,JPN
athlete_wijan_ponlid,Wijan Ponlid,THA
athlete_bulat_zhumadilov,Bulat Zhumadilov,KAZ
athlete_jérôme_thomas,Jérôme Thomas,FRA
athlete_vladimir_sidorenko,Vladimir Sidorenko,UKR
athlete_jørgen_graabak,Jørgen Graabak,NOR
athlete_magnus_moan,Magnus Moan,NOR
athlete_fabian_rießle,Fabian Rießle,GER
athlete_émilie_fer,Émilie Fer,FRA
athlete_shericka_williams,Shericka Williams,JAM
athlete_sanya_richards,Sanya Richards,USA
athlete_nataliya_skakun,Nataliya Skakun,UKR
athlete_hanna_batsiushka,Hanna Batsiushka,BLR
athlete_tatsiana_stukalava,Tatsiana Stukalava,BLR
athlete_vasile_puşcaşu,Vasile Puşcaşu,ROU
athlete_leri_khabelov,Leri Khabelov,URS
athlete_william_scherr,William Scherr,USA
athlete_bilyal_makhov,Bilyal Makhov,RUS
athlete_tervel_dlagnev,Tervel Dlagnev,USA
athlete_daulet_shabanbay,Daulet Shabanbay,KAZ
athlete_michael_greis,Michael Greis,GER
athlete_halvard_hanevold,Halvard Hanevold,NOR
athlete_alex_schwazer,Alex Schwazer,ITA
athlete_denis_nizhegorodov,Denis Nizhegorodov,RUS
athlete_shaun_white,Shaun White,USA
athlete_peetu_piiroinen,Peetu Piiroinen,FIN
athlete_scott_lago,Scott Lago,USA
athlete_mark_reynolds_magnus_liljedahl,Mark Reynolds Magnus Liljedahl,USA
athlete_ian_walker_mark_covell,Ian Walker Mark Covell,GBR
athlete_torben_grael_marcelo_ferreira,Torben Grael Marcelo Ferreira,BRA
athlete_axel_wegner,Axel Wegner,GDR
athlete_alfonso_de_iruarrizaga,Alfonso de Iruarrizaga,CHI
athlete_jorge_guardiola,Jorge Guardiola,ESP
athlete_veronica_brenner,Veronica Brenner,CAN
athlete_deidra_dionne,Deidra Dionne,CAN
athlete_birte_weigang,Birte Weigang,GDR
athlete_qian_hong,Qian Hong,CHN
athlete_gunda_niemann_kleemann,Gunda Niemann-Kleemann,GER
athlete_hiromi_yamamoto,Hiromi Yamamoto,JPN
athlete_stephanie_rice,Stephanie Rice,AUS
athlete_justine_dufour_lapointe,Justine Dufour-Lapointe,CAN
athlete_chloé_dufour_lapointe,Chloé Dufour-Lapointe,CAN
athlete_hannah_kearney,Hannah Kearney,USA
athlete_tanya_dangalakova,Tanya Dangalakova,BUL
athlete_antoaneta_frenkeva,Antoaneta Frenkeva,BUL
athlete_silke_hörner,Silke Hörner,GDR
athlete_alexei_urmanov,Alexei Urmanov,RUS
athlete_elvis_stojko,Elvis Stojko,CAN
athlete_philippe_candeloro,Philippe Candeloro,FRA
athlete_vreni_schneider,Vreni Schneider,SUI
athlete_mateja_svet,Mateja Svet,YUG
athlete_christa_kinshofer,Christa Kinshofer,FRG
athlete_kirsten_barnesshannon_crawfordmegan_delehantykathleen_heddlemarnie_mcbeanjessica_monroebrenda_taylorlesley_thompsonkay_worthington,Kirsten BarnesShannon CrawfordMegan DelehantyKathleen HeddleMarnie McBeanJessica MonroeBrenda TaylorLesley ThompsonKay Worthington,CAN
athlete_viorica_neculaiadriana_bazonmaria_păduraruiulia_buliedoina_robuvictoria_lepădatudoina_șnep_bălanelena_georgescuioana_olteanu,Viorica NeculaiAdriana BazonMaria PăduraruIulia BulieDoina RobuVictoria LepădatuDoina Șnep-BălanElena GeorgescuIoana Olteanu,ROU
athlete_sylvia_dördelmannkathrin_haackerchristiane_harzendorfdaniela_neunastcerstin_petersmanndana_pyritzannegret_strauchute_schelljudith_zeidler,Sylvia DördelmannKathrin HaackerChristiane HarzendorfDaniela NeunastCerstin PetersmannDana PyritzAnnegret StrauchUte SchellJudith Zeidler,GER
athlete_chun_lee_kyung,Chun Lee-kyung,KOR
athlete_nathalie_lambert,Nathalie Lambert,CAN
athlete_kim_so_hee,Kim So-hee,KOR
athlete_iivo_niskanensami_jauhojärvi,Iivo NiskanenSami Jauhojärvi,FIN
athlete_maxim_vylegzhaninnikita_kryukov,Maxim VylegzhaninNikita Kryukov,RUS
athlete_emil_jönssonteodor_peterson,Emil JönssonTeodor Peterson,SWE
athlete_marianne_timmer,Marianne Timmer,NED
athlete_chris_witty,Chris Witty,USA
athlete_catriona_lemay_doan,Catriona LeMay Doan,CAN
athlete_tina_maze,Tina Maze,SLO
athlete_dominique_gisin,Dominique Gisin,SUI
athlete_lara_gut,Lara Gut,SUI
athlete_justin_huish,Justin Huish,USA
athlete_magnus_petersson,Magnus Petersson,SWE
athlete_oh_kyo_moon,Oh Kyo-Moon,KOR
athlete_antoine_dénériaz,Antoine Dénériaz,FRA
athlete_michael_walchhofer,Michael Walchhofer,AUT
athlete_bruno_kernen,Bruno Kernen,SUI
athlete_uwe_daßler,Uwe Daßler,GDR
athlete_duncan_armstrong,Duncan Armstrong,AUS
athlete_artur_wojdat,Artur Wojdat,POL
athlete_kenny_monday,Kenny Monday,USA
athlete_adlan_varaev,Adlan Varaev,URS
athlete_rahmat_sofiadi,Rahmat Sofiadi,BUL
athlete_stefan_holm,Stefan Holm,SWE
athlete_matt_hemingway,Matt Hemingway,USA
athlete_jaroslav_bába,Jaroslav Bába,CZE
athlete_vincent_defrasne,Vincent Defrasne,FRA
athlete_sven_fischer,Sven Fischer,GER
athlete_pernilla_wiberg,Pernilla Wiberg,SWE
athlete_alenka_dovžan,Alenka Dovžan,SLO
athlete_masashi_abetakanori_konokenji_ogiwara,Masashi AbeTakanori KonoKenji Ogiwara,JPN
athlete_bjarte_engen_vikknut_tore_apelandfred_børre_lundberg,Bjarte Engen VikKnut Tore ApelandFred Børre Lundberg,NOR
athlete_jean_yves_cuendetandreas_schaadhippolyt_kempf,Jean-Yves CuendetAndreas SchaadHippolyt Kempf,SUI
athlete_david_kostelecký,David Kostelecký,CZE
athlete_aleksei_alipov,Aleksei Alipov,RUS
athlete_kerron_stewart,Kerron Stewart,JAM
athlete_heiko_balz,Heiko Balz,GER
athlete_ali_kayalı,Ali Kayalı,TUR
athlete_daniel_petrov,Daniel Petrov,BUL
athlete_mansueto_velasco,Mansueto Velasco,PHI
athlete_oleg_kiryukhin,Oleg Kiryukhin,UKR
athlete_rafael_lozano,Rafael Lozano,ESP
athlete_rebecca_romero,Rebecca Romero,GBR
athlete_wendy_houvenaghel,Wendy Houvenaghel,GBR
athlete_lesya_kalytovska,Lesya Kalytovska,UKR
athlete_yuliya_chepalova,Yuliya Chepalova,RUS
athlete_stefania_belmondo,Stefania Belmondo,ITA
athlete_elfi_eder,Elfi Eder,AUT
athlete_katja_koren,Katja Koren,SLO
athlete_valentina_turisini,Valentina Turisini,ITA
athlete_wang_chengyi,Wang Chengyi,CHN
athlete_mikaël_kingsbury,Mikaël Kingsbury,CAN
athlete_alexandr_smyshlyaev,Alexandr Smyshlyaev,RUS
athlete_robert_scheidt,Robert Scheidt,BRA
athlete_andreas_geritzer,Andreas Geritzer,AUT
athlete_michele_frangillimarco_galiazzomauro_nespoli,Michele FrangilliMarco GaliazzoMauro Nespoli,ITA
athlete_brady_ellisonjacob_wukiejake_kaminski,Brady EllisonJacob WukieJake Kaminski,USA
athlete_im_dong_hyunkim_bub_minoh_jin_hyek,Im Dong-HyunKim Bub-MinOh Jin-Hyek,KOR
athlete_emese_szász,Emese Szász,HUN
athlete_rossella_fiamingo,Rossella Fiamingo,ITA
athlete_sun_yiwen,Sun Yiwen,CHN
athlete_józsef_szabó,József Szabó,HUN
athlete_nick_gillingham,Nick Gillingham,GBR
athlete_sergio_lópez_miró,Sergio López Miró,ESP
athlete_maria_riesch,Maria Riesch,GER
athlete_julia_mancuso,Julia Mancuso,USA
athlete_anja_pärson,Anja Pärson,SWE
athlete_haile_gebrselassie,Haile Gebrselassie,ETH
athlete_paul_tergat,Paul Tergat,KEN
athlete_assefa_mezgebu,Assefa Mezgebu,ETH
athlete_afanasijs_kuzmins,Afanasijs Kuzmins,URS
athlete_zoltán_kovács,Zoltán Kovács,HUN
athlete_behdad_salimi,Behdad Salimi,IRI
athlete_sajjad_anoushiravani,Sajjad Anoushiravani,IRI
athlete_jeon_sang_guen,Jeon Sang-guen,KOR
athlete_pierre_vaultier,Pierre Vaultier,FRA
athlete_nikolay_olyunin,Nikolay Olyunin,RUS
athlete_alex_deibold,Alex Deibold,USA
athlete_antonella_bellutti,Antonella Bellutti,ITA
athlete_marion_clignet,Marion Clignet,FRA
athlete_ben_ainslie,Ben Ainslie,GBR
athlete_rafael_trujillo,Rafael Trujillo,ESP
athlete_mateusz_kusznierewicz,Mateusz Kusznierewicz,POL
athlete_mykola_milchev,Mykola Milchev,UKR
athlete_petr_málek,Petr Málek,CZE
athlete_james_graves,James Graves,USA
athlete_benoît_caranobe,Benoît Caranobe,FRA
athlete_jan_hudec,Jan Hudec,CAN
athlete_jamie_anderson,Jamie Anderson,USA
athlete_enni_rukajärvi,Enni Rukajärvi,FIN
athlete_jenny_jones,Jenny Jones,GBR
athlete_tang_gonghong,Tang Gonghong,CHN
athlete_agata_wróbel,Agata Wróbel,POL
athlete_shawn_crawford,Shawn Crawford,USA
athlete_walter_dix,Walter Dix,USA
athlete_joan_llaneras,Joan Llaneras,ESP
athlete_milton_wynants,Milton Wynants,URU
athlete_aleksei_markov,Aleksei Markov,RUS
athlete_kakhi_kakhiashvili,Kakhi Kakhiashvili,EUN
athlete_sergiusz_wołczaniecki,Sergiusz Wołczaniecki,POL
athlete_viktor_tregubov,Viktor Tregubov,EUN
athlete_waldemar_malak,Waldemar Malak,POL
athlete_hoàng_anh_tuấn,Hoàng Anh Tuấn,VIE
athlete_jorge_gutiérrez,Jorge Gutiérrez,CUB
athlete_gaydarbek_gaydarbekov,Gaydarbek Gaydarbekov,RUS
athlete_vugar_alakbarov,Vugar Alakbarov,AZE
athlete_zsolt_erdei,Zsolt Erdei,HUN
athlete_navab_nassirshalal,Navab Nassirshalal,IRI
athlete_bartłomiej_bonk,Bartłomiej Bonk,POL
athlete_ivan_efremov,Ivan Efremov,UZB
athlete_tatyana_lebedeva,Tatyana Lebedeva,RUS
athlete_irina_simagina,Irina Simagina,RUS
athlete_tatyana_kotova,Tatyana Kotova,RUS
athlete_anton_kushnir,Anton Kushnir,BLR
athlete_david_morris,David Morris,AUS
athlete_jia_zongyang,Jia Zongyang,CHN
athlete_yevhen_braslavets_ihor_matviyenko,Yevhen Braslavets Ihor Matviyenko,UKR
athlete_john_merricks_ian_walker,John Merricks Ian Walker,GBR
athlete_hugo_rocha_nuno_barreto,Hugo Rocha Nuno Barreto,POR
athlete_anthony_nesty,Anthony Nesty,SUR
athlete_matt_biondi,Matt Biondi,USA
athlete_andy_jameson,Andy Jameson,GBR
athlete_kevin_jackson,Kevin Jackson,USA
athlete_elmadi_zhabrailov,Elmadi Zhabrailov,EUN
athlete_rasoul_khadem,Rasoul Khadem,IRI
athlete_alejandro_puerto,Alejandro Puerto,CUB
athlete_sergey_smal,Sergey Smal,EUN
athlete_kim_yong_sik,Kim Yong-sik,PRK
athlete_chen_ying,Chen Ying,CHN
athlete_otryadyn_gündegmaa,Otryadyn Gündegmaa,MGL
athlete_munkhbayar_dorjsuren,Munkhbayar Dorjsuren,GER
athlete_marina_kiehl,Marina Kiehl,FRG
athlete_brigitte_oertli,Brigitte Oertli,SUI
athlete_karen_percy,Karen Percy,CAN
athlete_ismael_borrero,Ismael Borrero,CUB
athlete_shinobu_ota,Shinobu Ota,JPN
athlete_elmurat_tasmuradov,Elmurat Tasmuradov,UZB
athlete_stig_andré_berge,Stig-André Berge,NOR
athlete_iain_percy,Iain Percy,GBR
athlete_luca_devoti,Luca Devoti,ITA
athlete_fredrik_lööf,Fredrik Lööf,SWE
athlete_jan_ullrich,Jan Ullrich,GER
athlete_andreas_klöden,Andreas Klöden,GER
athlete_nikolaos_kaklamanakis,Nikolaos Kaklamanakis,GRE
athlete_carlos_mauricio_espinola,Carlos Mauricio Espinola,ARG
athlete_gal_fridman,Gal Fridman,ISR
athlete_tristan_gale,Tristan Gale,USA
athlete_lea_ann_parsley,Lea Ann Parsley,USA
athlete_alex_coomber,Alex Coomber,GBR
athlete_lindsey_vonn,Lindsey Vonn,USA
athlete_elisabeth_görgl,Elisabeth Görgl,AUT
athlete_tora_berger,Tora Berger,NOR
athlete_teja_gregorin,Teja Gregorin,SLO
athlete_maya_pedersen,Maya Pedersen,SUI
athlete_shelley_rudman,Shelley Rudman,GBR
athlete_mellisa_hollingsworth,Mellisa Hollingsworth,CAN
athlete_nazyr_mankiev,Nazyr Mankiev,RUS
athlete_roman_amoyan,Roman Amoyan,ARM
athlete_park_eun_chul,Park Eun-chul,KOR
athlete_revaz_mindorashvili,Revaz Mindorashvili,GEO
athlete_yusup_abdusalomov,Yusup Abdusalomov,TJK
athlete_taras_danko,Taras Danko,UKR
athlete_georgy_ketoev,Georgy Ketoev,RUS
athlete_guillermo_pérez,Guillermo Pérez,MEX
athlete_gabriel_mercedes,Gabriel Mercedes,DOM
athlete_chu_mu_yen,Chu Mu-Yen,TPE
athlete_venus_williams,Venus Williams,USA
athlete_elena_dementieva,Elena Dementieva,RUS
athlete_monica_seles,Monica Seles,USA
athlete_dara_howell,Dara Howell,CAN
athlete_devin_logan,Devin Logan,USA
athlete_kim_lamarre,Kim Lamarre,CAN
athlete_derartu_tulu,Derartu Tulu,ETH
athlete_fernanda_ribeiro,Fernanda Ribeiro,POR
athlete_ed_clancygeraint_thomassteven_burkepeter_kennaugh,Ed ClancyGeraint ThomasSteven BurkePeter Kennaugh,GBR
athlete_jack_bobridgeglenn_oshearohan_dennismichael_hepburn,Jack BobridgeGlenn O'SheaRohan DennisMichael Hepburn,AUS
athlete_sam_bewleyaaron_gatemarc_ryanjesse_sergentwestley_gough,Sam BewleyAaron GateMarc RyanJesse SergentWestley Gough,NZL
athlete_maurren_maggi,Maurren Maggi,BRA
athlete_blessing_okagbare,Blessing Okagbare,NGR
athlete_chelsea_hammond,Chelsea Hammond,JAM
athlete_saeid_mohammadpour,Saeid Mohammadpour,IRI
athlete_kim_min_jae,Kim Min-jae,KOR
athlete_tomasz_zieliński,Tomasz Zieliński,POL
athlete_linford_christie,Linford Christie,GBR
athlete_calvin_smith,Calvin Smith,USA
athlete_diann_roffe,Diann Roffe,USA
athlete_svetlana_gladysheva,Svetlana Gladysheva,RUS
athlete_akira_ota,Akira Ota,JPN
athlete_kim_tae_woo,Kim Tae-woo,KOR
athlete_florence_masnada,Florence Masnada,FRA
athlete_patrizia_kummer,Patrizia Kummer,SUI
athlete_tomoka_takeuchi,Tomoka Takeuchi,JPN
athlete_alena_zavarzina,Alena Zavarzina,RUS
athlete_giovanni_cernogoraz,Giovanni Cernogoraz,CRO
athlete_massimo_fabbrizi,Massimo Fabbrizi,ITA
athlete_jens_weißflog,Jens Weißflog,GER
athlete_espen_bredesen,Espen Bredesen,NOR
athlete_andreas_goldberger,Andreas Goldberger,AUT
athlete_maria_höfl_riesch,Maria Höfl-Riesch,GER
athlete_nicole_hosp,Nicole Hosp,AUT
athlete_alain_bernard,Alain Bernard,FRA
athlete_eamon_sullivan,Eamon Sullivan,AUS
athlete_césar_cielo,César Cielo,BRA
athlete_jason_lezak,Jason Lezak,USA
athlete_ding_ningli_xiaoxiaguo_yue,Ding NingLi XiaoxiaGuo Yue,CHN
athlete_ai_fukuharasayaka_hiranokasumi_ishikawa,Ai FukuharaSayaka HiranoKasumi Ishikawa,JPN
athlete_li_jiaweifeng_tianweiwang_yuegu,Li JiaweiFeng TianweiWang Yuegu,SIN
athlete_yelena_välbe,Yelena Välbe,EUN
athlete_doriane_vidal,Doriane Vidal,FRA
athlete_fabienne_reuteler,Fabienne Reuteler,SUI
athlete_mikhail_nestruyev,Mikhail Nestruyev,RUS
athlete_kim_jong_su,Kim Jong-su,PRK
athlete_ted_ligety,Ted Ligety,USA
athlete_rainer_schönfelder,Rainer Schönfelder,AUT
athlete_katrin_apeluschi_dislandrea_henkelkati_wilhelm,Katrin ApelUschi DislAndrea HenkelKati Wilhelm,GER
athlete_ann_elen_skjelbreidlinda_tjørhomgunn_margit_andreassenliv_grete_poirée,Ann-Elen SkjelbreidLinda TjørhomGunn Margit AndreassenLiv Grete Poirée,NOR
athlete_olga_pylevagalina_kuklevasvetlana_ishmuratovaalbina_akhatova,Olga PylevaGalina KuklevaSvetlana IshmuratovaAlbina Akhatova,RUS
athlete_wang_mingjuan,Wang Mingjuan,CHN
athlete_ryang_chun_hwa,Ryang Chun-hwa,PRK
athlete_arsen_fadzaev,Arsen Fadzaev,URS
athlete_park_jang_soon,Park Jang-soon,KOR
athlete_nate_carr,Nate Carr,USA
athlete_lee_bo_na,Lee Bo-na,KOR
athlete_gao_e,Gao E,CHN
athlete_heike_warnicke,Heike Warnicke,GER
athlete_manuchar_kvirkvelia,Manuchar Kvirkvelia,GEO
athlete_chang_yongxiang,Chang Yongxiang,CHN
athlete_yavor_yanakiev,Yavor Yanakiev,BUL
athlete_christophe_guénot,Christophe Guénot,FRA
athlete_ola_vigen_hattestad,Ola Vigen Hattestad,NOR
athlete_teodor_peterson,Teodor Peterson,SWE
athlete_emil_jönsson,Emil Jönsson,SWE
athlete_elena_khrustaleva,Elena Khrustaleva,KAZ
athlete_aleksandr_kurlovich,Aleksandr Kurlovich,EUN
athlete_leonid_taranenko,Leonid Taranenko,EUN
athlete_manfred_nerlinger,Manfred Nerlinger,GER
athlete_rajmond_debevec,Rajmond Debevec,SLO
athlete_juha_hirvi,Juha Hirvi,FIN
athlete_harald_stenvaag,Harald Stenvaag,NOR
athlete_marit_wold,Marit Wold,NOR
athlete_marja_liisa_kirvesniemi,Marja-Liisa Kirvesniemi,FIN
athlete_gunda_niemann_stirnemann,Gunda Niemann-Stirnemann,GER
athlete_tamás_darnyi,Tamás Darnyi,HUN
athlete_patrick_kühl,Patrick Kühl,GDR
athlete_vadim_yaroshchuk,Vadim Yaroshchuk,URS
athlete_jan_smeekens,Jan Smeekens,NED
athlete_ronald_mulder,Ronald Mulder,NED
athlete_david_svoboda,David Svoboda,CZE
athlete_cao_zhongrong,Cao Zhongrong,CHN
athlete_ádám_marosi,Ádám Marosi,HUN
athlete_park_sung_soochun_in_soolee_han_sup,Park Sung-sooChun In-sooLee Han-sup,KOR
athlete_jay_barrsrichard_mckinneydarrell_pace,Jay BarrsRichard McKinneyDarrell Pace,USA
athlete_leroy_watsonsteven_hallardrichard_priestman,Leroy WatsonSteven HallardRichard Priestman,GBR
athlete_caitlin_leverenz,Caitlin Leverenz,USA
athlete_andré_langekevin_kuske,André LangeKevin Kuske,GER
athlete_thomas_florschützrichard_adjei,Thomas FlorschützRichard Adjei,GER
athlete_alexandr_zubkovalexey_voyevoda,Alexandr ZubkovAlexey Voyevoda,RUS
athlete_ramazan_şahin,Ramazan Şahin,TUR
athlete_andriy_stadnik,Andriy Stadnik,UKR
athlete_otar_tushishvili,Otar Tushishvili,GEO
athlete_gail_devers,Gail Devers,USA
athlete_merlene_ottey,Merlene Ottey,JAM
athlete_gwen_torrence,Gwen Torrence,USA
athlete_vita_semerenkojuliya_dzhymavalentyna_semerenkoolena_pidhrushna,Vita SemerenkoJuliya DzhymaValentyna SemerenkoOlena Pidhrushna,UKR
athlete_fanny_welle_strand_horntiril_eckhoffann_kristin_aafedt_flatlandtora_berger,Fanny Welle-Strand HornTiril EckhoffAnn Kristin Aafedt FlatlandTora Berger,NOR
athlete_eva_puskarčíkovágabriela_soukalovájitka_landováveronika_vítková,Eva PuskarčíkováGabriela SoukalováJitka LandováVeronika Vítková,CZE
athlete_janica_kostelić,Janica Kostelić,CRO
athlete_laure_pequegnot,Laure Pequegnot,FRA
athlete_tang_lingsheng,Tang Lingsheng,CHN
athlete_leonidas_sabanis,Leonidas Sabanis,GRE
athlete_jon_montgomery,Jon Montgomery,CAN
athlete_antje_misersky,Antje Misersky,GER
athlete_yelena_belova,Yelena Belova,EUN
athlete_levon_julfalakyan,Levon Julfalakyan,URS
athlete_kim_sung_moon,Kim Sung-moon,KOR
athlete_tapio_sipilä,Tapio Sipilä,FIN
athlete_renate_götschl,Renate Götschl,AUT
athlete_martina_ertl,Martina Ertl,GER
athlete_jung_jae_eun,Jung Jae-eun,KOR
athlete_tran_hieu_ngan,Tran Hieu Ngan,VIE
athlete_hamide_bıkçın_tosun,Hamide Bıkçın Tosun,TUR
athlete_shawn_johnson,Shawn Johnson,USA
athlete_nastia_liukin,Nastia Liukin,USA
athlete_cheng_fei,Cheng Fei,CHN
athlete_andrea_collinelli,Andrea Collinelli,ITA
athlete_philippe_ermenault,Philippe Ermenault,FRA
athlete_bradley_mcgee,Bradley McGee,AUS
athlete_anna_fenninger,Anna Fenninger,AUT
athlete_viktoria_rebensburg,Viktoria Rebensburg,GER
athlete_serena_williamsvenus_williams,Serena WilliamsVenus Williams,USA
athlete_andrea_hlaváčková_lucie_hradecká,Andrea Hlaváčková Lucie Hradecká,CZE
athlete_maria_kirilenko_nadia_petrova,Maria Kirilenko Nadia Petrova,RUS
athlete_tia_hellebaut,Tia Hellebaut,BEL
athlete_chaunté_howard,Chaunté Howard,USA
athlete_yelena_yelesina,Yelena Yelesina,RUS
athlete_hestrie_cloete,Hestrie Cloete,RSA
athlete_kajsa_bergqvist,Kajsa Bergqvist,SWE
athlete_oana_pantelimon,Oana Pantelimon,ROM
athlete_kathleen_heddlemarnie_mcbean,Kathleen HeddleMarnie McBean,CAN
athlete_zhang_xiuyuncao_mianying,Zhang XiuyunCao Mianying,CHN
athlete_irene_eijseeke_van_nes,Irene EijsEeke van Nes,NED
athlete_catriona_le_may_doan,Catriona Le May Doan,CAN
athlete_susan_auch,Susan Auch,CAN
athlete_tomomi_okazaki,Tomomi Okazaki,JPN
athlete_mario_matt,Mario Matt,AUT
athlete_marcel_hirscher,Marcel Hirscher,AUT
athlete_henrik_kristoffersen,Henrik Kristoffersen,NOR
athlete_juan_holgadoalfonso_menéndezantonio_vázquez,Juan HolgadoAlfonso MenéndezAntonio Vázquez,ESP
athlete_ismo_falckjari_lipponentomi_poikolainen,Ismo FalckJari LipponenTomi Poikolainen,FIN
athlete_steven_hallardrichard_priestmansimon_terry,Steven HallardRichard PriestmanSimon Terry,GBR
athlete_zhang_jungao_ling,Zhang JunGao Ling,CHN
athlete_nathan_robertsongail_emms,Nathan RobertsonGail Emms,GBR
athlete_jens_eriksenmette_schjoldager,Jens EriksenMette Schjoldager,DEN
athlete_marlies_schild,Marlies Schild,AUT
athlete_šárka_záhrobská,Šárka Záhrobská,CZE
athlete_anna_bogaliysvetlana_ishmouratovaolga_zaitsevaalbina_akhatova,Anna BogaliySvetlana IshmouratovaOlga ZaitsevaAlbina Akhatova,RUS
athlete_martina_glagowandrea_henkelkatrin_apelkati_wilhelm,Martina GlagowAndrea HenkelKatrin ApelKati Wilhelm,GER
athlete_delphyne_perettoflorence_baverel_robertsylvie_becaertsandrine_bailly,Delphyne PerettoFlorence Baverel-RobertSylvie BecaertSandrine Bailly,FRA
athlete_li_tingsun_tiantian,Li TingSun Tiantian,CHN
athlete_conchita_martínezvirginia_ruano_pascual,Conchita MartínezVirginia Ruano Pascual,ESP
athlete_paola_suárezpatricia_tarabini,Paola SuárezPatricia Tarabini,ARG
athlete_ko_gi_hyun,Ko Gi-hyun,KOR
athlete_choi_eun_kyung,Choi Eun-kyung,KOR
athlete_evgeniya_radanova,Evgeniya Radanova,BUL
athlete_lee_wai_sze,Lee Wai Sze,HKG
athlete_alla_tsuper,Alla Tsuper,BLR
athlete_xu_mengtao,Xu Mengtao,CHN
athlete_lydia_lassila,Lydia Lassila,AUS
athlete_sorin_babii,Sorin Babii,ROU
athlete_ragnar_skanåker,Ragnar Skanåker,SWE
athlete_igor_basinski,Igor Basinski,URS
athlete_galina_kukleva,Galina Kukleva,RUS
athlete_katrin_apel,Katrin Apel,GER
athlete_wang_chunlu,Wang Chunlu,CHN
athlete_olaf_tufte,Olaf Tufte,NOR
athlete_dzhamal_otarsultanov,Dzhamal Otarsultanov,RUS
athlete_yang_kyong_il,Yang Kyong-il,PRK
athlete_shinichi_yumoto,Shinichi Yumoto,JPN
athlete_dan_obrien,Dan O'Brien,USA
athlete_frank_busemann,Frank Busemann,GER
athlete_tomáš_dvořák,Tomáš Dvořák,CZE
athlete_luo_wei,Luo Wei,CHN
athlete_elisavet_mystakidou,Elisavet Mystakidou,GRE
athlete_katrin_rutschowjana_sorgerskerstin_köppenkathrin_boron,Katrin RutschowJana SorgersKerstin KöppenKathrin Boron,GER
athlete_svitlana_maziydina_miftakhutdynovainna_frolovaolena_ronzhyna,Svitlana MaziyDina MiftakhutdynovaInna FrolovaOlena Ronzhyna,UKR
athlete_laryssa_biesenthaldiane_ogradykathleen_heddlemarnie_mcbean,Laryssa BiesenthalDiane O'GradyKathleen HeddleMarnie McBean,CAN
athlete_peter_thomsen_dirk_schrade_ingrid_klimke_sandra_auffarth_michael_jung,Peter Thomsen Dirk Schrade Ingrid Klimke Sandra Auffarth Michael Jung,GER
athlete_nicola_wilson_mary_king_zara_phillips_kristina_cook_william_fox_pitt,Nicola Wilson Mary King Zara Phillips Kristina Cook William Fox-Pitt,GBR
athlete_jonelle_richards_jonathan_paget_caroline_powell_andrew_nicholson_mark_todd,Jonelle Richards Jonathan Paget Caroline Powell Andrew Nicholson Mark Todd,NZL
athlete_tomas_gustafson,Tomas Gustafson,SWE
athlete_michael_hadschieff,Michael Hadschieff,AUT
athlete_leo_visser,Leo Visser,NED
athlete_yuan_hua,Yuan Hua,CHN
athlete_daima_beltrán,Daima Beltrán,CUB
athlete_kim_seon_young,Kim Seon-Young,KOR
athlete_mayumi_yamashita,Mayumi Yamashita,JPN
athlete_natalya_baranova_masalkinalarisa_kurkinayuliya_chepalovayevgeniya_medvedeva_arbuzova,Natalya Baranova-MasalkinaLarisa KurkinaYuliya ChepalovaYevgeniya Medvedeva-Arbuzova,RUS
athlete_stefanie_böhlerviola_bauerevi_sachenbacher_stehleclaudia_künzel,Stefanie BöhlerViola BauerEvi Sachenbacher-StehleClaudia Künzel,GER
athlete_arianna_follisgabriella_paruzziantonella_confortolasabina_valbusa,Arianna FollisGabriella ParuzziAntonella ConfortolaSabina Valbusa,ITA
athlete_pia_hansen,Pia Hansen,SWE
athlete_deborah_gelisio,Deborah Gelisio,ITA
athlete_valentin_getsov,Valentin Getsov,BUL
athlete_kosei_akaishi,Kosei Akaishi,JPN
athlete_frode_estil,Frode Estil,NOR
athlete_jaak_mae,Jaak Mae,EST
athlete_myriam_bédard,Myriam Bédard,CAN
athlete_svetlana_paramygina,Svetlana Paramygina,BLR
athlete_valentina_tserbe,Valentina Tserbe,UKR
athlete_giuliano_razzoli,Giuliano Razzoli,ITA
athlete_andré_myhrer,André Myhrer,SWE
athlete_silke_kraushaar,Silke Kraushaar,GER
athlete_barbara_niedernhuber,Barbara Niedernhuber,GER
athlete_angelika_neuner,Angelika Neuner,AUT
athlete_uwe_jens_mey,Uwe-Jens Mey,GDR
athlete_jan_ykema,Jan Ykema,NED
athlete_akira_kuroiwa,Akira Kuroiwa,JPN
athlete_zhuang_yong,Zhuang Yong,CHN
athlete_catherine_plewinski,Catherine Plewinski,FRA
athlete_annie_perreault,Annie Perreault,CAN
athlete_yang_yang_s,Yang Yang (S),CHN
athlete_tanyu_kiryakov,Tanyu Kiryakov,BUL
athlete_martin_tenk,Martin Tenk,CZE
athlete_stine_lise_hattestad,Stine Lise Hattestad,NOR
athlete_liz_mcintyre,Liz McIntyre,USA
athlete_yelizaveta_kozhevnikova,Yelizaveta Kozhevnikova,RUS
athlete_lina_cheryazova,Lina Cheryazova,UZB
athlete_marie_lindgren,Marie Lindgren,SWE
athlete_hilde_synnøve_lid,Hilde Synnøve Lid,NOR
athlete_rustam_totrov,Rustam Totrov,RUS
athlete_jimmy_lidberg,Jimmy Lidberg,SWE
athlete_yipsi_moreno,Yipsi Moreno,CUB
athlete_manuela_montebrun,Manuela Montebrun,FRA
athlete_fred_børre_lundbergkenneth_braatenhalldor_skardbjarte_engen_vik,Fred Børre LundbergKenneth BraatenHalldor SkardBjarte Engen Vik,NOR
athlete_jari_mantilahannu_manninentapio_nurmelasamppa_lajunen,Jari MantilaHannu ManninenTapio NurmelaSamppa Lajunen,FIN
athlete_fabrice_guynicolas_balludovic_rouxsylvain_guillaume,Fabrice GuyNicolas BalLudovic RouxSylvain Guillaume,FRA
athlete_aleksey_cheremisinovartur_akhmatkhuzintimur_safin,Aleksey CheremisinovArtur AkhmatkhuzinTimur Safin,RUS
athlete_jérémy_cadotenzo_leforterwan_le_péchouxjean_paul_tony_helissey,Jérémy CadotEnzo LefortErwan Le PéchouxJean-Paul Tony Helissey,FRA
athlete_miles_chamley_watsonalexander_massialasgerek_meinhardtrace_imboden,Miles Chamley-WatsonAlexander MassialasGerek MeinhardtRace Imboden,USA
athlete_tadahiro_nomura,Tadahiro Nomura,JPN
athlete_girolamo_giovinazzo,Girolamo Giovinazzo,ITA
athlete_richard_trautmann,Richard Trautmann,GER
athlete_dorjpalamyn_narmandakh,Dorjpalamyn Narmandakh,MGL
athlete_emma_snowsill,Emma Snowsill,AUS
athlete_vanessa_fernandes,Vanessa Fernandes,POR
athlete_emma_moffatt,Emma Moffatt,AUS
athlete_uschi_dislmartina_zellnerkatrin_apelpetra_behle,Uschi DislMartina ZellnerKatrin ApelPetra Behle,GER
athlete_olga_melnikgalina_kuklevaalbina_akhatovaolga_romasko,Olga MelnikGalina KuklevaAlbina AkhatovaOlga Romasko,RUS
athlete_ann_elen_skjelbreidannette_sikvelandgunn_margit_andreassenliv_grete_skjelbreid,Ann-Elen SkjelbreidAnnette SikvelandGunn Margit AndreassenLiv Grete Skjelbreid,NOR
athlete_jean_galfione,Jean Galfione,FRA
athlete_igor_trandenkov,Igor Trandenkov,RUS
athlete_andrei_tivontchik,Andrei Tivontchik,GER
athlete_félicia_ballanger,Félicia Ballanger,FRA
athlete_oxana_grichina,Oxana Grichina,RUS
athlete_iryna_yanovych,Iryna Yanovych,UKR
athlete_blr_victoria_azarenka_max_mirnyi,"BLR Victoria Azarenka, Max Mirnyi",
athlete_gbr_laura_robson_andy_murray,"GBR Laura Robson, Andy Murray",
athlete_usa_lisa_raymond_mike_bryan,"USA Lisa Raymond, Mike Bryan",
athlete_pavel_kolobkov,Pavel Kolobkov,RUS
athlete_hugues_obry,Hugues Obry,FRA
athlete_lee_sang_ki,Lee Sang-ki,KOR
athlete_jacqueline_börner,Jacqueline Börner,GER
athlete_seiko_hashimoto,Seiko Hashimoto,JPN
athlete_tang_binjin_ziweixi_aihuazhang_yangyang,Tang BinJin ZiweiXi AihuaZhang Yangyang,CHN
athlete_annabel_vernondebbie_floodfrances_houghtonkatherine_grainger,Annabel VernonDebbie FloodFrances HoughtonKatherine Grainger,GBR
athlete_britta_oppeltmanuela_lutzekathrin_boronstephanie_schiller,Britta OppeltManuela LutzeKathrin BoronStephanie Schiller,GER
athlete_rafael_nadal,Rafael Nadal,ESP
athlete_novak_djokovic,Novak Djokovic,SRB
athlete_erich_buljung,Erich Buljung,USA
athlete_xu_haifeng,Xu Haifeng,CHN
athlete_carole_montillet,Carole Montillet,FRA
athlete_tom_jager,Tom Jager,USA
athlete_gennadiy_prigoda,Gennadiy Prigoda,URS
athlete_david_gobejishvili,David Gobejishvili,URS
athlete_bruce_baumgartner,Bruce Baumgartner,USA
athlete_andreas_schröder,Andreas Schröder,GDR
athlete_takeshi_matsuda,Takeshi Matsuda,JPN
athlete_alexander_legkov,Alexander Legkov,RUS
athlete_maxim_vylegzhanin,Maxim Vylegzhanin,RUS
athlete_ilia_chernousov,Ilia Chernousov,RUS
athlete_olaf_ludwig,Olaf Ludwig,GDR
athlete_bernd_gröne,Bernd Gröne,FRG
athlete_christian_henn,Christian Henn,FRG
athlete_sergei_polyakov,Sergei Polyakov,RUS
athlete_sergei_alifirenko,Sergei Alifirenko,RUS
athlete_justyna_kowalczyk,Justyna Kowalczyk,POL
athlete_silvan_zurbriggen,Silvan Zurbriggen,SUI
athlete_adelinde_cornelissen,Adelinde Cornelissen,NED
athlete_laura_bechtolsheimer,Laura Bechtolsheimer,GBR
athlete_aleksandra_ivošev,Aleksandra Ivošev,YUG
athlete_irina_gerasimenok,Irina Gerasimenok,RUS
athlete_yvonne_van_gennip,Yvonne van Gennip,NED
athlete_karin_kania,Karin Kania,GDR
athlete_andrea_ehrig,Andrea Ehrig,GDR
athlete_ludger_beerbaumwolfgang_brinkmanndirk_hafemeisterfranke_sloothaak,Ludger BeerbaumWolfgang BrinkmannDirk HafemeisterFranke Sloothaak,FRG
athlete_greg_bestlisa_ann_jacquinanne_kursinskijoseph_fargis,Greg BestLisa Ann JacquinAnne KursinskiJoseph Fargis,USA
athlete_hubert_bourdyfrédéric_cottiermichel_robertpierre_durand_jr,Hubert BourdyFrédéric CottierMichel RobertPierre Durand Jr.,FRA
athlete_pang_wei,Pang Wei,CHN
athlete_jason_turner,Jason Turner,USA
athlete_michel_ansermet,Michel Ansermet,SUI
athlete_iulian_raicea,Iulian Raicea,ROU
athlete_elena_berezhnayaand_anton_sikharulidze,Elena Berezhnayaand Anton Sikharulidze,RUS
athlete_jamie_saléand_david_pelletier,Jamie Saléand David Pelletier,CAN
athlete_nicole_uphoff,Nicole Uphoff,GER
athlete_klaus_balkenhol,Klaus Balkenhol,GER
athlete_theresa_zabell_begoña_vía_dufresne,Theresa Zabell Begoña Vía Dufresne,ESP
athlete_yumiko_shige_alicia_kinoshita,Yumiko Shige Alicia Kinoshita,JPN
athlete_ruslana_taran_olena_pakholchik,Ruslana Taran Olena Pakholchik,UKR
athlete_simon_schoch,Simon Schoch,SUI
athlete_siegfried_grabner,Siegfried Grabner,AUT
athlete_vebjørn_rodal,Vebjørn Rodal,NOR
athlete_hezekiél_sepeng,Hezekiél Sepeng,RSA
athlete_fred_onyancha,Fred Onyancha,KEN
athlete_siren_sundby,Siren Sundby,NOR
athlete_lenka_šmídová,Lenka Šmídová,CZE
athlete_signe_livbjerg,Signe Livbjerg,DEN
athlete_felix_loch,Felix Loch,GER
athlete_david_möller,David Möller,GER
athlete_armin_zoeggeler,Armin Zoeggeler,ITA
athlete_serena_williams,Serena Williams,USA
athlete_maria_sharapova,Maria Sharapova,RUS
athlete_victoria_azarenka,Victoria Azarenka,BLR
athlete_gretha_smit,Gretha Smit,NED
athlete_han_myung_woo,Han Myung-woo,KOR
athlete_necmi_gençalp,Necmi Gençalp,TUR
athlete_jozef_lohyňa,Jozef Lohyňa,TCH
athlete_tatiana_navka_roman_kostomarov,Tatiana Navka / Roman Kostomarov,RUS
athlete_tanith_belbin_benjamin_agosto,Tanith Belbin / Benjamin Agosto,USA
athlete_elena_grushina_ruslan_goncharov,Elena Grushina / Ruslan Goncharov,UKR
athlete_christian_lusch,Christian Lusch,GER
athlete_sergei_martynov,Sergei Martynov,BLR
athlete_doris_neuner,Doris Neuner,AUT
athlete_susi_erdmann,Susi Erdmann,GER
athlete_udo_quellmalz,Udo Quellmalz,GER
athlete_yukimasa_nakamura,Yukimasa Nakamura,JPN
athlete_israel_hernández,Israel Hernández,CUB
athlete_henrique_guimarães,Henrique Guimarães,BRA
athlete_yin_jian,Yin Jian,CHN
athlete_alessandra_sensini,Alessandra Sensini,ITA
athlete_bryony_shaw,Bryony Shaw,GBR
athlete_can,CAN,
athlete_nor,NOR,
athlete_guo_wenjun,Guo Wenjun,CHN
athlete_natalia_paderina,Natalia Paderina,RUS
athlete_nino_salukvadze,Nino Salukvadze,GEO
athlete_paul_foerster_kevin_burnham,Paul Foerster Kevin Burnham,USA
athlete_nick_rogers_joe_glanfield,Nick Rogers Joe Glanfield,GBR
athlete_kazuto_seki_kenjiro_todoroki,Kazuto Seki Kenjiro Todoroki,JPN
athlete_zhang_xiangsen,Zhang Xiangsen,CHN
athlete_sevdalin_minchev,Sevdalin Minchev,BUL
athlete_greg_searlejonny_searlegarry_herbert_cox,Greg SearleJonny SearleGarry Herbert (cox),GBR
athlete_dimitrie_popescunicolae_țagadumitru_răducanu_cox,Dimitrie PopescuNicolae ȚagaDumitru Răducanu (cox),ROU
athlete_yermakhan_ibraimov,Yermakhan Ibraimov,KAZ
athlete_marian_simion,Marian Simion,ROM
athlete_pornchai_thongburan,Pornchai Thongburan,THA
athlete_jermain_taylor,Jermain Taylor,USA
athlete_buvaisar_saitiev,Buvaisar Saitiev,RUS
athlete_murad_gaidarov,Murad Gaidarov,BLR
athlete_gheorghiță_ștefan,Gheorghiță Ștefan,ROU
athlete_kiril_terziev,Kiril Terziev,BUL
athlete_gong_jinjieguo_shuang,Gong JinjieGuo Shuang,CHN
athlete_kaarle_mccullochanna_meares,Kaarle McCullochAnna Meares,AUS
athlete_margit_otto_crépin,Margit Otto-Crépin,FRA
athlete_christine_stückelberger,Christine Stückelberger,SUI
athlete_jonas_høgh_christensen,Jonas Høgh-Christensen,DEN
athlete_jonathan_lobert,Jonathan Lobert,FRA
athlete_jennifer_stuczynski,Jennifer Stuczynski,USA
athlete_svetlana_feofanova,Svetlana Feofanova,RUS
athlete_sigrid_wolf,Sigrid Wolf,AUT
athlete_michela_figini,Michela Figini,SUI
athlete_satomi_suzuki,Satomi Suzuki,JPN
athlete_sileshi_sihine,Sileshi Sihine,ETH
athlete_zersenay_tadese,Zersenay Tadese,ERI
athlete_ivano_brugnetti,Ivano Brugnetti,ITA
athlete_paquillo_fernández,Paquillo Fernández,ESP
athlete_nathan_deakes,Nathan Deakes,AUS
athlete_kristine_roug,Kristine Roug,DEN
athlete_margriet_matthijsse,Margriet Matthijsse,NED
athlete_courtenay_becker_dey,Courtenay Becker-Dey,USA
athlete_shirley_robertsonsarah_webbsarah_ayton,Shirley RobertsonSarah WebbSarah Ayton,GBR
athlete_ruslana_taranganna_kalininasvitlana_matevusheva,Ruslana TaranGanna KalininaSvitlana Matevusheva,UKR
athlete_dorte_jensenhelle_jespersenchristina_otzen,Dorte JensenHelle JespersenChristina Otzen,DEN
athlete_gabriela_soukalová,Gabriela Soukalová,CZE
athlete_erki_nool,Erki Nool,EST
athlete_roman_šebrle,Roman Šebrle,CZE
athlete_chris_huffins,Chris Huffins,USA
athlete_inna_osypenko,Inna Osypenko,UKR
athlete_nataša_dušev_janić,Nataša Dušev-Janić,HUN
athlete_marc_rosset,Marc Rosset,SUI
athlete_jordi_arrese,Jordi Arrese,ESP
athlete_goran_ivanišević,Goran Ivanišević,CRO
athlete_andrei_cherkasov,Andrei Cherkasov,EUN
athlete_shelly_ann_fraser,Shelly-Ann Fraser,JAM
athlete_sherone_simpson,Sherone Simpson,JAM
athlete_gerda_weissensteiner,Gerda Weissensteiner,ITA
athlete_andrea_tagwerker,Andrea Tagwerker,AUT
athlete_bridgette_hartley,Bridgette Hartley,RSA
athlete_olga_fatkulina,Olga Fatkulina,RUS
athlete_margot_boer,Margot Boer,NED
athlete_islambek_albiev,Islambek Albiev,RUS
athlete_nurbakyt_tengizbayev,Nurbakyt Tengizbayev,KAZ
athlete_ruslan_tyumenbayev,Ruslan Tyumenbayev,KGZ
athlete_sheng_jiang,Sheng Jiang,CHN
athlete_ida_ingemarsdotteremma_wikénanna_haagcharlotte_kalla,Ida IngemarsdotterEmma WikénAnna HaagCharlotte Kalla,SWE
athlete_anne_kyllönenaino_kaisa_saarinenkerttu_niskanenkrista_lähteenmäki,Anne KyllönenAino-Kaisa SaarinenKerttu NiskanenKrista Lähteenmäki,FIN
athlete_nicole_fesselstefanie_böhlerclaudia_nystaddenise_herrmann,Nicole FesselStefanie BöhlerClaudia NystadDenise Herrmann,GER
athlete_olga_klochneva,Olga Klochneva,RUS
athlete_marina_logvinenko,Marina Logvinenko,RUS
athlete_mariya_grozdeva,Mariya Grozdeva,BUL
athlete_jennifer_capriati,Jennifer Capriati,USA
athlete_steffi_graf,Steffi Graf,GER
athlete_mary_joe_fernández,Mary Joe Fernández,USA
athlete_arantxa_sánchez_vicario,Arantxa Sánchez Vicario,ESP
athlete_nur_tatar,Nur Tatar,TUR
athlete_paige_mcpherson,Paige McPherson,USA
athlete_helena_fromm,Helena Fromm,GER
athlete_anita_wachter,Anita Wachter,AUT
athlete_maria_walliser,Maria Walliser,SUI
athlete_valeriy_borchin,Valeriy Borchin,RUS
athlete_jefferson_perez,Jefferson Perez,ECU
athlete_kim_soo_nyungwang_hee_kyungyun_young_sook,Kim Soo-nyungWang Hee-kyungYun Young-sook,KOR
athlete_lilies_handayaninurfitriyana_saimankusuma_wardhani,Lilies HandayaniNurfitriyana SaimanKusuma Wardhani,INA
athlete_deborah_ochsdenise_parkermelanie_skillman,Deborah OchsDenise ParkerMelanie Skillman,USA
athlete_iouri_podladtchikov,Iouri Podladtchikov,SUI
athlete_ayumu_hirano,Ayumu Hirano,JPN
athlete_taku_hiraoka,Taku Hiraoka,JPN
athlete_sin_joon_sik,Sin Joon-Sik,KOR
athlete_feng_tianwei,Feng Tianwei,SIN
athlete_yang_wenyi,Yang Wenyi,CHN
athlete_katrin_meissner,Katrin Meissner,GDR
athlete_jill_sterkel,Jill Sterkel,USA
athlete_felipe_almeida_wu,Felipe Almeida Wu,BRA
athlete_alexandros_nikolaidis,Alexandros Nikolaidis,GRE
athlete_chika_chukwumerije,Chika Chukwumerije,NGR
athlete_arman_chilmanov,Arman Chilmanov,KAZ
athlete_petra_horneber,Petra Horneber,GER
athlete_petter_northug,Petter Northug,NOR
athlete_axel_teichmann,Axel Teichmann,GER
athlete_johan_olsson,Johan Olsson,SWE
athlete_zach_railey,Zach Railey,USA
athlete_guillaume_florent,Guillaume Florent,FRA
athlete_anders_golding,Anders Golding,DEN
athlete_nasser_al_attiyah,Nasser Al-Attiyah,QAT
athlete_ed_mckeever,Ed McKeever,GBR
athlete_mark_de_jonge,Mark de Jonge,CAN
athlete_benjamin_raich,Benjamin Raich,AUT
athlete_reinfried_herbst,Reinfried Herbst,AUT
athlete_kaitlyn_farrington,Kaitlyn Farrington,USA
athlete_zhang_juanjuan,Zhang Juanjuan,CHN
athlete_park_sung_hyun,Park Sung-hyun,KOR
athlete_yun_ok_hee,Yun Ok-Hee,KOR
athlete_kati_wilhelm,Kati Wilhelm,GER
athlete_magdalena_forsberg,Magdalena Forsberg,SWE
athlete_isabella_ochichi,Isabella Ochichi,KEN
athlete_amanda_borden_amy_chow_dominique_dawes_shannonmiller_dominique_moceanujaycie_phelps_and_kerri_strug,"Amanda Borden, Amy Chow, Dominique Dawes, ShannonMiller, Dominique Moceanu,Jaycie Phelps, and Kerri Strug",USA
athlete_elena_dolgopolova_rozalia_galiyeva_elena_groshevasvetlana_khorkina_dina_kochetkova_yevgeniya_kuznetsova_and_oksana_lyapina,"Elena Dolgopolova, Rozalia Galiyeva, Elena Grosheva,Svetlana Khorkina, Dina Kochetkova, Yevgeniya Kuznetsova, and Oksana Lyapina",RUS
athlete_simona_amânar_gina_gogean_ionela_loaieș_alexandramarinescu_lavinia_miloșoviciand_mirela_țugurlan,"Simona Amânar, Gina Gogean, Ionela Loaieș, AlexandraMarinescu, Lavinia Miloșovici,and Mirela Țugurlan",ROU
athlete_marjut_lukkarinen,Marjut Lukkarinen,FIN
athlete_ivan_shtyl,Ivan Shtyl,RUS
athlete_alfonso_benavides,Alfonso Benavides,ESP
athlete_jake_varner,Jake Varner,USA
athlete_valeriy_andriytsev,Valeriy Andriytsev,UKR
athlete_giorgi_gogshelidze,Giorgi Gogshelidze,GEO
athlete_christine_girard,Christine Girard,CAN
athlete_milka_maneva,Milka Maneva,BUL
athlete_luz_acosta,Luz Acosta,MEX
athlete_bonnie_blair,Bonnie Blair,USA
athlete_ye_qiaobo,Ye Qiaobo,CHN
athlete_christa_luding_r,Christa Luding-R.,GER
athlete_kamandar_madzhidov,Kamandar Madzhidov,URS
athlete_zhivko_vangelov,Zhivko Vangelov,BUL
athlete_an_dae_hyun,An Dae-hyun,KOR
athlete_citra_febrianti,Citra Febrianti,INA
athlete_iulia_paratova,Iulia Paratova,UKR
athlete_lyudmila_prokasheva,Lyudmila Prokasheva,KAZ
athlete_kathleen_nord,Kathleen Nord,GDR
athlete_mary_t_meagher,Mary T. Meagher,USA
athlete_steve_missillier,Steve Missillier,FRA
athlete_alexis_pinturault,Alexis Pinturault,FRA
athlete_olga_kaniskina,Olga Kaniskina,RUS
athlete_kjersti_plätzer,Kjersti Plätzer,NOR
athlete_elisa_rigaudo,Elisa Rigaudo,ITA
athlete_abhinav_bindra,Abhinav Bindra,IND
athlete_zhu_qinan,Zhu Qinan,CHN
athlete_henri_häkkinen,Henri Häkkinen,FIN
athlete_janet_evans,Janet Evans,USA
athlete_anke_möhring,Anke Möhring,GDR
athlete_allan_nørregaardpeter_lang,Allan NørregaardPeter Lang,DEN
athlete_john_smith,John Smith,USA
athlete_askari_mohammadian,Askari Mohammadian,IRI
athlete_lázaro_reinoso,Lázaro Reinoso,CUB
athlete_miguel_induráin,Miguel Induráin,ESP
athlete_abraham_olano,Abraham Olano,ESP
athlete_chris_boardman,Chris Boardman,GBR
athlete_erik_lesser,Erik Lesser,GER
athlete_evgeniy_garanichev,Evgeniy Garanichev,RUS
athlete_kathrin_zimmermann,Kathrin Zimmermann,GDR
athlete_won_hye_kyung,Won Hye-kyung,KOR
athlete_mark_huizinga,Mark Huizinga,NED
athlete_carlos_honorato,Carlos Honorato,BRA
athlete_frédéric_demontfaucon,Frédéric Demontfaucon,FRA
athlete_ruslan_mashurenko,Ruslan Mashurenko,UKR
athlete_anna_haag,Anna Haag,SWE
athlete_lee_jung_su,Lee Jung-su,KOR
athlete_lee_ho_suk,Lee Ho-suk,KOR
athlete_apolo_anton_ohno,Apolo Anton Ohno,USA
athlete_mickaël_bourgain,Mickaël Bourgain,FRA
athlete_sébastien_godefroid,Sébastien Godefroid,BEL
athlete_roy_heiner,Roy Heiner,NED
athlete_juan_curuchetwalter_pérez,Juan CuruchetWalter Pérez,ARG
athlete_joan_llanerasantonio_tauler,Joan LlanerasAntonio Tauler,ESP
athlete_mikhail_ignatievalexei_markov,Mikhail IgnatievAlexei Markov,RUS
athlete_marko_kemppainen,Marko Kemppainen,FIN
athlete_juan_miguel_rodríguez,Juan Miguel Rodríguez,CUB
athlete_andre_agassi,Andre Agassi,USA
athlete_sergi_bruguera,Sergi Bruguera,ESP
athlete_leander_paes,Leander Paes,IND
athlete_georg_hettich,Georg Hettich,GER
athlete_felix_gottwald,Felix Gottwald,AUT
athlete_valerie_vili,Valerie Vili,NZL
athlete_misleydis_gonzález,Misleydis González,CUB
athlete_øystein_pettersenpetter_northug,Øystein PettersenPetter Northug,NOR
athlete_tim_tscharnkeaxel_teichmann,Tim TscharnkeAxel Teichmann,GER
athlete_nikolay_morilovalexey_petukhov,Nikolay MorilovAlexey Petukhov,RUS
athlete_adrian_zieliński,Adrian Zieliński,POL
athlete_tarek_yehia,Tarek Yehia,EGY
athlete_zbigniew_bródka,Zbigniew Bródka,POL
athlete_koen_verweij,Koen Verweij,NED
athlete_cathy_turner,Cathy Turner,USA
athlete_li_yan,Li Yan,CHN
athlete_hwang_ok_sil,Hwang Ok-sil,PRK
athlete_qiu_jian,Qiu Jian,CHN
athlete_jury_sukhorukov,Jury Sukhorukov,UKR
athlete_steven_hooker,Steven Hooker,AUS
athlete_yevgeny_lukyanenko,Yevgeny Lukyanenko,RUS
athlete_derek_miles,Derek Miles,USA
athlete_marcus_walz,Marcus Walz,ESP
athlete_josef_dostál,Josef Dostál,CZE
athlete_roman_anoshkin,Roman Anoshkin,RUS
athlete_dániel_gyurta,Dániel Gyurta,HUN
athlete_michael_jamieson,Michael Jamieson,GBR
athlete_ryo_tateishi,Ryo Tateishi,JPN
athlete_gustav_larsson,Gustav Larsson,SWE
athlete_levi_leipheimer,Levi Leipheimer,USA
athlete_petra_kronberger,Petra Kronberger,AUT
athlete_jessica_rossi,Jessica Rossi,ITA
athlete_zuzana_štefečeková,Zuzana Štefečeková,SVK
athlete_delphine_reau,Delphine Reau,FRA
athlete_selina_gasparin,Selina Gasparin,SUI
athlete_nadezhda_skardino,Nadezhda Skardino,BLR
athlete_andrei_aramnau,Andrei Aramnau,BLR
athlete_dmitry_klokov,Dmitry Klokov,RUS
athlete_marcin_dołęga,Marcin Dołęga,POL
athlete_michaela_dorfmeister,Michaela Dorfmeister,AUT
athlete_alexandra_meissnitzer,Alexandra Meissnitzer,AUT
athlete_zulfiya_zabirova,Zulfiya Zabirova,RUS
athlete_sergey_novikov,Sergey Novikov,BLR
athlete_manuela_henkelviola_bauerclaudia_künzelevi_sachenbacher,Manuela HenkelViola BauerClaudia KünzelEvi Sachenbacher,GER
athlete_marit_bjørgenbente_skarihilde_g_pedersenanita_moen,Marit BjørgenBente SkariHilde G. PedersenAnita Moen,NOR
athlete_andrea_huberlaurence_rochatbrigitte_albrecht_loretannatascia_leonardi_cortesi,Andrea HuberLaurence RochatBrigitte Albrecht-LoretanNatascia Leonardi Cortesi,SUI
athlete_naim_süleymanoğlu,Naim Süleymanoğlu,TUR
athlete_park_sang_young,Park Sang-young,KOR
athlete_géza_imre,Géza Imre,HUN
athlete_gauthier_grumier,Gauthier Grumier,FRA
athlete_mark_todd,Mark Todd,NZL
athlete_ian_stark,Ian Stark,GBR
athlete_virginia_leng,Virginia Leng,GBR
athlete_irina_shilova,Irina Shilova,URS
athlete_silvia_sperber,Silvia Sperber,FRG
athlete_anna_maloukhina,Anna Maloukhina,URS
athlete_marianne_st_gelais,Marianne St-Gelais,CAN
athlete_peer_moberg,Peer Moberg,NOR
athlete_astrid_strauss,Astrid Strauss,GDR
athlete_julie_mcdonald,Julie McDonald,AUS
athlete_mehmet_akif_pirim,Mehmet Akif Pirim,TUR
athlete_sergey_martynov,Sergey Martynov,EUN
athlete_juan_marén,Juan Marén,CUB
athlete_jan_železný,Jan Železný,CZE
athlete_steve_backley,Steve Backley,GBR
athlete_seppo_räty,Seppo Räty,FIN
athlete_zoltán_kővágó,Zoltán Kővágó,HUN
athlete_aleksander_tammert,Aleksander Tammert,EST
athlete_raphaël_poirée,Raphaël Poirée,FRA
athlete_ricco_groß,Ricco Groß,GER
athlete_erik_lesserdaniel_böhmarnd_peiffersimon_schempp,Erik LesserDaniel BöhmArnd PeifferSimon Schempp,GER
athlete_christoph_sumanndaniel_mesotitschsimon_ederdominik_landertinger,Christoph SumannDaniel MesotitschSimon EderDominik Landertinger,AUT
athlete_tarjei_bøjohannes_thingnes_bøole_einar_bjørndalenemil_hegle_svendsen,Tarjei BøJohannes Thingnes BøOle Einar BjørndalenEmil Hegle Svendsen,NOR
athlete_lenka_hyková,Lenka Hyková,CZE
athlete_irada_ashumova,Irada Ashumova,AZE
athlete_stacy_dragila,Stacy Dragila,USA
athlete_tatiana_grigorieva,Tatiana Grigorieva,AUS
athlete_vala_flosadóttir,Vala Flosadóttir,ISL
athlete_dmitry_monakov,Dmitry Monakov,URS
athlete_miloslav_bednařík,Miloslav Bednařík,TCH
athlete_frans_peeters,Frans Peeters,BEL
athlete_apolo_ohno,Apolo Ohno,USA
athlete_ahn_hyun_soo,Ahn Hyun-soo,KOR
athlete_susanne_kiermayer,Susanne Kiermayer,GER
athlete_deserie_huddleston,Deserie Huddleston,AUS
athlete_roman_hagara_hans_peter_steinacher,Roman Hagara Hans Peter Steinacher,AUT
athlete_darren_bundock_john_forbes,Darren Bundock John Forbes,AUS
athlete_roland_gaebler_rene_schwall,Roland Gaebler Rene Schwall,GER
athlete_ángel_matos,Ángel Matos,CUB
athlete_faissal_ebnoutalib,Faissal Ebnoutalib,GER
athlete_víctor_estrada,Víctor Estrada,MEX
athlete_georgy_shayduko_dmitri_shabanov_igor_skalin,Georgy Shayduko Dmitri Shabanov Igor Skalin,RUS
athlete_jeff_madrigali_jim_barton_kent_massey,Jeff Madrigali Jim Barton Kent Massey,USA
athlete_janne_lahtela,Janne Lahtela,FIN
athlete_travis_mayer,Travis Mayer,USA
athlete_richard_gay,Richard Gay,FRA
athlete_marie_josé_pérec,Marie-José Pérec,FRA
athlete_cathy_freeman,Cathy Freeman,AUS
athlete_falilat_ogunkoya,Falilat Ogunkoya,NGR
athlete_moon_dae_sung,Moon Dae-Sung,KOR
athlete_pascal_gentil,Pascal Gentil,FRA
athlete_serhiy_danylchenko,Serhiy Danylchenko,UKR
athlete_clarence_vinson,Clarence Vinson,USA
athlete_viktor_ruban,Viktor Ruban,UKR
athlete_park_kyung_mo,Park Kyung-Mo,KOR
athlete_bair_badënov,Bair Badënov,RUS
athlete_cho_youn_jeongkim_soo_nyunglee_eun_kyung,Cho Youn-JeongKim Soo-NyungLee Eun-Kyung,KOR
athlete_ma_xiangjunwang_hongwang_xiaozhu,Ma XiangjunWang HongWang Xiaozhu,CHN
athlete_natalia_valeevakhatouna_kvrivichvililyudmila_arzhanikova,Natalia ValeevaKhatouna KvrivichviliLyudmila Arzhanikova,EUN
athlete_jennifer_heil,Jennifer Heil,CAN
athlete_kari_traa,Kari Traa,NOR
athlete_sandra_laoura,Sandra Laoura,FRA
athlete_vic_wild,Vic Wild,RUS
athlete_žan_košir,Žan Košir,SLO
athlete_shizuka_arakawa,Shizuka Arakawa,JPN
athlete_sasha_cohen,Sasha Cohen,USA
athlete_irina_slutskaya,Irina Slutskaya,RUS
athlete_ronny_weller,Ronny Weller,GER
athlete_artur_akoyev,Artur Akoyev,EUN
athlete_stefan_botev,Stefan Botev,BUL
athlete_svetlana_sleptsovaanna_bogaliy_titovetsolga_medvedtsevaolga_zaytseva,Svetlana SleptsovaAnna Bogaliy-TitovetsOlga MedvedtsevaOlga Zaytseva,RUS
athlete_marie_laure_brunetsylvie_becaertmarie_dorinsandrine_bailly,Marie-Laure BrunetSylvie BecaertMarie DorinSandrine Bailly,FRA
athlete_kati_wilhelmsimone_hauswaldmartina_beckandrea_henkel,Kati WilhelmSimone HauswaldMartina BeckAndrea Henkel,GER
athlete_tang_lin,Tang Lin,CHN
athlete_céline_lebrun,Céline Lebrun,FRA
athlete_simona_richter,Simona Richter,ROU
athlete_emanuela_pierantozzi,Emanuela Pierantozzi,ITA
athlete_yang_ling,Yang Ling,CHN
athlete_oleg_moldovan,Oleg Moldovan,MDA
athlete_niu_zhiyuan,Niu Zhiyuan,CHN
athlete_aleksandr_lebziak,Aleksandr Lebziak,RUS
athlete_rudolf_kraj,Rudolf Kraj,CZE
athlete_andriy_fedchuk,Andriy Fedchuk,UKR
athlete_sergey_mihaylov,Sergey Mihaylov,UZB
athlete_carlo_molfetta,Carlo Molfetta,ITA
athlete_anthony_obame,Anthony Obame,GAB
athlete_robelis_despaigne,Robelis Despaigne,CUB
athlete_liu_xiaobo,Liu Xiaobo,CHN
athlete_matti_hautamäki,Matti Hautamäki,FIN
athlete_richard_faulds,Richard Faulds,GBR
athlete_russell_mark,Russell Mark,AUS
athlete_marie_laure_brunet,Marie-Laure Brunet,FRA
athlete_anabel_medina_garriguesvirginia_ruano_pascual,Anabel Medina GarriguesVirginia Ruano Pascual,ESP
athlete_yan_zizheng_jie,Yan ZiZheng Jie,CHN
athlete_sylke_otto,Sylke Otto,GER
athlete_micah_kogo,Micah Kogo,KEN
athlete_yekaterina_dyachenkoyuliya_gavrilovayana_egoriansofya_velikaya,Yekaterina DyachenkoYuliya GavrilovaYana EgorianSofya Velikaya,RUS
athlete_olha_kharlanalina_komashchukolena_kravatskaolena_voronina,Olha KharlanAlina KomashchukOlena KravatskaOlena Voronina,UKR
athlete_monica_aksamitibtihaj_muhammaddagmara_wozniakmariel_zagunis,Monica AksamitIbtihaj MuhammadDagmara WozniakMariel Zagunis,USA
athlete_trine_hattestad,Trine Hattestad,NOR
athlete_mirela_manjani_tzelili,Mirela Manjani-Tzelili,GRE
athlete_shannon_bahrke,Shannon Bahrke,USA
athlete_mitsuru_sato,Mitsuru Sato,JPN
athlete_šaban_trstena,Šaban Trstena,YUG
athlete_vladimir_toguzov,Vladimir Toguzov,URS
athlete_phil_dalhaussertodd_rogers,Phil DalhausserTodd Rogers,USA
athlete_márcio_araújofabio_luiz_magalhães,Márcio AraújoFabio Luiz Magalhães,BRA
athlete_ricardo_santosemanuel_rego,Ricardo SantosEmanuel Rego,BRA
athlete_shalane_flanagan,Shalane Flanagan,USA
athlete_linet_masai,Linet Masai,KEN
athlete_sarah_walker,Sarah Walker,NZL
athlete_laura_smulders,Laura Smulders,NED
athlete_bradley_wiggins,Bradley Wiggins,GBR
athlete_hayden_roulston,Hayden Roulston,NZL
athlete_steven_burke,Steven Burke,GBR
athlete_amelie_lux,Amelie Lux,GER
athlete_edwin_cheruiyot_soi,Edwin Cheruiyot Soi,KEN
athlete_svetlana_nageykinanina_gavrylyuktamara_tikhonovaanfisa_reztsova,Svetlana NageykinaNina GavrylyukTamara TikhonovaAnfisa Reztsova,URS
athlete_trude_dybendahlmarit_woldanne_jahrenmarianne_dahlmo,Trude DybendahlMarit WoldAnne JahrenMarianne Dahlmo,NOR
athlete_pirkko_määttämarja_liisa_kirvesniemimarjo_matikainenjaana_savolainen,Pirkko MäättäMarja-Liisa KirvesniemiMarjo MatikainenJaana Savolainen,FIN
athlete_alexander_dale_oen,Alexander Dale Oen,NOR
athlete_aslanbek_khushtov,Aslanbek Khushtov,RUS
athlete_mirko_englich,Mirko Englich,GER
athlete_adam_wheeler,Adam Wheeler,USA
athlete_marek_švec,Marek Švec,CZE
athlete_brahim_asloum,Brahim Asloum,FRA
athlete_maikro_romero,Maikro Romero,CUB
athlete_kim_un_chol,Kim Un-Chol,PRK
athlete_steffi_walter_martin,Steffi Walter-Martin,GDR
athlete_ute_oberhoffner_weiß,Ute Oberhoffner-Weiß,GDR
athlete_cerstin_schmidt,Cerstin Schmidt,GDR
athlete_satu_mäkelä_nummela,Satu Mäkelä-Nummela,FIN
athlete_kerri_walsh_jenningsmisty_may_treanor,Kerri Walsh JenningsMisty May-Treanor,USA
athlete_tian_jiawang_jie,Tian JiaWang Jie,CHN
athlete_xue_chenzhang_xi,Xue ChenZhang Xi,CHN
athlete_tae_satoya,Tae Satoya,JPN
athlete_lilia_podkopayeva,Lilia Podkopayeva,UKR
athlete_gina_gogean,Gina Gogean,ROU
athlete_simona_amânar,Simona Amânar,ROU
athlete_lavinia_miloșovici,Lavinia Miloșovici,ROU
athlete_olga_pyleva,Olga Pyleva,RUS
athlete_irina_nikulchina,Irina Nikulchina,BUL
athlete_josé_manuel_moreno,José Manuel Moreno,ESP
athlete_shane_kelly,Shane Kelly,AUS
athlete_daniela_hunger,Daniela Hunger,GDR
athlete_yelena_dendeberova,Yelena Dendeberova,URS
athlete_noemi_lung,Noemi Lung,ROM
athlete_evi_sachenbacher,Evi Sachenbacher,GER
athlete_anita_moen,Anita Moen,NOR
athlete_faustine_merret,Faustine Merret,FRA
athlete_johann_olav_koss,Johann Olav Koss,NOR
athlete_kjell_storelid,Kjell Storelid,NOR
athlete_rintje_ritsma,Rintje Ritsma,NED
athlete_anni_friesinger,Anni Friesinger,GER
athlete_sabine_völker,Sabine Völker,GER
athlete_jennifer_rodriguez,Jennifer Rodriguez,USA
athlete_eva_samková,Eva Samková,CZE
athlete_dominique_maltais,Dominique Maltais,CAN
athlete_chloé_trespeuch,Chloé Trespeuch,FRA
athlete_angelo_taylor,Angelo Taylor,USA
athlete_bershawn_jackson,Bershawn Jackson,USA
athlete_tereza_marinova,Tereza Marinova,BUL
athlete_olena_hovorova,Olena Hovorova,UKR
athlete_mario_kindelán,Mario Kindelán,CUB
athlete_andriy_kotelnyk,Andriy Kotelnyk,UKR
athlete_cristián_bejarano,Cristián Bejarano,MEX
athlete_aleksandr_maletin,Aleksandr Maletin,RUS
athlete_roger_federerstan_wawrinka,Roger FedererStan Wawrinka,SUI
athlete_simon_aspelinthomas_johansson,Simon AspelinThomas Johansson,SWE
athlete_henry_cejudo,Henry Cejudo,USA
athlete_tomohiro_matsunaga,Tomohiro Matsunaga,JPN
athlete_radoslav_velikov,Radoslav Velikov,BUL
athlete_besik_kudukhov,Besik Kudukhov,RUS
athlete_hitomi_obara,Hitomi Obara,JPN
athlete_carol_huynh,Carol Huynh,CAN
athlete_clarissa_chun,Clarissa Chun,USA
athlete_tudor_casapu,Tudor Casapu,EUN
athlete_pablo_lara,Pablo Lara,CUB
athlete_kim_myong_nam,Kim Myong-nam,PRK
athlete_yuko_emoto,Yuko Emoto,JPN
athlete_gella_vandecaveye,Gella Vandecaveye,BEL
athlete_jenny_gal,Jenny Gal,NED
athlete_jung_sung_sook,Jung Sung-sook,KOR
athlete_richard_thompson,Richard Thompson,TRI
athlete_chen_zhong,Chen Zhong,CHN
athlete_natalia_ivanova,Natalia Ivanova,RUS
athlete_dominique_bosshart,Dominique Bosshart,CAN
athlete_sebastián_crismanich,Sebastián Crismanich,ARG
athlete_nicolás_garcía,Nicolás García,ESP
athlete_park_sung_hyunyun_ok_heejoo_hyun_jung,Park Sung-hyunYun Ok-HeeJoo Hyun-Jung,KOR
athlete_chen_lingguo_danzhang_juanjuan,Chen LingGuo DanZhang Juanjuan,CHN
athlete_bérengère_schuhsophie_dodemontvirginie_arnold,Bérengère SchuhSophie DodemontVirginie Arnold,FRA
athlete_marcus_hellner,Marcus Hellner,SWE
athlete_tobias_angerer,Tobias Angerer,GER
athlete_julia_dujmovits,Julia Dujmovits,AUT
athlete_anke_karstens,Anke Karstens,GER
athlete_amelie_kober,Amelie Kober,GER
athlete_annelise_coberger,Annelise Coberger,NZL
athlete_blanca_fernández_ochoa,Blanca Fernández Ochoa,ESP
athlete_oskars_melbārdisarvis_vilkastedaumants_dreiškensjānis_strenga,Oskars MelbārdisArvis VilkasteDaumants DreiškensJānis Strenga,LAT
athlete_steven_holcombsteven_langtoncurtis_tomaseviczchristopher_fogt,Steven HolcombSteven LangtonCurtis TomaseviczChristopher Fogt,USA
athlete_john_james_jacksonbruce_taskerstuart_bensonjoel_fearon,John James JacksonBruce TaskerStuart BensonJoel Fearon,GBR
athlete_jeff_thue,Jeff Thue,CAN
athlete_hou_yuzhuo,Hou Yuzhuo,CHN
athlete_marlène_harnois,Marlène Harnois,FRA
athlete_tseng_li_cheng,Tseng Li-Cheng,TPE
athlete_mathieu_gourdain,Mathieu Gourdain,FRA
athlete_wiradech_kothny,Wiradech Kothny,GER
athlete_heidi_weng,Heidi Weng,NOR
athlete_sam_willoughby,Sam Willoughby,AUS
athlete_carlos_oquendo,Carlos Oquendo,COL
athlete_david_crawshay_scott_brennan,David Crawshay & Scott Brennan,AUS
athlete_tõnu_endrekson_jüri_jaanson,Tõnu Endrekson & Jüri Jaanson,EST
athlete_stephen_rowbotham_matthew_wells,Stephen Rowbotham & Matthew Wells,GBR
athlete_isabelle_blanc,Isabelle Blanc,FRA
athlete_karine_ruby,Karine Ruby,FRA
athlete_lidia_trettel,Lidia Trettel,ITA
athlete_michalis_mouroutsos,Michalis Mouroutsos,GRE
athlete_gabriel_esparza,Gabriel Esparza,ESP
athlete_huang_chih_hsiung,Huang Chih-hsiung,TPE
athlete_sébastien_flute,Sébastien Flute,FRA
athlete_chung_jae_hun,Chung Jae-hun,KOR
athlete_simon_terry,Simon Terry,GBR
athlete_stéphane_lambiel,Stéphane Lambiel,SUI
athlete_jeffrey_buttle,Jeffrey Buttle,CAN
athlete_keiichiro_nagashima,Keiichiro Nagashima,JPN
athlete_joji_kato,Joji Kato,JPN
athlete_roman_hagarahans_peter_steinacher,Roman HagaraHans-Peter Steinacher,AUT
athlete_john_lovellcharlie_ogletree,John LovellCharlie Ogletree,USA
athlete_santiago_langecarlos_espínola,Santiago LangeCarlos Espínola,ARG
athlete_jean_noël_ferrari_lionel_plumenailbrice_guyart_patrice_lhôtellier,Jean-Noël Ferrari Lionel PlumenailBrice Guyart Patrice Lhôtellier,FRA
athlete_dong_zhaozhi_wang_haibin_ye_chong,Dong Zhaozhi Wang Haibin Ye Chong,CHN
athlete_salvatore_sanzo_matteo_zennaro_daniele_crosta_gabriele_magni,Salvatore Sanzo Matteo Zennaro Daniele Crosta Gabriele Magni,ITA
athlete_svetlana_demina,Svetlana Demina,RUS
athlete_jesper_bank_henrik_blakskjær_thomas_jacobsen,Jesper Bank Henrik Blakskjær Thomas Jacobsen,DEN
athlete_jochen_schümann_gunnar_bahr_ingo_borkowski,Jochen Schümann Gunnar Bahr Ingo Borkowski,GER
athlete_herman_horn_johannessen_paul_davis_espen_stokkeland,Herman Horn Johannessen Paul Davis Espen Stokkeland,NOR
athlete_carole_merle,Carole Merle,FRA
athlete_kim_soo_nyung,Kim Soo-nyung,KOR
athlete_wang_hee_kyung,Wang Hee-kyung,KOR
athlete_yun_young_sook,Yun Young-sook,KOR
athlete_alexander_moskalenko,Alexander Moskalenko,RUS
athlete_ji_wallace,Ji Wallace,AUS
athlete_mathieu_turgeon,Mathieu Turgeon,CAN
athlete_andreas_linger_wolfgang_linger,Andreas Linger & Wolfgang Linger,AUT
athlete_andré_florschütz_torsten_wustlich,André Florschütz & Torsten Wustlich,GER
athlete_gerhard_plankensteiner_oswald_haselrieder,Gerhard Plankensteiner & Oswald Haselrieder,ITA
athlete_daniele_molmenti,Daniele Molmenti,ITA
athlete_vavřinec_hradilek,Vavřinec Hradilek,CZE
athlete_hannes_aigner,Hannes Aigner,GER
athlete_mahammatkodir_abdullaev,Mahammatkodir Abdullaev,UZB
athlete_ricardo_williams,Ricardo Williams,USA
athlete_mohamed_allalou,Mohamed Allalou,ALG
athlete_diógenes_luña,Diógenes Luña,CUB
athlete_guo_xinxin,Guo Xinxin,CHN
athlete_christine_brinker,Christine Brinker,GER
athlete_nathalie_lancien,Nathalie Lancien,FRA
athlete_ingrid_haringa,Ingrid Haringa,NED
athlete_lucy_tyler_sharman,Lucy Tyler-Sharman,AUS
athlete_j_r_celski,J. R. Celski,USA
athlete_loredana_dinusimona_ghermansimona_popana_maria_popescu,Loredana DinuSimona GhermanSimona PopAna Maria Popescu,ROM
athlete_hao_jialusun_yiwensun_yujiexu_anqi,Hao JialuSun YiwenSun YujieXu Anqi,CHN
athlete_olga_kochnevavioletta_kolobovatatiana_logunovalyubov_shutova,Olga KochnevaVioletta KolobovaTatiana LogunovaLyubov Shutova,RUS
athlete_cho_youn_jeong,Cho Youn-jeong,KOR
athlete_natalia_valeeva,Natalia Valeeva,EUN
athlete_anne_briand,Anne Briand,FRA
athlete_pak_hyon_suk,Pak Hyon-suk,PRK
athlete_lu_ying_chi,Lu Ying-chi,TPE
athlete_mari_holden,Mari Holden,USA
athlete_myriam_baverel,Myriam Baverel,FRA
athlete_adriana_carmona,Adriana Carmona,VEN
athlete_nadezhda_talanovanatalya_snytinaluiza_noskovaanfisa_reztsova,Nadezhda TalanovaNatalya SnytinaLuiza NoskovaAnfisa Reztsova,RUS
athlete_uschi_dislantje_harveysimone_greiner_petter_memmpetra_schaaf,Uschi DislAntje HarveySimone Greiner-Petter-MemmPetra Schaaf,GER
athlete_corinne_niogretvéronique_claudeldelphyne_heymannanne_briand,Corinne NiogretVéronique ClaudelDelphyne HeymannAnne Briand,FRA
athlete_kim_young_ho,Kim Young-ho,KOR
athlete_ralf_bißdorf,Ralf Bißdorf,GER
athlete_dmitry_shevchenko,Dmitry Shevchenko,RUS
athlete_martina_glagow,Martina Glagow,GER
athlete_albina_akhatova,Albina Akhatova,RUS
athlete_andreas_wank_marinus_krausandreas_wellingerseverin_freund,Andreas Wank Marinus KrausAndreas WellingerSeverin Freund,GER
athlete_michael_hayböck_thomas_morgensternthomas_diethartgregor_schlierenzauer,Michael Hayböck Thomas MorgensternThomas DiethartGregor Schlierenzauer,AUT
athlete_reruhi_shimizu_taku_takeuchidaiki_itonoriaki_kasai,Reruhi Shimizu Taku TakeuchiDaiki ItoNoriaki Kasai,JPN
athlete_malcolm_cooper,Malcolm Cooper,GBR
athlete_alister_allan,Alister Allan,GBR
athlete_kirill_ivanov,Kirill Ivanov,URS
athlete_mathew_belchermalcolm_page,Mathew BelcherMalcolm Page,AUS
athlete_luke_patiencestuart_bithell,Luke PatienceStuart Bithell,GBR
athlete_lucas_calabresejuan_de_la_fuente,Lucas CalabreseJuan de la Fuente,ARG
athlete_roger_kluge,Roger Kluge,GER
athlete_chris_newton,Chris Newton,GBR
athlete_zhou_lulu,Zhou Lulu,CHN
athlete_tatiana_kashirina,Tatiana Kashirina,RUS
athlete_angelo_mazzoni_paolo_milanoli_alfredo_rota_maurizio_randazzo,Angelo Mazzoni Paolo Milanoli Alfredo Rota Maurizio Randazzo,ITA
athlete_jean_françois_di_martino_hugues_obry_éric_srecki,Jean-François Di Martino Hugues Obry Éric Srecki,FRA
athlete_carlos_pedroso_iván_trevejo_nelson_loyola,Carlos Pedroso Iván Trevejo Nelson Loyola,CUB
athlete_aino_kaisa_saarinen,Aino-Kaisa Saarinen,FIN
athlete_michael_blackburn,Michael Blackburn,AUS
athlete_amy_williams,Amy Williams,GBR
athlete_kerstin_szymkowiak,Kerstin Szymkowiak,GER
athlete_anja_huber,Anja Huber,GER
athlete_sweden,Sweden,SWE
athlete_canada,Canada,CAN
athlete_china,China,CHN
athlete_lauren_burns,Lauren Burns,AUS
athlete_urbia_melendez,Urbia Melendez,CUB
athlete_chi_shu_ju,Chi Shu-ju,TPE
athlete_tao_luna,Tao Luna,CHN
athlete_lalita_yauhleuskaya,Lalita Yauhleuskaya,BLR
athlete_david_douillet,David Douillet,FRA
athlete_shinichi_shinohara,Shinichi Shinohara,JPN
athlete_indrek_pertelson,Indrek Pertelson,EST
athlete_tamerlan_tmenov,Tamerlan Tmenov,RUS
athlete_andrea_fischbacher,Andrea Fischbacher,AUT
athlete_anke_baier,Anke Baier,GER
athlete_kye_sun_hui,Kye Sun-hui,PRK
athlete_ryoko_tamura,Ryoko Tamura,JPN
athlete_amarilis_savón,Amarilis Savón,CUB
athlete_yolanda_soler,Yolanda Soler,ESP
athlete_choi_young_rae,Choi Young-rae,KOR
athlete_wang_zhiwei,Wang Zhiwei,CHN
athlete_chiharu_icho,Chiharu Icho,JPN
athlete_iryna_merleni,Iryna Merleni,UKR
athlete_im_dong_hyunlee_chang_hwanpark_kyung_mo,Im Dong-HyunLee Chang-HwanPark Kyung-Mo,KOR
athlete_ilario_di_buòmauro_nespolimarco_galiazzo,Ilario Di BuòMauro NespoliMarco Galiazzo,ITA
athlete_xue_haifengjiang_linli_wenquan,Xue HaifengJiang LinLi Wenquan,CHN
athlete_szymon_kołecki,Szymon Kołecki,POL
athlete_arsen_kasabiev,Arsen Kasabiev,GEO
athlete_yoandry_hernández,Yoandry Hernández,CUB
athlete_amaury_leveaux,Amaury Leveaux,FRA
athlete_emese_hunyady,Emese Hunyady,AUT
athlete_alla_vazhenina,Alla Vazhenina,KAZ
athlete_damaris_aguirre,Damaris Aguirre,MEX
athlete_enrico_fabris,Enrico Fabris,ITA
athlete_lindsay_davenport,Lindsay Davenport,USA
athlete_jana_novotná,Jana Novotná,CZE
athlete_peter_antoniestephen_hawkins,Peter AntonieStephen Hawkins,AUS
athlete_arnold_jonkechristoph_zerbst,Arnold JonkeChristoph Zerbst,AUT
athlete_nico_rienkshenk_jan_zwolle,Nico RienksHenk-Jan Zwolle,NED
athlete_magnus_moanmagnus_krogjørgen_graabakhåvard_klemetsen,Magnus MoanMagnus KrogJørgen GraabakHåvard Klemetsen,NOR
athlete_fabian_rießlebjörn_kircheisenjohannes_rydzekeric_frenzel,Fabian RießleBjörn KircheisenJohannes RydzekEric Frenzel,GER
athlete_lukas_klapferchristoph_bielermario_stecherbernhard_gruber,Lukas KlapferChristoph BielerMario StecherBernhard Gruber,AUT
athlete_jang_ji_won,Jang Ji-Won,KOR
athlete_nia_abdallah,Nia Abdallah,USA
athlete_iridia_salazar,Iridia Salazar,MEX
athlete_kōsei_inoue,Kōsei Inoue,JPN
athlete_nicolas_gill,Nicolas Gill,CAN
athlete_yury_styopkin,Yury Styopkin,RUS
athlete_stéphane_traineau,Stéphane Traineau,FRA
athlete_cullen_jones,Cullen Jones,USA
athlete_lai_shan_lee,Lai Shan Lee,HKG
athlete_bernd_dittert_christian_meyeruwe_peschelmichael_rich,Bernd Dittert Christian MeyerUwe PeschelMichael Rich,GER
athlete_flavio_anastasia_luca_colombo_gianfranco_contri_andrea_peron,Flavio Anastasia Luca Colombo Gianfranco Contri Andrea Peron,ITA
athlete_hervé_boussarddidier_faivre_pierretphilippe_gaumontjean_louis_harel,"Hervé BoussardDidier Faivre-PierretPhilippe Gaumont,Jean-Louis Harel",FRA
athlete_yana_egorian,Yana Egorian,RUS
athlete_olha_zhovnirolga_kharlanhalyna_pundykolena_khomrova,Olha ZhovnirOlga KharlanHalyna PundykOlena Khomrova,UKR
athlete_bao_yingyinghuang_haiyangni_hongtan_xue,Bao YingyingHuang HaiyangNi HongTan Xue,CHN
athlete_sada_jacobsonrebecca_wardmariel_zagunis,Sada JacobsonRebecca WardMariel Zagunis,USA
athlete_jonas_edman,Jonas Edman,SWE
athlete_torben_grimmel,Torben Grimmel,DEN
athlete_florence_baverel_robert,Florence Baverel-Robert,FRA
athlete_anna_carin_olofsson,Anna Carin Olofsson,SWE
athlete_lilia_efremova,Lilia Efremova,UKR
athlete_ato_boldon,Ato Boldon,TRI
athlete_obadele_thompson,Obadele Thompson,BAR
athlete_mikaela_shiffrin,Mikaela Shiffrin,USA
athlete_kathrin_zettel,Kathrin Zettel,AUT
athlete_daichi_suzuki,Daichi Suzuki,JPN
athlete_david_berkoff,David Berkoff,USA
athlete_carly_patterson,Carly Patterson,USA
athlete_svetlana_khorkina,Svetlana Khorkina,RUS
athlete_zhang_nan,Zhang Nan,CHN
athlete_michael_diamond,Michael Diamond,AUS
athlete_josh_lakatos,Josh Lakatos,USA
athlete_lance_bade,Lance Bade,USA
athlete_gu_bon_gilwon_woo_youngkim_jung_hwanoh_eun_seok,Gu Bon-gilWon Woo-youngKim Jung-hwanOh Eun-seok,KOR
athlete_rareș_dumitrescutiberiu_dolniceanuflorin_zalomiralexandru_sirițeanu,Rareș DumitrescuTiberiu DolniceanuFlorin ZalomirAlexandru Sirițeanu,ROU
athlete_diego_occhuizzialdo_montanoluigi_sameleluigi_tarantino,Diego OcchuizziAldo MontanoLuigi SameleLuigi Tarantino,ITA
athlete_david_wharton,David Wharton,USA
athlete_shirvani_muradov,Shirvani Muradov,RUS
athlete_michel_batista,Michel Batista,CUB
athlete_yves_loday_nicolas_hénard,Yves Loday Nicolas Hénard,FRA
athlete_randy_smyth_keith_notary,Randy Smyth Keith Notary,USA
athlete_mitch_booth_john_robert_forbes,Mitch Booth John Robert Forbes,AUS
athlete_dimitrij_ovtcharov,Dimitrij Ovtcharov,GER
athlete_bekzat_sattarkhanov,Bekzat Sattarkhanov,KAZ
athlete_ricardo_juarez,Ricardo Juarez,USA
athlete_tahar_tamsamani,Tahar Tamsamani,MAR
athlete_kamil_djamaloudinov,Kamil Djamaloudinov,RUS
athlete_chen_shih_hsin,Chen Shih-Hsin,TPE
athlete_yanelis_labrada,Yanelis Labrada,CUB
athlete_yaowapa_boorapolchai,Yaowapa Boorapolchai,THA
athlete_jan_blokhuijsen,Jan Blokhuijsen,NED
athlete_jorrit_bergsma,Jorrit Bergsma,NED
athlete_jürgen_schult,Jürgen Schult,GDR
athlete_romas_ubartas,Romas Ubartas,URS
athlete_rolf_danneberg,Rolf Danneberg,FRG
athlete_sibelis_veranes,Sibelis Veranes,CUB
athlete_kate_howey,Kate Howey,GBR
athlete_ylenia_scapin,Ylenia Scapin,ITA
athlete_iker_martínezxabier_fernández,Iker MartínezXabier Fernández,ESP
athlete_rodion_lukageorge_leonchuk,Rodion LukaGeorge Leonchuk,UKR
athlete_chris_drapersimon_hiscocks,Chris DraperSimon Hiscocks,GBR
athlete_chris_jacobs,Chris Jacobs,USA
athlete_stéphan_caron,Stéphan Caron,FRA
athlete_huang_xiaomin,Huang Xiaomin,CHN
athlete_dani_kinglaura_trottjoanna_rowsell,Dani KingLaura TrottJoanna Rowsell,GBR
athlete_sarah_hammerdotsie_bauschjennie_reedlauren_tamayo,Sarah HammerDotsie BauschJennie ReedLauren Tamayo,USA
athlete_tara_whittengillian_carletonjasmin_glaesser,Tara WhittenGillian CarletonJasmin Glaesser,CAN
athlete_martina_schild,Martina Schild,SUI
athlete_jon_rønningen,Jon Rønningen,NOR
athlete_alfred_ter_mkrtchyan,Alfred Ter-Mkrtchyan,EUN
athlete_min_kyung_gab,Min Kyung-gab,KOR
athlete_ekaterina_gordeevasergei_grinkov,Ekaterina GordeevaSergei Grinkov,RUS
athlete_natalia_mishkutenokartur_dmitriev,Natalia MishkutenokArtur Dmitriev,RUS
athlete_isabelle_brasseurlloyd_eisler,Isabelle BrasseurLloyd Eisler,CAN
athlete_tatjana_mittermayer,Tatjana Mittermayer,GER
athlete_li_duihong,Li Duihong,CHN
athlete_diana_iorgova,Diana Iorgova,BUL
athlete_oleg_saitov,Oleg Saitov,RUS
athlete_sergey_dotsenko,Sergey Dotsenko,UKR
athlete_vitaly_gruşac,Vitaly Gruşac,MDA
athlete_dorel_simion,Dorel Simion,ROM
athlete_audley_harrison,Audley Harrison,GBR
athlete_mukhtarkhan_dildabekov,Mukhtarkhan Dildabekov,KAZ
athlete_paolo_vidoz,Paolo Vidoz,ITA
athlete_rustam_saidov,Rustam Saidov,UZB
athlete_martin_johnsrud_sundby,Martin Johnsrud Sundby,NOR
athlete_alexander_popov,Alexander Popov,RUS
athlete_gary_hall_jr,"Gary Hall, Jr.",USA
athlete_jia_zhanbo,Jia Zhanbo,CHN
athlete_michael_anti,Michael Anti,USA
athlete_christian_planer,Christian Planer,AUT
athlete_nicola_thost,Nicola Thost,GER
athlete_stine_brun_kjeldaas,Stine Brun Kjeldaas,NOR
athlete_shannon_dunn_downing,Shannon Dunn-Downing,USA
athlete_michael_gross,Michael Gross,FRG
athlete_benny_nielsen,Benny Nielsen,DEN
athlete_anthony_mosse,Anthony Mosse,NZL
athlete_françoise_mbango_etone,Françoise Mbango Etone,CMR
athlete_yargelis_savigne,Yargelis Savigne,CUB
athlete_dinara_safina,Dinara Safina,RUS
athlete_vera_zvonareva,Vera Zvonareva,RUS
athlete_robert_korzeniowski,Robert Korzeniowski,POL
athlete_aleksey_voyevodin,Aleksey Voyevodin,RUS
athlete_pierre_durand_jr,Pierre Durand Jr.,FRA
athlete_greg_best,Greg Best,USA
athlete_karsten_huck,Karsten Huck,FRG
athlete_celine_goberville,Celine Goberville,FRA
athlete_olena_kostevych,Olena Kostevych,UKR
athlete_alin_moldoveanu,Alin Moldoveanu,ROU
athlete_gagan_narang,Gagan Narang,IND
athlete_svetlana_pechorskaya,Svetlana Pechorskaya,EUN
athlete_tatjana_hüfner,Tatjana Hüfner,GER
athlete_andrea_minguzzi,Andrea Minguzzi,ITA
athlete_zoltán_fodor,Zoltán Fodor,HUN
athlete_nazmi_avluca,Nazmi Avluca,TUR
athlete_carlo_janka,Carlo Janka,SUI
athlete_támara_echegoyenángela_pumariegasofía_toro,Támara EchegoyenÁngela PumariegaSofía Toro,ESP
athlete_olivia_pricenina_curtislucinda_whitty,Olivia PriceNina CurtisLucinda Whitty,AUS
athlete_silja_lehtinensilja_kanerva_mikaela_wulff,Silja LehtinenSilja Kanerva Mikaela Wulff,FIN
athlete_drew_ginn_duncan_free,Drew Ginn Duncan Free,AUS
athlete_dave_calder_scott_frandsen,Dave Calder Scott Frandsen,CAN
athlete_nathan_twaddle_george_bridgewater,Nathan Twaddle George Bridgewater,NZL
athlete_fernando_leon_jose_luis_ballester,Fernando Leon Jose Luis Ballester,ESP
athlete_mitch_booth_andrew_landenberger,Mitch Booth Andrew Landenberger,AUS
athlete_lars_grael_henrique_pellicano,Lars Grael Henrique Pellicano,BRA
athlete_bente_skari,Bente Skari,NOR
athlete_peter_wilson,Peter Wilson,GBR
athlete_håkan_dahlby,Håkan Dahlby,SWE
athlete_vasily_mosin,Vasily Mosin,RUS
athlete_svetlana_ishmouratova,Svetlana Ishmouratova,RUS
athlete_christine_nesbitt,Christine Nesbitt,CAN
athlete_annette_gerritsen,Annette Gerritsen,NED
athlete_laurine_van_riessen,Laurine van Riessen,NED
athlete_christian_cantwell,Christian Cantwell,USA
athlete_dylan_armstrong,Dylan Armstrong,CAN
athlete_hossein_rezazadeh,Hossein Rezazadeh,IRI
athlete_viktors_ščerbatihs,Viktors Ščerbatihs,LAT
athlete_velichko_cholakov,Velichko Cholakov,BUL
athlete_jasna_šekarić,Jasna Šekarić,YUG
athlete_marina_dobrantcheva,Marina Dobrantcheva,URS
athlete_torben_graelmarcelo_ferreira,Torben GraelMarcelo Ferreira,BRA
athlete_david_ross_macdonaldmike_wolfs,David Ross MacDonaldMike Wolfs,CAN
athlete_pascal_rambeauxavier_rohart,Pascal RambeauXavier Rohart,FRA
athlete_kim_kyong_hun,Kim Kyong-hun,KOR
athlete_daniel_trenton,Daniel Trenton,AUS
athlete_ainārs_kovals,Ainārs Kovals,LAT
athlete_tero_pitkämäki,Tero Pitkämäki,FIN
athlete_olga_vilukhina,Olga Vilukhina,RUS
athlete_vita_semerenko,Vita Semerenko,UKR
athlete_markus_rogan,Markus Rogan,AUT
athlete_răzvan_florea,Răzvan Florea,ROM
athlete_seth_wescott,Seth Wescott,USA
athlete_mike_robertson,Mike Robertson,CAN
athlete_tony_ramoin,Tony Ramoin,FRA
athlete_daryl_homer,Daryl Homer,USA
athlete_kim_jung_hwan,Kim Jung-hwan,KOR
athlete_kim_jang_mi,Kim Jang-Mi,KOR
athlete_driulys_gonzález,Driulys González,CUB
athlete_jung_sun_yong,Jung Sun-yong,KOR
athlete_isabel_fernández,Isabel Fernández,ESP
athlete_marisabel_lomba,Marisabel Lomba,BEL
athlete_franziska_schenk,Franziska Schenk,GER
athlete_sage_kotsenburg,Sage Kotsenburg,USA
athlete_ståle_sandbech,Ståle Sandbech,NOR
athlete_mark_mcmorris,Mark McMorris,CAN
athlete_jason_queally,Jason Queally,GBR
athlete_stefan_nimke,Stefan Nimke,GER
athlete_lars_nelsondaniel_rickardssonjohan_olssonmarcus_hellner,Lars NelsonDaniel RickardssonJohan OlssonMarcus Hellner,SWE
athlete_dmitry_yaparovalexander_bessmertnykhalexander_legkovmaxim_vylegzhanin,Dmitry YaparovAlexander BessmertnykhAlexander LegkovMaxim Vylegzhanin,RUS
athlete_jean_marc_gaillardmaurice_manificatrobin_duvillardivan_perrillat_boiteux,Jean-Marc GaillardMaurice ManificatRobin DuvillardIvan Perrillat Boiteux,FRA
athlete_tony_martin,Tony Martin,GER
athlete_chris_froome,Chris Froome,GBR
athlete_wladimir_klitschko,Wladimir Klitschko,UKR
athlete_paea_wolfgramm,Paea Wolfgramm,TGA
athlete_duncan_dokiwari,Duncan Dokiwari,NGR
athlete_alexei_lezin,Alexei Lezin,RUS
athlete_an_han_bong,An Han-bong,KOR
athlete_rıfat_yıldız,Rıfat Yıldız,GER
athlete_sheng_zetian,Sheng Zetian,CHN
athlete_ingeburg_schwerzmannstefani_werremeier,Ingeburg SchwerzmannStefani Werremeier,GER
athlete_stephanie_piersonanna_seaton,Stephanie PiersonAnna Seaton,USA
athlete_nevin_galmarini,Nevin Galmarini,SUI
athlete_justin_huishrichard_johnsonrod_white,Justin HuishRichard JohnsonRod White,USA
athlete_jang_yong_hokim_bo_ramoh_kyo_moon,Jang Yong-HoKim Bo-RamOh Kyo-Moon,KOR
athlete_matteo_bisianimichele_frangilliandrea_parenti,Matteo BisianiMichele FrangilliAndrea Parenti,ITA
athlete_asbel_kiprop,Asbel Kiprop,KEN
athlete_nicholas_willis,Nicholas Willis,NZL
athlete_mehdi_baala,Mehdi Baala,FRA
athlete_félix_savón,Félix Savón,CUB
athlete_sultan_ibragimov,Sultan Ibragimov,RUS
athlete_vladimer_tchanturia,Vladimer Tchanturia,GEO
athlete_sebastian_köber,Sebastian Köber,GER
athlete_kim_kyung_wook,Kim Kyung-Wook,KOR
athlete_he_ying,He Ying,CHN
athlete_olena_sadovnycha,Olena Sadovnycha,UKR
athlete_martina_ertl_renz,Martina Ertl-Renz,GER
athlete_andré_hoffmann,André Hoffmann,GDR
athlete_eric_flaim,Eric Flaim,USA
athlete_christa_rothenburger,Christa Rothenburger,GDR
athlete_walton_eller,Walton Eller,USA
athlete_francesco_daniello,Francesco D'Aniello,ITA
athlete_hu_binyuan,Hu Binyuan,CHN
athlete_valentina_vezzalielisa_di_franciscaarianna_errigoilaria_salvatori,Valentina VezzaliElisa Di FranciscaArianna ErrigoIlaria Salvatori,ITA
athlete_aida_chanaevalarisa_korobeynikovainna_deriglazovakamila_gafurzyanova,Aida ChanaevaLarisa KorobeynikovaInna DeriglazovaKamila Gafurzyanova,RUS
athlete_nam_hyun_heejeon_hee_sookjung_gil_okoh_ha_na,Nam Hyun-HeeJeon Hee-SookJung Gil-OkOh Ha-Na,KOR
athlete_matthias_steiner,Matthias Steiner,GER
athlete_evgeny_chigishev,Evgeny Chigishev,RUS
athlete_andrea_henkel,Andrea Henkel,GER
athlete_liv_grete_poirée,Liv Grete Poirée,NOR
athlete_denise_lewis,Denise Lewis,GBR
athlete_yelena_prokhorova,Yelena Prokhorova,RUS
athlete_natallia_sazanovich,Natallia Sazanovich,BLR
athlete_alexei_grishin,Alexei Grishin,BLR
athlete_jeret_peterson,Jeret Peterson,USA
athlete_liu_zhongqing,Liu Zhongqing,CHN
athlete_wilfred_bungei,Wilfred Bungei,KEN
athlete_ismail_ahmed_ismail,Ismail Ahmed Ismail,SUD
athlete_alfred_kirwa_yego,Alfred Kirwa Yego,KEN
athlete_nikita_kryukov,Nikita Kryukov,RUS
athlete_alexander_panzhinskiy,Alexander Panzhinskiy,RUS
athlete_maiken_caspersen_falla,Maiken Caspersen Falla,NOR
athlete_ingvild_flugstad_østberg,Ingvild Flugstad Østberg,NOR
athlete_vesna_fabjan,Vesna Fabjan,SLO
athlete_henadzi_aliashchuk,Henadzi Aliashchuk,BLR
athlete_kim_jo_sunkim_kyung_wookyoon_hye_young,Kim Jo-SunKim Kyung-WookYoon Hye-Young,KOR
athlete_barbara_mensingcornelia_pfohlsandra_wagner_sachse,Barbara MensingCornelia PfohlSandra Wagner-Sachse,GER
athlete_iwona_dzięciołkatarzyna_klatajoanna_nowicka,Iwona DzięciołKatarzyna KlataJoanna Nowicka,POL
athlete_christoph_sieber,Christoph Sieber,AUT
athlete_carlos_espinola,Carlos Espinola,ARG
athlete_aaron_mcintosh,Aaron McIntosh,NZL
athlete_danka_barteková,Danka Barteková,SVK
athlete_daniel_rickardsson,Daniel Rickardsson,SWE
athlete_irina_karavaeva,Irina Karavaeva,RUS
athlete_oxana_tsyhuleva,Oxana Tsyhuleva,UKR
athlete_karen_cockburn,Karen Cockburn,CAN
athlete_anders_holmertz,Anders Holmertz,SWE
athlete_jefferson_pérez,Jefferson Pérez,ECU
athlete_ilya_markov,Ilya Markov,RUS
athlete_bernardo_segura,Bernardo Segura,MEX
athlete_ivan_ivanov,Ivan Ivanov,BUL
athlete_lin_qisheng,Lin Qisheng,CHN
athlete_traian_cihărean,Traian Cihărean,ROU
athlete_zhang_yanmei,Zhang Yanmei,CHN
athlete_amy_peterson,Amy Peterson,USA
athlete_ludger_beerbaum,Ludger Beerbaum,GER
athlete_piet_raymakers,Piet Raymakers,NED
athlete_norman_dello_joio,Norman Dello Joio,USA
athlete_alexey_alipov,Alexey Alipov,RUS
athlete_adam_vella,Adam Vella,AUS
athlete_tanja_poutiainen,Tanja Poutiainen,FIN
athlete_anna_ottosson,Anna Ottosson,SWE
athlete_amir_reza_khadem,Amir Reza Khadem,IRI
athlete_tim_baillieetienne_stott,Tim BaillieEtienne Stott,GBR
athlete_pavol_hochschornerpeter_hochschorner,Pavol HochschornerPeter Hochschorner,SVK
athlete_halvard_hanevoldtarjei_bøemil_hegle_svendsenole_einar_bjørndalen,Halvard HanevoldTarjei BøEmil Hegle SvendsenOle Einar Bjørndalen,NOR
athlete_simon_ederdaniel_mesotitschdominik_landertingerchristoph_sumann,Simon EderDaniel MesotitschDominik LandertingerChristoph Sumann,AUT
athlete_fredrik_lindströmcarl_johan_bergmanmattias_nilssonbjörn_ferry,Fredrik LindströmCarl Johan BergmanMattias NilssonBjörn Ferry,SWE
athlete_frank_luck,Frank Luck,GER
athlete_viktor_maigourov,Viktor Maigourov,RUS
athlete_leuris_pupo,Leuris Pupo,CUB
athlete_vijay_kumar,Vijay Kumar,IND
athlete_ding_feng,Ding Feng,CHN
athlete_petra_majdič,Petra Majdič,SLO
athlete_oh_jin_hyek,Oh Jin-hyek,KOR
athlete_takaharu_furukawa,Takaharu Furukawa,JPN
athlete_dai_xiaoxiang,Dai Xiaoxiang,CHN
athlete_maider_unda,Maider Unda,ESP
athlete_daniele_garozzo,Daniele Garozzo,ITA
athlete_alexander_massialas,Alexander Massialas,USA
athlete_timur_safin,Timur Safin,RUS
athlete_gauthier_grumieryannick_boreldaniel_jérentjean_michel_lucenay,Gauthier GrumierYannick BorelDaniel JérentJean-Michel Lucenay,FRA
athlete_enrico_garozzomarco_ficherapaolo_pizzoandrea_santarelli,Enrico GarozzoMarco FicheraPaolo PizzoAndrea Santarelli,ITA
athlete_géza_imregábor_boczkóandrás_rédlipéter_somfai,Géza ImreGábor BoczkóAndrás RédliPéter Somfai,HUN
athlete_andrey_chemerkin,Andrey Chemerkin,RUS
athlete_stefan_botev_khristov,Stefan Botev Khristov,AUS
athlete_anna_tunnicliffe,Anna Tunnicliffe,USA
athlete_gintarė_scheidt,Gintarė Scheidt,LTU
athlete_nina_reithmayer,Nina Reithmayer,AUT
athlete_natalie_geisenberger,Natalie Geisenberger,GER
athlete_daniela_ceccarelli,Daniela Ceccarelli,ITA
athlete_karen_putzer,Karen Putzer,ITA
athlete_constantina_diṭă_tomescu,Constantina Diṭă-Tomescu,ROU
athlete_catherine_ndereba,Catherine Ndereba,KEN
athlete_zhou_chunxiu,Zhou Chunxiu,CHN
athlete_gabriella_paruzzi,Gabriella Paruzzi,ITA
athlete_jang_yong_hokim_chung_taeoh_kyo_moon,Jang Yong-HoKim Chung-taeOh Kyo-Moon,KOR
athlete_matteo_bisianiilario_di_buòmichele_frangilli,Matteo BisianiIlario Di BuòMichele Frangilli,ITA
athlete_butch_johnsonrod_whitevic_wunderle,Butch JohnsonRod WhiteVic Wunderle,USA
athlete_armin_zöggeler,Armin Zöggeler,ITA
athlete_albert_demtschenko,Albert Demtschenko,RUS
athlete_mārtiņš_rubenis,Mārtiņš Rubenis,LAT
athlete_li_jie,Li Jie,CHN
athlete_jozef_gönci,Jozef Gönci,SVK
athlete_oleg_kucherenko,Oleg Kucherenko,EUN
athlete_vincenzo_maenza,Vincenzo Maenza,ITA
athlete_wilber_sánchez,Wilber Sánchez,CUB
athlete_zhou_yang,Zhou Yang,CHN
athlete_lee_eun_byul,Lee Eun-byul,KOR
athlete_suzanne_balogh,Suzanne Balogh,AUS
athlete_maría_quintanal,María Quintanal,ESP
athlete_marty_nothstein,Marty Nothstein,USA
athlete_jens_fiedler,Jens Fiedler,GER
athlete_ri_hak_son,Ri Hak-son,PRK
athlete_zeke_jones,Zeke Jones,USA
athlete_valentin_yordanov,Valentin Yordanov,BUL
athlete_donna_weinbrecht,Donna Weinbrecht,USA
athlete_katalin_kovácsnatasa_dusev_janics,Katalin KovácsNatasa Dusev-Janics,HUN
athlete_hans_wallén_bobby_lohse,Hans Wallén Bobby Lohse,SWE
athlete_colin_beashel_david_giles,Colin Beashel David Giles,AUS
athlete_shirley_robertson,Shirley Robertson,GBR
athlete_serena_amato,Serena Amato,ARG
athlete_maria_olaru,Maria Olaru,ROU
athlete_liu_xuan,Liu Xuan,CHN
athlete_silvio_martinello,Silvio Martinello,ITA
athlete_brian_walton,Brian Walton,CAN
athlete_stuart_ogrady,Stuart O'Grady,AUS
athlete_penny_heyns,Penny Heyns,RSA
athlete_ágnes_kovács,Ágnes Kovács,HUN
athlete_grigory_kiriyenko_sergey_sharikov_stanislav_pozdnyakov,Grigory Kiriyenko Sergey Sharikov Stanislav Pozdnyakov,RUS
athlete_bence_szabó_csaba_köves_józsef_navarrete,Bence Szabó Csaba Köves József Navarrete,HUN
athlete_luigi_tarantino_raffaelo_caserta_tonhi_terenzi,Luigi Tarantino Raffaelo Caserta Tonhi Terenzi,ITA
athlete_namig_abdullayev,Namig Abdullayev,AZE
athlete_sammie_henson,Sammie Henson,USA
athlete_amiran_kardanov,Amiran Kardanov,GRE
athlete_lin_li,Lin Li,CHN
athlete_summer_sanders,Summer Sanders,USA
athlete_noriko_anno,Noriko Anno,JPN
athlete_liu_xia,Liu Xia,CHN
athlete_yurisel_laborde,Yurisel Laborde,CUB
athlete_lucia_morico,Lucia Morico,ITA
athlete_rita_könig,Rita König,GER
athlete_giovanna_trillini,Giovanna Trillini,ITA
athlete_michelle_smith,Michelle Smith,IRL
athlete_marianne_limpert,Marianne Limpert,CAN
athlete_wolfgang_perner,Wolfgang Perner,AUT
athlete_hermann_maier,Hermann Maier,AUT
athlete_hans_knauss,Hans Knauss,AUT
athlete_didier_cuche,Didier Cuche,SUI
athlete_denis_pankratov,Denis Pankratov,RUS
athlete_tom_malchow,Tom Malchow,USA
athlete_scott_goodman,Scott Goodman,AUS
athlete_brigitte_mcmahon,Brigitte McMahon,SUI
athlete_michellie_jones,Michellie Jones,AUS
athlete_magali_messmer,Magali Messmer,SUI
athlete_steve_lewis,Steve Lewis,USA
athlete_butch_reynolds,Butch Reynolds,USA
athlete_danny_everett,Danny Everett,USA
athlete_brahim_boutayeb,Brahim Boutayeb,MAR
athlete_salvatore_antibo,Salvatore Antibo,ITA
athlete_kipkemboi_kimeli,Kipkemboi Kimeli,KEN
athlete_roger_kingdom,Roger Kingdom,USA
athlete_colin_jackson,Colin Jackson,GBR
athlete_tonie_campbell,Tonie Campbell,USA
athlete_launi_meili,Launi Meili,USA
athlete_nonka_matova,Nonka Matova,BUL
athlete_małgorzata_książkiewicz,Małgorzata Książkiewicz,POL
athlete_joey_cheek,Joey Cheek,USA
athlete_erben_wennemars,Erben Wennemars,NED
athlete_rogelio_marcelo,Rogelio Marcelo,CUB
athlete_jan_quast,Jan Quast,GER
athlete_roel_velasco,Roel Velasco,PHI
athlete_sylwia_gruchała,Sylwia Gruchała,POL
athlete_ivailo_marinov,Ivailo Marinov,BUL
athlete_michael_carbajal,Michael Carbajal,USA
athlete_leopoldo_serantes,Leopoldo Serantes,PHI
athlete_róbert_isaszegi,Róbert Isaszegi,HUN
athlete_karina_aznavuryan_tatyana_logunova_mariya_mazina_oksana_yermakova,Karina Aznavuryan Tatyana Logunova Mariya Mazina Oksana Yermakova,RUS
athlete_gianna_hablützel_bürki_sophie_lamon_diana_romagnoli,Gianna Hablützel-Bürki Sophie Lamon Diana Romagnoli,SUI
athlete_li_na_liang_qin_yang_shaoqi,Li Na Liang Qin Yang Shaoqi,CHN
athlete_reuben_kosgei,Reuben Kosgei,KEN
athlete_wilson_boit_kipketer,Wilson Boit Kipketer,KEN
athlete_ali_ezzine,Ali Ezzine,MAR
athlete_armen_mkrtchyan,Armen Mkrtchyan,ARM
athlete_alexis_vila,Alexis Vila,CUB
athlete_takashi_kobayashi,Takashi Kobayashi,JPN
athlete_ivan_tsonov,Ivan Tsonov,BUL
athlete_sergey_karamchakov,Sergey Karamchakov,URS
athlete_le_jingyi,Le Jingyi,CHN
athlete_sandra_völker,Sandra Völker,GER
athlete_angel_martino,Angel Martino,USA
athlete_lutz_heßlich,Lutz Heßlich,GDR
athlete_nikolai_kovsh,Nikolai Kovsh,URS
athlete_gary_neiwand,Gary Neiwand,AUS
athlete_cathérine_fleury,Cathérine Fleury,FRA
athlete_yael_arad,Yael Arad,ISR
athlete_yelena_petrova,Yelena Petrova,EUN
athlete_zhang_di,Zhang Di,CHN
athlete_djamel_bouras,Djamel Bouras,FRA
athlete_toshihiko_koga,Toshihiko Koga,JPN
athlete_cho_in_chul,Cho In-chul,KOR
athlete_soso_liparteliani,Soso Liparteliani,GEO
athlete_franck_piccard,Franck Piccard,FRA
athlete_helmut_mayer,Helmut Mayer,AUT
athlete_lars_börje_eriksson,Lars-Börje Eriksson,SWE
athlete_pawel_nastula,Pawel Nastula,POL
athlete_kim_min_soo,Kim Min-soo,KOR
athlete_aurélio_miguel,Aurélio Miguel,BRA
athlete_pascal_richard,Pascal Richard,SUI
athlete_rolf_sørensen,Rolf Sørensen,DEN
athlete_max_sciandri,Max Sciandri,GBR
athlete_wang_junxia,Wang Junxia,CHN
athlete_anja_fichtel_mauritz,Anja Fichtel-Mauritz,FRG
athlete_sabine_bau,Sabine Bau,FRG
athlete_zita_eva_funkenhauser,Zita-Eva Funkenhauser,FRG
athlete_cael_sanderson,Cael Sanderson,USA
athlete_moon_eui_jae,Moon Eui-jae,KOR
athlete_sazhid_sazhidov,Sazhid Sazhidov,RUS
athlete_yelena_rudkovskaya,Yelena Rudkovskaya,EUN
athlete_anita_nall,Anita Nall,USA
athlete_samantha_riley,Samantha Riley,AUS
athlete_brooke_bennett,Brooke Bennett,USA
athlete_diana_munz,Diana Munz,USA
athlete_claudia_poll,Claudia Poll,CRC
athlete_francesca_bortolozzi_borella_giovanna_trillini_valentina_vezzali,"Francesca Bortolozzi-Borella, Giovanna Trillini, Valentina Vezzali",ITA
athlete_laura_cârlescu_badea_reka_zsofia_lazăr_szabo_roxana_scarlat,"Laura Cârlescu-Badea, Reka Zsofia Lazăr-Szabo, Roxana Scarlat",ROU
athlete_anja_fichtel_mauritz_monika_weber_koszto_sabine_bau,"Anja Fichtel-Mauritz, Monika Weber-Koszto, Sabine Bau",GER
athlete_giovanna_trillini_margherita_zalaffi_francesca_bortolozzi_borella_diana_bianchedi_dorina_vaccaroni,"Giovanna Trillini, Margherita Zalaffi, Francesca Bortolozzi-Borella, Diana Bianchedi, Dorina Vaccaroni",ITA
athlete_zita_eva_funkenhauser_sabine_bau_anja_fichtel_mauritz_monika_weber_koszto_annette_dobmeier,"Zita-Eva Funkenhauser, Sabine Bau, Anja Fichtel-Mauritz, Monika Weber-Koszto, Annette Dobmeier",GER
athlete_reka_zsofia_lazăr_szabo_claudia_grigorescu_elisabeta_guzganu_tufan_laura_cârlescu_badea_roxana_dumitrescu,"Reka Zsofia Lazăr-Szabo, Claudia Grigorescu, Elisabeta Guzganu-Tufan, Laura Cârlescu-Badea, Roxana Dumitrescu",ROU
athlete_melvin_stewart,Melvin Stewart,USA
athlete_danyon_loader,Danyon Loader,NZL
athlete_franck_esposito,Franck Esposito,FRA
athlete_aleksandr_romankov_ilgar_mammadov_vladimer_aptsiauri_anvar_ibragimov_boris_koretsky,Aleksandr Romankov Ilgar Mammadov Vladimer Aptsiauri Anvar Ibragimov Boris Koretsky,URS
athlete_matthias_gey_thorsten_weidner_matthias_behr_ulrich_schreck_thomas_endres,Matthias Gey Thorsten Weidner Matthias Behr Ulrich Schreck Thomas Endres,FRG
athlete_zsolt_érsek_pál_szekeres_istván_szelei_istván_busa_róbert_gátai,Zsolt Érsek Pál Szekeres István Szelei István Busa Róbert Gátai,HUN
athlete_bart_veldkamp,Bart Veldkamp,NED
athlete_ids_postma,Ids Postma,NED
athlete_jan_bos,Jan Bos,NED
athlete_hiroyasu_shimizu,Hiroyasu Shimizu,JPN
athlete_marc_meiling,Marc Meiling,FRG
athlete_dennis_stewart,Dennis Stewart,GBR
athlete_robert_van_de_walle,Robert Van de Walle,BEL
athlete_matthew_birir,Matthew Birir,KEN
athlete_patrick_sang,Patrick Sang,KEN
athlete_william_mutwol,William Mutwol,KEN
athlete_allison_wagner,Allison Wagner,USA
athlete_thomas_frischknecht,Thomas Frischknecht,SUI
athlete_daniel_plaza,Daniel Plaza,ESP
athlete_guillaume_leblanc,Guillaume LeBlanc,CAN
athlete_giovanni_de_benedictis,Giovanni De Benedictis,ITA
athlete_zhang_shan,Zhang Shan,CHN
athlete_juan_giha,Juan Giha,PER
athlete_bruno_rossetti,Bruno Rossetti,ITA
athlete_zsuzsanna_vörös,Zsuzsanna Vörös,HUN
athlete_jeļena_rubļevska,Jeļena Rubļevska,LAT
athlete_georgina_harland,Georgina Harland,GBR
athlete_chen_yueling,Chen Yueling,CHN
athlete_yelena_nikolayeva,Yelena Nikolayeva,EUN
athlete_li_chunxiu,Li Chunxiu,CHN
athlete_stefka_kostadinova,Stefka Kostadinova,BUL
athlete_niki_bakogianni,Niki Bakogianni,GRE
athlete_inha_babakova,Inha Babakova,UKR
athlete_martina_hellmann,Martina Hellmann,GDR
athlete_diana_gansky,Diana Gansky,GDR
athlete_tsvetanka_khristova,Tsvetanka Khristova,BUL
athlete_wang_xu,Wang Xu,CHN
athlete_yevgeny_sadovyi,Yevgeny Sadovyi,EUN
athlete_giaan_rooney_leisel_jones_petria_thomas_jodie_henry_brooke_hanson_alice_mills_jessicah_schipper,"Giaan Rooney, Leisel Jones, Petria Thomas, Jodie Henry, Brooke Hanson*, Alice Mills*, Jessicah Schipper*",AUS
athlete_natalie_coughlin_amanda_beard_jenny_thompson_kara_lynn_joyce_haley_cope_tara_kirk_rachel_komisarz_amanda_weir,"Natalie Coughlin, Amanda Beard, Jenny Thompson, Kara Lynn Joyce, Haley Cope*, Tara Kirk*, Rachel Komisarz*, Amanda Weir*",USA
athlete_antje_buschschulte_sarah_poewe_franziska_van_almsick_daniela_götz_indicates_the_swimmer_only_competed_in_the_preliminary_heats,"Antje Buschschulte, Sarah Poewe, Franziska van Almsick, Daniela Götz *Indicates the swimmer only competed in the preliminary heats.",GER
athlete_duff_gibson,Duff Gibson,CAN
athlete_jeff_pain,Jeff Pain,CAN
athlete_gregor_stähli,Gregor Stähli,SUI
athlete_stephan_eberharter,Stephan Eberharter,AUT
athlete_michael_von_grünigen,Michael von Grünigen,SUI
athlete_jean_françois_lamour,Jean-François Lamour,FRA
athlete_janusz_olech,Janusz Olech,POL
athlete_giovanni_scalzo,Giovanni Scalzo,ITA
athlete_andreas_tews,Andreas Tews,GER
athlete_faustino_reyes,Faustino Reyes,ESP
athlete_ramaz_paliani,Ramaz Paliani,EUN
athlete_hocine_soltani,Hocine Soltani,ALG
athlete_sonja_nef,Sonja Nef,SUI
athlete_jonathan_edwards,Jonathan Edwards,GBR
athlete_yoel_garcía,Yoel García,CUB
athlete_denis_kapustin,Denis Kapustin,RUS
athlete_chen_xiaomin,Chen Xiaomin,CHN
athlete_ioanna_chatziioannou,Ioanna Chatziioannou,GRE
athlete_gennadiy_laliyev,Gennadiy Laliyev,KAZ
athlete_iván_fundora,Iván Fundora,CUB
athlete_kim_jae_yup,Kim Jae-yup,KOR
athlete_kevin_asano,Kevin Asano,USA
athlete_shinji_hosokawa,Shinji Hosokawa,JPN
athlete_amiran_totikashvili,Amiran Totikashvili,URS
athlete_jackie_joyner_kersee,Jackie Joyner-Kersee,USA
athlete_sabine_john,Sabine John,GDR
athlete_anke_behmer,Anke Behmer,GDR
athlete_attila_czene,Attila Czene,HUN
athlete_jani_sievinen,Jani Sievinen,FIN
athlete_curtis_myden,Curtis Myden,CAN
athlete_crissy_ahmann_leighton,Crissy Ahmann-Leighton,USA
athlete_henry_maske,Henry Maske,GDR
athlete_egerton_marcus,Egerton Marcus,CAN
athlete_chris_sande,Chris Sande,KEN
athlete_hussain_shah,Hussain Shah,PAK
athlete_dagmar_hase,Dagmar Hase,GER
athlete_nicole_stevenson,Nicole Stevenson,AUS
athlete_amy_van_dyken,Amy Van Dyken,USA
athlete_liu_limin,Liu Limin,CHN
athlete_noé_hernández,Noé Hernández,MEX
athlete_vladimir_andreyev,Vladimir Andreyev,RUS
athlete_lasse_ottesen,Lasse Ottesen,NOR
athlete_dieter_thoma,Dieter Thoma,GER
athlete_cai_yalin,Cai Yalin,CHN
athlete_artem_khadjibekov,Artem Khadjibekov,RUS
athlete_yevgeni_aleinikov,Yevgeni Aleinikov,RUS
athlete_stefan_topurov,Stefan Topurov,BUL
athlete_ye_huanming,Ye Huanming,CHN
athlete_pablo_morales,Pablo Morales,USA
athlete_rafał_szukała,Rafał Szukała,POL
athlete_noah_ngeny,Noah Ngeny,KEN
athlete_bernard_lagat,Bernard Lagat,KEN
athlete_mika_myllylä,Mika Myllylä,FIN
athlete_erling_jevne,Erling Jevne,NOR
athlete_silvio_fauner,Silvio Fauner,ITA
athlete_varteres_samurgashev,Varteres Samurgashev,RUS
athlete_akaki_chachua,Akaki Chachua,GEO
athlete_wu_wenxiong,Wu Wenxiong,CHN
athlete_mark_kirchner,Mark Kirchner,GER
athlete_harri_eloranta,Harri Eloranta,FIN
athlete_louise_ritter,Louise Ritter,USA
athlete_tamara_bykova,Tamara Bykova,URS
athlete_chandra_crawford,Chandra Crawford,CAN
athlete_claudia_künzel,Claudia Künzel,GER
athlete_alyona_sidko,Alyona Sidko,RUS
athlete_andre_ward,Andre Ward,USA
athlete_magomed_aripgadjiev,Magomed Aripgadjiev,BLR
athlete_ahmed_ismail_el_shamy,Ahmed Ismail El Shamy,EGY
athlete_utkirbek_haydarov,Utkirbek Haydarov,UZB
athlete_casey_fitzrandolph,Casey FitzRandolph,USA
athlete_kip_carpenter,Kip Carpenter,USA
athlete_yandro_quintana,Yandro Quintana,CUB
athlete_masoud_mostafa_jokar,Masoud Mostafa-Jokar,IRI
athlete_kenji_inoue,Kenji Inoue,JPN
athlete_yumileidi_cumbá,Yumileidi Cumbá,CUB
athlete_nadine_kleinert,Nadine Kleinert,GER
athlete_mike_powell,Mike Powell,USA
athlete_joe_greene,Joe Greene,USA
athlete_huang_hua,Huang Hua,CHN
athlete_tang_jiuhong,Tang Jiuhong,CHN
athlete_kevin_young,Kevin Young,USA
athlete_winthrop_graham,Winthrop Graham,JAM
athlete_kriss_akabusi,Kriss Akabusi,GBR
athlete_tonique_williams_darling,Tonique Williams-Darling,BAH
athlete_ana_guevara,Ana Guevara,MEX
athlete_natalya_antyukh,Natalya Antyukh,RUS
athlete_christian_klees,Christian Klees,GER
athlete_sergey_belyayev,Sergey Belyayev,KAZ
athlete_bjørn_dæhlie,Bjørn Dæhlie,NOR
athlete_vladimir_smirnov,Vladimir Smirnov,KAZ
athlete_annemarie_forder,Annemarie Forder,AUS
athlete_aleksandr_karelin,Aleksandr Karelin,URS
athlete_rangel_gerovski,Rangel Gerovski,BUL
athlete_tomas_johansson,Tomas Johansson,SWE
athlete_arsi_harju,Arsi Harju,FIN
athlete_john_godina,John Godina,USA
athlete_paolo_bettini,Paolo Bettini,ITA
athlete_sérgio_paulinho,Sérgio Paulinho,POR
athlete_axel_merckx,Axel Merckx,BEL
athlete_ding_meiyuan,Ding Meiyuan,CHN
athlete_cheryl_haworth,Cheryl Haworth,USA
athlete_sun_fuming,Sun Fuming,CHN
athlete_estela_rodríguez,Estela Rodríguez,CUB
athlete_johanna_hagn,Johanna Hagn,GER
athlete_christine_cicot,Christine Cicot,FRA
athlete_petr_hrdlička,Petr Hrdlička,TCH
athlete_kazumi_watanabe,Kazumi Watanabe,JPN
athlete_marco_venturini,Marco Venturini,ITA
athlete_takafumi_nishitani,Takafumi Nishitani,JPN
athlete_an_yulong,An Yulong,CHN
athlete_hitoshi_uematsu,Hitoshi Uematsu,JPN
athlete_toshiyuki_kuroiwa,Toshiyuki Kuroiwa,JPN
athlete_junichi_inoue,Junichi Inoue,JPN
athlete_ryoko_tani,Ryoko Tani,JPN
athlete_frédérique_jossinet,Frédérique Jossinet,FRA
athlete_gao_feng,Gao Feng,CHN
athlete_julia_matijass,Julia Matijass,GER
athlete_ambrosi_hoffmann,Ambrosi Hoffmann,SUI
athlete_attila_repka,Attila Repka,HUN
athlete_islam_dugushiev,Islam Dugushiev,EUN
athlete_rodney_smith,Rodney Smith,USA
athlete_yulia_nestsiarenka,Yulia Nestsiarenka,BLR
athlete_lauryn_williams,Lauryn Williams,USA
athlete_jean_pierre_amat,Jean-Pierre Amat,FRA
athlete_wolfram_waibel,Wolfram Waibel,AUT
athlete_héctor_vinent,Héctor Vinent,CUB
athlete_oktay_urkal,Oktay Urkal,GER
athlete_fathi_missaoui,Fathi Missaoui,TUN
athlete_bolat_niyazymbetov,Bolat Niyazymbetov,KAZ
athlete_michael_carruth,Michael Carruth,IRL
athlete_juan_hernández_sierra,Juan Hernández Sierra,CUB
athlete_aníbal_santiago_acevedo,Aníbal Santiago Acevedo,PUR
athlete_arkhom_chenglai,Arkhom Chenglai,THA
athlete_marie_claire_restoux,Marie-Claire Restoux,FRA
athlete_hyun_sook_hee,Hyun Sook-hee,KOR
athlete_noriko_sugawara,Noriko Sugawara,JPN
athlete_legna_verdecia,Legna Verdecia,CUB
athlete_filiberto_azcuy,Filiberto Azcuy,CUB
athlete_katsuhiko_nagata,Katsuhiko Nagata,JPN
athlete_aleksey_glushkov,Aleksey Glushkov,RUS
athlete_akakios_kakiasvilis,Akakios Kakiasvilis,GRE
athlete_aleksey_petrov,Aleksey Petrov,RUS
athlete_rogério_sampaio,Rogério Sampaio,BRA
athlete_józsef_csák,József Csák,HUN
athlete_andreas_schönbächler,Andreas Schönbächler,SUI
athlete_philippe_laroche,Philippe LaRoche,CAN
athlete_lloyd_langlois,Lloyd Langlois,CAN
athlete_séverine_vandenhende,Séverine Vandenhende,FRA
athlete_li_shufang,Li Shufang,CHN
athlete_éric_srecki,Éric Srecki,FRA
athlete_jean_michel_henry,Jean-Michel Henry,FRA
athlete_thomas_morgenstern,Thomas Morgenstern,AUT
athlete_andreas_kofler,Andreas Kofler,AUT
athlete_lars_bystøl,Lars Bystøl,NOR
athlete_brad_bridgewater,Brad Bridgewater,USA
athlete_tripp_schwenk,Tripp Schwenk,USA
athlete_emanuele_merisi,Emanuele Merisi,ITA
athlete_boris_kokorev,Boris Kokorev,RUS
athlete_roberto_di_donna,Roberto Di Donna,ITA
athlete_tom_brands,Tom Brands,USA
athlete_jang_jae_sung,Jang Jae-sung,KOR
athlete_elbrus_tedeyev,Elbrus Tedeyev,UKR
athlete_takuya_ota,Takuya Ota,JPN
athlete_christian_schenk,Christian Schenk,GDR
athlete_torsten_voss,Torsten Voss,GDR
athlete_dave_steen,Dave Steen,CAN
athlete_khristo_markov,Khristo Markov,BUL
athlete_igor_lapshin,Igor Lapshin,URS
athlete_aleksandr_kovalenko,Aleksandr Kovalenko,URS
athlete_athanasia_tsoumeleka,Athanasia Tsoumeleka,GRE
athlete_olimpiada_ivanova,Olimpiada Ivanova,RUS
athlete_jane_saville,Jane Saville,AUS
athlete_frédérik_deburghgraeve,Frédérik Deburghgraeve,BEL
athlete_jeremy_linn,Jeremy Linn,USA
athlete_mark_warnecke,Mark Warnecke,GER
athlete_tomomi_morita,Tomomi Morita,JPN
athlete_lenny_krayzelburg,Lenny Krayzelburg,USA
athlete_matt_welsh,Matt Welsh,AUS
athlete_juan_carlos_lemus,Juan Carlos Lemus,CUB
athlete_orhan_delibaş,Orhan Delibaş,NED
athlete_györgy_mizsei,György Mizsei,HUN
athlete_robin_reid,Robin Reid,GBR
athlete_kim_young_nam,Kim Young-nam,KOR
athlete_daulet_turlykhanov,Daulet Turlykhanov,URS
athlete_józef_tracz,Józef Tracz,POL
athlete_nazim_huseynov,Nazim Huseynov,EUN
athlete_yoon_hyun,Yoon Hyun,KOR
athlete_tadanori_koshino,Tadanori Koshino,JPN
athlete_liliana_gafencuveronica_cochelaelena_georgescuanca_tănasedoina_spîrcumarioara_popescuioana_olteanuelisabeta_lipădoina_ignat,Liliana GafencuVeronica CochelaElena GeorgescuAnca TănaseDoina SpîrcuMarioara PopescuIoana OlteanuElisabeta LipăDoina Ignat,ROU
athlete_anna_van_der_kamptosha_tsanglesley_thompsonemma_robinsonjessica_monroeheather_mcdermidmaria_maundertheresa_lukealison_korn,Anna van der KampTosha TsangLesley ThompsonEmma RobinsonJessica MonroeHeather McDermidMaria MaunderTheresa LukeAlison Korn,CAN
athlete_yelena_mikulichmarina_znaknataliya_volcheknataliya_stasyuktamara_davydenkovalentina_skrabatunnataliya_lavrinenkoyaroslava_pavlovichaleksandra_pankina,Yelena MikulichMarina ZnakNataliya VolchekNataliya StasyukTamara DavydenkoValentina SkrabatunNataliya LavrinenkoYaroslava PavlovichAleksandra Pankina,BLR
athlete_gretchen_bleiler,Gretchen Bleiler,USA
athlete_kjersti_buaas,Kjersti Buaas,NOR
athlete_vladimir_salnikov,Vladimir Salnikov,URS
athlete_stefan_pfeiffer,Stefan Pfeiffer,FRG
athlete_song_myeong_seob,Song Myeong-Seob,KOR
athlete_oksana_grishukevgeni_platov,Oksana GrishukEvgeni Platov,RUS
athlete_maya_usovaalexander_zhulin,Maya UsovaAlexander Zhulin,RUS
athlete_jayne_torvillchristopher_dean,Jayne TorvillChristopher Dean,GBR
athlete_ellen_van_langen,Ellen van Langen,NED
athlete_liliya_nurutdinova,Liliya Nurutdinova,EUN
athlete_ana_fidelia_quirot,Ana Fidelia Quirot,CUB
athlete_yevgeny_kafelnikov,Yevgeny Kafelnikov,RUS
athlete_tommy_haas,Tommy Haas,GER
athlete_arnaud_di_pasquale,Arnaud Di Pasquale,FRA
athlete_edgar_grospiron,Edgar Grospiron,FRA
athlete_olivier_allamand,Olivier Allamand,FRA
athlete_nelson_carmichael,Nelson Carmichael,USA
athlete_susie_oneill,Susie O'Neill,AUS
athlete_martina_moravcová,Martina Moravcová,SVK
athlete_yana_klochkova,Yana Klochkova,UKR
athlete_yasuko_tajima,Yasuko Tajima,JPN
athlete_beatrice_câșlaru,Beatrice Câșlaru,ROM
athlete_frode_andresen,Frode Andresen,NOR
athlete_ville_räikkönen,Ville Räikkönen,FIN
athlete_jodie_henry,Jodie Henry,AUS
athlete_inge_de_bruijn,Inge de Bruijn,NED
athlete_emil_milev,Emil Milev,BUL
athlete_vladimir_vokhmyanin,Vladimir Vokhmyanin,KAZ
athlete_georg_hackl,Georg Hackl,GER
athlete_jens_müller,Jens Müller,GER
athlete_arnaud_tournant,Arnaud Tournant,FRA
athlete_mnatsakan_iskandaryan,Mnatsakan Iskandaryan,EUN
athlete_torbjörn_kornbakk,Torbjörn Kornbakk,SWE
athlete_hadi_souan_somayli,Hadi Souan Somayli,KSA
athlete_llewellyn_herbert,Llewellyn Herbert,RSA
athlete_gabi_zange,Gabi Zange,GDR
athlete_alireza_dabir,Alireza Dabir,IRI
athlete_yevhen_buslovych,Yevhen Buslovych,UKR
athlete_terry_brands,Terry Brands,USA
athlete_tom_dolan,Tom Dolan,USA
athlete_erik_vendt,Erik Vendt,USA
athlete_paul_ereng,Paul Ereng,KEN
athlete_joaquim_cruz,Joaquim Cruz,BRA
athlete_saïd_aouita,Saïd Aouita,MAR
athlete_yelena_romanova,Yelena Romanova,EUN
athlete_tetyana_dorovskikh,Tetyana Dorovskikh,EUN
athlete_angela_chalmers,Angela Chalmers,CAN
athlete_konstantinos_kenteris,Konstantinos Kenteris,GRE
athlete_darren_campbell,Darren Campbell,GBR
athlete_markus_wasmeier,Markus Wasmeier,GER
athlete_tommy_moe,Tommy Moe,USA
athlete_kim_dong_sung,Kim Dong-sung,KOR
athlete_li_jiajun,Li Jiajun,CHN
athlete_éric_bédard,Éric Bédard,CAN
athlete_gerard_van_velde,Gerard van Velde,NED
athlete_yeo_kab_soon,Yeo Kab-soon,KOR
athlete_vesela_letcheva,Vesela Letcheva,BUL
athlete_aranka_binder,Aranka Binder,IOP
athlete_libor_capalini,Libor Capalini,CZE
athlete_tatiana_gutsu,Tatiana Gutsu,EUN
athlete_shannon_miller,Shannon Miller,USA
athlete_sevdalin_marinov,Sevdalin Marinov,BUL
athlete_chun_byung_kwan,Chun Byung-kwan,KOR
athlete_he_zhuoqiang,He Zhuoqiang,CHN
athlete_jung_bu_kyung,Jung Bu-kyung,KOR
athlete_manolo_poulot,Manolo Poulot,CUB
athlete_aidyn_smagulov,Aidyn Smagulov,KGZ
athlete_aigars_fadejevs,Aigars Fadejevs,LAT
athlete_joel_sánchez,Joel Sánchez,MEX
athlete_erika_salumäe,Erika Salumäe,EST
athlete_annett_neumann,Annett Neumann,GER
athlete_malia_metella,Malia Metella,FRA
athlete_lisbeth_lenton,Lisbeth Lenton,AUS
athlete_kristina_šmigun,Kristina Šmigun,EST
athlete_yevgeniya_medvedeva_arbuzova,Yevgeniya Medvedeva-Arbuzova,RUS
athlete_hayley_lewis,Hayley Lewis,AUS
athlete_jeff_rouse,Jeff Rouse,USA
athlete_rodolfo_falcón,Rodolfo Falcón,CUB
athlete_neisser_bent,Neisser Bent,CUB
athlete_iván_pedroso,Iván Pedroso,CUB
athlete_jai_taurima,Jai Taurima,AUS
athlete_roman_shchurenko,Roman Shchurenko,UKR
athlete_daniel_kass,Daniel Kass,USA
athlete_markku_koski,Markku Koski,FIN
athlete_zhuang_xiaoyan,Zhuang Xiaoyan,CHN
athlete_natalia_lupino,Natalia Lupino,FRA
athlete_yoko_sakaue,Yoko Sakaue,JPN
athlete_duje_draganja,Duje Draganja,CRO
athlete_alexei_yagudin,Alexei Yagudin,RUS
athlete_timothy_goebel,Timothy Goebel,USA
athlete_justine_henin,Justine Henin,BEL
athlete_amélie_mauresmo,Amélie Mauresmo,FRA
athlete_alicia_molik,Alicia Molik,AUS
athlete_ulla_werbrouck,Ulla Werbrouck,BEL
athlete_yoko_tanabe,Yoko Tanabe,JPN
athlete_diadenis_luna,Diadenis Luna,CUB
athlete_klete_keller,Klete Keller,USA
athlete_michael_phelps_ryan_lochte_peter_vanderkaay_klete_keller_scott_goldblatt_dan_ketchum,"Michael Phelps, Ryan Lochte, Peter Vanderkaay, Klete Keller, Scott Goldblatt*, Dan Ketchum*",USA
athlete_grant_hackett_michael_klim_nicholas_sprenger_ian_thorpe_antony_matkovich_todd_pearson_craig_stevens,"Grant Hackett, Michael Klim, Nicholas Sprenger, Ian Thorpe, Antony Matkovich*, Todd Pearson*, Craig Stevens*",AUS
athlete_emiliano_brembilla_massimiliano_rosolino_simone_cercato_filippo_magnini_federico_cappellazzo_matteo_pelliciari_indicates_the_swimmer_only_competed_in_the_preliminary_heats,"Emiliano Brembilla, Massimiliano Rosolino, Simone Cercato, Filippo Magnini, Federico Cappellazzo*, Matteo Pelliciari* *Indicates the swimmer only competed in the preliminary heats.",ITA
athlete_wang_xiaohong,Wang Xiaohong,CHN
athlete_beth_botsford,Beth Botsford,USA
athlete_whitney_hedgepeth,Whitney Hedgepeth,USA
athlete_marianne_kriel,Marianne Kriel,RSA
athlete_denys_sylantyev,Denys Sylantyev,UKR
athlete_justin_norris,Justin Norris,AUS
athlete_debbie_flintoff_king,Debbie Flintoff-King,AUS
athlete_tatyana_ledovskaya,Tatyana Ledovskaya,URS
athlete_ellen_fiedler,Ellen Fiedler,GDR
athlete_franck_dumoulin,Franck Dumoulin,FRA
athlete_wang_yifu,Wang Yifu,CHN
athlete_yordanka_donkova,Yordanka Donkova,BUL
athlete_gloria_siebert,Gloria Siebert,GDR
athlete_claudia_zaczkiewicz,Claudia Zaczkiewicz,FRG
athlete_stanislava_komarova,Stanislava Komarova,RUS
athlete_antje_buschschulte,Antje Buschschulte,GER
athlete_million_wolde,Million Wolde,ETH
athlete_ali_saïdi_sief,Ali Saïdi-Sief,ALG
athlete_brahim_lahlafi,Brahim Lahlafi,MAR
athlete_frank_peter_roetsch,Frank-Peter Roetsch,GDR
athlete_valeriy_medvedtsev,Valeriy Medvedtsev,URS
athlete_sergei_tchepikov,Sergei Tchepikov,URS
athlete_stefano_cerioni,Stefano Cerioni,ITA
athlete_udo_wagner,Udo Wagner,GDR
athlete_aleksandr_romankov,Aleksandr Romankov,URS
athlete_xiao_jun,Xiao Jun,CHN
athlete_miroslav_januš,Miroslav Januš,CZE
athlete_vyacheslav_oliynyk,Vyacheslav Oliynyk,UKR
athlete_jacek_fafiński,Jacek Fafiński,POL
athlete_maik_bullmann,Maik Bullmann,GER
athlete_dieter_baumann,Dieter Baumann,GER
athlete_paul_bitok,Paul Bitok,KEN
athlete_fita_bayisa,Fita Bayisa,ETH
athlete_ryszard_wolny,Ryszard Wolny,POL
athlete_ghani_yalouz,Ghani Yalouz,FRA
athlete_brimin_kipruto,Brimin Kipruto,KEN
athlete_paul_kipsiele_koech,Paul Kipsiele Koech,KEN
athlete_noriko_narazaki,Noriko Narazaki,JPN
athlete_liu_yuxiang,Liu Yuxiang,CHN
athlete_hennadiy_avdyeyenko,Hennadiy Avdyeyenko,URS
athlete_hollis_conway,Hollis Conway,USA
athlete_rudolf_povarnitsyn,Rudolf Povarnitsyn,URS
athlete_patrik_sjöberg,Patrik Sjöberg,SWE
athlete_kurt_angle,Kurt Angle,USA
athlete_abbas_jadidi,Abbas Jadidi,IRI
athlete_arawat_sabejew,Arawat Sabejew,GER
athlete_kim_ki_hoon,Kim Ki-hoon,KOR
athlete_frédéric_blackburn,Frédéric Blackburn,CAN
athlete_lee_joon_ho,Lee Joon-ho,KOR
athlete_aleksandr_dokturishvili,Aleksandr Dokturishvili,UZB
athlete_marko_yli_hannuksela,Marko Yli-Hannuksela,FIN
athlete_miloslav_mečíř,Miloslav Mečíř,TCH
athlete_tim_mayotte,Tim Mayotte,USA
athlete_stefan_edberg,Stefan Edberg,SWE
athlete_brad_gilbert,Brad Gilbert,USA
athlete_andrzej_wroński,Andrzej Wroński,POL
athlete_sergey_lishtvan,Sergey Lishtvan,BLR
athlete_mikael_ljungberg,Mikael Ljungberg,SWE
athlete_khadzhimurad_magomedov,Khadzhimurad Magomedov,RUS
athlete_yang_hyung_mo,Yang Hyung-mo,KOR
athlete_hamza_yerlikaya,Hamza Yerlikaya,TUR
athlete_thomas_zander,Thomas Zander,GER
athlete_valery_tsilent,Valery Tsilent,BLR
athlete_markus_prock,Markus Prock,AUT
athlete_galina_chistyakova,Galina Chistyakova,URS
athlete_svetlana_bazhanova,Svetlana Bazhanova,RUS
athlete_jeon_ki_young,Jeon Ki-Young,KOR
athlete_armen_bagdasarov,Armen Bagdasarov,UZB
athlete_marko_spittka,Marko Spittka,GER
athlete_aleksandr_kirichenko,Aleksandr Kirichenko,URS
athlete_martin_vinnicombe,Martin Vinnicombe,AUS
athlete_robert_lechner,Robert Lechner,FRG
athlete_carl_verheijen,Carl Verheijen,NED
athlete_mahmut_demir,Mahmut Demir,TUR
athlete_aleksey_medvedev,Aleksey Medvedev,BLR
athlete_ross_powers,Ross Powers,USA
athlete_jarret_thomas,Jarret Thomas,USA
athlete_kateřina_kůrková,Kateřina Kůrková,CZE
athlete_yuriy_melnichenko,Yuriy Melnichenko,KAZ
athlete_dennis_hall,Dennis Hall,USA
athlete_franziska_van_almsick,Franziska van Almsick,GER
athlete_hitoshi_saito,Hitoshi Saito,JPN
athlete_henry_stöhr,Henry Stöhr,GDR
athlete_cho_yong_chul,Cho Yong-chul,KOR
athlete_grigory_verichev,Grigory Verichev,URS
athlete_alessandro_puccini,Alessandro Puccini,ITA
athlete_lionel_plumenail,Lionel Plumenail,FRA
athlete_franck_boidin,Franck Boidin,FRA
athlete_inessa_kravets,Inessa Kravets,UKR
athlete_inna_lasovskaya,Inna Lasovskaya,RUS
athlete_šárka_kašpárková,Šárka Kašpárková,CZE
athlete_allen_johnson,Allen Johnson,USA
athlete_florian_schwarthoff,Florian Schwarthoff,GER
athlete_hubert_strolz,Hubert Strolz,AUT
athlete_bernhard_gstrein,Bernhard Gstrein,AUT
athlete_paul_accola,Paul Accola,SUI
athlete_rodrigo_pessoa,Rodrigo Pessoa,BRA
athlete_chris_kappler,Chris Kappler,USA
athlete_marco_kutscher,Marco Kutscher,GER
athlete_massimiliano_rosolino,Massimiliano Rosolino,ITA
athlete_zhan_xugang,Zhan Xugang,CHN
athlete_viktor_mitrou,Viktor Mitrou,GRE
athlete_arsen_melikyan,Arsen Melikyan,ARM
athlete_khasan_baroev,Khasan Baroev,RUS
athlete_georgiy_tsurtsumia,Georgiy Tsurtsumia,KAZ
athlete_rulon_gardner,Rulon Gardner,USA
athlete_gunde_svan,Gunde Svan,SWE
athlete_maurilio_de_zolt,Maurilio De Zolt,ITA
athlete_andreas_grünenfelder,Andreas Grünenfelder,SUI
athlete_ross_rebagliati,Ross Rebagliati,CAN
athlete_thomas_prugger,Thomas Prugger,ITA
athlete_ueli_kestenholz,Ueli Kestenholz,SUI
athlete_andrzej_głąb,Andrzej Głąb,POL
athlete_bratan_tsenov,Bratan Tsenov,BUL
athlete_ed_podivinsky,Ed Podivinsky,CAN
athlete_yang_wei_zhang_jiewen,Yang Wei Zhang Jiewen,CHN
athlete_gao_ling_huang_sui,Gao Ling Huang Sui,CHN
athlete_lee_kyung_won_ra_kyung_min,Lee Kyung-won Ra Kyung-min,KOR
athlete_otis_harris,Otis Harris,USA
athlete_derrick_brew,Derrick Brew,USA
athlete_yan_bartelemí,Yan Bartelemí,CUB
athlete_atagün_yalçınkaya,Atagün Yalçınkaya,TUR
athlete_sergey_kazakov,Sergey Kazakov,RUS
athlete_vegard_ulvang,Vegard Ulvang,NOR
athlete_terje_langli,Terje Langli,NOR
athlete_alison_bartosikanna_kozlova,Alison BartosikAnna Kozlova,USA
athlete_marc_huster,Marc Huster,GER
athlete_andrzej_cofalik,Andrzej Cofalik,POL
athlete_joël_chenal,Joël Chenal,FRA
athlete_maria_mutola,Maria Mutola,MOZ
athlete_stephanie_graf,Stephanie Graf,AUT
athlete_kelly_holmes,Kelly Holmes,GBR
athlete_olga_kuzenkova,Olga Kuzenkova,RUS
athlete_yunaika_crawford,Yunaika Crawford,CUB
athlete_pirmin_zurbriggen,Pirmin Zurbriggen,SUI
athlete_peter_müller,Peter Müller,SUI
athlete_tor_heiestad,Tor Heiestad,NOR
athlete_huang_shiping,Huang Shiping,CHN
athlete_gennadi_avramenko,Gennadi Avramenko,URS
athlete_ådne_søndrål,Ådne Søndrål,NOR
athlete_paul_palmer,Paul Palmer,GBR
athlete_daniel_kowalski,Daniel Kowalski,AUS
athlete_hossein_tavakkoli,Hossein Tavakkoli,IRI
athlete_alan_tsagaev,Alan Tsagaev,BUL
athlete_said_saif_asaad,Said Saif Asaad,QAT
athlete_megan_still_kate_slatter,Megan Still Kate Slatter,AUS
athlete_karen_kraftmelissa_schwen,Karen KraftMelissa Schwen,USA
athlete_christine_gosséhélène_cortin,Christine GosséHélène Cortin,FRA
athlete_gabriela_sabatini,Gabriela Sabatini,ARG
athlete_zina_garrison,Zina Garrison,USA
athlete_manuela_maleeva_fragnière,Manuela Maleeva-Fragnière,BUL
athlete_mai_nakamura,Mai Nakamura,JPN
athlete_nina_zhivanevskaya,Nina Zhivanevskaya,ESP
athlete_aleksey_mishin,Aleksey Mishin,RUS
athlete_ara_abrahamian,Ara Abrahamian,SWE
athlete_viachaslau_makaranka,Viachaslau Makaranka,BLR
athlete_murat_kardanov,Murat Kardanov,RUS
athlete_matt_lindland,Matt Lindland,USA
athlete_tomasz_sikora,Tomasz Sikora,POL
athlete_josef_polig,Josef Polig,ITA
athlete_gianfranco_martin,Gianfranco Martin,ITA
athlete_steve_locher,Steve Locher,SUI
athlete_anna_rogowska,Anna Rogowska,POL
athlete_kanstantsin_lukashyk,Kanstantsin Lukashyk,EUN
athlete_andrey_perlov,Andrey Perlov,EUN
athlete_carlos_mercenario,Carlos Mercenario,MEX
athlete_ronald_weigel,Ronald Weigel,GER
athlete_norbert_rózsa,Norbert Rózsa,HUN
athlete_andrey_korneyev,Andrey Korneyev,RUS
athlete_tontcho_tontchev,Tontcho Tontchev,BUL
athlete_terrance_cauthen,Terrance Cauthen,USA
athlete_leonard_doroftei,Leonard Doroftei,ROU
athlete_joel_casamayor,Joel Casamayor,CUB
athlete_wayne_mccullough,Wayne McCullough,IRL
athlete_mohammed_achik,Mohammed Achik,MAR
athlete_ri_gwang_sik,Ri Gwang-sik,PRK
athlete_scott_miller,Scott Miller,AUS
athlete_vladislav_kulikov,Vladislav Kulikov,RUS
athlete_graeme_smith,Graeme Smith,GBR
athlete_yanina_korolchik,Yanina Korolchik,BLR
athlete_larisa_peleshenko,Larisa Peleshenko,RUS
athlete_astrid_kumbernuss,Astrid Kumbernuss,GER
athlete_jimmy_shea,Jimmy Shea,USA
athlete_martin_rettl,Martin Rettl,AUT
athlete_falko_zandstra,Falko Zandstra,NED
athlete_nick_hysong,Nick Hysong,USA
athlete_lawrence_johnson,Lawrence Johnson,USA
athlete_maksim_tarasov,Maksim Tarasov,RUS
athlete_sergey_bubka,Sergey Bubka,URS
athlete_rodion_gataullin,Rodion Gataullin,URS
athlete_grigoriy_yegorov,Grigoriy Yegorov,URS
athlete_bjarte_engen_vik,Bjarte Engen Vik,NOR
athlete_samppa_lajunen,Samppa Lajunen,FIN
athlete_valery_stolyarov,Valery Stolyarov,RUS
athlete_sergey_sharikov_stanislav_pozdnyakov_aleksey_frosin,Sergey Sharikov Stanislav Pozdnyakov Aleksey Frosin,RUS
athlete_mathieu_gourdain_damien_touya_julien_pillet_cédric_séguin,Mathieu Gourdain Damien Touya Julien Pillet Cédric Séguin,FRA
athlete_dennis_bauer_alexander_weber_wiradech_kothny,Dennis Bauer Alexander Weber Wiradech Kothny,GER
athlete_kirsten_vlieghuis,Kirsten Vlieghuis,NED
athlete_ramaz_nozadze,Ramaz Nozadze,GEO
athlete_mehmet_özal,Mehmet Özal,TUR
athlete_heidi_renoth,Heidi Renoth,GER
athlete_brigitte_köck,Brigitte Köck,AUT
athlete_kim_kwang_sun,Kim Kwang-sun,KOR
athlete_mario_gonzález,Mario González,MEX
athlete_timofey_skryabin,Timofey Skryabin,URS
athlete_domenico_fioravanti,Domenico Fioravanti,ITA
athlete_ed_moses,Ed Moses,USA
athlete_roman_sloudnov,Roman Sloudnov,RUS
athlete_akakios_kakiasvili,Akakios Kakiasvili,GRE
athlete_anatoly_khrapaty,Anatoly Khrapaty,KAZ
athlete_denys_hotfrid,Denys Hotfrid,UKR
athlete_steve_redgravematthew_pinsent,Steve RedgraveMatthew Pinsent,GBR
athlete_david_weightmanrob_scott,David WeightmanRob Scott,AUS
athlete_faní_halkiá,Faní Halkiá,GRE
athlete_ionela_târlea_manolache,Ionela Târlea-Manolache,ROM
athlete_tetyana_tereshchuk_antipova,Tetyana Tereshchuk-Antipova,UKR
athlete_greg_burgess,Greg Burgess,USA
athlete_dmitry_shevchenko_ilgar_mammadov_vladislav_pavlovich,Dmitry Shevchenko Ilgar Mammadov Vladislav Pavlovich,RUS
athlete_adam_krzesiński_piotr_kiełpikowski_ryszard_sobczak_jarosław_rodzewicz,Adam Krzesiński Piotr Kiełpikowski Ryszard Sobczak Jarosław Rodzewicz,POL
athlete_elvis_gregory_oscar_garcía_rolando_tucker,Elvis Gregory Oscar García Rolando Tucker,CUB
athlete_elmar_borrmann_robert_felisiak_arnd_schmitt_uwe_proske_wladimir_resnitschenko,Elmar Borrmann Robert Felisiak Arnd Schmitt Uwe Proske Wladimir Resnitschenko,GER
athlete_iván_kovács_krisztián_kulcsár_ferenc_hegedűs_ernő_kolczonay_gábor_totola,Iván Kovács Krisztián Kulcsár Ferenc Hegedűs Ernő Kolczonay Gábor Totola,HUN
athlete_pavel_kolobkov_andrey_shuvalov_serhiy_kravchuk_sergey_kostarev_valery_zakharevich,Pavel Kolobkov Andrey Shuvalov Serhiy Kravchuk Sergey Kostarev Valery Zakharevich,EUN
athlete_paul_hamm,Paul Hamm,USA
athlete_kim_dae_eun,Kim Dae-Eun,KOR
athlete_yang_tae_young,Yang Tae Young,KOR
athlete_sigrun_wodars,Sigrun Wodars,GDR
athlete_christine_wachtel,Christine Wachtel,GDR
athlete_kim_gallagher,Kim Gallagher,USA
athlete_sergey_litvinov,Sergey Litvinov,URS
athlete_yuriy_sedykh,Yuriy Sedykh,URS
athlete_jüri_tamm,Jüri Tamm,URS
athlete_atanas_komchev,Atanas Komchev,BUL
athlete_harri_koskela,Harri Koskela,FIN
athlete_vladimir_popov,Vladimir Popov,URS
athlete_therese_alshammar,Therese Alshammar,SWE
athlete_jenny_thompson,Jenny Thompson,USA
athlete_frankie_fredericks,Frankie Fredericks,NAM
athlete_dennis_mitchell,Dennis Mitchell,USA
athlete_fabrice_guy,Fabrice Guy,FRA
athlete_sylvain_guillaume,Sylvain Guillaume,FRA
athlete_natalya_lisovskaya,Natalya Lisovskaya,URS
athlete_kathrin_neimke,Kathrin Neimke,GDR
athlete_li_meisu,Li Meisu,CHN
athlete_jason_gardenerdarren_campbellmarlon_devonishmark_lewis_francis,Jason GardenerDarren CampbellMarlon DevonishMark Lewis-Francis,GBR
athlete_shawn_crawfordjustin_gatlincoby_millermaurice_greenedarvis_patton_only_competed_inthe_preliminary_heats,Shawn CrawfordJustin GatlinCoby MillerMaurice GreeneDarvis Patton* * only competed inthe preliminary heats.,USA
athlete_olusoji_fasubauchenna_emedoluaaron_egbeledeji_aliu,Olusoji FasubaUchenna EmedoluAaron EgbeleDeji Aliu,NGR
athlete_tapio_korjus,Tapio Korjus,FIN
athlete_gerard_kemkers,Gerard Kemkers,NED
athlete_dmitry_svatkovsky,Dmitry Svatkovsky,RUS
athlete_gábor_balogh,Gábor Balogh,HUN
athlete_pavel_dovgal,Pavel Dovgal,BLR
athlete_stephen_abas,Stephen Abas,USA
athlete_chikara_tanabe,Chikara Tanabe,JPN
athlete_lars_riedel,Lars Riedel,GER
athlete_frantz_kruger,Frantz Kruger,RSA
athlete_tetyana_samolenko,Tetyana Samolenko,URS
athlete_paula_ivan,Paula Ivan,ROM
athlete_yvonne_murray,Yvonne Murray,GBR
athlete_brandon_slay,Brandon Slay,USA
athlete_adem_bereket,Adem Bereket,TUR
athlete_marc_gagnon,Marc Gagnon,CAN
athlete_jonathan_guilmette,Jonathan Guilmette,CAN
athlete_rusty_smith,Rusty Smith,USA
athlete_lyubov_bruletova,Lyubov Bruletova,RUS
athlete_anna_maria_gradante,Anna-Maria Gradante,GER
athlete_ann_simons,Ann Simons,BEL
athlete_marco_albarello,Marco Albarello,ITA
athlete_dan_jansen,Dan Jansen,USA
athlete_igor_zhelezovski,Igor Zhelezovski,BLR
athlete_daniel_igali,Daniel Igali,CAN
athlete_arsen_gitinov,Arsen Gitinov,RUS
athlete_lincoln_mcilravy,Lincoln McIlravy,USA
athlete_bernard_williams,Bernard Williams,USA
athlete_misty_hyman,Misty Hyman,USA
athlete_petria_thomas,Petria Thomas,AUS
athlete_curt_harnett,Curt Harnett,CAN
athlete_mikko_ronkainen,Mikko Ronkainen,FIN
athlete_toby_dawson,Toby Dawson,USA
athlete_pauline_davis_thompson,Pauline Davis-Thompson,BAH
athlete_susanthika_jayasinghe,Susanthika Jayasinghe,SRI
athlete_beverly_mcdonald,Beverly McDonald,JAM
athlete_jaakko_tallus,Jaakko Tallus,FIN
athlete_lin_weining,Lin Weining,CHN
athlete_erzsébet_márkus,Erzsébet Márkus,HUN
athlete_karnam_malleswari,Karnam Malleswari,IND
athlete_jános_martinek,János Martinek,HUN
athlete_carlo_massullo,Carlo Massullo,ITA
athlete_vakhtang_iagorashvili,Vakhtang Iagorashvili,URS
athlete_lori_ann_muenzer,Lori-Ann Muenzer,CAN
athlete_tamilla_abassova,Tamilla Abassova,RUS
athlete_ioan_grigoraș,Ioan Grigoraș,ROM
athlete_patrick_ortlieb,Patrick Ortlieb,AUT
athlete_günther_mader,Günther Mader,AUT
athlete_frédéric_delpla_jean_michel_henry_olivier_lenglet_philippe_riboud_éric_srecki,Frédéric Delpla Jean-Michel Henry Olivier Lenglet Philippe Riboud Éric Srecki,FRA
athlete_elmar_borrmann_volker_fischer_thomas_gerull_alexander_pusch_arnd_schmitt,Elmar Borrmann Volker Fischer Thomas Gerull Alexander Pusch Arnd Schmitt,FRG
athlete_andrey_shuvalov_pavel_kolobkov_wladimir_resnitschenko_mykhailo_tyshko_igor_tikhomirov,Andrey Shuvalov Pavel Kolobkov Wladimir Resnitschenko Mykhailo Tyshko Igor Tikhomirov,URS
athlete_sally_gunnell,Sally Gunnell,GBR
athlete_sandra_farmer_patrick,Sandra Farmer-Patrick,USA
athlete_janeene_vickers,Janeene Vickers,USA
athlete_kim_mi_jung,Kim Mi-jung,KOR
athlete_irene_de_kok,Irene de Kok,NED
athlete_laetitia_meignan,Laetitia Meignan,FRA
athlete_torsten_may,Torsten May,GER
athlete_rostyslav_zaulychnyi,Rostyslav Zaulychnyi,EUN
athlete_wojciech_bartnik,Wojciech Bartnik,POL
athlete_zoltán_béres,Zoltán Béres,HUN
athlete_gustavo_borges,Gustavo Borges,BRA
athlete_arkadiusz_skrzypaszek,Arkadiusz Skrzypaszek,POL
athlete_attila_mizsér,Attila Mizsér,HUN
athlete_eduard_zenovka,Eduard Zenovka,EUN
athlete_yury_kharchenko,Yury Kharchenko,URS
athlete_john_ngugi,John Ngugi,KEN
athlete_hansjörg_kunze,Hansjörg Kunze,GDR
athlete_jeremy_wotherspoon,Jeremy Wotherspoon,CAN
athlete_kevin_overland,Kevin Overland,CAN
athlete_björn_lind,Björn Lind,SWE
athlete_roddy_darragon,Roddy Darragon,FRA
athlete_thobias_fredriksson,Thobias Fredriksson,SWE
athlete_tatyana_tomashova,Tatyana Tomashova,RUS
athlete_maria_cioncan,Maria Cioncan,ROM
athlete_tom_wilkens,Tom Wilkens,USA
athlete_andré_steinerandreas_hajekstephan_volkertandré_willms,André SteinerAndreas HajekStephan VolkertAndré Willms,GER
athlete_tim_youngbrian_jamiesoneric_muellerjason_gailes,Tim YoungBrian JamiesonEric MuellerJason Gailes,USA
athlete_janusz_hookerduncan_freeronald_snookbo_hanson,Janusz HookerDuncan FreeRonald SnookBo Hanson,AUS
athlete_yang_xia,Yang Xia,CHN
athlete_li_feng_ying,Li Feng-ying,TPE
athlete_winarni_binti_slamet,Winarni Binti Slamet,INA
athlete_kennedy_mckinney,Kennedy McKinney,USA
athlete_aleksandar_khristov,Aleksandar Khristov,BUL
athlete_jorge_eliécer_julio,Jorge Eliécer Julio,COL
athlete_phajol_moolsan,Phajol Moolsan,THA
athlete_andre_phillips,Andre Phillips,USA
athlete_amadou_dia_ba,Amadou Dia Ba,SEN
athlete_edwin_moses,Edwin Moses,USA
athlete_sagid_murtazaliev,Sagid Murtazaliev,RUS
athlete_islam_bayramukov,Islam Bayramukov,KAZ
athlete_eldar_kurtanidze,Eldar Kurtanidze,GEO
athlete_markus_schmidt,Markus Schmidt,AUT
athlete_amir_khan,Amir Khan,GBR
athlete_serik_yeleuov,Serik Yeleuov,KAZ
athlete_murat_khrachev,Murat Khrachev,RUS
athlete_monique_garbrecht_enfeldt,Monique Garbrecht-Enfeldt,GER
athlete_daniela_meuli,Daniela Meuli,SUI
athlete_rosey_fletcher,Rosey Fletcher,USA
athlete_ernst_vettori,Ernst Vettori,AUT
athlete_martin_höllwarth,Martin Höllwarth,AUT
athlete_toni_nieminen,Toni Nieminen,FIN
athlete_soraya_jiménez,Soraya Jiménez,MEX
athlete_khassaraporn_suta,Khassaraporn Suta,THA
athlete_albert_taillandier,Albert Taillandier,FRA
athlete_fernand_sanz,Fernand Sanz,FRA
athlete_john_henry_lake,John Henry Lake,USA
athlete_tea_donguzashvili,Tea Donguzashvili,RUS
athlete_alexander_povetkin,Alexander Povetkin,RUS
athlete_mohamed_aly,Mohamed Aly,EGY
athlete_michel_lópez_núñez,Michel López Núñez,CUB
athlete_urs_kälin,Urs Kälin,SUI
athlete_christian_mayer,Christian Mayer,AUT
athlete_bulat_jumadilov,Bulat Jumadilov,KAZ
athlete_albert_pakeyev,Albert Pakeyev,RUS
athlete_zoltan_lunka,Zoltan Lunka,GER
athlete_halvard_hanevoldfrode_andresenegil_gjellandole_einar_bjørndalen,Halvard HanevoldFrode AndresenEgil GjellandOle Einar Bjørndalen,NOR
athlete_ricco_großpeter_sendelsven_fischerfrank_luck,Ricco GroßPeter SendelSven FischerFrank Luck,GER
athlete_gilles_marguetvincent_defrasnejulien_robertraphaël_poirée,Gilles MarguetVincent DefrasneJulien RobertRaphaël Poirée,FRA
athlete_otylia_jędrzejczak,Otylia Jędrzejczak,POL
athlete_armen_nazaryan,Armen Nazaryan,BUL
athlete_kim_in_sub,Kim In-sub,KOR
athlete_istván_majoros,István Majoros,HUN
athlete_geidar_mamedaliyev,Geidar Mamedaliyev,RUS
athlete_artiom_kiouregkian,Artiom Kiouregkian,GRE
athlete_yelena_slesarenko,Yelena Slesarenko,RUS
athlete_vita_styopina,Vita Styopina,UKR
athlete_lennox_lewis,Lennox Lewis,CAN
athlete_riddick_bowe,Riddick Bowe,USA
athlete_aleksandr_miroshnichenko,Aleksandr Miroshnichenko,URS
athlete_janusz_zarenkiewicz,Janusz Zarenkiewicz,POL
athlete_kenzo_nakamura,Kenzo Nakamura,JPN
athlete_kwak_dae_sung,Kwak Dae-sung,KOR
athlete_jimmy_pedro,Jimmy Pedro,USA
athlete_christophe_gagliano,Christophe Gagliano,FRA
athlete_tor_arne_hetland,Tor Arne Hetland,NOR
athlete_peter_schlickenrieder,Peter Schlickenrieder,GER
athlete_cristian_zorzi,Cristian Zorzi,ITA
athlete_arnd_schmitt,Arnd Schmitt,FRG
athlete_philippe_riboud,Philippe Riboud,FRA
athlete_andrey_shuvalov,Andrey Shuvalov,URS
athlete_odalis_revé,Odalis Revé,CUB
athlete_heidi_rakels,Heidi Rakels,BEL
athlete_khadzhimurat_gatsalov,Khadzhimurat Gatsalov,RUS
athlete_alireza_heidari,Alireza Heidari,IRI
athlete_cristina_teuscher,Cristina Teuscher,USA
athlete_danny_everettsteve_lewiskevin_robinzinebutch_reynoldsantonio_mckayandrew_valmon,Danny EverettSteve LewisKevin RobinzineButch ReynoldsAntonio McKay*Andrew Valmon*,USA
athlete_howard_davisdevon_morriswinthrop_grahambert_camerontrevor_graham,Howard DavisDevon MorrisWinthrop GrahamBert CameronTrevor Graham*,JAM
athlete_norbert_dobeleitedgar_ittjörg_vaihingerralf_lübkebodo_kuhnmark_henrich,Norbert DobeleitEdgar IttJörg VaihingerRalf LübkeBodo Kuhn*Mark Henrich*,FRG
athlete_brandon_paulson,Brandon Paulson,USA
athlete_andriy_kalashnikov,Andriy Kalashnikov,UKR
athlete_christa_luding_rothenburger,Christa Luding-Rothenburger,GDR
athlete_connie_paraskevin,Connie Paraskevin,USA
athlete_peter_rono,Peter Rono,KEN
athlete_peter_elliott,Peter Elliott,GBR
athlete_jens_peter_herold,Jens-Peter Herold,GDR
athlete_jean_luc_brassard,Jean-Luc Brassard,CAN
athlete_sergey_shupletsov,Sergey Shupletsov,RUS
athlete_carolina_klüft,Carolina Klüft,SWE
athlete_wang_huifeng,Wang Huifeng,CHN
athlete_tatyana_sadovskaya,Tatyana Sadovskaya,EUN
athlete_qin_dongya,Qin Dongya,CHN
athlete_annett_böhm,Annett Böhm,GER
athlete_william_tanui,William Tanui,KEN
athlete_nixon_kiprotich,Nixon Kiprotich,KEN
athlete_johnny_gray,Johnny Gray,USA
athlete_victor_feddersenniels_henriksenthomas_poulseneskild_ebbesen,Victor FeddersenNiels HenriksenThomas PoulsenEskild Ebbesen,DEN
athlete_brian_peakerjeffrey_laydave_boyesgavin_hassett,Brian PeakerJeffrey LayDave BoyesGavin Hassett,CAN
athlete_marc_schneiderjeff_pfaendtnerdavid_collinswilliam_carlucci,Marc SchneiderJeff PfaendtnerDavid CollinsWilliam Carlucci,USA
athlete_péter_farkas,Péter Farkas,HUN
athlete_piotr_stępień,Piotr Stępień,POL
athlete_fred_børre_lundberg,Fred Børre Lundberg,NOR
athlete_takanori_kono,Takanori Kono,JPN
athlete_petra_felke,Petra Felke,GDR
athlete_fatima_whitbread,Fatima Whitbread,GBR
athlete_beate_koch,Beate Koch,GDR
athlete_yvonne_bönisch,Yvonne Bönisch,GER
athlete_yurisleydis_lupetey,Yurisleydis Lupetey,CUB
athlete_yun_mi_jin,Yun Mi-jin,KOR
athlete_kim_nam_soon,Kim Nam-soon,KOR
athlete_harald_czudajkarsten_brannascholaf_hampelalexander_szelig,Harald CzudajKarsten BrannaschOlaf HampelAlexander Szelig,GER
athlete_gustav_wederdonat_acklinkurt_meierdomenico_semeraro,Gustav WederDonat AcklinKurt MeierDomenico Semeraro,SUI
athlete_wolfgang_hoppeulf_hielscherrené_hannemanncarsten_embach,Wolfgang HoppeUlf HielscherRené HannemannCarsten Embach,GER
athlete_irina_privalova,Irina Privalova,RUS
athlete_deon_hemmings,Deon Hemmings,JAM
athlete_nezha_bidouane,Nezha Bidouane,MAR
athlete_héctor_milián,Héctor Milián,CUB
athlete_dennis_koslowski,Dennis Koslowski,USA
athlete_sergey_demyashkevich,Sergey Demyashkevich,EUN
athlete_roberto_balado,Roberto Balado,CUB
athlete_richard_igbineghu,Richard Igbineghu,NGR
athlete_svilen_rusinov,Svilen Rusinov,BUL
athlete_brian_nielsen,Brian Nielsen,DEN
athlete_kristy_kowal,Kristy Kowal,USA
athlete_liping_wang,Liping Wang,CHN
athlete_maría_vasco,María Vasco,ESP
athlete_atsuji_miyahara,Atsuji Miyahara,JPN
athlete_lee_jae_suk,Lee Jae-suk,KOR
athlete_geir_karlstad,Geir Karlstad,NOR
athlete_nicholas_greendrew_ginnjames_tomkinsmike_mckay,Nicholas GreenDrew GinnJames TomkinsMike McKay,AUS
athlete_bertrand_vectenolivier_monceletdaniel_fauchégilles_bosquet,Bertrand VectenOlivier MonceletDaniel FauchéGilles Bosquet,FRA
athlete_gregory_searlejonathan_william_searlerupert_john_obholzertim_foster,Gregory SearleJonathan William SearleRupert John ObholzerTim Foster,GBR
athlete_gustav_wederdonat_acklin,Gustav WederDonat Acklin,SUI
athlete_reto_götschiguido_acklin,Reto GötschiGuido Acklin,SUI
athlete_günther_huberstefano_ticci,Günther HuberStefano Ticci,ITA
athlete_giorgio_vanzetta,Giorgio Vanzetta,ITA
athlete_david_reid,David Reid,USA
athlete_alfredo_duvergel,Alfredo Duvergel,CUB
athlete_karim_tulaganov,Karim Tulaganov,UZB
athlete_megan_quann,Megan Quann,USA
athlete_ariel_hernández,Ariel Hernández,CUB
athlete_chris_byrd,Chris Byrd,USA
athlete_chris_johnson,Chris Johnson,CAN
athlete_lee_seung_bae,Lee Seung-bae,KOR
athlete_stephanie_cook,Stephanie Cook,GBR
athlete_emily_de_riel,Emily de Riel,USA
athlete_kate_allenby,Kate Allenby,GBR
athlete_jean_pierre_vidal,Jean-Pierre Vidal,FRA
athlete_sébastien_amiez,Sébastien Amiez,FRA
athlete_matti_nykänen,Matti Nykänen,FIN
athlete_pavel_ploc,Pavel Ploc,TCH
athlete_jiří_malec,Jiří Malec,TCH
athlete_gerhard_himmel,Gerhard Himmel,FRG
athlete_roland_schoeman_lyndon_ferns_darian_townsend_ryk_neethling,"Roland Schoeman, Lyndon Ferns, Darian Townsend, Ryk Neethling",RSA
athlete_johan_kenkhuis_mitja_zastrow_klaas_erik_zwering_pieter_van_den_hoogenband_mark_veens,"Johan Kenkhuis, Mitja Zastrow, Klaas-Erik Zwering, Pieter van den Hoogenband, Mark Veens*",NED
athlete_usaian_crocker_michael_phelps_neil_walker_jason_lezak_nate_dusing_gary_hall_jr_gabe_woodward_indicates_the_swimmer_only_competed_in_the_preliminary_heats,"USAIan Crocker, Michael Phelps, Neil Walker, Jason Lezak, Nate Dusing*, Gary Hall Jr.*, Gabe Woodward* *Indicates the swimmer only competed in the preliminary heats.",USA
athlete_luo_xuejuan,Luo Xuejuan,CHN
athlete_brooke_hanson,Brooke Hanson,AUS
athlete_juliet_cuthbert,Juliet Cuthbert,JAM
athlete_quincy_watts,Quincy Watts,USA
athlete_samson_kitur,Samson Kitur,KEN
athlete_olga_bondarenko,Olga Bondarenko,URS
athlete_liz_mccolgan,Liz McColgan,GBR
athlete_yelena_zhupiyova,Yelena Zhupiyova,URS
athlete_ray_mercer,Ray Mercer,USA
athlete_baik_hyun_man,Baik Hyun-man,KOR
athlete_andrzej_gołota,Andrzej Gołota,POL
athlete_arnold_vanderlyde,Arnold Vanderlyde,NED
athlete_kendall_cross,Kendall Cross,USA
athlete_guivi_sissaouri,Guivi Sissaouri,CAN
athlete_ri_yong_sam,Ri Yong-sam,PRK
athlete_voula_patoulidou,Voula Patoulidou,GRE
athlete_lavonna_martin,LaVonna Martin,USA
athlete_chae_ji_hoon,Chae Ji-hoon,KOR
athlete_jung_ji_hyun,Jung Ji-hyun,KOR
athlete_roberto_monzón,Roberto Monzón,CUB
athlete_farid_mansurov,Farid Mansurov,AZE
athlete_şeref_eroğlu,Şeref Eroğlu,TUR
athlete_mkhitar_manukyan,Mkhitar Manukyan,KAZ
athlete_artur_taymazov,Artur Taymazov,UZB
athlete_alireza_rezaei,Alireza Rezaei,IRI
athlete_aydın_polatçı,Aydın Polatçı,TUR
athlete_eric_namesnik,Eric Namesnik,USA
athlete_hilde_gjermundshaug_pedersen,Hilde Gjermundshaug Pedersen,NOR
athlete_vadim_bogiev,Vadim Bogiev,RUS
athlete_townsend_saunders,Townsend Saunders,USA
athlete_zaza_zazirov,Zaza Zazirov,UKR
athlete_włodzimierz_zawadzki,Włodzimierz Zawadzki,POL
athlete_nikolay_gulyayev,Nikolay Gulyayev,URS
athlete_kamila_skolimowska,Kamila Skolimowska,POL
athlete_kirsten_münchow,Kirsten Münchow,GER
athlete_giuseppe_maddaloni,Giuseppe Maddaloni,ITA
athlete_tiago_camilo,Tiago Camilo,BRA
athlete_anatoly_laryukhov,Anatoly Laryukhov,BLR
athlete_vsevolods_zeļonijs,Vsevolods Zeļonijs,LAT
athlete_lasse_kjus,Lasse Kjus,NOR
athlete_harald_christian_strand_nilsen,Harald Christian Strand Nilsen,NOR
athlete_aaron_peirsol_brendan_hansen_ian_crocker_jason_lezak_lenny_krayzelburg_mark_gangloff_michael_phelps_neil_walker,"Aaron Peirsol, Brendan Hansen, Ian Crocker, Jason Lezak, Lenny Krayzelburg*, Mark Gangloff*, Michael Phelps*, Neil Walker*",USA
athlete_steffen_driesen_jens_kruppa_thomas_rupprath_lars_conrad_helge_meeuw,"Steffen Driesen, Jens Kruppa, Thomas Rupprath, Lars Conrad, Helge Meeuw*",GER
athlete_tomomi_morita_kosuke_kitajima_takashi_yamamoto_yoshihiro_okumura_indicates_the_swimmer_only_competed_in_the_preliminary_heats,"Tomomi Morita, Kosuke Kitajima, Takashi Yamamoto, Yoshihiro Okumura *Indicates the swimmer only competed in the preliminary heats.",JPN
athlete_laure_manaudou,Laure Manaudou,FRA
athlete_yuri_fedkin,Yuri Fedkin,EUN
athlete_franck_badiou,Franck Badiou,FRA
athlete_niklas_jonsson,Niklas Jonsson,SWE
athlete_christian_hoffmann,Christian Hoffmann,AUT
athlete_ernesto_pérez,Ernesto Pérez,ESP
athlete_frank_möller,Frank Möller,GER
athlete_harry_van_barneveld,Harry Van Barneveld,BEL
athlete_valerios_leonidis,Valerios Leonidis,GRE
athlete_xiao_jiangang,Xiao Jiangang,CHN
athlete_james_beckford,James Beckford,JAM
athlete_barbara_blatter,Barbara Blatter,SUI
athlete_margarita_fullana,Margarita Fullana,ESP
athlete_chon_chol_ho,Chon Chol-Ho,PRK
athlete_xian_dongmei,Xian Dongmei,CHN
athlete_yuki_yokosawa,Yuki Yokosawa,JPN
athlete_ilse_heylen,Ilse Heylen,BEL
athlete_sergei_tarasov,Sergei Tarasov,RUS
athlete_sven_hannawald,Sven Hannawald,GER
athlete_yuriy_borzakovskiy,Yuriy Borzakovskiy,RUS
athlete_mbulaeni_mulaudzi,Mbulaeni Mulaudzi,RSA
athlete_wilson_kipketer,Wilson Kipketer,DEN
athlete_nestor_khergiani,Nestor Khergiani,GEO
athlete_khashbaataryn_tsagaanbaatar,Khashbaataryn Tsagaanbaatar,MGL
athlete_choi_min_ho,Choi Min-ho,KOR
athlete_udo_wagner_ulrich_schreck_thorsten_weidner_alexander_koch_ingo_weißenborn,Udo Wagner Ulrich Schreck Thorsten Weidner Alexander Koch Ingo Weißenborn,GER
athlete_elvis_gregory_guillermo_betancourt_oscar_garcía_tulio_díaz_hermenegildo_garcía,Elvis Gregory Guillermo Betancourt Oscar García Tulio Díaz Hermenegildo García,CUB
athlete_marian_sypniewski_piotr_kiełpikowski_adam_krzesiński_cezary_siess_ryszard_sobczak,Marian Sypniewski Piotr Kiełpikowski Adam Krzesiński Cezary Siess Ryszard Sobczak,POL
athlete_gunn_rita_dahle,Gunn-Rita Dahle,NOR
athlete_marie_hélène_prémont,Marie-Hélène Prémont,CAN
athlete_tünde_szabó,Tünde Szabó,HUN
athlete_lea_loveless,Lea Loveless,USA
athlete_laura_cârlescu_badea,Laura Cârlescu-Badea,ROM
athlete_miriam_blasco,Miriam Blasco,ESP
athlete_nicola_fairbrother,Nicola Fairbrother,GBR
athlete_driulis_gonzález,Driulis González,CUB
athlete_chiyori_tateno,Chiyori Tateno,JPN
athlete_fritz_strobl,Fritz Strobl,AUT
athlete_manus_boonjumnong,Manus Boonjumnong,THA
athlete_yudel_johnson,Yudel Johnson,CUB
athlete_boris_georgiev,Boris Georgiev,BUL
athlete_ionuţ_gheorghe,Ionuţ Gheorghe,ROM
athlete_derek_parra,Derek Parra,USA
athlete_george_bovell,George Bovell,TRI
athlete_óscar_salazar,Óscar Salazar,MEX
athlete_tamer_bayoumi,Tamer Bayoumi,EGY
athlete_mike_barrowman,Mike Barrowman,USA
athlete_anja_fichtel_mauritz_zita_eva_funkenhauser_christiane_weber_sabine_bau_annette_klug,"Anja Fichtel-Mauritz, Zita-Eva Funkenhauser, Christiane Weber, Sabine Bau, Annette Klug",FRG
athlete_dorina_vaccaroni_margherita_zalaffi_francesca_bortolozzi_borella_lucia_traversa_annapia_gandolfi,"Dorina Vaccaroni, Margherita Zalaffi, Francesca Bortolozzi-Borella, Lucia Traversa, Annapia Gandolfi",ITA
athlete_zsuzsa_némethné_jánosi_gertrúd_stefanek_zsuzsa_szőcs_katalin_tuschák_edit_kovács,"Zsuzsa Némethné Jánosi, Gertrúd Stefanek, Zsuzsa Szőcs, Katalin Tuschák, Edit Kovács",HUN
athlete_claudia_heill,Claudia Heill,AUT
athlete_waldemar_legień,Waldemar Legień,POL
athlete_pascal_tayot,Pascal Tayot,FRA
athlete_hirotaka_okada,Hirotaka Okada,JPN
athlete_brice_guyart,Brice Guyart,FRA
athlete_andrea_cassarà,Andrea Cassarà,ITA
athlete_gelindo_bordin,Gelindo Bordin,ITA
athlete_douglas_wakiihuri,Douglas Wakiihuri,KEN
athlete_hussein_ahmed_salah,Hussein Ahmed Salah,DJI
athlete_olga_shishigina,Olga Shishigina,KAZ
athlete_glory_alozie,Glory Alozie,NGR
athlete_melissa_morrison,Melissa Morrison,USA
athlete_khalid_skah,Khalid Skah,MAR
athlete_richard_chelimo,Richard Chelimo,KEN
athlete_addis_abebe,Addis Abebe,ETH
athlete_hidehiko_yoshida,Hidehiko Yoshida,JPN
athlete_jason_morris,Jason Morris,USA
athlete_bertrand_damaisin,Bertrand Damaisin,FRA
athlete_kim_byung_joo,Kim Byung-joo,KOR
athlete_laura_flessel_colovic_sophie_moressée_pichot_valérie_barlois_mevel_leroux,Laura Flessel-Colovic Sophie Moressée-Pichot Valérie Barlois-Mevel-Leroux,FRA
athlete_elisa_uga_laura_chiesa_margherita_zalaffi,Elisa Uga Laura Chiesa Margherita Zalaffi,ITA
athlete_karina_aznavuryan_mariya_mazina_yuliya_garayeva,Karina Aznavuryan Mariya Mazina Yuliya Garayeva,RUS
athlete_andrew_maynard,Andrew Maynard,USA
athlete_nurmagomed_shanavazov,Nurmagomed Shanavazov,URS
athlete_damir_škaro,Damir Škaro,YUG
athlete_henryk_petrich,Henryk Petrich,POL
athlete_rui_silva,Rui Silva,POR
athlete_brendan_hansen,Brendan Hansen,USA
athlete_cécile_nowak,Cécile Nowak,FRA
athlete_hülya_şenyurt,Hülya Şenyurt,TUR
athlete_xing_huina,Xing Huina,CHN
athlete_ejagayehu_dibaba,Ejagayehu Dibaba,ETH
athlete_kristen_skjeldal,Kristen Skjeldal,NOR
athlete_jolanda_čeplak,Jolanda Čeplak,SLO
athlete_hans_petter_buraas,Hans Petter Buraas,NOR
athlete_ole_kristian_furuseth,Ole Kristian Furuseth,NOR
athlete_thomas_sykora,Thomas Sykora,AUT
athlete_kim_nam_soonkim_soo_nyungyun_mi_jin,Kim Nam-SoonKim Soo-NyungYun Mi-Jin,KOR
athlete_nataliya_burdeynaolena_sadovnychakateryna_serdyuk,Nataliya BurdeynaOlena SadovnychaKateryna Serdyuk,UKR
athlete_hamish_carter,Hamish Carter,NZL
athlete_sven_riederer,Sven Riederer,SUI
athlete_stanislav_pozdnyakov,Stanislav Pozdnyakov,RUS
athlete_sergey_sharikov,Sergey Sharikov,RUS
athlete_damien_touya,Damien Touya,FRA
athlete_davyd_saldadze,Davyd Saldadze,UKR
athlete_garrett_lowney,Garrett Lowney,USA
athlete_ellina_zvereva,Ellina Zvereva,BLR
athlete_iryna_yatchenko,Iryna Yatchenko,BLR
athlete_odlanier_solis,Odlanier Solis,CUB
athlete_viktar_zuyev,Viktar Zuyev,BLR
athlete_mohamed_elsayed,Mohamed Elsayed,EGY
athlete_naser_al_shami,Naser Al Shami,SYR
athlete_matt_ghaffari,Matt Ghaffari,USA
athlete_sergei_mureiko,Sergei Mureiko,MDA
athlete_sim_kwon_ho,Sim Kwon-ho,KOR
athlete_lázaro_rivas,Lázaro Rivas,CUB
athlete_kang_yong_gyun,Kang Yong-gyun,PRK
athlete_michael_jakosits,Michael Jakosits,GER
athlete_anatoli_asrabayev,Anatoli Asrabayev,EUN
athlete_luboš_račanský,Luboš Račanský,TCH
athlete_jamill_kelly,Jamill Kelly,USA
athlete_makhach_murtazaliev,Makhach Murtazaliev,RUS
athlete_radoslav_židek,Radoslav Židek,SVK
athlete_paul_henri_de_le_rue,Paul-Henri de Le Rue,FRA
athlete_david_khakhaleishvili,David Khakhaleishvili,EUN
athlete_naoya_ogawa,Naoya Ogawa,JPN
athlete_imre_csősz,Imre Csősz,HUN
athlete_olga_bryzgina,Olga Bryzgina,URS
athlete_petra_müller,Petra Müller,GDR
athlete_olga_nazarova,Olga Nazarova,URS
athlete_aleksandr_beketov,Aleksandr Beketov,RUS
athlete_iván_trevejo,Iván Trevejo,CUB
athlete_gian_simmen,Gian Simmen,SUI
athlete_daniel_franck,Daniel Franck,NOR
athlete_markus_gandler,Markus Gandler,AUT
athlete_joanna_hayes,Joanna Hayes,USA
athlete_olena_krasovska,Olena Krasovska,UKR
athlete_maulen_mamyrov,Maulen Mamyrov,KAZ
athlete_salah_hissou,Salah Hissou,MAR
athlete_gennady_golovkin,Gennady Golovkin,KAZ
athlete_suriya_prasathinphimai,Suriya Prasathinphimai,THA
athlete_andre_dirrell,Andre Dirrell,USA
athlete_pieralberto_carrara,Pieralberto Carrara,ITA
athlete_alexei_aidarov,Alexei Aidarov,BLR
athlete_andreas_schifferer,Andreas Schifferer,AUT
athlete_giovanni_parisi,Giovanni Parisi,ITA
athlete_daniel_dumitrescu,Daniel Dumitrescu,ROU
athlete_lee_jae_hyuk,Lee Jae-hyuk,KOR
athlete_abdelhak_achik,Abdelhak Achik,MAR
athlete_gong_zhichao,Gong Zhichao,CHN
athlete_camilla_martin,Camilla Martin,DEN
athlete_ye_zhaoying,Ye Zhaoying,CHN
athlete_stev_theloke,Stev Theloke,GER
athlete_fernando_scherer,Fernando Scherer,BRA
athlete_aleksandr_pavlov,Aleksandr Pavlov,BLR
athlete_zafar_guliev,Zafar Guliev,RUS
athlete_daniel_santos,Daniel Santos,PUR
athlete_ariel_hernandez,Ariel Hernandez,CUB
athlete_malik_beyleroglu,Malik Beyleroglu,TUR
athlete_mohamed_bahari,Mohamed Bahari,ALG
athlete_rhoshii_wells,Rhoshii Wells,USA
athlete_hrysopiyi_devetzi,Hrysopiyi Devetzi,GRE
athlete_johann_passler,Johann Passler,ITA
athlete_sergei_beloglazov,Sergei Beloglazov,URS
athlete_noh_kyung_sun,Noh Kyung-Sun,KOR
athlete_davide_tizzano_agostino_abbagnale,Davide Tizzano Agostino Abbagnale,ITA
athlete_kjetil_undsetsteffen_størseth,Kjetil UndsetSteffen Størseth,NOR
athlete_frédéric_kowalsamuel_barathay,Frédéric KowalSamuel Barathay,FRA
athlete_anders_auklandfrode_estilkristen_skjeldalthomas_alsgaard,Anders AuklandFrode EstilKristen SkjeldalThomas Alsgaard,NOR
athlete_fabio_majgiorgio_di_centapietro_piller_cottrercristian_zorzi,Fabio MajGiorgio Di CentaPietro Piller CottrerCristian Zorzi,ITA
athlete_jens_filbrichandreas_schlüttertobias_angererrené_sommerfeldt,Jens FilbrichAndreas SchlütterTobias AngererRené Sommerfeldt,GER
athlete_naoko_takahashi,Naoko Takahashi,JPN
athlete_lidia_șimon,Lidia Șimon,ROM
athlete_joyce_chepchumba,Joyce Chepchumba,KEN
athlete_rosa_mota,Rosa Mota,POR
athlete_lisa_martin,Lisa Martin,AUS
athlete_katrin_dörre,Katrin Dörre,GDR
athlete_grace_jackson,Grace Jackson,JAM
athlete_stefano_baldini,Stefano Baldini,ITA
athlete_meb_keflezighi,Meb Keflezighi,USA
athlete_vanderlei_de_lima,Vanderlei de Lima,BRA
athlete_ian_peel,Ian Peel,GBR
athlete_tomoko_hasegawa,Tomoko Hasegawa,JPN
athlete_yuriorkis_gamboa,Yuriorkis Gamboa,CUB
athlete_fuad_aslanov,Fuad Aslanov,AZE
athlete_rustamhodza_rahimov,Rustamhodza Rahimov,GER
athlete_camelia_potec,Camelia Potec,ROM
athlete_solenne_figuès,Solenne Figuès,FRA
athlete_lee_sung_jinpark_sung_hyunyun_mi_jin,Lee Sung-JinPark Sung-hyunYun Mi-Jin,KOR
athlete_he_yinglin_sangzhang_juanjuan,He YingLin SangZhang Juanjuan,CHN
athlete_chen_li_juwu_hui_juyuan_shu_chi,Chen Li JuWu Hui-juYuan Shu-chi,TPE
athlete_david_izonritei,David Izonritei,NGR
athlete_david_tua,David Tua,NZL
athlete_adam_saitiev,Adam Saitiev,RUS
athlete_yoel_romero,Yoel Romero,CUB
athlete_lee_kyung_keun,Lee Kyung-keun,KOR
athlete_janusz_pawłowski,Janusz Pawłowski,POL
athlete_bruno_carabetta,Bruno Carabetta,FRA
athlete_yōsuke_yamamoto,Yōsuke Yamamoto,JPN
athlete_hakkı_başar,Hakkı Başar,TUR
athlete_gogi_koguashvili,Gogi Koguashvili,EUN
athlete_andreas_zülow,Andreas Zülow,GDR
athlete_george_cramne,George Cramne,SWE
athlete_nergüin_enkhbat,Nergüin Enkhbat,MGL
athlete_romallis_ellis,Romallis Ellis,USA
athlete_lars_frölander,Lars Frölander,SWE
athlete_michael_klim,Michael Klim,AUS
athlete_geoff_huegill,Geoff Huegill,AUS
athlete_grigory_kiriyenko_aleksandr_shirshovheorhiy_pohosov_vadym_huttsait_stanislav_pozdnyakov,Grigory Kiriyenko Aleksandr ShirshovHeorhiy Pohosov Vadym Huttsait Stanislav Pozdnyakov,EUN
athlete_bence_szabó_csaba_köves_györgy_nébald_péter_abay_imre_bujdosó,Bence Szabó Csaba Köves György Nébald Péter Abay Imre Bujdosó,HUN
athlete_jean_françois_lamour_jean_philippe_daurelle_franck_ducheix_hervé_granger_veyron_pierre_guichot,Jean-François Lamour Jean-Philippe Daurelle Franck Ducheix Hervé Granger-Veyron Pierre Guichot,FRA
athlete_tatiana_totmianina_maxim_marinin,Tatiana Totmianina / Maxim Marinin,RUS
athlete_zhang_dan_zhang_hao,Zhang Dan / Zhang Hao,CHN
athlete_shen_xue_zhao_hongbo,Shen Xue / Zhao Hongbo,CHN
athlete_kazuyoshi_funaki,Kazuyoshi Funaki,JPN
athlete_jani_soininen,Jani Soininen,FIN
athlete_masahiko_harada,Masahiko Harada,JPN
athlete_philippe_omnès,Philippe Omnès,FRA
athlete_serhiy_holubytskiy,Serhiy Holubytskiy,EUN
athlete_elvis_gregory,Elvis Gregory,CUB
athlete_zurab_zviadauri,Zurab Zviadauri,GEO
athlete_hiroshi_izumi,Hiroshi Izumi,JPN
athlete_khasanbi_taov,Khasanbi Taov,RUS
athlete_larry_myricks,Larry Myricks,USA
athlete_yevgeny_redkin,Yevgeny Redkin,EUN
athlete_mikael_löfgren,Mikael Löfgren,SWE
athlete_ricco_großfrank_luckmark_kirchnersven_fischer,Ricco GroßFrank LuckMark KirchnerSven Fischer,GER
athlete_valeri_kiriyenkovladimir_drachevsergei_tarasovsergei_tchepikov,Valeri KiriyenkoVladimir DrachevSergei TarasovSergei Tchepikov,RUS
athlete_thierry_dusserrepatrice_bailly_salinslionel_laurenthervé_flandin,Thierry DusserrePatrice Bailly-SalinsLionel LaurentHervé Flandin,FRA
athlete_egil_gjellandhalvard_hanevolddag_bjørndalenole_einar_bjørndalen,Egil GjellandHalvard HanevoldDag BjørndalenOle Einar Bjørndalen,NOR
athlete_pavel_muslimovvladimir_drachevsergei_tarasovviktor_maigourov,Pavel MuslimovVladimir DrachevSergei TarasovViktor Maigourov,RUS
athlete_laura_flessel_colovic,Laura Flessel-Colovic,FRA
athlete_valérie_barlois_mevel_leroux,Valérie Barlois-Mevel-Leroux,FRA
athlete_gyöngyi_szalay_horváth,Gyöngyi Szalay-Horváth,HUN
athlete_ahmed_al_maktoum,Ahmed Al Maktoum,UAE
athlete_rajyavardhan_singh_rathore,Rajyavardhan Singh Rathore,IND
athlete_wang_zheng,Wang Zheng,CHN
athlete_roger_black,Roger Black,GBR
athlete_davis_kamoga,Davis Kamoga,UGA
athlete_anna_gomis,Anna Gomis,FRA
athlete_kie_kusakabe,Kie Kusakabe,JPN
athlete_maria_pekli,Maria Pekli,AUS
athlete_mark_leduc,Mark Leduc,CAN
athlete_jyri_kjäll,Jyri Kjäll,FIN
athlete_galabin_boevski,Galabin Boevski,BUL
athlete_georgi_markov,Georgi Markov,BUL
athlete_siarhei_laurenau,Siarhei Laurenau,BLR
athlete_park_si_hun,Park Si-hun,KOR
athlete_roy_jones_jr,Roy Jones Jr.,USA
athlete_raymond_downey,Raymond Downey,CAN
athlete_richard_woodhall,Richard Woodhall,GBR
athlete_jana_henke,Jana Henke,GER
athlete_jens_boden,Jens Boden,GER
athlete_frank_wörndl,Frank Wörndl,FRG
athlete_paul_frommelt,Paul Frommelt,LIE
athlete_kate_allen,Kate Allen,AUT
athlete_loretta_harrop,Loretta Harrop,AUS
athlete_susan_williams,Susan Williams,USA
athlete_sture_sivertsenerling_jevnebjørn_dæhliethomas_alsgaard,Sture SivertsenErling JevneBjørn DæhlieThomas Alsgaard,NOR
athlete_marco_albarellofulvio_valbusafabio_majsilvio_fauner,Marco AlbarelloFulvio ValbusaFabio MajSilvio Fauner,ITA
athlete_harri_kirvesniemimika_myllyläsami_repojari_isometsä,Harri KirvesniemiMika MyllyläSami RepoJari Isometsä,FIN
athlete_dmitry_debelka,Dmitry Debelka,BLR
athlete_patricia_miranda,Patricia Miranda,USA
athlete_antal_kovács,Antal Kovács,HUN
athlete_raymond_stevens,Raymond Stevens,GBR
athlete_theo_meijer,Theo Meijer,NED
athlete_dmitri_sergeyev,Dmitri Sergeyev,EUN
athlete_sofia_bekatorouaimilia_tsoulfa,Sofia BekatorouAimilia Tsoulfa,GRE
athlete_sandra_azónnatalia_vía_dufresne,Sandra AzónNatalia Vía Dufresne,ESP
athlete_therese_torgerssonvendela_zachrisson,Therese TorgerssonVendela Zachrisson,SWE
athlete_keiji_suzuki,Keiji Suzuki,JPN
athlete_dennis_van_der_geest,Dennis van der Geest,NED
athlete_lee_eun_chul,Lee Eun-chul,KOR
athlete_stevan_pletikosić,Stevan Pletikosić,IOP
athlete_dmitry_dorofeyev,Dmitry Dorofeyev,RUS
athlete_lee_kang_seok,Lee Kang-seok,KOR
athlete_sandro_cuomo_angelo_mazzoni_maurizio_randazzo,Sandro Cuomo Angelo Mazzoni Maurizio Randazzo,ITA
athlete_aleksandr_beketov_pavel_kolobkov_valery_zakharevich,Aleksandr Beketov Pavel Kolobkov Valery Zakharevich,RUS
athlete_jean_michel_henry_éric_srecki_robert_leroux,Jean-Michel Henry Éric Srecki Robert Leroux,FRA
athlete_ludmila_engquist,Ludmila Engquist,SWE
athlete_brigita_bukovec,Brigita Bukovec,SLO
athlete_patricia_girard,Patricia Girard,FRA
athlete_gezahegne_abera,Gezahegne Abera,ETH
athlete_erick_wainaina,Erick Wainaina,KEN
athlete_tesfaye_tola,Tesfaye Tola,ETH
athlete_ian_crocker,Ian Crocker,USA
athlete_andriy_serdinov,Andriy Serdinov,UKR
athlete_györgy_nébald_bence_szabó_imre_bujdosó_imre_gedővári_lászló_csongrádi,György Nébald Bence Szabó Imre Bujdosó Imre Gedővári László Csongrádi,HUN
athlete_sergey_mindirgasov_mikhail_burtsev_heorhiy_pohosov_andrey_alshan_sergey_koryashkin,Sergey Mindirgasov Mikhail Burtsev Heorhiy Pohosov Andrey Alshan Sergey Koryashkin,URS
athlete_giovanni_scalzo_marco_marin_gianfranco_dalla_barba_ferdinando_meglio_massimo_cavaliere,Giovanni Scalzo Marco Marin Gianfranco Dalla Barba Ferdinando Meglio Massimo Cavaliere,ITA
athlete_hassiba_boulmerka,Hassiba Boulmerka,ALG
athlete_lyudmila_rogachova,Lyudmila Rogachova,EUN
athlete_qu_yunxia,Qu Yunxia,CHN
athlete_tímea_nagy,Tímea Nagy,HUN
athlete_gianna_hablützel_bürki,Gianna Hablützel-Bürki,SUI
athlete_mark_tewksbury,Mark Tewksbury,CAN
athlete_viatcheslav_ekimov,Viatcheslav Ekimov,RUS
athlete_valentina_cherkasova,Valentina Cherkasova,URS
athlete_dmitriy_karpov,Dmitriy Karpov,KAZ
athlete_dorjsürengiin_mönkhbayar,Dorjsürengiin Mönkhbayar,MGL
athlete_sture_sivertsen,Sture Sivertsen,NOR
athlete_ihar_makarau,Ihar Makarau,BLR
athlete_jang_sung_ho,Jang Sung-ho,KOR
athlete_michael_jurack,Michael Jurack,GER
athlete_ariel_zeevi,Ariel Ze'evi,ISR
athlete_sergei_pyzhianov,Sergei Pyzhianov,EUN
athlete_stepan_sarkisyan,Stepan Sarkisyan,URS
athlete_simeon_shterev,Simeon Shterev,BUL
athlete_marko_asell,Marko Asell,FIN
athlete_robert_wangila,Robert Wangila,KEN
athlete_laurent_boudouani,Laurent Boudouani,FRA
athlete_jan_dydak,Jan Dydak,POL
athlete_kenneth_gould,Kenneth Gould,USA
athlete_vyacheslav_yanovski,Vyacheslav Yanovski,URS
athlete_grahame_cheney,Grahame Cheney,AUS
athlete_lars_myrberg,Lars Myrberg,SWE
athlete_reiner_gies,Reiner Gies,FRG
athlete_mikhail_devyatyarov,Mikhail Devyatyarov,URS
athlete_pål_gunnar_mikkelsplass,Pål Gunnar Mikkelsplass,NOR
athlete_almudena_muñoz,Almudena Muñoz,ESP
athlete_noriko_mizoguchi,Noriko Mizoguchi,JPN
athlete_li_zhongyun,Li Zhongyun,CHN
athlete_sharon_rendle,Sharon Rendle,GBR
athlete_takashi_yamamoto,Takashi Yamamoto,JPN
athlete_stephen_parry,Stephen Parry,GBR
athlete_lee_won_hee,Lee Won-hee,KOR
athlete_vitaliy_makarov,Vitaliy Makarov,RUS
athlete_leandro_guilheiro,Leandro Guilheiro,BRA
athlete_svetlana_fedotkina,Svetlana Fedotkina,RUS
athlete_david_musulbes,David Musulbes,RUS
athlete_alexis_rodríguez,Alexis Rodríguez,CUB
athlete_bertalan_hajtós,Bertalan Hajtós,HUN
athlete_chung_hoon,Chung Hoon,KOR
athlete_oren_smadja,Oren Smadja,ISR
athlete_lorraine_fenton,Lorraine Fenton,JAM
athlete_katharine_merry,Katharine Merry,GBR
athlete_hans_peter_pohlhubert_schwarzthomas_müller,Hans-Peter PohlHubert SchwarzThomas Müller,FRG
athlete_andreas_schaadhippolyt_kempffredy_glanzmann,Andreas SchaadHippolyt KempfFredy Glanzmann,SUI
athlete_günther_csarhansjörg_aschenwaldklaus_sulzenbacher,Günther CsarHansjörg AschenwaldKlaus Sulzenbacher,AUT
athlete_silke_renk,Silke Renk,GER
athlete_natalya_shikolenko,Natalya Shikolenko,EUN
athlete_karen_forkel,Karen Forkel,GER
athlete_elana_meyer,Elana Meyer,RSA
athlete_lynn_jennings,Lynn Jennings,USA
athlete_cathleen_rund,Cathleen Rund,GER
athlete_albano_pera,Albano Pera,ITA
athlete_zhang_bing,Zhang Bing,CHN
athlete_bahri_tanrıkulu,Bahri Tanrıkulu,TUR
athlete_yousef_karami,Yousef Karami,IRI
athlete_sándor_bárdosi,Sándor Bárdosi,HUN
athlete_mukhran_vakhtangadze,Mukhran Vakhtangadze,GEO
athlete_fu_mingxia,Fu Mingxia,CHN
athlete_yelena_miroshina,Yelena Miroshina,EUN
athlete_mary_ellen_clark,Mary Ellen Clark,USA
athlete_grigory_misutin,Grigory Misutin,EUN
athlete_valery_belenky,Valery Belenky,EUN
athlete_olha_bryzhina,Olha Bryzhina,EUN
athlete_ximena_restrepo,Ximena Restrepo,COL
athlete_glen_housman,Glen Housman,AUS
athlete_jörg_hoffmann,Jörg Hoffmann,GER
athlete_nelson_diebel,Nelson Diebel,USA
athlete_phil_rogers,Phil Rogers,AUS
athlete_ronny_ackermann,Ronny Ackermann,GER
athlete_nancy_johnson,Nancy Johnson,USA
athlete_kang_cho_hyun,Kang Cho-hyun,KOR
athlete_gao_jing,Gao Jing,CHN
athlete_peter_seisenbacher,Peter Seisenbacher,AUT
athlete_vladimir_shestakov,Vladimir Shestakov,URS
athlete_akinobu_osako,Akinobu Osako,JPN
athlete_ben_spijkers,Ben Spijkers,NED
athlete_eric_bergoust,Eric Bergoust,USA
athlete_sébastien_foucras,Sébastien Foucras,FRA
athlete_dmitry_dashchinsky,Dmitry Dashchinsky,BLR
athlete_sara_mcmann,Sara McMann,USA
athlete_lise_legrand,Lise Legrand,FRA
athlete_laimutė_baikauskaitė,Laimutė Baikauskaitė,URS
athlete_jonny_moseley,Jonny Moseley,USA
athlete_sami_mustonen,Sami Mustonen,FIN
athlete_oksana_baiul,Oksana Baiul,UKR
athlete_nancy_kerrigan,Nancy Kerrigan,USA
athlete_chen_lu,Chen Lu,CHN
athlete_bence_szabó,Bence Szabó,HUN
athlete_marco_marin,Marco Marin,ITA
athlete_thomas_alsgaard,Thomas Alsgaard,NOR
athlete_heinz_kuttin,Heinz Kuttin,AUT
athlete_diana_bianchedi_giovanna_trillini_valentina_vezzali,"Diana Bianchedi, Giovanna Trillini, Valentina Vezzali",ITA
athlete_sylwia_gruchała_magdalena_mroczkiewicz_anna_rybicka_barbara_wolnicka_szewczyk,"Sylwia Gruchała, Magdalena Mroczkiewicz, Anna Rybicka, Barbara Wolnicka-Szewczyk",POL
athlete_sabine_bau_rita_könig_monika_weber_koszto,"Sabine Bau, Rita König, Monika Weber-Koszto",GER
athlete_michael_marsh,Michael Marsh,USA
athlete_michael_bates,Michael Bates,USA
athlete_felix_savon,Felix Savon,CUB
athlete_david_defiagbon,David Defiagbon,CAN
athlete_nate_jones,Nate Jones,USA
athlete_luan_krasniqi,Luan Krasniqi,GER
athlete_mikhail_mamiashvili,Mikhail Mamiashvili,URS
athlete_tibor_komáromi,Tibor Komáromi,HUN
athlete_kim_sang_kyu,Kim Sang-kyu,KOR
athlete_swe_thobias_fredriksson_björn_lind,SWE Thobias Fredriksson & Björn Lind,
athlete_nor_jens_arne_svartedal_tor_arne_hetland,NOR Jens Arne Svartedal & Tor Arne Hetland,
athlete_rus_ivan_alypov_vasily_rochev,RUS Ivan Alypov & Vasily Rochev,
athlete_choi_chol_su,Choi Chol-su,PRK
athlete_raúl_gonzález,Raúl González,CUB
athlete_tim_austin,Tim Austin,USA
athlete_vyacheslav_ivanenko,Vyacheslav Ivanenko,URS
athlete_hartwig_gauder,Hartwig Gauder,GDR
athlete_szymon_ziółkowski,Szymon Ziółkowski,POL
athlete_nicola_vizzoni,Nicola Vizzoni,ITA
athlete_igor_astapkovich,Igor Astapkovich,BLR
athlete_michelle_ferris,Michelle Ferris,AUS
athlete_mizuki_noguchi,Mizuki Noguchi,JPN
athlete_deena_kastor,Deena Kastor,USA
athlete_kyoko_iwasaki,Kyoko Iwasaki,JPN
athlete_aleš_valenta,Aleš Valenta,CZE
athlete_joe_pack,Joe Pack,USA
athlete_andreas_widhölzl,Andreas Widhölzl,AUT
athlete_dmitri_sautin_igor_lukashin,"Dmitri Sautin, Igor Lukashin",RUS
athlete_hu_jia_tian_liang,"Hu Jia, Tian Liang",CHN
athlete_jan_hempel_heiko_meyer,"Jan Hempel, Heiko Meyer",GER
athlete_mario_reiter,Mario Reiter,AUT
athlete_kaitlin_sandeno,Kaitlin Sandeno,USA
athlete_aleksei_petrov,Aleksei Petrov,RUS
athlete_leonidas_kokas,Leonidas Kokas,GRE
athlete_oliver_caruso,Oliver Caruso,GER
athlete_stephan_vuckovic,Stephan Vuckovic,GER
athlete_jan_řehula,Jan Řehula,CZE
athlete_ryan_bayley,Ryan Bayley,AUS
athlete_theo_bos,Theo Bos,NED
athlete_rené_wolff,René Wolff,GER
athlete_yuko_nakanishi,Yuko Nakanishi,JPN
athlete_murad_umakhanov,Murad Umakhanov,RUS
athlete_serafim_barzakov,Serafim Barzakov,BUL
athlete_makoto_takimoto,Makoto Takimoto,JPN
athlete_nuno_delgado,Nuno Delgado,POR
athlete_aleksei_budõlin,Aleksei Budõlin,EST
athlete_ulf_timmermann,Ulf Timmermann,GDR
athlete_randy_barnes,Randy Barnes,USA
athlete_werner_günthör,Werner Günthör,SUI
athlete_antti_kasvio,Antti Kasvio,FIN
athlete_jozef_pribilinec,Jozef Pribilinec,TCH
athlete_maurizio_damilano,Maurizio Damilano,ITA
athlete_nouria_mérah_benida,Nouria Mérah-Benida,ALG
athlete_violeta_szekely,Violeta Szekely,ROM
athlete_alexey_prokurorov,Alexey Prokurorov,URS
athlete_donovan_bailey,Donovan Bailey,CAN
athlete_frank_fredericks,Frank Fredericks,NAM
athlete_nicole_haislett,Nicole Haislett,USA
athlete_kerstin_kielgaß,Kerstin Kielgaß,GER
athlete_georgina_bardach,Georgina Bardach,ARG
athlete_bakhtiyar_artayev,Bakhtiyar Artayev,KAZ
athlete_lorenzo_aragón,Lorenzo Aragón,CUB
athlete_kim_jung_joo,Kim Jung-Joo,KOR
athlete_per_elofsson,Per Elofsson,SWE
athlete_oscar_de_la_hoya,Oscar De La Hoya,USA
athlete_marco_rudolph,Marco Rudolph,GER
athlete_namjilyn_bayarsaikhan,Namjilyn Bayarsaikhan,MGL
athlete_hong_sung_sik,Hong Sung-sik,KOR
athlete_tara_nott,Tara Nott,USA
athlete_sri_indriyani,Sri Indriyani,INA
athlete_jean_luc_crétier,Jean-Luc Crétier,FRA
athlete_hannes_trinkl,Hannes Trinkl,AUT
athlete_maría_isabel_urrutia,María Isabel Urrutia,COL
athlete_ruth_ogbeifo,Ruth Ogbeifo,NGR
athlete_kuo_yi_hang,Kuo Yi-hang,TPE
athlete_frank_wieneke,Frank Wieneke,FRG
athlete_torsten_bréchôt,Torsten Bréchôt,GDR
athlete_bashir_varaev,Bashir Varaev,URS
athlete_attila_feri,Attila Feri,HUN
athlete_martin_zawieja,Martin Zawieja,FRG
athlete_terence_parkin,Terence Parkin,RSA
athlete_davide_rummolo,Davide Rummolo,ITA
athlete_christer_majbäck,Christer Majbäck,SWE
athlete_roman_gontyuk,Roman Gontyuk,UKR
athlete_flávio_canto,Flávio Canto,BRA
athlete_dmitri_nossov,Dmitri Nossov,RUS
athlete_mark_mckoy,Mark McKoy,CAN
athlete_tony_dees,Tony Dees,USA
athlete_jack_pierce,Jack Pierce,USA
athlete_andrás_sike,András Sike,HUN
athlete_stoyan_balov,Stoyan Balov,BUL
athlete_haralambos_holidis,Haralambos Holidis,GRE
athlete_roar_ljøkelsøy,Roar Ljøkelsøy,NOR
athlete_luca_sacchi,Luca Sacchi,ITA
athlete_heike_henkel,Heike Henkel,GER
athlete_galina_astafei,Galina Astafei,ROM
athlete_ioamnet_quintero,Ioamnet Quintero,CUB
athlete_daina_gudzinevičiūtė,Daina Gudzinevičiūtė,LTU
athlete_delphine_racinet,Delphine Racinet,FRA
athlete_han_xiaopeng,Han Xiaopeng,CHN
athlete_dmitri_dashinski,Dmitri Dashinski,BLR
athlete_vladimir_lebedev,Vladimir Lebedev,RUS
athlete_marc_alexandre,Marc Alexandre,FRA
athlete_sven_loll,Sven Loll,GDR
athlete_mike_swain,Mike Swain,USA
athlete_georgy_tenadze,Georgy Tenadze,URS
athlete_masato_uchishiba,Masato Uchishiba,JPN
athlete_jozef_krnáč,Jozef Krnáč,SVK
athlete_georgi_georgiev,Georgi Georgiev,BUL
athlete_yordanis_arencibia,Yordanis Arencibia,CUB
athlete_mikhail_ignatiev,Mikhail Ignatiev,RUS
athlete_guido_fulst,Guido Fulst,GER
athlete_olaf_zinke,Olaf Zinke,GER
athlete_kim_yoon_man,Kim Yoon-man,KOR
athlete_yukinori_miyabe,Yukinori Miyabe,JPN
athlete_jeannie_longo,Jeannie Longo,FRA
athlete_imelda_chiappa,Imelda Chiappa,ITA
athlete_mirko_vuillermin,Mirko Vuillermin,ITA
athlete_nicky_gooch,Nicky Gooch,GBR
athlete_hüseyin_özkan,Hüseyin Özkan,TUR
athlete_larbi_benboudaoud,Larbi Benboudaoud,FRA
athlete_giorgi_vazagashvili,Giorgi Vazagashvili,GEO
athlete_tanja_frieden,Tanja Frieden,SUI
athlete_lindsey_jacobellis,Lindsey Jacobellis,USA
athlete_nils_schumann,Nils Schumann,GER
athlete_djabir_saïd_guerni,Djabir Saïd-Guerni,ALG
athlete_hwang_young_cho,Hwang Young-Cho,KOR
athlete_koichi_morishita,Koichi Morishita,JPN
athlete_stephan_freigang,Stephan Freigang,GER
athlete_im_dong_hyunjang_yong_hopark_kyung_mo,Im Dong-hyunJang Yong-hoPark Kyung-mo,KOR
athlete_chen_szu_yuanliu_ming_huangwang_cheng_pang,Chen Szu-yuanLiu Ming-huangWang Cheng-pang,TPE
athlete_dmytro_hrachovviktor_rubanoleksandr_serdyuk,Dmytro HrachovViktor RubanOleksandr Serdyuk,UKR
