doc_id,title,url,wikidata_qid,wikipedia_pageid,approx_tokens
Q303623,Canoeing at the 2012 Summer Olympics – Men's K-2 1000 metres,https://en.wikipedia.org/wiki/Canoeing_at_the_2012_Summer_Olympics_%E2%80%93_Men%27s_K-2_1000_metres,Q303623,35771859,704
Q607635,Speed skating at the 2010 Winter Olympics – Men's 5000 metres,https://en.wikipedia.org/wiki/Speed_skating_at_the_2010_Winter_Olympics_%E2%80%93_Men%27s_5000_metres,Q607635,25346743,483
Q939000,Cycling at the 2012 Summer Olympics – Women's road time trial,https://en.wikipedia.org/wiki/Cycling_at_the_2012_Summer_Olympics_%E2%80%93_Women%27s_road_time_trial,Q939000,35702360,550
Q26233801,Gymnastics at the 2016 Summer Olympics – Women's artistic individual all-around,https://en.wikipedia.org/wiki/Gymnastics_at_the_2016_Summer_Olympics_%E2%80%93_Women%27s_artistic_individual_all-around,Q26233801,47285535,1288
Q743905,Athletics at the 2008 Summer Olympics – Men's 110 metres hurdles,https://en.wikipedia.org/wiki/Athletics_at_the_2008_Summer_Olympics_%E2%80%93_Men%27s_110_metres_hurdles,Q743905,18578891,2764
Q1433269,Athletics at the 2004 Summer Olympics – Men's 400 metres hurdles,https://en.wikipedia.org/wiki/Athletics_at_the_2004_Summer_Olympics_%E2%80%93_Men%27s_400_metres_hurdles,Q1433269,913276,2220
Q1005784,Athletics at the 2008 Summer Olympics – Men's decathlon,https://en.wikipedia.org/wiki/Athletics_at_the_2008_Summer_Olympics_%E2%80%93_Men%27s_decathlon,Q1005784,18578929,1254
Q1005641,Alpine skiing at the 1992 Winter Olympics – Men's slalom,https://en.wikipedia.org/wiki/Alpine_skiing_at_the_1992_Winter_Olympics_%E2%80%93_Men%27s_slalom,Q1005641,41539995,1021
Q3628768,Athletics at the 2000 Summer Olympics – Men's 400 metres,https://en.wikipedia.org/wiki/Athletics_at_the_2000_Summer_Olympics_%E2%80%93_Men%27s_400_metres,Q3628768,19332554,3686
Q7400295,Sailing at the 1988 Summer Olympics – Women's 470,https://en.wikipedia.org/wiki/Sailing_at_the_1988_Summer_Olympics_%E2%80%93_Women%27s_470,Q7400295,30679523,733
Q15506518,Short-track speed skating at the 2014 Winter Olympics – Men's 5000 metre relay,https://en.wikipedia.org/wiki/Short-track_speed_skating_at_the_2014_Winter_Olympics_%E2%80%93_Men%27s_5000_metre_relay,Q15506518,41437596,562
Q4951829,Boxing at the 1996 Summer Olympics – Bantamweight,https://en.wikipedia.org/wiki/Boxing_at_the_1996_Summer_Olympics_%E2%80%93_Bantamweight,Q4951829,25222940,188
Q26212143,Weightlifting at the 2016 Summer Olympics – Men's +105 kg,https://en.wikipedia.org/wiki/Weightlifting_at_the_2016_Summer_Olympics_%E2%80%93_Men%27s_%2B105_kg,Q26212143,47045069,760
Q250187,Swimming at the 2008 Summer Olympics – Men's 200 metre breaststroke,https://en.wikipedia.org/wiki/Swimming_at_the_2008_Summer_Olympics_%E2%80%93_Men%27s_200_metre_breaststroke,Q250187,18624792,1312
Q1221945,Cross-country skiing at the 1994 Winter Olympics – Women's 15 kilometre freestyle,https://en.wikipedia.org/wiki/Cross-country_skiing_at_the_1994_Winter_Olympics_%E2%80%93_Women%27s_15_kilometre_freestyle,Q1221945,59891509,603
Q3879591,Swimming at the 2000 Summer Olympics – Women's 200 metre backstroke,https://en.wikipedia.org/wiki/Swimming_at_the_2000_Summer_Olympics_%E2%80%93_Women%27s_200_metre_backstroke,Q3879591,12427276,1032
Q25239321,Weightlifting at the 1988 Summer Olympics – Men's 56 kg,https://en.wikipedia.org/wiki/Weightlifting_at_the_1988_Summer_Olympics_%E2%80%93_Men%27s_56_kg,Q25239321,47668483,709
Q1205250,Shooting at the 2008 Summer Olympics – Men's 50 metre pistol,https://en.wikipedia.org/wiki/Shooting_at_the_2008_Summer_Olympics_%E2%80%93_Men%27s_50_metre_pistol,Q1205250,18640044,2004
Q766586,Speed skating at the 2002 Winter Olympics – Women's 3000 metres,https://en.wikipedia.org/wiki/Speed_skating_at_the_2002_Winter_Olympics_%E2%80%93_Women%27s_3000_metres,Q766586,26087715,606
Q850246,Short-track speed skating at the 2006 Winter Olympics – Women's 500 metres,https://en.wikipedia.org/wiki/Short-track_speed_skating_at_the_2006_Winter_Olympics_%E2%80%93_Women%27s_500_metres,Q850246,22964210,872
Q2071152,Swimming at the 2012 Summer Olympics – Women's 200 metre freestyle,https://en.wikipedia.org/wiki/Swimming_at_the_2012_Summer_Olympics_%E2%80%93_Women%27s_200_metre_freestyle,Q2071152,34236379,1125
Q2071160,Swimming at the 2012 Summer Olympics – Men's 200 metre backstroke,https://en.wikipedia.org/wiki/Swimming_at_the_2012_Summer_Olympics_%E2%80%93_Men%27s_200_metre_backstroke,Q2071160,34236408,1897
Q1520721,Jab We Met,https://en.wikipedia.org/wiki/Jab_We_Met,Q1520721,9803762,4871
Q1204722,Shooting at the 2008 Summer Olympics – Women's 10 metre air rifle,https://en.wikipedia.org/wiki/Shooting_at_the_2008_Summer_Olympics_%E2%80%93_Women%27s_10_metre_air_rifle,Q1204722,18653023,1356
Q26208755,Athletics at the 2016 Summer Olympics – Men's javelin throw,https://en.wikipedia.org/wiki/Athletics_at_the_2016_Summer_Olympics_%E2%80%93_Men%27s_javelin_throw,Q26208755,45151333,1325
Q2500292,Sailing at the 2012 Summer Olympics – Star,https://en.wikipedia.org/wiki/Sailing_at_the_2012_Summer_Olympics_%E2%80%93_Star,Q2500292,35821129,405
Q870647,Nordic combined at the 1992 Winter Olympics – Team,https://en.wikipedia.org/wiki/Nordic_combined_at_the_1992_Winter_Olympics_%E2%80%93_Team,Q870647,34120256,553
Q7662173,Synchronized swimming at the 2000 Summer Olympics – Women's duet,https://en.wikipedia.org/wiki/Synchronized_swimming_at_the_2000_Summer_Olympics_%E2%80%93_Women%27s_duet,Q7662173,38096016,869
Q15619183,Figure skating at the 2014 Winter Olympics – Women's singles,https://en.wikipedia.org/wiki/Figure_skating_at_the_2014_Winter_Olympics_%E2%80%93_Women%27s_singles,Q15619183,40070152,4137
Q25239533,Weightlifting at the 1988 Summer Olympics – Men's 67.5 kg,https://en.wikipedia.org/wiki/Weightlifting_at_the_1988_Summer_Olympics_%E2%80%93_Men%27s_67.5_kg,Q25239533,50513134,861
Q4951830,Boxing at the 1996 Summer Olympics – Featherweight,https://en.wikipedia.org/wiki/Boxing_at_the_1996_Summer_Olympics_%E2%80%93_Featherweight,Q4951830,25231704,302
Q1005783,Taekwondo at the 2008 Summer Olympics – Men's 80 kg,https://en.wikipedia.org/wiki/Taekwondo_at_the_2008_Summer_Olympics_%E2%80%93_Men%27s_80_kg,Q1005783,18661883,934
Q7372012,Rowing at the 2000 Summer Olympics – Women's single sculls,https://en.wikipedia.org/wiki/Rowing_at_the_2000_Summer_Olympics_%E2%80%93_Women%27s_single_sculls,Q7372012,37566547,1673
Q633839,VIA Technologies,https://en.wikipedia.org/wiki/VIA_Technologies,Q633839,207567,1832
Q3879590,Swimming at the 2000 Summer Olympics – Men's 1500 metre freestyle,https://en.wikipedia.org/wiki/Swimming_at_the_2000_Summer_Olympics_%E2%80%93_Men%27s_1500_metre_freestyle,Q3879590,12384714,898
Q635569,Dead Ringers (film),https://en.wikipedia.org/wiki/Dead_Ringers_%28film%29,Q635569,826482,3268
Q1533901,Gods and Generals (film),https://en.wikipedia.org/wiki/Gods_and_Generals_%28film%29,Q1533901,8398222,4938
Q1221969,Cross-country skiing at the 1988 Winter Olympics – Women's 20 kilometre freestyle,https://en.wikipedia.org/wiki/Cross-country_skiing_at_the_1988_Winter_Olympics_%E2%80%93_Women%27s_20_kilometre_freestyle,Q1221969,56613192,596
Q3628769,Athletics at the 2000 Summer Olympics – Women's 5000 metres,https://en.wikipedia.org/wiki/Athletics_at_the_2000_Summer_Olympics_%E2%80%93_Women%27s_5000_metres,Q3628769,27239554,1716
Q1005640,Alpine skiing at the 1994 Winter Olympics – Men's slalom,https://en.wikipedia.org/wiki/Alpine_skiing_at_the_1994_Winter_Olympics_%E2%80%93_Men%27s_slalom,Q1005640,41144163,789
Q625713,BHP,https://en.wikipedia.org/wiki/BHP,Q625713,200825,6918
Q1326918,Ethiopian Airlines Flight 961,https://en.wikipedia.org/wiki/Ethiopian_Airlines_Flight_961,Q1326918,383735,3700
Q1520122,Getty Images,https://en.wikipedia.org/wiki/Getty_Images,Q1520122,331020,4623
Q49104,2006 Lebanon War,https://en.wikipedia.org/wiki/2006_Lebanon_War,Q49104,6299613,23767
Q744487,Athletics at the 2008 Summer Olympics – Men's high jump,https://en.wikipedia.org/wiki/Athletics_at_the_2008_Summer_Olympics_%E2%80%93_Men%27s_high_jump,Q744487,18578971,1899
Q11240,1993 World Trade Center bombing,https://en.wikipedia.org/wiki/1993_World_Trade_Center_bombing,Q11240,46815127,6217
Q1519075,Saawariya,https://en.wikipedia.org/wiki/Saawariya,Q1519075,5267049,2218
Q1137047,Hainan Island incident,https://en.wikipedia.org/wiki/Hainan_Island_incident,Q1137047,2243939,3666
Q26233821,Athletics at the 2016 Summer Olympics – Women's high jump,https://en.wikipedia.org/wiki/Athletics_at_the_2016_Summer_Olympics_%E2%80%93_Women%27s_high_jump,Q26233821,45151566,1416
Q8342,Robert Legato,https://en.wikipedia.org/wiki/Robert_Legato,Q8342,34495504,670
Q262778,Munna Bhai M.B.B.S.,https://en.wikipedia.org/wiki/Munna_Bhai_M.B.B.S.,Q262778,903140,3834
Q549889,Varsity Blues (film),https://en.wikipedia.org/wiki/Varsity_Blues_%28film%29,Q549889,1693395,2592
Q1133610,Wild Things (film),https://en.wikipedia.org/wiki/Wild_Things_%28film%29,Q1133610,423372,4330
Q487138,The Lake House (film),https://en.wikipedia.org/wiki/The_Lake_House_%28film%29,Q487138,3995423,3765
Q1433109,Athletics at the 2004 Summer Olympics – Men's pole vault,https://en.wikipedia.org/wiki/Athletics_at_the_2004_Summer_Olympics_%E2%80%93_Men%27s_pole_vault,Q1433109,913319,1721
Q213208,The Fast and the Furious: Tokyo Drift,https://en.wikipedia.org/wiki/The_Fast_and_the_Furious%3A_Tokyo_Drift,Q213208,2913859,5064
Q177930,Enemy of the State (film),https://en.wikipedia.org/wiki/Enemy_of_the_State_%28film%29,Q177930,684771,3637
Q429557,Gia,https://en.wikipedia.org/wiki/Gia,Q429557,288360,1275
Q258009,Man on Fire (2004 film),https://en.wikipedia.org/wiki/Man_on_Fire_%282004_film%29,Q258009,525305,3649
Q491800,Gattaca,https://en.wikipedia.org/wiki/Gattaca,Q491800,42886,3680
Q60016,Kiss the Girls (1997 film),https://en.wikipedia.org/wiki/Kiss_the_Girls_%281997_film%29,Q60016,1164579,2477
Q1138055,Halloween: The Curse of Michael Myers,https://en.wikipedia.org/wiki/Halloween%3A_The_Curse_of_Michael_Myers,Q1138055,2002403,9823
Q318910,Interview with the Vampire (film),https://en.wikipedia.org/wiki/Interview_with_the_Vampire_%28film%29,Q318910,3239688,6919
Q635937,Scary Movie 3,https://en.wikipedia.org/wiki/Scary_Movie_3,Q635937,880056,3292
Q216006,Pan's Labyrinth,https://en.wikipedia.org/wiki/Pan%27s_Labyrinth,Q216006,3261733,8654
Q134773,Forrest Gump,https://en.wikipedia.org/wiki/Forrest_Gump,Q134773,41528,9084
Q637842,Silent Hill (film),https://en.wikipedia.org/wiki/Silent_Hill_%28film%29,Q637842,2465576,15492
Q426396,Along Came Polly,https://en.wikipedia.org/wiki/Along_Came_Polly,Q426396,547378,1702
Q698033,Rules of Engagement (film),https://en.wikipedia.org/wiki/Rules_of_Engagement_%28film%29,Q698033,1198018,2524
Q714057,Infernal Affairs,https://en.wikipedia.org/wiki/Infernal_Affairs,Q714057,394536,7062
Q785087,The Witches of Eastwick (film),https://en.wikipedia.org/wiki/The_Witches_of_Eastwick_%28film%29,Q785087,5526366,3077
Q131864,How the Grinch Stole Christmas (2000 film),https://en.wikipedia.org/wiki/How_the_Grinch_Stole_Christmas_%282000_film%29,Q131864,4867859,7369
Q488222,The Host (2006 film),https://en.wikipedia.org/wiki/The_Host_%282006_film%29,Q488222,5259161,9793
Q261923,Get Shorty (film),https://en.wikipedia.org/wiki/Get_Shorty_%28film%29,Q261923,8549241,2162
Q786019,The Haunting (1999 film),https://en.wikipedia.org/wiki/The_Haunting_%281999_film%29,Q786019,956598,4186
Q962544,Set It Off (film),https://en.wikipedia.org/wiki/Set_It_Off_%28film%29,Q962544,682257,4515
Q72909,They Live,https://en.wikipedia.org/wiki/They_Live,Q72909,342556,5216
Q969059,Layer Cake (film),https://en.wikipedia.org/wiki/Layer_Cake_%28film%29,Q969059,1044633,2634
Q963713,Say Anything...,https://en.wikipedia.org/wiki/Say_Anything...,Q963713,606476,2694
Q488655,Groundhog Day (film),https://en.wikipedia.org/wiki/Groundhog_Day_%28film%29,Q488655,142327,17695
Q7747,Vladimir Putin,https://en.wikipedia.org/wiki/Vladimir_Putin,Q7747,32817,21421
Q213773,Charlotte's Web (2006 film),https://en.wikipedia.org/wiki/Charlotte%27s_Web_%282006_film%29,Q213773,2696891,3229
Q214801,The Truman Show,https://en.wikipedia.org/wiki/The_Truman_Show,Q214801,232711,6780
Q1049551,Athletics at the 2012 Summer Olympics – Men's 800 metres,https://en.wikipedia.org/wiki/Athletics_at_the_2012_Summer_Olympics_%E2%80%93_Men%27s_800_metres,Q1049551,31816202,2045
Q214013,21 Grams,https://en.wikipedia.org/wiki/21_Grams,Q214013,468326,3238
Q976728,Halloween 5: The Revenge of Michael Myers,https://en.wikipedia.org/wiki/Halloween_5%3A_The_Revenge_of_Michael_Myers,Q976728,2002320,5628
Q133654,The Silence of the Lambs (film),https://en.wikipedia.org/wiki/The_Silence_of_the_Lambs_%28film%29,Q133654,30006,6666
Q215057,Rick Perry,https://en.wikipedia.org/wiki/Rick_Perry,Q215057,545253,9515
Q486954,Swordfish (film),https://en.wikipedia.org/wiki/Swordfish_%28film%29,Q486954,963435,2322
Q429934,Pitch Black (film),https://en.wikipedia.org/wiki/Pitch_Black_%28film%29,Q429934,488484,3367
Q970089,Unfaithful (2002 film),https://en.wikipedia.org/wiki/Unfaithful_%282002_film%29,Q970089,1126385,4376
Q2071129,Athletics at the 2012 Summer Olympics – Women's 1500 metres,https://en.wikipedia.org/wiki/Athletics_at_the_2012_Summer_Olympics_%E2%80%93_Women%27s_1500_metres,Q2071129,31816241,2998
Q2071135,Athletics at the 2012 Summer Olympics – Women's 800 metres,https://en.wikipedia.org/wiki/Athletics_at_the_2012_Summer_Olympics_%E2%80%93_Women%27s_800_metres,Q2071135,31816298,1781
Q2090641,Athletics at the 2012 Summer Olympics – Women's 5000 metres,https://en.wikipedia.org/wiki/Athletics_at_the_2012_Summer_Olympics_%E2%80%93_Women%27s_5000_metres,Q2090641,31816244,1080
Q26219843,Athletics at the 2016 Summer Olympics – Women's 1500 metres,https://en.wikipedia.org/wiki/Athletics_at_the_2016_Summer_Olympics_%E2%80%93_Women%27s_1500_metres,Q26219843,45151369,1882
Q26208467,Athletics at the 2016 Summer Olympics – Men's 3000 metres steeplechase,https://en.wikipedia.org/wiki/Athletics_at_the_2016_Summer_Olympics_%E2%80%93_Men%27s_3000_metres_steeplechase,Q26208467,45151229,2039
Q2001009,Athletics at the 2012 Summer Olympics – Women's 3000 metres steeplechase,https://en.wikipedia.org/wiki/Athletics_at_the_2012_Summer_Olympics_%E2%80%93_Women%27s_3000_metres_steeplechase,Q2001009,31816092,1257
Q65242144,Athletics at the 2020 Summer Olympics – Women's shot put,https://en.wikipedia.org/wiki/Athletics_at_the_2020_Summer_Olympics_%E2%80%93_Women%27s_shot_put,Q65242144,60376801,1884
Q492093,While You Were Sleeping (film),https://en.wikipedia.org/wiki/While_You_Were_Sleeping_%28film%29,Q492093,226202,2242
Q633133,The 6th Day,https://en.wikipedia.org/wiki/The_6th_Day,Q633133,798491,2550
Q638386,Flightplan,https://en.wikipedia.org/wiki/Flightplan,Q638386,2008863,3482
Q543403,Dead Silence,https://en.wikipedia.org/wiki/Dead_Silence,Q543403,6098808,2759
Q260379,Hero (2002 film),https://en.wikipedia.org/wiki/Hero_%282002_film%29,Q260379,318542,4766
Q636166,Wes Craven's New Nightmare,https://en.wikipedia.org/wiki/Wes_Craven%27s_New_Nightmare,Q636166,347235,4334
Q544359,Iruvar,https://en.wikipedia.org/wiki/Iruvar,Q544359,2853254,3523
Q319061,"Good Night, and Good Luck",https://en.wikipedia.org/wiki/Good_Night%2C_and_Good_Luck,Q319061,2663129,3544
Q550196,Spy Kids 3-D: Game Over,https://en.wikipedia.org/wiki/Spy_Kids_3-D%3A_Game_Over,Q550196,194693,3480
Q547120,The Fall (2006 film),https://en.wikipedia.org/wiki/The_Fall_%282006_film%29,Q547120,17665499,3860
Q1133132,Green Street (film),https://en.wikipedia.org/wiki/Green_Street_%28film%29,Q1133132,2405253,2579
Q313998,The Hudsucker Proxy,https://en.wikipedia.org/wiki/The_Hudsucker_Proxy,Q313998,170858,6191
Q429311,The American President,https://en.wikipedia.org/wiki/The_American_President,Q429311,258732,4014
Q139245,La Bamba (film),https://en.wikipedia.org/wiki/La_Bamba_%28film%29,Q139245,307080,2248
Q426828,Donnie Darko,https://en.wikipedia.org/wiki/Donnie_Darko,Q426828,57820,10001
Q316023,Big Momma's House,https://en.wikipedia.org/wiki/Big_Momma%27s_House,Q316023,40594612,2405
Q257630,Kindergarten Cop,https://en.wikipedia.org/wiki/Kindergarten_Cop,Q257630,997939,3085
Q1799275,"Athletics at the 2012 Summer Olympics – Women's 10,000 metres",https://en.wikipedia.org/wiki/Athletics_at_the_2012_Summer_Olympics_%E2%80%93_Women%27s_10%2C000_metres,Q1799275,31815955,801
Q1771990,Athletics at the 2012 Summer Olympics – Men's 3000 metres steeplechase,https://en.wikipedia.org/wiki/Athletics_at_the_2012_Summer_Olympics_%E2%80%93_Men%27s_3000_metres_steeplechase,Q1771990,31816043,1060
Q1133772,Napoleon Dynamite,https://en.wikipedia.org/wiki/Napoleon_Dynamite,Q1133772,882119,6144
Q782822,Patch Adams (film),https://en.wikipedia.org/wiki/Patch_Adams_%28film%29,Q782822,1231877,2118
Q2194130,Cycling at the 2012 Summer Olympics – Women's omnium,https://en.wikipedia.org/wiki/Cycling_at_the_2012_Summer_Olympics_%E2%80%93_Women%27s_omnium,Q2194130,34666581,840
Q487181,Requiem for a Dream,https://en.wikipedia.org/wiki/Requiem_for_a_Dream,Q487181,23830211,5135
Q132351,The Usual Suspects,https://en.wikipedia.org/wiki/The_Usual_Suspects,Q132351,167857,6065
Q1269212,Undisputed (film),https://en.wikipedia.org/wiki/Undisputed_%28film%29,Q1269212,3699931,3256
Q883213,Young Guns II,https://en.wikipedia.org/wiki/Young_Guns_II,Q883213,675213,3624
Q488169,Memories of Murder,https://en.wikipedia.org/wiki/Memories_of_Murder,Q488169,2746792,3658
Q785098,The One (2001 film),https://en.wikipedia.org/wiki/The_One_%282001_film%29,Q785098,545933,2439
Q1153249,Kenya Airways Flight 431,https://en.wikipedia.org/wiki/Kenya_Airways_Flight_431,Q1153249,2677073,4709
Q180706,Rescue Dawn,https://en.wikipedia.org/wiki/Rescue_Dawn,Q180706,3859075,4352
Q487978,Austin Powers: The Spy Who Shagged Me,https://en.wikipedia.org/wiki/Austin_Powers%3A_The_Spy_Who_Shagged_Me,Q487978,241603,2207
Q258204,Miracle on 34th Street (1994 film),https://en.wikipedia.org/wiki/Miracle_on_34th_Street_%281994_film%29,Q258204,20700559,2311
Q8006,Akira Kurosawa,https://en.wikipedia.org/wiki/Akira_Kurosawa,Q8006,872,17525
Q1137310,Death Proof,https://en.wikipedia.org/wiki/Death_Proof,Q1137310,8586619,3408
Q216720,The Rock (film),https://en.wikipedia.org/wiki/The_Rock_%28film%29,Q216720,29785,4312
Q1131669,The Longest Yard (2005 film),https://en.wikipedia.org/wiki/The_Longest_Yard_%282005_film%29,Q1131669,3326231,3092
Q59931,Garden State (film),https://en.wikipedia.org/wiki/Garden_State_%28film%29,Q59931,558336,3626
Q63009,The Prince of Tides,https://en.wikipedia.org/wiki/The_Prince_of_Tides,Q63009,133550,3451
Q491664,Hwang Jin Yi (film),https://en.wikipedia.org/wiki/Hwang_Jin_Yi_%28film%29,Q491664,12809766,911
Q1133316,The Wedding Singer,https://en.wikipedia.org/wiki/The_Wedding_Singer,Q1133316,454655,4463
Q1135349,Mohabbatein,https://en.wikipedia.org/wiki/Mohabbatein,Q1135349,815934,3415
Q255376,The Client (1994 film),https://en.wikipedia.org/wiki/The_Client_%281994_film%29,Q255376,13087370,1884
Q1134271,The Sweetest Thing (film),https://en.wikipedia.org/wiki/The_Sweetest_Thing_%28film%29,Q1134271,261023,1401
Q261700,Ghosts of Mars,https://en.wikipedia.org/wiki/Ghosts_of_Mars,Q261700,975900,2931
Q260533,Gigli,https://en.wikipedia.org/wiki/Gigli,Q260533,293165,4446
Q177374,There's Something About Mary,https://en.wikipedia.org/wiki/There%27s_Something_About_Mary,Q177374,277149,3066
Q255342,Rush Hour (1998 film),https://en.wikipedia.org/wiki/Rush_Hour_%281998_film%29,Q255342,489800,4554
Q428551,The Family Man,https://en.wikipedia.org/wiki/The_Family_Man,Q428551,101813,3022
Q1137831,Parenthood (film),https://en.wikipedia.org/wiki/Parenthood_%28film%29,Q1137831,1118829,2761
Q784211,Hoosiers (film),https://en.wikipedia.org/wiki/Hoosiers_%28film%29,Q784211,74375,4189
Q179100,Enough (film),https://en.wikipedia.org/wiki/Enough_%28film%29,Q179100,229047,4084
Q971468,Serendipity (film),https://en.wikipedia.org/wiki/Serendipity_%28film%29,Q971468,1474328,2513
Q635632,Ocean's Thirteen,https://en.wikipedia.org/wiki/Ocean%27s_Thirteen,Q635632,3723947,3024
Q493755,Coming to America,https://en.wikipedia.org/wiki/Coming_to_America,Q493755,54540,5038
Q1261289,Drumline (film),https://en.wikipedia.org/wiki/Drumline_%28film%29,Q1261289,2997971,2794
Q637021,The Golden Compass (film),https://en.wikipedia.org/wiki/The_Golden_Compass_%28film%29,Q637021,1355085,8332
Q180405,Fracture (2007 film),https://en.wikipedia.org/wiki/Fracture_%282007_film%29,Q180405,7920068,2845
Q179746,Cry-Baby,https://en.wikipedia.org/wiki/Cry-Baby,Q179746,1452377,2504
Q408725,Airheads,https://en.wikipedia.org/wiki/Airheads,Q408725,924835,2358
Q429397,Lethal Weapon 4,https://en.wikipedia.org/wiki/Lethal_Weapon_4,Q429397,695283,4621
Q636043,The Goonies,https://en.wikipedia.org/wiki/The_Goonies,Q636043,89631,6268
Q786562,The Good Shepherd (film),https://en.wikipedia.org/wiki/The_Good_Shepherd_%28film%29,Q786562,2572919,5101
Q544098,Kickboxer (1989 film),https://en.wikipedia.org/wiki/Kickboxer_%281989_film%29,Q544098,2886766,2112
Q179018,Seabiscuit (film),https://en.wikipedia.org/wiki/Seabiscuit_%28film%29,Q179018,444767,2254
Q696928,Funny Games (1997 film),https://en.wikipedia.org/wiki/Funny_Games_%281997_film%29,Q696928,3870912,2391
Q131390,300 (film),https://en.wikipedia.org/wiki/300_%28film%29,Q131390,2465797,10070
Q700871,Death at a Funeral (2007 film),https://en.wikipedia.org/wiki/Death_at_a_Funeral_%282007_film%29,Q700871,10050056,2428
Q631103,Mean Girls,https://en.wikipedia.org/wiki/Mean_Girls,Q631103,10565718,9872
Q1244791,Mannequin (1987 film),https://en.wikipedia.org/wiki/Mannequin_%281987_film%29,Q1244791,882050,3959
Q318766,The Terminal,https://en.wikipedia.org/wiki/The_Terminal,Q318766,676909,3685
Q549908,Spy Kids 2: The Island of Lost Dreams,https://en.wikipedia.org/wiki/Spy_Kids_2%3A_The_Island_of_Lost_Dreams,Q549908,33577424,3415
Q180125,Step Up (film),https://en.wikipedia.org/wiki/Step_Up_%28film%29,Q180125,5429993,2245
Q132266,Fun with Dick and Jane (2005 film),https://en.wikipedia.org/wiki/Fun_with_Dick_and_Jane_%282005_film%29,Q132266,2763180,2874
Q1286551,Jack Frost (1998 film),https://en.wikipedia.org/wiki/Jack_Frost_%281998_film%29,Q1286551,2171715,2327
Q631515,Blow (film),https://en.wikipedia.org/wiki/Blow_%28film%29,Q631515,96893,2216
Q1257599,But I'm a Cheerleader,https://en.wikipedia.org/wiki/But_I%27m_a_Cheerleader,Q1257599,770156,4539
Q137754,Once (film),https://en.wikipedia.org/wiki/Once_%28film%29,Q137754,9175716,4663
Q315732,The Producers (1967 film),https://en.wikipedia.org/wiki/The_Producers_%281967_film%29,Q315732,76030,6629
Q698492,Drop Dead Gorgeous (film),https://en.wikipedia.org/wiki/Drop_Dead_Gorgeous_%28film%29,Q698492,871658,2763
Q427386,In the Line of Fire,https://en.wikipedia.org/wiki/In_the_Line_of_Fire,Q427386,676054,3143
Q1286387,The Cat in the Hat (2003 film),https://en.wikipedia.org/wiki/The_Cat_in_the_Hat_%282003_film%29,Q1286387,4803480,6394
Q429969,Insomnia (2002 film),https://en.wikipedia.org/wiki/Insomnia_%282002_film%29,Q429969,4760936,3188
Q547189,Dead Man,https://en.wikipedia.org/wiki/Dead_Man,Q547189,113651,3513
Q1256231,Dreamcatcher (2003 film),https://en.wikipedia.org/wiki/Dreamcatcher_%282003_film%29,Q1256231,2876631,2165
Q784514,Clerks II,https://en.wikipedia.org/wiki/Clerks_II,Q784514,1283050,4463
Q3589,The Manchurian Candidate (2004 film),https://en.wikipedia.org/wiki/The_Manchurian_Candidate_%282004_film%29,Q3589,948337,2478
Q5890,V for Vendetta (film),https://en.wikipedia.org/wiki/V_for_Vendetta_%28film%29,Q5890,1891886,8593
Q131074,The Lord of the Rings: The Return of the King,https://en.wikipedia.org/wiki/The_Lord_of_the_Rings%3A_The_Return_of_the_King,Q131074,174251,14464
Q785719,The Last Boy Scout,https://en.wikipedia.org/wiki/The_Last_Boy_Scout,Q785719,706878,3830
Q782955,Old School (2003 film),https://en.wikipedia.org/wiki/Old_School_%282003_film%29,Q782955,974837,3145
Q781344,Private Parts (1997 film),https://en.wikipedia.org/wiki/Private_Parts_%281997_film%29,Q781344,9468375,7936
Q548906,Mr. Brooks,https://en.wikipedia.org/wiki/Mr._Brooks,Q548906,5101743,2176
Q1292187,Just Friends,https://en.wikipedia.org/wiki/Just_Friends,Q1292187,3154528,2882
Q785351,The Rainmaker (1997 film),https://en.wikipedia.org/wiki/The_Rainmaker_%281997_film%29,Q785351,190423,2292
Q707880,The Brothers Grimm (film),https://en.wikipedia.org/wiki/The_Brothers_Grimm_%28film%29,Q707880,1393739,4126
Q212804,The Ring (2002 film),https://en.wikipedia.org/wiki/The_Ring_%282002_film%29,Q212804,62668,2972
Q59595,Mr. Deeds,https://en.wikipedia.org/wiki/Mr._Deeds,Q59595,594105,2580
Q959853,Halloween 4: The Return of Michael Myers,https://en.wikipedia.org/wiki/Halloween_4%3A_The_Return_of_Michael_Myers,Q959853,2002258,6253
Q213411,Cast Away,https://en.wikipedia.org/wiki/Cast_Away,Q213411,44501,6180
Q71960,Save the Last Dance,https://en.wikipedia.org/wiki/Save_the_Last_Dance,Q71960,1569634,2485
Q63026,The English Patient (film),https://en.wikipedia.org/wiki/The_English_Patient_%28film%29,Q63026,101954,4458
Q64151,Cruel Intentions,https://en.wikipedia.org/wiki/Cruel_Intentions,Q64151,93559,3040
Q965859,Freddy vs. Jason,https://en.wikipedia.org/wiki/Freddy_vs._Jason,Q965859,714334,4766
Q963351,Road House (1989 film),https://en.wikipedia.org/wiki/Road_House_%281989_film%29,Q963351,901489,3775
Q217008,Blade: Trinity,https://en.wikipedia.org/wiki/Blade%3A_Trinity,Q217008,1129583,3659
Q962987,Quadrophenia (film),https://en.wikipedia.org/wiki/Quadrophenia_%28film%29,Q962987,714358,3371
Q318287,Cameron Crowe,https://en.wikipedia.org/wiki/Cameron_Crowe,Q318287,319525,5391
Q962809,The Basketball Diaries (film),https://en.wikipedia.org/wiki/The_Basketball_Diaries_%28film%29,Q962809,3182907,1821
Q179497,Oliver Stone,https://en.wikipedia.org/wiki/Oliver_Stone,Q179497,21486951,14313
Q880774,Richard Riley,https://en.wikipedia.org/wiki/Richard_Riley,Q880774,1268283,1495
Q1138659,Street Fighter (1994 film),https://en.wikipedia.org/wiki/Street_Fighter_%281994_film%29,Q1138659,1269138,4762
Q880297,Steve Cowper,https://en.wikipedia.org/wiki/Steve_Cowper,Q880297,853944,977
Q880701,Gerald Baliles,https://en.wikipedia.org/wiki/Gerald_Baliles,Q880701,1176367,2667
Q880786,John R. McKernan Jr.,https://en.wikipedia.org/wiki/John_R._McKernan_Jr.,Q880786,496430,3039
Q314935,Paul Haggis,https://en.wikipedia.org/wiki/Paul_Haggis,Q314935,1659870,3544
Q544465,Kathy Bates,https://en.wikipedia.org/wiki/Kathy_Bates,Q544465,519607,4986
Q881173,Henry Bellmon,https://en.wikipedia.org/wiki/Henry_Bellmon,Q881173,418267,2146
Q880570,Jim Hunt,https://en.wikipedia.org/wiki/Jim_Hunt,Q880570,168222,2692
Q881154,Douglas Wilder,https://en.wikipedia.org/wiki/Douglas_Wilder,Q881154,175366,4175
Q880280,Mike Lowry,https://en.wikipedia.org/wiki/Mike_Lowry,Q880280,588824,824
Q880085,James J. Blanchard,https://en.wikipedia.org/wiki/James_J._Blanchard,Q880085,412790,1407
Q880976,Ted Kulongoski,https://en.wikipedia.org/wiki/Ted_Kulongoski,Q880976,258863,1983
Q881318,Lowell Weicker,https://en.wikipedia.org/wiki/Lowell_Weicker,Q881318,506951,3513
Q881215,Mike Easley,https://en.wikipedia.org/wiki/Mike_Easley,Q881215,418816,3123
Q881335,Evan Mecham,https://en.wikipedia.org/wiki/Evan_Mecham,Q881335,582070,8394
Q314691,Mohamed Boudiaf,https://en.wikipedia.org/wiki/Mohamed_Boudiaf,Q314691,377267,1893
Q314142,Edward Zwick,https://en.wikipedia.org/wiki/Edward_Zwick,Q314142,1192786,1338
Q880356,Ted Schwinden,https://en.wikipedia.org/wiki/Ted_Schwinden,Q880356,420784,901
Q718335,Paul Cellucci,https://en.wikipedia.org/wiki/Paul_Cellucci,Q718335,399290,4208
Q881230,Joan Finney,https://en.wikipedia.org/wiki/Joan_Finney,Q881230,1427333,773
Q315953,Didier Ratsiraka,https://en.wikipedia.org/wiki/Didier_Ratsiraka,Q315953,795130,2661
Q315975,Andrés Pastrana Arango,https://en.wikipedia.org/wiki/Andr%C3%A9s_Pastrana_Arango,Q315975,508869,2394
Q882516,Edgar Herschler,https://en.wikipedia.org/wiki/Edgar_Herschler,Q882516,2611362,1799
Q1124,Bill Clinton,https://en.wikipedia.org/wiki/Bill_Clinton,Q1124,3356,23842
Q316133,Kalkot Mataskelekele,https://en.wikipedia.org/wiki/Kalkot_Mataskelekele,Q316133,910383,462
Q884986,Richard Lamm,https://en.wikipedia.org/wiki/Richard_Lamm,Q884986,949828,2880
Q881873,Ned McWherter,https://en.wikipedia.org/wiki/Ned_McWherter,Q881873,464104,3340
Q314776,Ghulam Ishaq Khan,https://en.wikipedia.org/wiki/Ghulam_Ishaq_Khan,Q314776,460444,4213
Q705440,Robert Moresco,https://en.wikipedia.org/wiki/Robert_Moresco,Q705440,3640347,202
Q544464,Angus King,https://en.wikipedia.org/wiki/Angus_King,Q544464,496707,10637
Q65932,Anthony Hopkins,https://en.wikipedia.org/wiki/Anthony_Hopkins,Q65932,2397,9992
Q4573,Sean Connery,https://en.wikipedia.org/wiki/Sean_Connery,Q4573,26709,9220
Q317891,Abdur Rahman Biswas,https://en.wikipedia.org/wiki/Abdur_Rahman_Biswas,Q317891,2624276,1877
Q3772,Quentin Tarantino,https://en.wikipedia.org/wiki/Quentin_Tarantino,Q3772,25169,12807
Q543664,Ong Teng Cheong,https://en.wikipedia.org/wiki/Ong_Teng_Cheong,Q543664,505404,5019
Q543498,Bruce Cohen,https://en.wikipedia.org/wiki/Bruce_Cohen,Q543498,1530405,1292
Q765,Dario Fo,https://en.wikipedia.org/wiki/Dario_Fo,Q765,176791,10170
Q715836,Bernard Dowiyogo,https://en.wikipedia.org/wiki/Bernard_Dowiyogo,Q715836,200119,1098
Q862,Joseph Brodsky,https://en.wikipedia.org/wiki/Joseph_Brodsky,Q862,262593,7847
Q883193,James G. Martin,https://en.wikipedia.org/wiki/James_G._Martin,Q883193,434388,1447
Q885204,John G. Rowland,https://en.wikipedia.org/wiki/John_G._Rowland,Q885204,426721,4135
Q6538,Günter Grass,https://en.wikipedia.org/wiki/G%C3%BCnter_Grass,Q6538,23473348,5309
Q885091,Dick Thornburgh,https://en.wikipedia.org/wiki/Dick_Thornburgh,Q885091,596299,3810
Q543506,Jorge Drexler,https://en.wikipedia.org/wiki/Jorge_Drexler,Q543506,1553795,1711
Q392,Bob Dylan,https://en.wikipedia.org/wiki/Bob_Dylan,Q392,4637590,22258
Q8289,Jamie Selkirk,https://en.wikipedia.org/wiki/Jamie_Selkirk,Q8289,4331039,630
Q491314,Anders Thomas Jensen,https://en.wikipedia.org/wiki/Anders_Thomas_Jensen,Q491314,6202640,906
Q545307,Bill Clements,https://en.wikipedia.org/wiki/Bill_Clements,Q545307,577327,3292
Q26219851,Taekwondo at the 2016 Summer Olympics – Women's 49 kg,https://en.wikipedia.org/wiki/Taekwondo_at_the_2016_Summer_Olympics_%E2%80%93_Women%27s_49_kg,Q26219851,46645931,553
Q1043342,Athletics at the 2008 Summer Olympics – Women's 1500 metres,https://en.wikipedia.org/wiki/Athletics_at_the_2008_Summer_Olympics_%E2%80%93_Women%27s_1500_metres,Q1043342,18569335,674
Q260963,Russell Boyd,https://en.wikipedia.org/wiki/Russell_Boyd,Q260963,572342,1675
Q1063589,Cycling at the 2008 Summer Olympics – Men's individual road race,https://en.wikipedia.org/wiki/Cycling_at_the_2008_Summer_Olympics_%E2%80%93_Men%27s_individual_road_race,Q1063589,18664179,4407
Q711370,Arthur Schmidt (film editor),https://en.wikipedia.org/wiki/Arthur_Schmidt_%28film_editor%29,Q711370,6228967,770
Q544620,Angus Strathie,https://en.wikipedia.org/wiki/Angus_Strathie,Q544620,11797475,216
Q258156,Colleen Atwood,https://en.wikipedia.org/wiki/Colleen_Atwood,Q258156,893330,2082
Q26212188,Weightlifting at the 2016 Summer Olympics – Women's 75 kg,https://en.wikipedia.org/wiki/Weightlifting_at_the_2016_Summer_Olympics_%E2%80%93_Women%27s_75_kg,Q26212188,47045081,574
Q2808,Elton John,https://en.wikipedia.org/wiki/Elton_John,Q2808,5052197,20509
Q317107,Bakili Muluzi,https://en.wikipedia.org/wiki/Bakili_Muluzi,Q317107,393545,2755
Q1316,Saddam Hussein,https://en.wikipedia.org/wiki/Saddam_Hussein,Q1316,29490,20589
Q885559,Richard Bryan,https://en.wikipedia.org/wiki/Richard_Bryan,Q885559,868221,989
Q4465,Peter Jackson,https://en.wikipedia.org/wiki/Peter_Jackson,Q4465,19222532,11122
Q703611,Branko Lustig,https://en.wikipedia.org/wiki/Branko_Lustig,Q703611,478483,1217
Q320156,Benjamin Mkapa,https://en.wikipedia.org/wiki/Benjamin_Mkapa,Q320156,305034,1354
Q177182,Sixto Durán Ballén,https://en.wikipedia.org/wiki/Sixto_Dur%C3%A1n_Ball%C3%A9n,Q177182,744505,2215
Q783823,Lagumot Harris,https://en.wikipedia.org/wiki/Lagumot_Harris,Q783823,894983,625
Q1293513,Edward Saxon,https://en.wikipedia.org/wiki/Edward_Saxon,Q1293513,5910969,996
Q5608,Eminem,https://en.wikipedia.org/wiki/Eminem,Q5608,4429395,16299
Q708125,John Lynch (New Hampshire governor),https://en.wikipedia.org/wiki/John_Lynch_%28New_Hampshire_governor%29,Q708125,15870,2549
Q706668,Ronald Harwood,https://en.wikipedia.org/wiki/Ronald_Harwood,Q706668,1463830,1730
Q4496,Mitt Romney,https://en.wikipedia.org/wiki/Mitt_Romney,Q4496,426208,25268
Q415598,Akamai Technologies,https://en.wikipedia.org/wiki/Akamai_Technologies,Q415598,481477,2631
Q546880,Kinross Gold,https://en.wikipedia.org/wiki/Kinross_Gold,Q546880,5565389,3235
Q181069,Star Wars: Episode II – Attack of the Clones,https://en.wikipedia.org/wiki/Star_Wars%3A_Episode_II_%E2%80%93_Attack_of_the_Clones,Q181069,50957,5727
Q1289841,Steve Merrill,https://en.wikipedia.org/wiki/Steve_Merrill,Q1289841,2935495,956
Q314176,Tan Dun,https://en.wikipedia.org/wiki/Tan_Dun,Q314176,491375,5942
Q4227,James Coburn,https://en.wikipedia.org/wiki/James_Coburn,Q4227,148905,5787
Q180560,Philip Seymour Hoffman,https://en.wikipedia.org/wiki/Philip_Seymour_Hoffman,Q180560,564099,10658
Q1480,Corazon Aquino,https://en.wikipedia.org/wiki/Corazon_Aquino,Q1480,279605,14198
Q26219850,Taekwondo at the 2016 Summer Olympics – Men's 80 kg,https://en.wikipedia.org/wiki/Taekwondo_at_the_2016_Summer_Olympics_%E2%80%93_Men%27s_80_kg,Q26219850,46645925,533
Q634551,A. N. R. Robinson,https://en.wikipedia.org/wiki/A._N._R._Robinson,Q634551,750907,1830
Q177219,Allan Starski,https://en.wikipedia.org/wiki/Allan_Starski,Q177219,6606761,384
Q179572,George Smoot,https://en.wikipedia.org/wiki/George_Smoot,Q179572,7267936,3167
Q704080,Timmy Yip,https://en.wikipedia.org/wiki/Timmy_Yip,Q704080,3789925,822
Q180280,Turgut Özal,https://en.wikipedia.org/wiki/Turgut_%C3%96zal,Q180280,649579,4046
Q215392,Norwegian Air Shuttle,https://en.wikipedia.org/wiki/Norwegian_Air_Shuttle,Q215392,198539,8134
Q72539,U.S. Steel,https://en.wikipedia.org/wiki/U.S._Steel,Q72539,315801,10213
Q319099,Michael Dukakis,https://en.wikipedia.org/wiki/Michael_Dukakis,Q319099,74453,6934
Q180029,Peter Pau,https://en.wikipedia.org/wiki/Peter_Pau,Q180029,2312637,1005
Q705961,Jim Doyle,https://en.wikipedia.org/wiki/Jim_Doyle,Q705961,339830,1951
Q180911,Ghazi Mashal Ajil al-Yawer,https://en.wikipedia.org/wiki/Ghazi_Mashal_Ajil_al-Yawer,Q180911,440284,2923
Q427881,Royal Caribbean Group,https://en.wikipedia.org/wiki/Royal_Caribbean_Group,Q427881,926969,2219
Q715113,EVA Air,https://en.wikipedia.org/wiki/EVA_Air,Q715113,388176,11261
Q1291990,Edward D. DiPrete,https://en.wikipedia.org/wiki/Edward_D._DiPrete,Q1291990,1429395,1013
Q880166,Richard Codey,https://en.wikipedia.org/wiki/Richard_Codey,Q880166,566703,2724
Q705156,Michael Arndt,https://en.wikipedia.org/wiki/Michael_Arndt,Q705156,8741848,1372
Q1281014,Fernando Pereira (major),https://en.wikipedia.org/wiki/Fernando_Pereira_%28major%29,Q1281014,2061995,172
Q215585,Abdullahi Yusuf Ahmed,https://en.wikipedia.org/wiki/Abdullahi_Yusuf_Ahmed,Q215585,1056813,6276
Q788520,Paheli (2005 film),https://en.wikipedia.org/wiki/Paheli_%282005_film%29,Q788520,1862086,3352
Q1279758,Mark Johnson (producer),https://en.wikipedia.org/wiki/Mark_Johnson_%28producer%29,Q1279758,8543965,2452
Q699900,Fife Symington,https://en.wikipedia.org/wiki/Fife_Symington,Q699900,1301974,8632
Q1256188,Ping An Insurance,https://en.wikipedia.org/wiki/Ping_An_Insurance,Q1256188,1283692,2076
Q1240197,Donald O. Mitchell,https://en.wikipedia.org/wiki/Donald_O._Mitchell,Q1240197,33277246,205
Q64188,Roy J. Glauber,https://en.wikipedia.org/wiki/Roy_J._Glauber,Q64188,2830958,1735
Q216983,Kenan Evren,https://en.wikipedia.org/wiki/Kenan_Evren,Q216983,617363,2431
Q66637,Florian Gallenberger,https://en.wikipedia.org/wiki/Florian_Gallenberger,Q66637,11870522,638
Q1131463,Tech Mahindra,https://en.wikipedia.org/wiki/Tech_Mahindra,Q1131463,4342455,1598
Q1272525,Li-Ning,https://en.wikipedia.org/wiki/Li-Ning,Q1272525,12481374,2726
Q1252563,Douglas Wick,https://en.wikipedia.org/wiki/Douglas_Wick,Q1252563,9402264,1147
Q639207,Jim Gibbons (American politician),https://en.wikipedia.org/wiki/Jim_Gibbons_%28American_politician%29,Q639207,414166,7191
Q263006,Mujhse Dosti Karoge!,https://en.wikipedia.org/wiki/Mujhse_Dosti_Karoge%21,Q263006,1324831,2756
Q71016,Herbert Kroemer,https://en.wikipedia.org/wiki/Herbert_Kroemer,Q71016,314964,963
Q974615,Martin Walsh (film editor),https://en.wikipedia.org/wiki/Martin_Walsh_%28film_editor%29,Q974615,7266895,843
Q71015,Horst Ludwig Störmer,https://en.wikipedia.org/wiki/Horst_Ludwig_St%C3%B6rmer,Q71015,1621554,791
Q1136226,United Aircraft Corporation,https://en.wikipedia.org/wiki/United_Aircraft_Corporation,Q1136226,7058125,8777
Q72334,Toni Morrison,https://en.wikipedia.org/wiki/Toni_Morrison,Q72334,43165,11548
Q133050,Susan Sarandon,https://en.wikipedia.org/wiki/Susan_Sarandon,Q133050,68323,5297
Q1132892,Corinne Marrinan,https://en.wikipedia.org/wiki/Corinne_Marrinan,Q1132892,53835645,380
Q136209,Cuba Gooding Jr.,https://en.wikipedia.org/wiki/Cuba_Gooding_Jr.,Q136209,158106,4000
Q419454,Akiva Goldsman,https://en.wikipedia.org/wiki/Akiva_Goldsman,Q419454,2006930,2781
Q784022,Renren,https://en.wikipedia.org/wiki/Renren,Q784022,16169349,3073
Q430535,Michael Collins (film),https://en.wikipedia.org/wiki/Michael_Collins_%28film%29,Q430535,26609228,3809
Q644408,Ice hockey at the 2010 Winter Olympics – Men's tournament,https://en.wikipedia.org/wiki/Ice_hockey_at_the_2010_Winter_Olympics_%E2%80%93_Men%27s_tournament,Q644408,18799875,3419
Q1264404,Duke Energy,https://en.wikipedia.org/wiki/Duke_Energy,Q1264404,1711438,6469
Q135547,Laurent-Désiré Kabila,https://en.wikipedia.org/wiki/Laurent-D%C3%A9sir%C3%A9_Kabila,Q135547,49367,2962
Q132451,Jon Landau (film producer),https://en.wikipedia.org/wiki/Jon_Landau_%28film_producer%29,Q132451,2872022,1255
Q256559,Swimming at the 2008 Summer Olympics – Men's 400 metre freestyle,https://en.wikipedia.org/wiki/Swimming_at_the_2008_Summer_Olympics_%E2%80%93_Men%27s_400_metre_freestyle,Q256559,18624662,819
Q1185004,Swimming at the 2008 Summer Olympics – Women's 200 metre backstroke,https://en.wikipedia.org/wiki/Swimming_at_the_2008_Summer_Olympics_%E2%80%93_Women%27s_200_metre_backstroke,Q1185004,18625461,1117
Q131380,Kim Basinger,https://en.wikipedia.org/wiki/Kim_Basinger,Q131380,204467,5725
Q320211,Stan Winston,https://en.wikipedia.org/wiki/Stan_Winston,Q320211,930853,3200
Q657467,Athletics at the 2008 Summer Olympics – Women's discus throw,https://en.wikipedia.org/wiki/Athletics_at_the_2008_Summer_Olympics_%E2%80%93_Women%27s_discus_throw,Q657467,18579335,1250
Q3884,Amazon (company),https://en.wikipedia.org/wiki/Amazon_%28company%29,Q3884,90451,9734
Q6686,Renault,https://en.wikipedia.org/wiki/Renault,Q6686,162292,19756
Q1296280,Ishq (1997 film),https://en.wikipedia.org/wiki/Ishq_%281997_film%29,Q1296280,4023052,2029
Q132589,Camilo José Cela,https://en.wikipedia.org/wiki/Camilo_Jos%C3%A9_Cela,Q132589,297979,2072
Q881141,Matt Blunt,https://en.wikipedia.org/wiki/Matt_Blunt,Q881141,1133101,5545
Q885589,BlueScope,https://en.wikipedia.org/wiki/BlueScope,Q885589,234290,1512
Q72925,She's the Man,https://en.wikipedia.org/wiki/She%27s_the_Man,Q72925,2763214,3911
Q754412,Cycling at the 2012 Summer Olympics – Men's individual road race,https://en.wikipedia.org/wiki/Cycling_at_the_2012_Summer_Olympics_%E2%80%93_Men%27s_individual_road_race,Q754412,34257219,1633
Q15056220,Speed skating at the 2014 Winter Olympics – Men's 1000 metres,https://en.wikipedia.org/wiki/Speed_skating_at_the_2014_Winter_Olympics_%E2%80%93_Men%27s_1000_metres,Q15056220,41442720,788
Q24760634,Cycling at the 2016 Summer Olympics – Men's individual road race,https://en.wikipedia.org/wiki/Cycling_at_the_2016_Summer_Olympics_%E2%80%93_Men%27s_individual_road_race,Q24760634,40501592,2006
Q25386275,Fencing at the 2016 Summer Olympics – Women's foil,https://en.wikipedia.org/wiki/Fencing_at_the_2016_Summer_Olympics_%E2%80%93_Women%27s_foil,Q25386275,46415380,374
Q950563,Swimming at the 2008 Summer Olympics – Women's 200 metre breaststroke,https://en.wikipedia.org/wiki/Swimming_at_the_2008_Summer_Olympics_%E2%80%93_Women%27s_200_metre_breaststroke,Q950563,18625509,1126
Q882921,Mike Sullivan (Wyoming politician),https://en.wikipedia.org/wiki/Mike_Sullivan_%28Wyoming_politician%29,Q882921,709219,5289
Q2685,Arnold Schwarzenegger,https://en.wikipedia.org/wiki/Arnold_Schwarzenegger,Q2685,1806,21041
Q487090,Daniel P. Hanley,https://en.wikipedia.org/wiki/Daniel_P._Hanley,Q487090,16013775,416
Q70532,Hans Georg Dehmelt,https://en.wikipedia.org/wiki/Hans_Georg_Dehmelt,Q70532,2009986,852
Q714950,Bob Holden,https://en.wikipedia.org/wiki/Bob_Holden,Q714950,349157,2397
Q1131279,The Hot Chick,https://en.wikipedia.org/wiki/The_Hot_Chick,Q1131279,227291,2939
Q47735,2002 FIFA World Cup,https://en.wikipedia.org/wiki/2002_FIFA_World_Cup,Q47735,52622,7724
Q255328,"The Adventures of Priscilla, Queen of the Desert",https://en.wikipedia.org/wiki/The_Adventures_of_Priscilla%2C_Queen_of_the_Desert,Q255328,482882,5731
Q486239,Saw (film),https://en.wikipedia.org/wiki/Saw_%28film%29,Q486239,1025150,6672
Q101730,1998 FIFA World Cup,https://en.wikipedia.org/wiki/1998_FIFA_World_Cup,Q101730,126460,10156
Q47296499,Figure skating at the 2018 Winter Olympics – Team event,https://en.wikipedia.org/wiki/Figure_skating_at_the_2018_Winter_Olympics_%E2%80%93_Team_event,Q47296499,56266117,6585
Q7371,Federico Fellini,https://en.wikipedia.org/wiki/Federico_Fellini,Q7371,11786,10447
Q26242953,Diving at the 2016 Summer Olympics – Men's 3 metre springboard,https://en.wikipedia.org/wiki/Diving_at_the_2016_Summer_Olympics_%E2%80%93_Men%27s_3_metre_springboard,Q26242953,45659552,760
Q26235881,Diving at the 2016 Summer Olympics – Men's synchronized 10 metre platform,https://en.wikipedia.org/wiki/Diving_at_the_2016_Summer_Olympics_%E2%80%93_Men%27s_synchronized_10_metre_platform,Q26235881,45659577,518
Q26237528,Diving at the 2016 Summer Olympics – Women's synchronized 10 metre platform,https://en.wikipedia.org/wiki/Diving_at_the_2016_Summer_Olympics_%E2%80%93_Women%27s_synchronized_10_metre_platform,Q26237528,45659620,506
Q26237418,Shooting at the 2016 Summer Olympics – Men's 50 metre rifle three positions,https://en.wikipedia.org/wiki/Shooting_at_the_2016_Summer_Olympics_%E2%80%93_Men%27s_50_metre_rifle_three_positions,Q26237418,43777827,989
Q26243423,Diving at the 2016 Summer Olympics – Women's 3 metre springboard,https://en.wikipedia.org/wiki/Diving_at_the_2016_Summer_Olympics_%E2%80%93_Women%27s_3_metre_springboard,Q26243423,45659583,784
Q176826,The Last King of Scotland (film),https://en.wikipedia.org/wiki/The_Last_King_of_Scotland_%28film%29,Q176826,2528212,3500
Q26234145,Athletics at the 2016 Summer Olympics – Women's heptathlon,https://en.wikipedia.org/wiki/Athletics_at_the_2016_Summer_Olympics_%E2%80%93_Women%27s_heptathlon,Q26234145,45151634,6031
Q26261258,Gymnastics at the 2016 Summer Olympics – Men's trampoline,https://en.wikipedia.org/wiki/Gymnastics_at_the_2016_Summer_Olympics_%E2%80%93_Men%27s_trampoline,Q26261258,47285571,522
Q26262523,Cycling at the 2016 Summer Olympics – Women's team sprint,https://en.wikipedia.org/wiki/Cycling_at_the_2016_Summer_Olympics_%E2%80%93_Women%27s_team_sprint,Q26262523,40501607,673
Q26259596,Cycling at the 2016 Summer Olympics – Men's team sprint,https://en.wikipedia.org/wiki/Cycling_at_the_2016_Summer_Olympics_%E2%80%93_Men%27s_team_sprint,Q26259596,40501601,796
Q26261256,Gymnastics at the 2016 Summer Olympics – Women's trampoline,https://en.wikipedia.org/wiki/Gymnastics_at_the_2016_Summer_Olympics_%E2%80%93_Women%27s_trampoline,Q26261256,47285573,480
Q26265815,Cycling at the 2016 Summer Olympics – Women's sprint,https://en.wikipedia.org/wiki/Cycling_at_the_2016_Summer_Olympics_%E2%80%93_Women%27s_sprint,Q26265815,40501605,1003
Q26262252,Cycling at the 2016 Summer Olympics – Men's sprint,https://en.wikipedia.org/wiki/Cycling_at_the_2016_Summer_Olympics_%E2%80%93_Men%27s_sprint,Q26262252,40501599,2575
Q26273359,Athletics at the 2016 Summer Olympics – Women's 100 metres hurdles,https://en.wikipedia.org/wiki/Athletics_at_the_2016_Summer_Olympics_%E2%80%93_Women%27s_100_metres_hurdles,Q26273359,45151427,1411
Q26263572,Cycling at the 2016 Summer Olympics – Women's keirin,https://en.wikipedia.org/wiki/Cycling_at_the_2016_Summer_Olympics_%E2%80%93_Women%27s_keirin,Q26263572,40501602,725
Q26260960,Cycling at the 2016 Summer Olympics – Women's team pursuit,https://en.wikipedia.org/wiki/Cycling_at_the_2016_Summer_Olympics_%E2%80%93_Women%27s_team_pursuit,Q26260960,40501606,867
Q407184,Air Force One (film),https://en.wikipedia.org/wiki/Air_Force_One_%28film%29,Q407184,238810,5171
Q26234144,Athletics at the 2016 Summer Olympics – Women's javelin throw,https://en.wikipedia.org/wiki/Athletics_at_the_2016_Summer_Olympics_%E2%80%93_Women%27s_javelin_throw,Q26234144,45151623,1412
Q26234119,Athletics at the 2016 Summer Olympics – Women's hammer throw,https://en.wikipedia.org/wiki/Athletics_at_the_2016_Summer_Olympics_%E2%80%93_Women%27s_hammer_throw,Q26234119,45151622,1669
Q26291516,Cycling at the 2016 Summer Olympics – Men's keirin,https://en.wikipedia.org/wiki/Cycling_at_the_2016_Summer_Olympics_%E2%80%93_Men%27s_keirin,Q26291516,40501596,681
Q26234051,Athletics at the 2016 Summer Olympics – Women's shot put,https://en.wikipedia.org/wiki/Athletics_at_the_2016_Summer_Olympics_%E2%80%93_Women%27s_shot_put,Q26234051,45151610,1645
Q26233995,Athletics at the 2016 Summer Olympics – Women's triple jump,https://en.wikipedia.org/wiki/Athletics_at_the_2016_Summer_Olympics_%E2%80%93_Women%27s_triple_jump,Q26233995,45151604,1638
Q134077,Rachel Weisz,https://en.wikipedia.org/wiki/Rachel_Weisz,Q134077,158448,4681
Q26430868,Diving at the 2016 Summer Olympics – Men's 10 metre platform,https://en.wikipedia.org/wiki/Diving_at_the_2016_Summer_Olympics_%E2%80%93_Men%27s_10_metre_platform,Q26430868,45659557,756
Q550205,Much Ado About Nothing (1993 film),https://en.wikipedia.org/wiki/Much_Ado_About_Nothing_%281993_film%29,Q550205,1615355,4295
Q284413,Gymnastics at the 2012 Summer Olympics – Women's trampoline,https://en.wikipedia.org/wiki/Gymnastics_at_the_2012_Summer_Olympics_%E2%80%93_Women%27s_trampoline,Q284413,35777728,521
Q3223718,Ice hockey at the 2014 Winter Olympics – Women's tournament,https://en.wikipedia.org/wiki/Ice_hockey_at_the_2014_Winter_Olympics_%E2%80%93_Women%27s_tournament,Q3223718,38480229,1829
Q26233317,Athletics at the 2016 Summer Olympics – Women's 3000 metres steeplechase,https://en.wikipedia.org/wiki/Athletics_at_the_2016_Summer_Olympics_%E2%80%93_Women%27s_3000_metres_steeplechase,Q26233317,45151430,1925
Q26233122,Athletics at the 2016 Summer Olympics – Men's 20 kilometres walk,https://en.wikipedia.org/wiki/Athletics_at_the_2016_Summer_Olympics_%E2%80%93_Men%27s_20_kilometres_walk,Q26233122,45151250,982
Q3082710,Sailing at the 2012 Summer Olympics – Laser Radial,https://en.wikipedia.org/wiki/Sailing_at_the_2012_Summer_Olympics_%E2%80%93_Laser_Radial,Q3082710,35820982,523
Q26229077,Diving at the 2016 Summer Olympics – Women's synchronized 3 metre springboard,https://en.wikipedia.org/wiki/Diving_at_the_2016_Summer_Olympics_%E2%80%93_Women%27s_synchronized_3_metre_springboard,Q26229077,45659608,507
Q26233320,Athletics at the 2016 Summer Olympics – Women's 20 kilometres walk,https://en.wikipedia.org/wiki/Athletics_at_the_2016_Summer_Olympics_%E2%80%93_Women%27s_20_kilometres_walk,Q26233320,45151526,1021
Q284936,Gymnastics at the 2012 Summer Olympics – Women's rhythmic individual all-around,https://en.wikipedia.org/wiki/Gymnastics_at_the_2012_Summer_Olympics_%E2%80%93_Women%27s_rhythmic_individual_all-around,Q284936,35777683,902
Q26233297,"Athletics at the 2016 Summer Olympics – Women's 10,000 metres",https://en.wikipedia.org/wiki/Athletics_at_the_2016_Summer_Olympics_%E2%80%93_Women%27s_10%2C000_metres,Q26233297,45151392,1356
Q26233103,Athletics at the 2016 Summer Olympics – Men's 400 metres hurdles,https://en.wikipedia.org/wiki/Athletics_at_the_2016_Summer_Olympics_%E2%80%93_Men%27s_400_metres_hurdles,Q26233103,45151226,2895
Q284423,Gymnastics at the 2012 Summer Olympics – Men's trampoline,https://en.wikipedia.org/wiki/Gymnastics_at_the_2012_Summer_Olympics_%E2%80%93_Men%27s_trampoline,Q284423,35777721,507
Q326112,Gymnastics at the 2012 Summer Olympics – Women's rhythmic group all-around,https://en.wikipedia.org/wiki/Gymnastics_at_the_2012_Summer_Olympics_%E2%80%93_Women%27s_rhythmic_group_all-around,Q326112,35777628,461
Q26233319,Athletics at the 2016 Summer Olympics – Women's 400 metres hurdles,https://en.wikipedia.org/wiki/Athletics_at_the_2016_Summer_Olympics_%E2%80%93_Women%27s_400_metres_hurdles,Q26233319,45151428,1485
Q639481,Ed Wood (film),https://en.wikipedia.org/wiki/Ed_Wood_%28film%29,Q639481,528464,6299
Q7176,Naguib Mahfouz,https://en.wikipedia.org/wiki/Naguib_Mahfouz,Q7176,21995,5315
Q1064016,Judo at the 2012 Summer Olympics – Women's 57 kg,https://en.wikipedia.org/wiki/Judo_at_the_2012_Summer_Olympics_%E2%80%93_Women%27s_57_kg,Q1064016,34246949,309
Q1055931,Athletics at the 2012 Summer Olympics – Men's long jump,https://en.wikipedia.org/wiki/Athletics_at_the_2012_Summer_Olympics_%E2%80%93_Men%27s_long_jump,Q1055931,31815985,2064
Q26219862,Athletics at the 2016 Summer Olympics – Women's 5000 metres,https://en.wikipedia.org/wiki/Athletics_at_the_2016_Summer_Olympics_%E2%80%93_Women%27s_5000_metres,Q26219862,45151374,1572
Q26225492,Athletics at the 2016 Summer Olympics – Women's long jump,https://en.wikipedia.org/wiki/Athletics_at_the_2016_Summer_Olympics_%E2%80%93_Women%27s_long_jump,Q26225492,45151597,1531
Q1064728,Cycling at the 2008 Summer Olympics – Women's individual road race,https://en.wikipedia.org/wiki/Cycling_at_the_2008_Summer_Olympics_%E2%80%93_Women%27s_individual_road_race,Q1064728,18664181,3408
Q1493882,Garam Masala (2005 film),https://en.wikipedia.org/wiki/Garam_Masala_%282005_film%29,Q1493882,2782570,1744
Q26212225,Athletics at the 2016 Summer Olympics – Men's 800 metres,https://en.wikipedia.org/wiki/Athletics_at_the_2016_Summer_Olympics_%E2%80%93_Men%27s_800_metres,Q26212225,45151210,2171
Q26224939,Athletics at the 2016 Summer Olympics – Women's pole vault,https://en.wikipedia.org/wiki/Athletics_at_the_2016_Summer_Olympics_%E2%80%93_Women%27s_pole_vault,Q26224939,45151570,1442
Q26219861,Athletics at the 2016 Summer Olympics – Men's 5000 metres,https://en.wikipedia.org/wiki/Athletics_at_the_2016_Summer_Olympics_%E2%80%93_Men%27s_5000_metres,Q26219861,45151219,2247
Q369846,Swimming at the 2008 Summer Olympics – Men's 100 metre backstroke,https://en.wikipedia.org/wiki/Swimming_at_the_2008_Summer_Olympics_%E2%80%93_Men%27s_100_metre_backstroke,Q369846,18624696,1152
Q217182,Edward Scissorhands,https://en.wikipedia.org/wiki/Edward_Scissorhands,Q217182,302970,5549
Q26225938,Athletics at the 2016 Summer Olympics – Men's 50 kilometres walk,https://en.wikipedia.org/wiki/Athletics_at_the_2016_Summer_Olympics_%E2%80%93_Men%27s_50_kilometres_walk,Q26225938,45151253,1964
Q326384,Boxing at the 2012 Summer Olympics – Men's heavyweight,https://en.wikipedia.org/wiki/Boxing_at_the_2012_Summer_Olympics_%E2%80%93_Men%27s_heavyweight,Q326384,35699728,250
Q26212202,Athletics at the 2016 Summer Olympics – Men's long jump,https://en.wikipedia.org/wiki/Athletics_at_the_2016_Summer_Olympics_%E2%80%93_Men%27s_long_jump,Q26212202,45151265,1835
Q1005787,Judo at the 2012 Summer Olympics – Men's 81 kg,https://en.wikipedia.org/wiki/Judo_at_the_2012_Summer_Olympics_%E2%80%93_Men%27s_81_kg,Q1005787,34246930,297
Q3672792,Ice hockey at the 2014 Winter Olympics – Men's tournament,https://en.wikipedia.org/wiki/Ice_hockey_at_the_2014_Winter_Olympics_%E2%80%93_Men%27s_tournament,Q3672792,38480222,2383
Q26223026,"Athletics at the 2016 Summer Olympics – Men's 10,000 metres",https://en.wikipedia.org/wiki/Athletics_at_the_2016_Summer_Olympics_%E2%80%93_Men%27s_10%2C000_metres,Q26223026,45151221,1602
Q26219858,Athletics at the 2016 Summer Olympics – Men's 400 metres,https://en.wikipedia.org/wiki/Athletics_at_the_2016_Summer_Olympics_%E2%80%93_Men%27s_400_metres,Q26219858,45151194,2525
Q26221551,Triathlon at the 2016 Summer Olympics – Men's,https://en.wikipedia.org/wiki/Triathlon_at_the_2016_Summer_Olympics_%E2%80%93_Men%27s,Q26221551,49828581,1113
Q26219856,Athletics at the 2016 Summer Olympics – Men's 200 metres,https://en.wikipedia.org/wiki/Athletics_at_the_2016_Summer_Olympics_%E2%80%93_Men%27s_200_metres,Q26219856,45151190,3807
Q1050909,Athletics at the 2012 Summer Olympics – Men's 20 kilometres walk,https://en.wikipedia.org/wiki/Athletics_at_the_2012_Summer_Olympics_%E2%80%93_Men%27s_20_kilometres_walk,Q1050909,31815986,1261
Q1064358,Diving at the 2012 Summer Olympics – Women's synchronized 10 metre platform,https://en.wikipedia.org/wiki/Diving_at_the_2012_Summer_Olympics_%E2%80%93_Women%27s_synchronized_10_metre_platform,Q1064358,35699051,470
Q1064845,Marathon swimming at the 2012 Summer Olympics – Women's 10 kilometre,https://en.wikipedia.org/wiki/Marathon_swimming_at_the_2012_Summer_Olympics_%E2%80%93_Women%27s_10_kilometre,Q1064845,34236490,920
Q1140736,Badminton at the 2012 Summer Olympics – Men's singles,https://en.wikipedia.org/wiki/Badminton_at_the_2012_Summer_Olympics_%E2%80%93_Men%27s_singles,Q1140736,31816448,818
Q62020022,Rowing at the 2020 Summer Olympics – Men's single sculls,https://en.wikipedia.org/wiki/Rowing_at_the_2020_Summer_Olympics_%E2%80%93_Men%27s_single_sculls,Q62020022,61643241,2960
Q65235520,Judo at the 2020 Summer Olympics – Men's 81 kg,https://en.wikipedia.org/wiki/Judo_at_the_2020_Summer_Olympics_%E2%80%93_Men%27s_81_kg,Q65235520,62993009,161
Q26219821,Shooting at the 2016 Summer Olympics – Women's 50 metre rifle three positions,https://en.wikipedia.org/wiki/Shooting_at_the_2016_Summer_Olympics_%E2%80%93_Women%27s_50_metre_rifle_three_positions,Q26219821,43777837,1241
Q26219841,Athletics at the 2016 Summer Olympics – Women's 100 metres,https://en.wikipedia.org/wiki/Athletics_at_the_2016_Summer_Olympics_%E2%80%93_Women%27s_100_metres,Q26219841,45151347,2384
Q110316274,Figure skating at the 2022 Winter Olympics – Ice dance,https://en.wikipedia.org/wiki/Figure_skating_at_the_2022_Winter_Olympics_%E2%80%93_Ice_dance,Q110316274,69633849,3069
Q65243912,Skateboarding at the 2020 Summer Olympics – Men's street,https://en.wikipedia.org/wiki/Skateboarding_at_the_2020_Summer_Olympics_%E2%80%93_Men%27s_street,Q65243912,67873413,902
Q65235537,Judo at the 2020 Summer Olympics – Women's 48 kg,https://en.wikipedia.org/wiki/Judo_at_the_2020_Summer_Olympics_%E2%80%93_Women%27s_48_kg,Q65235537,62993017,164
Q1076273,Badminton at the 2008 Summer Olympics – Men's singles,https://en.wikipedia.org/wiki/Badminton_at_the_2008_Summer_Olympics_%E2%80%93_Men%27s_singles,Q1076273,18596720,350
Q2070009,Athletics at the 2012 Summer Olympics – Men's 50 kilometres walk,https://en.wikipedia.org/wiki/Athletics_at_the_2012_Summer_Olympics_%E2%80%93_Men%27s_50_kilometres_walk,Q2070009,31816296,1874
Q65235488,Judo at the 2020 Summer Olympics – Men's 100 kg,https://en.wikipedia.org/wiki/Judo_at_the_2020_Summer_Olympics_%E2%80%93_Men%27s_100_kg,Q65235488,62993012,162
Q1188476,Rowing at the 2012 Summer Olympics – Women's quadruple sculls,https://en.wikipedia.org/wiki/Rowing_at_the_2012_Summer_Olympics_%E2%80%93_Women%27s_quadruple_sculls,Q1188476,34259520,660
Q65235512,Judo at the 2020 Summer Olympics – Men's 73 kg,https://en.wikipedia.org/wiki/Judo_at_the_2020_Summer_Olympics_%E2%80%93_Men%27s_73_kg,Q65235512,62993007,230
Q47295256,Figure skating at the 2018 Winter Olympics – Women's singles,https://en.wikipedia.org/wiki/Figure_skating_at_the_2018_Winter_Olympics_%E2%80%93_Women%27s_singles,Q47295256,56228321,4270
Q65235562,Judo at the 2020 Summer Olympics – Women's 70 kg,https://en.wikipedia.org/wiki/Judo_at_the_2020_Summer_Olympics_%E2%80%93_Women%27s_70_kg,Q65235562,62993032,163
Q2000949,Athletics at the 2012 Summer Olympics – Men's high jump,https://en.wikipedia.org/wiki/Athletics_at_the_2012_Summer_Olympics_%E2%80%93_Men%27s_high_jump,Q2000949,31816123,1954
Q2000999,Athletics at the 2012 Summer Olympics – Men's 110 metres hurdles,https://en.wikipedia.org/wiki/Athletics_at_the_2012_Summer_Olympics_%E2%80%93_Men%27s_110_metres_hurdles,Q2000999,31816168,2425
Q65235574,Judo at the 2020 Summer Olympics – Women's +78 kg,https://en.wikipedia.org/wiki/Judo_at_the_2020_Summer_Olympics_%E2%80%93_Women%27s_%2B78_kg,Q65235574,62993036,411
Q2000988,Athletics at the 2012 Summer Olympics – Women's marathon,https://en.wikipedia.org/wiki/Athletics_at_the_2012_Summer_Olympics_%E2%80%93_Women%27s_marathon,Q2000988,31816052,1350
Q1094662,Judo at the 2008 Summer Olympics – Women's +78 kg,https://en.wikipedia.org/wiki/Judo_at_the_2008_Summer_Olympics_%E2%80%93_Women%27s_%2B78_kg,Q1094662,18661850,564
Q110316264,Figure skating at the 2022 Winter Olympics – Pair skating,https://en.wikipedia.org/wiki/Figure_skating_at_the_2022_Winter_Olympics_%E2%80%93_Pair_skating,Q110316264,69632664,3023
Q627905,Judo at the 2012 Summer Olympics – Women's 48 kg,https://en.wikipedia.org/wiki/Judo_at_the_2012_Summer_Olympics_%E2%80%93_Women%27s_48_kg,Q627905,34246945,294
Q65243916,Skateboarding at the 2020 Summer Olympics – Women's street,https://en.wikipedia.org/wiki/Skateboarding_at_the_2020_Summer_Olympics_%E2%80%93_Women%27s_street,Q65243916,67873399,901
Q590226,Judo at the 2008 Summer Olympics – Women's 78 kg,https://en.wikipedia.org/wiki/Judo_at_the_2008_Summer_Olympics_%E2%80%93_Women%27s_78_kg,Q590226,18661849,565
Q1193963,Judo at the 2008 Summer Olympics – Women's 57 kg,https://en.wikipedia.org/wiki/Judo_at_the_2008_Summer_Olympics_%E2%80%93_Women%27s_57_kg,Q1193963,18661843,657
Q26219839,Athletics at the 2016 Summer Olympics – Women's 400 metres,https://en.wikipedia.org/wiki/Athletics_at_the_2016_Summer_Olympics_%E2%80%93_Women%27s_400_metres,Q26219839,45151358,1585
Q65235568,Judo at the 2020 Summer Olympics – Women's 78 kg,https://en.wikipedia.org/wiki/Judo_at_the_2020_Summer_Olympics_%E2%80%93_Women%27s_78_kg,Q65235568,62993033,162
Q2000979,Athletics at the 2012 Summer Olympics – Men's triple jump,https://en.wikipedia.org/wiki/Athletics_at_the_2012_Summer_Olympics_%E2%80%93_Men%27s_triple_jump,Q2000979,31816203,1803
Q65242281,Gymnastics at the 2020 Summer Olympics – Women's rhythmic individual all-around,https://en.wikipedia.org/wiki/Gymnastics_at_the_2020_Summer_Olympics_%E2%80%93_Women%27s_rhythmic_individual_all-around,Q65242281,58499029,1514
Q110264101,Bobsleigh at the 2022 Winter Olympics – Two-man,https://en.wikipedia.org/wiki/Bobsleigh_at_the_2022_Winter_Olympics_%E2%80%93_Two-man,Q110264101,69590194,1392
Q62020023,Rowing at the 2020 Summer Olympics – Men's coxless pair,https://en.wikipedia.org/wiki/Rowing_at_the_2020_Summer_Olympics_%E2%80%93_Men%27s_coxless_pair,Q62020023,61643256,1275
Q645932,Athletics at the 2012 Summer Olympics – Women's long jump,https://en.wikipedia.org/wiki/Athletics_at_the_2012_Summer_Olympics_%E2%80%93_Women%27s_long_jump,Q645932,31816174,1246
Q370500,Rowing at the 2012 Summer Olympics – Women's eight,https://en.wikipedia.org/wiki/Rowing_at_the_2012_Summer_Olympics_%E2%80%93_Women%27s_eight,Q370500,34259527,821
Q1065654,Beach volleyball at the 2012 Summer Olympics – Women's tournament,https://en.wikipedia.org/wiki/Beach_volleyball_at_the_2012_Summer_Olympics_%E2%80%93_Women%27s_tournament,Q1065654,34236639,1273
Q110264143,Bobsleigh at the 2022 Winter Olympics – Four-man,https://en.wikipedia.org/wiki/Bobsleigh_at_the_2022_Winter_Olympics_%E2%80%93_Four-man,Q110264143,69594826,1349
Q26214545,Athletics at the 2016 Summer Olympics – Men's discus throw,https://en.wikipedia.org/wiki/Athletics_at_the_2016_Summer_Olympics_%E2%80%93_Men%27s_discus_throw,Q26214545,45151327,2042
Q2070547,Athletics at the 2012 Summer Olympics – Women's high jump,https://en.wikipedia.org/wiki/Athletics_at_the_2012_Summer_Olympics_%E2%80%93_Women%27s_high_jump,Q2070547,31816300,1425
Q2071171,Athletics at the 2012 Summer Olympics – Men's 5000 metres,https://en.wikipedia.org/wiki/Athletics_at_the_2012_Summer_Olympics_%E2%80%93_Men%27s_5000_metres,Q2071171,31816292,1243
Q62020027,Rowing at the 2020 Summer Olympics – Men's coxless four,https://en.wikipedia.org/wiki/Rowing_at_the_2020_Summer_Olympics_%E2%80%93_Men%27s_coxless_four,Q62020027,61643315,1055
Q26208357,Archery at the 2016 Summer Olympics – Men's team,https://en.wikipedia.org/wiki/Archery_at_the_2016_Summer_Olympics_%E2%80%93_Men%27s_team,Q26208357,45521588,579
Q62020029,Rowing at the 2020 Summer Olympics – Men's quadruple sculls,https://en.wikipedia.org/wiki/Rowing_at_the_2020_Summer_Olympics_%E2%80%93_Men%27s_quadruple_sculls,Q62020029,61643316,904
Q1144277,Badminton at the 2008 Summer Olympics – Women's doubles,https://en.wikipedia.org/wiki/Badminton_at_the_2008_Summer_Olympics_%E2%80%93_Women%27s_doubles,Q1144277,18597919,411
Q1193975,Judo at the 2008 Summer Olympics – Women's 63 kg,https://en.wikipedia.org/wiki/Judo_at_the_2008_Summer_Olympics_%E2%80%93_Women%27s_63_kg,Q1193975,18661845,582
Q531436,Swimming at the 2012 Summer Olympics – Women's 800 metre freestyle,https://en.wikipedia.org/wiki/Swimming_at_the_2012_Summer_Olympics_%E2%80%93_Women%27s_800_metre_freestyle,Q531436,34236398,849
Q47155555,Biathlon at the 2018 Winter Olympics – Mixed relay,https://en.wikipedia.org/wiki/Biathlon_at_the_2018_Winter_Olympics_%E2%80%93_Mixed_relay,Q47155555,56203848,638
Q26086643,Athletics at the 2016 Summer Olympics – Men's decathlon,https://en.wikipedia.org/wiki/Athletics_at_the_2016_Summer_Olympics_%E2%80%93_Men%27s_decathlon,Q26086643,45151336,6023
Q62020033,Rowing at the 2020 Summer Olympics – Women's single sculls,https://en.wikipedia.org/wiki/Rowing_at_the_2020_Summer_Olympics_%E2%80%93_Women%27s_single_sculls,Q62020033,61643340,2767
Q1076798,Judo at the 2012 Summer Olympics – Women's 78 kg,https://en.wikipedia.org/wiki/Judo_at_the_2012_Summer_Olympics_%E2%80%93_Women%27s_78_kg,Q1076798,34246953,334
Q47296003,Figure skating at the 2018 Winter Olympics – Ice dance,https://en.wikipedia.org/wiki/Figure_skating_at_the_2018_Winter_Olympics_%E2%80%93_Ice_dance,Q47296003,56240300,3920
Q65242368,Triathlon at the 2020 Summer Olympics – Mixed relay,https://en.wikipedia.org/wiki/Triathlon_at_the_2020_Summer_Olympics_%E2%80%93_Mixed_relay,Q65242368,68042805,750
Q591384,Athletics at the 2012 Summer Olympics – Men's 1500 metres,https://en.wikipedia.org/wiki/Athletics_at_the_2012_Summer_Olympics_%E2%80%93_Men%27s_1500_metres,Q591384,31816124,2123
Q62020025,Rowing at the 2020 Summer Olympics – Men's double sculls,https://en.wikipedia.org/wiki/Rowing_at_the_2020_Summer_Olympics_%E2%80%93_Men%27s_double_sculls,Q62020025,61643264,1197
Q1076967,Judo at the 2012 Summer Olympics – Women's 63 kg,https://en.wikipedia.org/wiki/Judo_at_the_2012_Summer_Olympics_%E2%80%93_Women%27s_63_kg,Q1076967,34246950,293
Q47263008,Figure skating at the 2018 Winter Olympics – Pair skating,https://en.wikipedia.org/wiki/Figure_skating_at_the_2018_Winter_Olympics_%E2%80%93_Pair_skating,Q47263008,56237388,4162
Q2000968,Athletics at the 2012 Summer Olympics – Men's pole vault,https://en.wikipedia.org/wiki/Athletics_at_the_2012_Summer_Olympics_%E2%80%93_Men%27s_pole_vault,Q2000968,31816243,1724
Q1067177,Freestyle skiing at the 2010 Winter Olympics – Women's ski cross,https://en.wikipedia.org/wiki/Freestyle_skiing_at_the_2010_Winter_Olympics_%E2%80%93_Women%27s_ski_cross,Q1067177,25309028,966
Q62020035,Rowing at the 2020 Summer Olympics – Women's coxless four,https://en.wikipedia.org/wiki/Rowing_at_the_2020_Summer_Olympics_%E2%80%93_Women%27s_coxless_four,Q62020035,61643355,866
Q26208442,Athletics at the 2016 Summer Olympics – Men's high jump,https://en.wikipedia.org/wiki/Athletics_at_the_2016_Summer_Olympics_%E2%80%93_Men%27s_high_jump,Q26208442,45151257,2412
Q62020026,Rowing at the 2020 Summer Olympics – Men's lightweight double sculls,https://en.wikipedia.org/wiki/Rowing_at_the_2020_Summer_Olympics_%E2%80%93_Men%27s_lightweight_double_sculls,Q62020026,61643265,1033
Q47455933,Short-track speed skating at the 2018 Winter Olympics – Men's 1000 metres,https://en.wikipedia.org/wiki/Short-track_speed_skating_at_the_2018_Winter_Olympics_%E2%80%93_Men%27s_1000_metres,Q47455933,56295914,665
Q2069991,Athletics at the 2012 Summer Olympics – Women's hammer throw,https://en.wikipedia.org/wiki/Athletics_at_the_2012_Summer_Olympics_%E2%80%93_Women%27s_hammer_throw,Q2069991,31816246,1648
Q110316174,Figure skating at the 2022 Winter Olympics – Men's singles,https://en.wikipedia.org/wiki/Figure_skating_at_the_2022_Winter_Olympics_%E2%80%93_Men%27s_singles,Q110316174,69632359,3161
Q62020030,Rowing at the 2020 Summer Olympics – Women's quadruple sculls,https://en.wikipedia.org/wiki/Rowing_at_the_2020_Summer_Olympics_%E2%80%93_Women%27s_quadruple_sculls,Q62020030,61643356,1148
Q65235495,Judo at the 2020 Summer Olympics – Men's 60 kg,https://en.wikipedia.org/wiki/Judo_at_the_2020_Summer_Olympics_%E2%80%93_Men%27s_60_kg,Q65235495,62993004,163
Q47310015,Short-track speed skating at the 2018 Winter Olympics – Women's 1000 metres,https://en.wikipedia.org/wiki/Short-track_speed_skating_at_the_2018_Winter_Olympics_%E2%80%93_Women%27s_1000_metres,Q47310015,56295970,543
Q586832,Figure skating at the 2010 Winter Olympics – Ice dance,https://en.wikipedia.org/wiki/Figure_skating_at_the_2010_Winter_Olympics_%E2%80%93_Ice_dance,Q586832,25310524,5475
Q62020031,Rowing at the 2020 Summer Olympics – Women's double sculls,https://en.wikipedia.org/wiki/Rowing_at_the_2020_Summer_Olympics_%E2%80%93_Women%27s_double_sculls,Q62020031,61643343,1275
Q110324226,Figure skating at the 2022 Winter Olympics – Women's singles,https://en.wikipedia.org/wiki/Figure_skating_at_the_2022_Winter_Olympics_%E2%80%93_Women%27s_singles,Q110324226,69632417,5310
Q25991470,Marathon swimming at the 2016 Summer Olympics – Women's 10 kilometre,https://en.wikipedia.org/wiki/Marathon_swimming_at_the_2016_Summer_Olympics_%E2%80%93_Women%27s_10_kilometre,Q25991470,45186862,758
Q2000939,Athletics at the 2012 Summer Olympics – Women's javelin throw,https://en.wikipedia.org/wiki/Athletics_at_the_2012_Summer_Olympics_%E2%80%93_Women%27s_javelin_throw,Q2000939,31816208,1367
Q603519,Judo at the 2012 Summer Olympics – Women's +78 kg,https://en.wikipedia.org/wiki/Judo_at_the_2012_Summer_Olympics_%E2%80%93_Women%27s_%2B78_kg,Q603519,34246955,414
Q26219842,Athletics at the 2016 Summer Olympics – Women's 200 metres,https://en.wikipedia.org/wiki/Athletics_at_the_2016_Summer_Olympics_%E2%80%93_Women%27s_200_metres,Q26219842,45151353,2102
Q65235505,Judo at the 2020 Summer Olympics – Men's 66 kg,https://en.wikipedia.org/wiki/Judo_at_the_2020_Summer_Olympics_%E2%80%93_Men%27s_66_kg,Q65235505,62993005,161
Q2036655,Cycling at the 2012 Summer Olympics – Men's cross-country,https://en.wikipedia.org/wiki/Cycling_at_the_2012_Summer_Olympics_%E2%80%93_Men%27s_cross-country,Q2036655,34666631,689
Q110264144,Bobsleigh at the 2022 Winter Olympics – Women's monobob,https://en.wikipedia.org/wiki/Bobsleigh_at_the_2022_Winter_Olympics_%E2%80%93_Women%27s_monobob,Q110264144,69594842,1163
Q26215594,Athletics at the 2016 Summer Olympics – Men's hammer throw,https://en.wikipedia.org/wiki/Athletics_at_the_2016_Summer_Olympics_%E2%80%93_Men%27s_hammer_throw,Q26215594,45151328,2332
Q62020028,Rowing at the 2020 Summer Olympics – Men's eight,https://en.wikipedia.org/wiki/Rowing_at_the_2020_Summer_Olympics_%E2%80%93_Men%27s_eight,Q62020028,61643317,1188
Q536380,Rowing at the 2012 Summer Olympics – Men's lightweight coxless four,https://en.wikipedia.org/wiki/Rowing_at_the_2012_Summer_Olympics_%E2%80%93_Men%27s_lightweight_coxless_four,Q536380,34259502,954
Q585714,Judo at the 2012 Summer Olympics – Men's 60 kg,https://en.wikipedia.org/wiki/Judo_at_the_2012_Summer_Olympics_%E2%80%93_Men%27s_60_kg,Q585714,34246920,310
Q26037158,Tennis at the 2016 Summer Olympics – Women's singles,https://en.wikipedia.org/wiki/Tennis_at_the_2016_Summer_Olympics_%E2%80%93_Women%27s_singles,Q26037158,49937429,1030
Q47155815,Biathlon at the 2018 Winter Olympics – Men's mass start,https://en.wikipedia.org/wiki/Biathlon_at_the_2018_Winter_Olympics_%E2%80%93_Men%27s_mass_start,Q47155815,56193377,601
Q26208457,Athletics at the 2016 Summer Olympics – Men's pole vault,https://en.wikipedia.org/wiki/Athletics_at_the_2016_Summer_Olympics_%E2%80%93_Men%27s_pole_vault,Q26208457,45151262,2117
Q25991460,Marathon swimming at the 2016 Summer Olympics – Men's 10 kilometre,https://en.wikipedia.org/wiki/Marathon_swimming_at_the_2016_Summer_Olympics_%E2%80%93_Men%27s_10_kilometre,Q25991460,45186815,772
Q65235542,Judo at the 2020 Summer Olympics – Women's 52 kg,https://en.wikipedia.org/wiki/Judo_at_the_2020_Summer_Olympics_%E2%80%93_Women%27s_52_kg,Q65235542,62993027,161
Q65243918,Skateboarding at the 2020 Summer Olympics – Women's park,https://en.wikipedia.org/wiki/Skateboarding_at_the_2020_Summer_Olympics_%E2%80%93_Women%27s_park,Q65243918,67860693,632
Q26203840,Athletics at the 2016 Summer Olympics – Men's 110 metres hurdles,https://en.wikipedia.org/wiki/Athletics_at_the_2016_Summer_Olympics_%E2%80%93_Men%27s_110_metres_hurdles,Q26203840,45151225,2600
Q26208447,Athletics at the 2016 Summer Olympics – Men's shot put,https://en.wikipedia.org/wiki/Athletics_at_the_2016_Summer_Olympics_%E2%80%93_Men%27s_shot_put,Q26208447,45151312,1968
Q25991453,Swimming at the 2016 Summer Olympics – Men's 200 metre butterfly,https://en.wikipedia.org/wiki/Swimming_at_the_2016_Summer_Olympics_%E2%80%93_Men%27s_200_metre_butterfly,Q25991453,45186796,1021
Q62020036,Rowing at the 2020 Summer Olympics – Women's lightweight double sculls,https://en.wikipedia.org/wiki/Rowing_at_the_2020_Summer_Olympics_%E2%80%93_Women%27s_lightweight_double_sculls,Q62020036,61643345,1205
Q2001050,Swimming at the 2012 Summer Olympics – Men's 100 metre freestyle,https://en.wikipedia.org/wiki/Swimming_at_the_2012_Summer_Olympics_%E2%80%93_Men%27s_100_metre_freestyle,Q2001050,34236371,1649
Q62020024,Rowing at the 2020 Summer Olympics – Women's coxless pair,https://en.wikipedia.org/wiki/Rowing_at_the_2020_Summer_Olympics_%E2%80%93_Women%27s_coxless_pair,Q62020024,61643342,903
Q62020034,Rowing at the 2020 Summer Olympics – Women's eight,https://en.wikipedia.org/wiki/Rowing_at_the_2020_Summer_Olympics_%E2%80%93_Women%27s_eight,Q62020034,61643357,596
Q57083855,Badminton at the 2020 Summer Olympics – Men's doubles,https://en.wikipedia.org/wiki/Badminton_at_the_2020_Summer_Olympics_%E2%80%93_Men%27s_doubles,Q57083855,67645046,1227
Q47295100,Figure skating at the 2018 Winter Olympics – Men's singles,https://en.wikipedia.org/wiki/Figure_skating_at_the_2018_Winter_Olympics_%E2%80%93_Men%27s_singles,Q47295100,56221004,4356
Q1068773,Rowing at the 2012 Summer Olympics – Women's double sculls,https://en.wikipedia.org/wiki/Rowing_at_the_2012_Summer_Olympics_%E2%80%93_Women%27s_double_sculls,Q1068773,34259522,615
Q110264107,Bobsleigh at the 2022 Winter Olympics – Two-woman,https://en.wikipedia.org/wiki/Bobsleigh_at_the_2022_Winter_Olympics_%E2%80%93_Two-woman,Q110264107,69590929,1236
Q21858018,Athletics at the 2016 Summer Olympics – Men's marathon,https://en.wikipedia.org/wiki/Athletics_at_the_2016_Summer_Olympics_%E2%80%93_Men%27s_marathon,Q21858018,45151245,2127
Q22968982,Rowing at the 2016 Summer Olympics – Men's single sculls,https://en.wikipedia.org/wiki/Rowing_at_the_2016_Summer_Olympics_%E2%80%93_Men%27s_single_sculls,Q22968982,45685209,3021
Q47155505,Biathlon at the 2018 Winter Olympics – Women's relay,https://en.wikipedia.org/wiki/Biathlon_at_the_2018_Winter_Olympics_%E2%80%93_Women%27s_relay,Q47155505,56203827,622
Q1772012,Athletics at the 2012 Summer Olympics – Men's 400 metres hurdles,https://en.wikipedia.org/wiki/Athletics_at_the_2012_Summer_Olympics_%E2%80%93_Men%27s_400_metres_hurdles,Q1772012,31816094,2725
Q1798905,Swimming at the 2012 Summer Olympics – Men's 400 metre individual medley,https://en.wikipedia.org/wiki/Swimming_at_the_2012_Summer_Olympics_%E2%80%93_Men%27s_400_metre_individual_medley,Q1798905,34236460,896
Q24906828,Diving at the 2016 Summer Olympics – Men's synchronized 3 metre springboard,https://en.wikipedia.org/wiki/Diving_at_the_2016_Summer_Olympics_%E2%80%93_Men%27s_synchronized_3_metre_springboard,Q24906828,45659567,516
Q942500,Bobsleigh at the 2010 Winter Olympics – Two-woman,https://en.wikipedia.org/wiki/Bobsleigh_at_the_2010_Winter_Olympics_%E2%80%93_Two-woman,Q942500,24985676,1796
Q938805,Cycling at the 2008 Summer Olympics – Women's cross-country,https://en.wikipedia.org/wiki/Cycling_at_the_2008_Summer_Olympics_%E2%80%93_Women%27s_cross-country,Q938805,18666615,644
Q28209,Diving at the 2012 Summer Olympics – Women's 10 metre platform,https://en.wikipedia.org/wiki/Diving_at_the_2012_Summer_Olympics_%E2%80%93_Women%27s_10_metre_platform,Q28209,35698734,772
Q25476845,Cycling at the 2016 Summer Olympics – Men's cross-country,https://en.wikipedia.org/wiki/Cycling_at_the_2016_Summer_Olympics_%E2%80%93_Men%27s_cross-country,Q25476845,40501590,790
Q25476835,Cycling at the 2016 Summer Olympics – Women's cross-country,https://en.wikipedia.org/wiki/Cycling_at_the_2016_Summer_Olympics_%E2%80%93_Women%27s_cross-country,Q25476835,40501591,567
Q24995398,Beach volleyball at the 2016 Summer Olympics – Women's tournament,https://en.wikipedia.org/wiki/Beach_volleyball_at_the_2016_Summer_Olympics_%E2%80%93_Women%27s_tournament,Q24995398,45552073,1571
Q1798873,Athletics at the 2012 Summer Olympics – Women's pole vault,https://en.wikipedia.org/wiki/Athletics_at_the_2012_Summer_Olympics_%E2%80%93_Women%27s_pole_vault,Q1798873,31816093,1128
Q666951,Alpine skiing at the 2010 Winter Olympics – Men's super-G,https://en.wikipedia.org/wiki/Alpine_skiing_at_the_2010_Winter_Olympics_%E2%80%93_Men%27s_super-G,Q666951,24653728,953
Q25301754,Badminton at the 2016 Summer Olympics – Women's doubles,https://en.wikipedia.org/wiki/Badminton_at_the_2016_Summer_Olympics_%E2%80%93_Women%27s_doubles,Q25301754,47065223,636
Q1649415,Athletics at the 2012 Summer Olympics – Men's 200 metres,https://en.wikipedia.org/wiki/Athletics_at_the_2012_Summer_Olympics_%E2%80%93_Men%27s_200_metres,Q1649415,31816201,2583
Q1827915,Athletics at the 2012 Summer Olympics – Women's 100 metres hurdles,https://en.wikipedia.org/wiki/Athletics_at_the_2012_Summer_Olympics_%E2%80%93_Women%27s_100_metres_hurdles,Q1827915,31816126,1311
Q21858030,Athletics at the 2016 Summer Olympics – Women's marathon,https://en.wikipedia.org/wiki/Athletics_at_the_2016_Summer_Olympics_%E2%80%93_Women%27s_marathon,Q21858030,45151522,1035
Q25301787,Badminton at the 2016 Summer Olympics – Men's doubles,https://en.wikipedia.org/wiki/Badminton_at_the_2016_Summer_Olympics_%E2%80%93_Men%27s_doubles,Q25301787,47065221,618
Q739527,Marathon swimming at the 2008 Summer Olympics – Women's 10 kilometre,https://en.wikipedia.org/wiki/Marathon_swimming_at_the_2008_Summer_Olympics_%E2%80%93_Women%27s_10_kilometre,Q739527,18658923,1007
Q47091419,Biathlon at the 2018 Winter Olympics – Women's sprint,https://en.wikipedia.org/wiki/Biathlon_at_the_2018_Winter_Olympics_%E2%80%93_Women%27s_sprint,Q47091419,56181327,1403
Q15055975,Bobsleigh at the 2014 Winter Olympics – Two-woman,https://en.wikipedia.org/wiki/Bobsleigh_at_the_2014_Winter_Olympics_%E2%80%93_Two-woman,Q15055975,41567423,682
Q775427,Handball at the 2012 Summer Olympics – Women's tournament,https://en.wikipedia.org/wiki/Handball_at_the_2012_Summer_Olympics_%E2%80%93_Women%27s_tournament,Q775427,35970398,1046
Q938130,Judo at the 2012 Summer Olympics – Women's 52 kg,https://en.wikipedia.org/wiki/Judo_at_the_2012_Summer_Olympics_%E2%80%93_Women%27s_52_kg,Q938130,34246948,296
Q247273,Judo at the 2008 Summer Olympics – Women's 70 kg,https://en.wikipedia.org/wiki/Judo_at_the_2008_Summer_Olympics_%E2%80%93_Women%27s_70_kg,Q247273,18661846,617
Q25396697,Archery at the 2016 Summer Olympics – Women's individual,https://en.wikipedia.org/wiki/Archery_at_the_2016_Summer_Olympics_%E2%80%93_Women%27s_individual,Q25396697,45521589,5987
Q47155365,Biathlon at the 2018 Winter Olympics – Women's pursuit,https://en.wikipedia.org/wiki/Biathlon_at_the_2018_Winter_Olympics_%E2%80%93_Women%27s_pursuit,Q47155365,56185420,1638
Q1798983,Athletics at the 2012 Summer Olympics – Men's marathon,https://en.wikipedia.org/wiki/Athletics_at_the_2012_Summer_Olympics_%E2%80%93_Men%27s_marathon,Q1798983,31816265,1554
Q25397537,Athletics at the 2016 Summer Olympics – Men's 100 metres,https://en.wikipedia.org/wiki/Athletics_at_the_2016_Summer_Olympics_%E2%80%93_Men%27s_100_metres,Q25397537,45151184,3665
Q693595,Athletics at the 2008 Summer Olympics – Men's marathon,https://en.wikipedia.org/wiki/Athletics_at_the_2008_Summer_Olympics_%E2%80%93_Men%27s_marathon,Q693595,18569053,1504
Q843287,Cycling at the 2012 Summer Olympics – Women's individual road race,https://en.wikipedia.org/wiki/Cycling_at_the_2012_Summer_Olympics_%E2%80%93_Women%27s_individual_road_race,Q843287,34257229,1447
Q960100,Judo at the 2012 Summer Olympics – Men's 100 kg,https://en.wikipedia.org/wiki/Judo_at_the_2012_Summer_Olympics_%E2%80%93_Men%27s_100_kg,Q960100,34246928,311
Q24825467,Beach volleyball at the 2016 Summer Olympics – Men's tournament,https://en.wikipedia.org/wiki/Beach_volleyball_at_the_2016_Summer_Olympics_%E2%80%93_Men%27s_tournament,Q24825467,45552072,1775
Q2437166,Cycling at the 2012 Summer Olympics – Men's omnium,https://en.wikipedia.org/wiki/Cycling_at_the_2012_Summer_Olympics_%E2%80%93_Men%27s_omnium,Q2437166,34666579,921
Q1753402,"Athletics at the 2012 Summer Olympics – Men's 10,000 metres",https://en.wikipedia.org/wiki/Athletics_at_the_2012_Summer_Olympics_%E2%80%93_Men%27s_10%2C000_metres,Q1753402,31815984,953
Q956242,Athletics at the 2012 Summer Olympics – Women's 20 kilometres walk,https://en.wikipedia.org/wiki/Athletics_at_the_2012_Summer_Olympics_%E2%80%93_Women%27s_20_kilometres_walk,Q956242,31816302,1153
Q1345726,Badminton at the 2012 Summer Olympics – Women's singles,https://en.wikipedia.org/wiki/Badminton_at_the_2012_Summer_Olympics_%E2%80%93_Women%27s_singles,Q1345726,31816449,817
Q22968981,Rowing at the 2016 Summer Olympics – Men's lightweight coxless four,https://en.wikipedia.org/wiki/Rowing_at_the_2016_Summer_Olympics_%E2%80%93_Men%27s_lightweight_coxless_four,Q22968981,45685238,1055
Q1222270,Rowing at the 2012 Summer Olympics – Women's single sculls,https://en.wikipedia.org/wiki/Rowing_at_the_2012_Summer_Olympics_%E2%80%93_Women%27s_single_sculls,Q1222270,34259526,1688
Q932145,Judo at the 2012 Summer Olympics – Men's 66 kg,https://en.wikipedia.org/wiki/Judo_at_the_2012_Summer_Olympics_%E2%80%93_Men%27s_66_kg,Q932145,34246932,300
Q22968972,Rowing at the 2016 Summer Olympics – Women's lightweight double sculls,https://en.wikipedia.org/wiki/Rowing_at_the_2016_Summer_Olympics_%E2%80%93_Women%27s_lightweight_double_sculls,Q22968972,45685257,1445
Q1005337,Rowing at the 2012 Summer Olympics – Men's single sculls,https://en.wikipedia.org/wiki/Rowing_at_the_2012_Summer_Olympics_%E2%80%93_Men%27s_single_sculls,Q1005337,34259474,2972
Q1005506,Rowing at the 2012 Summer Olympics – Men's coxless four,https://en.wikipedia.org/wiki/Rowing_at_the_2012_Summer_Olympics_%E2%80%93_Men%27s_coxless_four,Q1005506,34259499,957
Q782396,Badminton at the 2008 Summer Olympics – Mixed doubles,https://en.wikipedia.org/wiki/Badminton_at_the_2008_Summer_Olympics_%E2%80%93_Mixed_doubles,Q782396,18597774,291
Q25476761,Cycling at the 2016 Summer Olympics – Women's BMX,https://en.wikipedia.org/wiki/Cycling_at_the_2016_Summer_Olympics_%E2%80%93_Women%27s_BMX,Q25476761,40501588,542
Q1337276,Badminton at the 2012 Summer Olympics – Men's doubles,https://en.wikipedia.org/wiki/Badminton_at_the_2012_Summer_Olympics_%E2%80%93_Men%27s_doubles,Q1337276,31816455,555
Q25301916,Badminton at the 2016 Summer Olympics – Mixed doubles,https://en.wikipedia.org/wiki/Badminton_at_the_2016_Summer_Olympics_%E2%80%93_Mixed_doubles,Q25301916,47065226,573
Q47105341,Biathlon at the 2018 Winter Olympics – Men's sprint,https://en.wikipedia.org/wiki/Biathlon_at_the_2018_Winter_Olympics_%E2%80%93_Men%27s_sprint,Q47105341,56180441,1219
Q938833,Cycling at the 2008 Summer Olympics – Men's cross-country,https://en.wikipedia.org/wiki/Cycling_at_the_2008_Summer_Olympics_%E2%80%93_Men%27s_cross-country,Q938833,18666613,796
Q18355214,Field hockey at the 2016 Summer Olympics – Men's tournament,https://en.wikipedia.org/wiki/Field_hockey_at_the_2016_Summer_Olympics_%E2%80%93_Men%27s_tournament,Q18355214,42774602,878
Q1986718,Athletics at the 2012 Summer Olympics – Men's javelin throw,https://en.wikipedia.org/wiki/Athletics_at_the_2012_Summer_Olympics_%E2%80%93_Men%27s_javelin_throw,Q1986718,31816295,1625
Q937510,Diving at the 2012 Summer Olympics – Men's synchronized 3 metre springboard,https://en.wikipedia.org/wiki/Diving_at_the_2012_Summer_Olympics_%E2%80%93_Men%27s_synchronized_3_metre_springboard,Q937510,35698976,483
Q15056097,Freestyle skiing at the 2014 Winter Olympics – Women's halfpipe,https://en.wikipedia.org/wiki/Freestyle_skiing_at_the_2014_Winter_Olympics_%E2%80%93_Women%27s_halfpipe,Q15056097,41555329,598
Q23776821,Water polo at the 2016 Summer Olympics – Women's tournament,https://en.wikipedia.org/wiki/Water_polo_at_the_2016_Summer_Olympics_%E2%80%93_Women%27s_tournament,Q23776821,45687441,1119
Q2268451,Marathon swimming at the 2012 Summer Olympics – Men's 10 kilometre,https://en.wikipedia.org/wiki/Marathon_swimming_at_the_2012_Summer_Olympics_%E2%80%93_Men%27s_10_kilometre,Q2268451,34236487,988
Q25396702,Archery at the 2016 Summer Olympics – Women's team,https://en.wikipedia.org/wiki/Archery_at_the_2016_Summer_Olympics_%E2%80%93_Women%27s_team,Q25396702,45521591,547
Q31850,Boxing at the 2012 Summer Olympics – Men's light welterweight,https://en.wikipedia.org/wiki/Boxing_at_the_2012_Summer_Olympics_%E2%80%93_Men%27s_light_welterweight,Q31850,35699687,300
Q1798882,Athletics at the 2012 Summer Olympics – Women's 400 metres,https://en.wikipedia.org/wiki/Athletics_at_the_2012_Summer_Olympics_%E2%80%93_Women%27s_400_metres,Q1798882,31816050,1508
Q721620,Football at the 2012 Summer Olympics – Women's tournament,https://en.wikipedia.org/wiki/Football_at_the_2012_Summer_Olympics_%E2%80%93_Women%27s_tournament,Q721620,33983064,2011
Q764131,Diving at the 2012 Summer Olympics – Men's 3 metre springboard,https://en.wikipedia.org/wiki/Diving_at_the_2012_Summer_Olympics_%E2%80%93_Men%27s_3_metre_springboard,Q764131,34951368,842
Q916735,Figure skating at the 2010 Winter Olympics – Women's singles,https://en.wikipedia.org/wiki/Figure_skating_at_the_2010_Winter_Olympics_%E2%80%93_Women%27s_singles,Q916735,25310453,4044
Q937526,Diving at the 2012 Summer Olympics – Men's synchronized 10 metre platform,https://en.wikipedia.org/wiki/Diving_at_the_2012_Summer_Olympics_%E2%80%93_Men%27s_synchronized_10_metre_platform,Q937526,35699045,483
Q25301472,Badminton at the 2016 Summer Olympics – Men's singles,https://en.wikipedia.org/wiki/Badminton_at_the_2016_Summer_Olympics_%E2%80%93_Men%27s_singles,Q25301472,47065220,1054
Q658077,Figure skating at the 2010 Winter Olympics – Pair skating,https://en.wikipedia.org/wiki/Figure_skating_at_the_2010_Winter_Olympics_%E2%80%93_Pair_skating,Q658077,25310494,3115
Q24761058,Cycling at the 2016 Summer Olympics – Women's individual road race,https://en.wikipedia.org/wiki/Cycling_at_the_2016_Summer_Olympics_%E2%80%93_Women%27s_individual_road_race,Q24761058,40501595,1239
Q22968977,Rowing at the 2016 Summer Olympics – Women's coxless pair,https://en.wikipedia.org/wiki/Rowing_at_the_2016_Summer_Olympics_%E2%80%93_Women%27s_coxless_pair,Q22968977,45685295,994
Q15056098,Freestyle skiing at the 2014 Winter Olympics – Men's halfpipe,https://en.wikipedia.org/wiki/Freestyle_skiing_at_the_2014_Winter_Olympics_%E2%80%93_Men%27s_halfpipe,Q15056098,41554884,635
Q18355236,Field hockey at the 2016 Summer Olympics – Women's tournament,https://en.wikipedia.org/wiki/Field_hockey_at_the_2016_Summer_Olympics_%E2%80%93_Women%27s_tournament,Q18355236,42774603,936
Q1005551,Judo at the 2012 Summer Olympics – Men's 73 kg,https://en.wikipedia.org/wiki/Judo_at_the_2012_Summer_Olympics_%E2%80%93_Men%27s_73_kg,Q1005551,34246931,378
Q1636766,Athletics at the 2012 Summer Olympics – Men's 400 metres,https://en.wikipedia.org/wiki/Athletics_at_the_2012_Summer_Olympics_%E2%80%93_Men%27s_400_metres,Q1636766,31816090,2480
Q22968980,Rowing at the 2016 Summer Olympics – Men's lightweight double sculls,https://en.wikipedia.org/wiki/Rowing_at_the_2016_Summer_Olympics_%E2%80%93_Men%27s_lightweight_double_sculls,Q22968980,45685251,1518
Q25476545,Cycling at the 2016 Summer Olympics – Women's omnium,https://en.wikipedia.org/wiki/Cycling_at_the_2016_Summer_Olympics_%E2%80%93_Women%27s_omnium,Q25476545,40501603,1433
Q732985,Freestyle skiing at the 2010 Winter Olympics – Men's ski cross,https://en.wikipedia.org/wiki/Freestyle_skiing_at_the_2010_Winter_Olympics_%E2%80%93_Men%27s_ski_cross,Q732985,25309052,966
Q843436,Athletics at the 2012 Summer Olympics – Women's heptathlon,https://en.wikipedia.org/wiki/Athletics_at_the_2012_Summer_Olympics_%E2%80%93_Women%27s_heptathlon,Q843436,31815988,6045
Q1799251,Athletics at the 2012 Summer Olympics – Women's shot put,https://en.wikipedia.org/wiki/Athletics_at_the_2012_Summer_Olympics_%E2%80%93_Women%27s_shot_put,Q1799251,31816095,1251
Q22968985,Rowing at the 2016 Summer Olympics – Men's coxless pair,https://en.wikipedia.org/wiki/Rowing_at_the_2016_Summer_Olympics_%E2%80%93_Men%27s_coxless_pair,Q22968985,45685219,962
Q733756,Athletics at the 2012 Summer Olympics – Women's triple jump,https://en.wikipedia.org/wiki/Athletics_at_the_2012_Summer_Olympics_%E2%80%93_Women%27s_triple_jump,Q733756,31816048,1333
Q15620701,Figure skating at the 2014 Winter Olympics – Ice dance,https://en.wikipedia.org/wiki/Figure_skating_at_the_2014_Winter_Olympics_%E2%80%93_Ice_dance,Q15620701,41436286,3307
Q1005683,Rowing at the 2012 Summer Olympics – Men's quadruple sculls,https://en.wikipedia.org/wiki/Rowing_at_the_2012_Summer_Olympics_%E2%80%93_Men%27s_quadruple_sculls,Q1005683,34259500,972
Q15620726,Figure skating at the 2014 Winter Olympics – Pair skating,https://en.wikipedia.org/wiki/Figure_skating_at_the_2014_Winter_Olympics_%E2%80%93_Pair_skating,Q15620726,41436255,2340
Q795011,Football at the 2008 Summer Olympics – Women's tournament,https://en.wikipedia.org/wiki/Football_at_the_2008_Summer_Olympics_%E2%80%93_Women%27s_tournament,Q795011,18666495,1171
Q15054997,Alpine skiing at the 2014 Winter Olympics – Men's downhill,https://en.wikipedia.org/wiki/Alpine_skiing_at_the_2014_Winter_Olympics_%E2%80%93_Men%27s_downhill,Q15054997,40627548,918
Q23949488,Handball at the 2016 Summer Olympics – Men's tournament,https://en.wikipedia.org/wiki/Handball_at_the_2016_Summer_Olympics_%E2%80%93_Men%27s_tournament,Q23949488,44836828,971
Q47155425,Biathlon at the 2018 Winter Olympics – Women's individual,https://en.wikipedia.org/wiki/Biathlon_at_the_2018_Winter_Olympics_%E2%80%93_Women%27s_individual,Q47155425,56180375,1085
Q22968983,Rowing at the 2016 Summer Olympics – Men's double sculls,https://en.wikipedia.org/wiki/Rowing_at_the_2016_Summer_Olympics_%E2%80%93_Men%27s_double_sculls,Q22968983,45685210,908
Q1772017,Athletics at the 2012 Summer Olympics – Women's 100 metres,https://en.wikipedia.org/wiki/Athletics_at_the_2012_Summer_Olympics_%E2%80%93_Women%27s_100_metres,Q1772017,31815987,1893
Q945090,Rowing at the 2012 Summer Olympics – Men's lightweight double sculls,https://en.wikipedia.org/wiki/Rowing_at_the_2012_Summer_Olympics_%E2%80%93_Men%27s_lightweight_double_sculls,Q945090,34259498,1392
Q1798867,Athletics at the 2012 Summer Olympics – Women's 200 metres,https://en.wikipedia.org/wiki/Athletics_at_the_2012_Summer_Olympics_%E2%80%93_Women%27s_200_metres,Q1798867,31816170,1290
Q47155541,Biathlon at the 2018 Winter Olympics – Men's relay,https://en.wikipedia.org/wiki/Biathlon_at_the_2018_Winter_Olympics_%E2%80%93_Men%27s_relay,Q47155541,56203836,566
Q22968979,Rowing at the 2016 Summer Olympics – Women's eight,https://en.wikipedia.org/wiki/Rowing_at_the_2016_Summer_Olympics_%E2%80%93_Women%27s_eight,Q22968979,45685296,759
Q767351,Rowing at the 2012 Summer Olympics – Men's coxless pair,https://en.wikipedia.org/wiki/Rowing_at_the_2012_Summer_Olympics_%E2%80%93_Men%27s_coxless_pair,Q767351,34259494,1024
Q1799157,Athletics at the 2012 Summer Olympics – Women's 400 metres hurdles,https://en.wikipedia.org/wiki/Athletics_at_the_2012_Summer_Olympics_%E2%80%93_Women%27s_400_metres_hurdles,Q1799157,31816175,1701
Q1771958,Athletics at the 2012 Summer Olympics – Women's discus throw,https://en.wikipedia.org/wiki/Athletics_at_the_2012_Summer_Olympics_%E2%80%93_Women%27s_discus_throw,Q1771958,31816376,1468
Q1005508,Rowing at the 2012 Summer Olympics – Men's double sculls,https://en.wikipedia.org/wiki/Rowing_at_the_2012_Summer_Olympics_%E2%80%93_Men%27s_double_sculls,Q1005508,34259495,965
Q25396694,Archery at the 2016 Summer Olympics – Men's individual,https://en.wikipedia.org/wiki/Archery_at_the_2016_Summer_Olympics_%E2%80%93_Men%27s_individual,Q25396694,45521587,1051
Q22968974,Rowing at the 2016 Summer Olympics – Women's double sculls,https://en.wikipedia.org/wiki/Rowing_at_the_2016_Summer_Olympics_%E2%80%93_Women%27s_double_sculls,Q22968974,45685255,938
Q22968986,Rowing at the 2016 Summer Olympics – Men's coxless four,https://en.wikipedia.org/wiki/Rowing_at_the_2016_Summer_Olympics_%E2%80%93_Men%27s_coxless_four,Q22968986,45685226,1212
Q15052026,Biathlon at the 2014 Winter Olympics – Mixed relay,https://en.wikipedia.org/wiki/Biathlon_at_the_2014_Winter_Olympics_%E2%80%93_Mixed_relay,Q15052026,40627954,576
Q18479838,Football at the 2016 Summer Olympics – Women's tournament,https://en.wikipedia.org/wiki/Football_at_the_2016_Summer_Olympics_%E2%80%93_Women%27s_tournament,Q18479838,43915225,1921
Q15056101,Freestyle skiing at the 2014 Winter Olympics – Women's ski cross,https://en.wikipedia.org/wiki/Freestyle_skiing_at_the_2014_Winter_Olympics_%E2%80%93_Women%27s_ski_cross,Q15056101,41557625,1095
Q47155408,Biathlon at the 2018 Winter Olympics – Men's individual,https://en.wikipedia.org/wiki/Biathlon_at_the_2018_Winter_Olympics_%E2%80%93_Men%27s_individual,Q47155408,56180259,1034
Q1005554,Judo at the 2012 Summer Olympics – Men's 90 kg,https://en.wikipedia.org/wiki/Judo_at_the_2012_Summer_Olympics_%E2%80%93_Men%27s_90_kg,Q1005554,34246929,298
Q947750,Athletics at the 2008 Summer Olympics – Women's 3000 metres steeplechase,https://en.wikipedia.org/wiki/Athletics_at_the_2008_Summer_Olympics_%E2%80%93_Women%27s_3000_metres_steeplechase,Q947750,18579287,974
Q1005379,Diving at the 2012 Summer Olympics – Men's 10 metre platform,https://en.wikipedia.org/wiki/Diving_at_the_2012_Summer_Olympics_%E2%80%93_Men%27s_10_metre_platform,Q1005379,35698686,1074
Q2269155,Cycling at the 2012 Summer Olympics – Women's cross-country,https://en.wikipedia.org/wiki/Cycling_at_the_2012_Summer_Olympics_%E2%80%93_Women%27s_cross-country,Q2269155,34666636,511
Q22968973,Rowing at the 2016 Summer Olympics – Women's single sculls,https://en.wikipedia.org/wiki/Rowing_at_the_2016_Summer_Olympics_%E2%80%93_Women%27s_single_sculls,Q22968973,45685254,1886
Q23949489,Handball at the 2016 Summer Olympics – Women's tournament,https://en.wikipedia.org/wiki/Handball_at_the_2016_Summer_Olympics_%E2%80%93_Women%27s_tournament,Q23949489,44836833,867
Q1005663,Judo at the 2012 Summer Olympics – Men's +100 kg,https://en.wikipedia.org/wiki/Judo_at_the_2012_Summer_Olympics_%E2%80%93_Men%27s_%2B100_kg,Q1005663,34246927,306
Q28166,Diving at the 2012 Summer Olympics – Women's synchronized 3 metre springboard,https://en.wikipedia.org/wiki/Diving_at_the_2012_Summer_Olympics_%E2%80%93_Women%27s_synchronized_3_metre_springboard,Q28166,35698990,466
Q143007,Badminton at the 2008 Summer Olympics – Men's doubles,https://en.wikipedia.org/wiki/Badminton_at_the_2008_Summer_Olympics_%E2%80%93_Men%27s_doubles,Q143007,18597406,365
Q1414502,Badminton at the 2012 Summer Olympics – Mixed doubles,https://en.wikipedia.org/wiki/Badminton_at_the_2012_Summer_Olympics_%E2%80%93_Mixed_doubles,Q1414502,31816454,407
Q15055978,Bobsleigh at the 2014 Winter Olympics – Two-man,https://en.wikipedia.org/wiki/Bobsleigh_at_the_2014_Winter_Olympics_%E2%80%93_Two-man,Q15055978,41566311,877
Q734020,Athletics at the 2012 Summer Olympics – Men's 100 metres,https://en.wikipedia.org/wiki/Athletics_at_the_2012_Summer_Olympics_%E2%80%93_Men%27s_100_metres,Q734020,31816038,3408
Q25476541,Cycling at the 2016 Summer Olympics – Men's omnium,https://en.wikipedia.org/wiki/Cycling_at_the_2016_Summer_Olympics_%E2%80%93_Men%27s_omnium,Q25476541,40501597,1233
Q15620700,Figure skating at the 2014 Winter Olympics – Team event,https://en.wikipedia.org/wiki/Figure_skating_at_the_2014_Winter_Olympics_%E2%80%93_Team_event,Q15620700,41445005,4589
Q22968984,Rowing at the 2016 Summer Olympics – Men's quadruple sculls,https://en.wikipedia.org/wiki/Rowing_at_the_2016_Summer_Olympics_%E2%80%93_Men%27s_quadruple_sculls,Q22968984,45685215,860
Q1004931,Marathon swimming at the 2008 Summer Olympics – Men's 10 kilometre,https://en.wikipedia.org/wiki/Marathon_swimming_at_the_2008_Summer_Olympics_%E2%80%93_Men%27s_10_kilometre,Q1004931,18658918,1157
Q15292539,Figure skating at the 2014 Winter Olympics – Men's singles,https://en.wikipedia.org/wiki/Figure_skating_at_the_2014_Winter_Olympics_%E2%80%93_Men%27s_singles,Q15292539,41313889,5164
Q47155467,Biathlon at the 2018 Winter Olympics – Women's mass start,https://en.wikipedia.org/wiki/Biathlon_at_the_2018_Winter_Olympics_%E2%80%93_Women%27s_mass_start,Q47155467,56194485,804
Q1754221,Synchronized swimming at the 2012 Summer Olympics – Women's duet,https://en.wikipedia.org/wiki/Synchronized_swimming_at_the_2012_Summer_Olympics_%E2%80%93_Women%27s_duet,Q1754221,35904333,876
Q779173,Judo at the 2012 Summer Olympics – Women's 70 kg,https://en.wikipedia.org/wiki/Judo_at_the_2012_Summer_Olympics_%E2%80%93_Women%27s_70_kg,Q779173,34246951,297
Q225969,Biathlon at the 2010 Winter Olympics – Men's pursuit,https://en.wikipedia.org/wiki/Biathlon_at_the_2010_Winter_Olympics_%E2%80%93_Men%27s_pursuit,Q225969,24688860,1811
Q23747965,Tennis at the 2016 Summer Olympics – Men's singles,https://en.wikipedia.org/wiki/Tennis_at_the_2016_Summer_Olympics_%E2%80%93_Men%27s_singles,Q23747965,49937427,1490
Q427022,Rowing at the 2012 Summer Olympics – Women's coxless pair,https://en.wikipedia.org/wiki/Rowing_at_the_2012_Summer_Olympics_%E2%80%93_Women%27s_coxless_pair,Q427022,34259523,619
Q765839,Athletics at the 2012 Summer Olympics – Men's discus throw,https://en.wikipedia.org/wiki/Athletics_at_the_2012_Summer_Olympics_%E2%80%93_Men%27s_discus_throw,Q765839,31816125,1814
Q25301483,Badminton at the 2016 Summer Olympics – Women's singles,https://en.wikipedia.org/wiki/Badminton_at_the_2016_Summer_Olympics_%E2%80%93_Women%27s_singles,Q25301483,51135261,1158
Q14643120,Biathlon at the 2014 Winter Olympics – Men's pursuit,https://en.wikipedia.org/wiki/Biathlon_at_the_2014_Winter_Olympics_%E2%80%93_Men%27s_pursuit,Q14643120,40627899,1367
Q841530,Athletics at the 2012 Summer Olympics – Men's hammer throw,https://en.wikipedia.org/wiki/Athletics_at_the_2012_Summer_Olympics_%E2%80%93_Men%27s_hammer_throw,Q841530,31816045,1960
Q22968976,Rowing at the 2016 Summer Olympics – Women's quadruple sculls,https://en.wikipedia.org/wiki/Rowing_at_the_2016_Summer_Olympics_%E2%80%93_Women%27s_quadruple_sculls,Q22968976,45685279,660
Q832282,Alpine skiing at the 2010 Winter Olympics – Men's downhill,https://en.wikipedia.org/wiki/Alpine_skiing_at_the_2010_Winter_Olympics_%E2%80%93_Men%27s_downhill,Q832282,24653497,1108
Q715893,Momir Bulatović,https://en.wikipedia.org/wiki/Momir_Bulatovi%C4%87,Q715893,826372,3681
Q23776822,Water polo at the 2016 Summer Olympics – Men's tournament,https://en.wikipedia.org/wiki/Water_polo_at_the_2016_Summer_Olympics_%E2%80%93_Men%27s_tournament,Q23776822,45687435,1471
Q918063,Beach volleyball at the 2012 Summer Olympics – Men's tournament,https://en.wikipedia.org/wiki/Beach_volleyball_at_the_2012_Summer_Olympics_%E2%80%93_Men%27s_tournament,Q918063,34236637,1139
Q15056102,Freestyle skiing at the 2014 Winter Olympics – Men's ski cross,https://en.wikipedia.org/wiki/Freestyle_skiing_at_the_2014_Winter_Olympics_%E2%80%93_Men%27s_ski_cross,Q15056102,41556460,1259
Q47155371,Biathlon at the 2018 Winter Olympics – Men's pursuit,https://en.wikipedia.org/wiki/Biathlon_at_the_2018_Winter_Olympics_%E2%80%93_Men%27s_pursuit,Q47155371,56189421,1265
Q769542,Figure skating at the 2010 Winter Olympics – Men's singles,https://en.wikipedia.org/wiki/Figure_skating_at_the_2010_Winter_Olympics_%E2%80%93_Men%27s_singles,Q769542,25310409,4172
Q1464256,Badminton at the 2012 Summer Olympics – Women's doubles,https://en.wikipedia.org/wiki/Badminton_at_the_2012_Summer_Olympics_%E2%80%93_Women%27s_doubles,Q1464256,31816450,1327
Q28163,Diving at the 2012 Summer Olympics – Women's 3 metre springboard,https://en.wikipedia.org/wiki/Diving_at_the_2012_Summer_Olympics_%E2%80%93_Women%27s_3_metre_springboard,Q28163,35698563,767
Q1222420,Rowing at the 2012 Summer Olympics – Women's lightweight double sculls,https://en.wikipedia.org/wiki/Rowing_at_the_2012_Summer_Olympics_%E2%80%93_Women%27s_lightweight_double_sculls,Q1222420,34259521,1131
Q15056279,Skeleton at the 2014 Winter Olympics – Men's,https://en.wikipedia.org/wiki/Skeleton_at_the_2014_Winter_Olympics_%E2%80%93_Men%27s,Q15056279,41518718,702
Q1497594,Hum Aapke Hain Koun..!,https://en.wikipedia.org/wiki/Hum_Aapke_Hain_Koun..%21,Q1497594,2038132,4572
Q2263,Tom Hanks,https://en.wikipedia.org/wiki/Tom_Hanks,Q2263,43568,10705
Q1500141,Land of the Dead,https://en.wikipedia.org/wiki/Land_of_the_Dead,Q1500141,915499,3233
Q262440,Ruth Ann Minner,https://en.wikipedia.org/wiki/Ruth_Ann_Minner,Q262440,426737,2454
Q714909,Pete Wilson,https://en.wikipedia.org/wiki/Pete_Wilson,Q714909,343170,8115
Q1483532,The Best Man (1999 film),https://en.wikipedia.org/wiki/The_Best_Man_%281999_film%29,Q1483532,2880425,2514
Q1522716,Giant Center,https://en.wikipedia.org/wiki/Giant_Center,Q1522716,1886918,1413
Q882665,Roy Barnes,https://en.wikipedia.org/wiki/Roy_Barnes,Q882665,839410,2887
Q175535,Matt Damon,https://en.wikipedia.org/wiki/Matt_Damon,Q175535,166959,8365
Q320384,Beetlejuice,https://en.wikipedia.org/wiki/Beetlejuice,Q320384,293524,6221
Q493807,Angel Heart,https://en.wikipedia.org/wiki/Angel_Heart,Q493807,673682,8319
Q1503700,Main Hoon Na,https://en.wikipedia.org/wiki/Main_Hoon_Na,Q1503700,1456429,3254
Q170587,Tommy Lee Jones,https://en.wikipedia.org/wiki/Tommy_Lee_Jones,Q170587,248127,3084
Q26237421,Shooting at the 2016 Summer Olympics – Men's 50 metre pistol,https://en.wikipedia.org/wiki/Shooting_at_the_2016_Summer_Olympics_%E2%80%93_Men%27s_50_metre_pistol,Q26237421,43777841,2578
Q26242954,Sailing at the 2016 Summer Olympics – Laser,https://en.wikipedia.org/wiki/Sailing_at_the_2016_Summer_Olympics_%E2%80%93_Laser,Q26242954,43795855,269
Q26237420,Shooting at the 2016 Summer Olympics – Men's 50 metre rifle prone,https://en.wikipedia.org/wiki/Shooting_at_the_2016_Summer_Olympics_%E2%80%93_Men%27s_50_metre_rifle_prone,Q26237420,43777829,1422
Q26237423,Shooting at the 2016 Summer Olympics – Men's double trap,https://en.wikipedia.org/wiki/Shooting_at_the_2016_Summer_Olympics_%E2%80%93_Men%27s_double_trap,Q26237423,43777855,753
Q26237427,Shooting at the 2016 Summer Olympics – Women's skeet,https://en.wikipedia.org/wiki/Shooting_at_the_2016_Summer_Olympics_%E2%80%93_Women%27s_skeet,Q26237427,43777858,592
Q474098,Amores perros,https://en.wikipedia.org/wiki/Amores_perros,Q474098,729979,3843
Q26245392,Gymnastics at the 2016 Summer Olympics – Women's artistic team all-around,https://en.wikipedia.org/wiki/Gymnastics_at_the_2016_Summer_Olympics_%E2%80%93_Women%27s_artistic_team_all-around,Q26245392,47285533,1042
Q26254891,Sailing at the 2016 Summer Olympics – Women's RS:X,https://en.wikipedia.org/wiki/Sailing_at_the_2016_Summer_Olympics_%E2%80%93_Women%27s_RS%3AX,Q26254891,43795845,261
Q26250761,Sailing at the 2016 Summer Olympics – Men's RS:X,https://en.wikipedia.org/wiki/Sailing_at_the_2016_Summer_Olympics_%E2%80%93_Men%27s_RS%3AX,Q26250761,43795854,406
Q26235041,Shooting at the 2016 Summer Olympics – Women's 25 metre pistol,https://en.wikipedia.org/wiki/Shooting_at_the_2016_Summer_Olympics_%E2%80%93_Women%27s_25_metre_pistol,Q26235041,43777850,1211
Q26237425,Shooting at the 2016 Summer Olympics – Men's skeet,https://en.wikipedia.org/wiki/Shooting_at_the_2016_Summer_Olympics_%E2%80%93_Men%27s_skeet,Q26237425,43777856,673
Q407237,Air France–KLM,https://en.wikipedia.org/wiki/Air_France%E2%80%93KLM,Q407237,357689,3343
Q26241858,Sailing at the 2016 Summer Olympics – Laser Radial,https://en.wikipedia.org/wiki/Sailing_at_the_2016_Summer_Olympics_%E2%80%93_Laser_Radial,Q26241858,43795846,281
Q26237636,Swimming at the 2016 Summer Olympics – Women's 200 metre individual medley,https://en.wikipedia.org/wiki/Swimming_at_the_2016_Summer_Olympics_%E2%80%93_Women%27s_200_metre_individual_medley,Q26237636,45186845,1289
Q26254912,Gymnastics at the 2016 Summer Olympics – Women's rhythmic individual all-around,https://en.wikipedia.org/wiki/Gymnastics_at_the_2016_Summer_Olympics_%E2%80%93_Women%27s_rhythmic_individual_all-around,Q26254912,47285565,748
Q71013,Theodor W. Hänsch,https://en.wikipedia.org/wiki/Theodor_W._H%C3%A4nsch,Q71013,2831019,1491
Q482626,Jacob's Ladder (1990 film),https://en.wikipedia.org/wiki/Jacob%27s_Ladder_%281990_film%29,Q482626,492056,5017
Q482662,Any Given Sunday,https://en.wikipedia.org/wiki/Any_Given_Sunday,Q482662,222500,6388
Q26271841,Wrestling at the 2016 Summer Olympics – Men's Greco-Roman 98 kg,https://en.wikipedia.org/wiki/Wrestling_at_the_2016_Summer_Olympics_%E2%80%93_Men%27s_Greco-Roman_98_kg,Q26271841,45632947,340
Q472197,The Secret (2006 film),https://en.wikipedia.org/wiki/The_Secret_%282006_film%29,Q472197,4253757,3461
Q26265496,Gymnastics at the 2016 Summer Olympics – Women's floor,https://en.wikipedia.org/wiki/Gymnastics_at_the_2016_Summer_Olympics_%E2%80%93_Women%27s_floor,Q26265496,47285542,682
Q26262259,Sailing at the 2016 Summer Olympics – 49er,https://en.wikipedia.org/wiki/Sailing_at_the_2016_Summer_Olympics_%E2%80%93_49er,Q26262259,43795859,255
Q26269194,Canoeing at the 2016 Summer Olympics – Men's C-1 1000 metres,https://en.wikipedia.org/wiki/Canoeing_at_the_2016_Summer_Olympics_%E2%80%93_Men%27s_C-1_1000_metres,Q26269194,45534763,900
Q26263222,Wrestling at the 2016 Summer Olympics – Men's Greco-Roman 75 kg,https://en.wikipedia.org/wiki/Wrestling_at_the_2016_Summer_Olympics_%E2%80%93_Men%27s_Greco-Roman_75_kg,Q26263222,45632939,352
Q26262262,Sailing at the 2016 Summer Olympics – Nacra 17,https://en.wikipedia.org/wiki/Sailing_at_the_2016_Summer_Olympics_%E2%80%93_Nacra_17,Q26262262,43795862,221
Q26262295,Sailing at the 2016 Summer Olympics – Finn,https://en.wikipedia.org/wiki/Sailing_at_the_2016_Summer_Olympics_%E2%80%93_Finn,Q26262295,43795856,251
Q252097,Diary of a Mad Black Woman,https://en.wikipedia.org/wiki/Diary_of_a_Mad_Black_Woman,Q252097,1512171,1895
Q26268459,Wrestling at the 2016 Summer Olympics – Men's Greco-Roman 130 kg,https://en.wikipedia.org/wiki/Wrestling_at_the_2016_Summer_Olympics_%E2%80%93_Men%27s_Greco-Roman_130_kg,Q26268459,45632952,346
Q26265678,Gymnastics at the 2016 Summer Olympics – Women's rhythmic group all-around,https://en.wikipedia.org/wiki/Gymnastics_at_the_2016_Summer_Olympics_%E2%80%93_Women%27s_rhythmic_group_all-around,Q26265678,47285563,466
Q471159,Born on the Fourth of July (film),https://en.wikipedia.org/wiki/Born_on_the_Fourth_of_July_%28film%29,Q471159,4457806,7196
Q26260943,Cycling at the 2016 Summer Olympics – Men's team pursuit,https://en.wikipedia.org/wiki/Cycling_at_the_2016_Summer_Olympics_%E2%80%93_Men%27s_team_pursuit,Q26260943,40501600,928
Q26269219,Canoeing at the 2016 Summer Olympics – Women's K-2 500 metres,https://en.wikipedia.org/wiki/Canoeing_at_the_2016_Summer_Olympics_%E2%80%93_Women%27s_K-2_500_metres,Q26269219,45534829,922
Q26263261,Sailing at the 2016 Summer Olympics – Men's 470,https://en.wikipedia.org/wiki/Sailing_at_the_2016_Summer_Olympics_%E2%80%93_Men%27s_470,Q26263261,43795858,269
Q26256610,Synchronized swimming at the 2016 Summer Olympics – Women's duet,https://en.wikipedia.org/wiki/Synchronized_swimming_at_the_2016_Summer_Olympics_%E2%80%93_Women%27s_duet,Q26256610,51334377,1155
Q26269232,Canoeing at the 2016 Summer Olympics – Women's K-1 200 metres,https://en.wikipedia.org/wiki/Canoeing_at_the_2016_Summer_Olympics_%E2%80%93_Women%27s_K-1_200_metres,Q26269232,45534825,983
Q881069,Jim Guy Tucker,https://en.wikipedia.org/wiki/Jim_Guy_Tucker,Q881069,299535,3092
Q26256651,Synchronized swimming at the 2016 Summer Olympics – Women's team,https://en.wikipedia.org/wiki/Synchronized_swimming_at_the_2016_Summer_Olympics_%E2%80%93_Women%27s_team,Q26256651,51356882,787
Q1500457,Where the Heart Is (2000 film),https://en.wikipedia.org/wiki/Where_the_Heart_Is_%282000_film%29,Q1500457,44366,2007
Q26271817,Wrestling at the 2016 Summer Olympics – Men's Greco-Roman 66 kg,https://en.wikipedia.org/wiki/Wrestling_at_the_2016_Summer_Olympics_%E2%80%93_Men%27s_Greco-Roman_66_kg,Q26271817,45632937,310
Q26265754,Sailing at the 2016 Summer Olympics – Women's 470,https://en.wikipedia.org/wiki/Sailing_at_the_2016_Summer_Olympics_%E2%80%93_Women%27s_470,Q26265754,43795850,262
Q26262261,Sailing at the 2016 Summer Olympics – 49er FX,https://en.wikipedia.org/wiki/Sailing_at_the_2016_Summer_Olympics_%E2%80%93_49er_FX,Q26262261,43795851,258
Q26268456,Wrestling at the 2016 Summer Olympics – Men's Greco-Roman 85 kg,https://en.wikipedia.org/wiki/Wrestling_at_the_2016_Summer_Olympics_%E2%80%93_Men%27s_Greco-Roman_85_kg,Q26268456,45632942,351
Q850522,Little Women (1994 film),https://en.wikipedia.org/wiki/Little_Women_%281994_film%29,Q850522,781758,4033
Q162997,The Thin Blue Line (1988 film),https://en.wikipedia.org/wiki/The_Thin_Blue_Line_%281988_film%29,Q162997,597576,4717
Q500612,Judwaa,https://en.wikipedia.org/wiki/Judwaa,Q500612,2038244,1890
Q642516,American Me,https://en.wikipedia.org/wiki/American_Me,Q642516,4362641,2518
Q646426,Kids (film),https://en.wikipedia.org/wiki/Kids_%28film%29,Q646426,615418,3849
Q3536188,Nuvvostanante Nenoddantana,https://en.wikipedia.org/wiki/Nuvvostanante_Nenoddantana,Q3536188,5656662,2891
Q2732034,Rowing at the 2008 Summer Olympics – Men's lightweight double sculls,https://en.wikipedia.org/wiki/Rowing_at_the_2008_Summer_Olympics_%E2%80%93_Men%27s_lightweight_double_sculls,Q2732034,18662685,1851
Q26389812,Equestrian at the 2016 Summer Olympics – Individual jumping,https://en.wikipedia.org/wiki/Equestrian_at_the_2016_Summer_Olympics_%E2%80%93_Individual_jumping,Q26389812,43795647,4123
Q2718015,Cycling at the 2012 Summer Olympics – Men's sprint,https://en.wikipedia.org/wiki/Cycling_at_the_2012_Summer_Olympics_%E2%80%93_Men%27s_sprint,Q2718015,34666566,2129
Q26419091,Wrestling at the 2016 Summer Olympics – Men's freestyle 97 kg,https://en.wikipedia.org/wiki/Wrestling_at_the_2016_Summer_Olympics_%E2%80%93_Men%27s_freestyle_97_kg,Q26419091,45633074,342
Q26308744,Canoeing at the 2016 Summer Olympics – Men's C-2 1000 metres,https://en.wikipedia.org/wiki/Canoeing_at_the_2016_Summer_Olympics_%E2%80%93_Men%27s_C-2_1000_metres,Q26308744,45534772,622
Q26406504,Modern pentathlon at the 2016 Summer Olympics – Women's,https://en.wikipedia.org/wiki/Modern_pentathlon_at_the_2016_Summer_Olympics_%E2%80%93_Women%27s,Q26406504,46239599,1400
Q2648878,Canoeing at the 2012 Summer Olympics – Men's K-1 1000 metres,https://en.wikipedia.org/wiki/Canoeing_at_the_2012_Summer_Olympics_%E2%80%93_Men%27s_K-1_1000_metres,Q2648878,35771834,789
Q26404105,Wrestling at the 2016 Summer Olympics – Men's freestyle 86 kg,https://en.wikipedia.org/wiki/Wrestling_at_the_2016_Summer_Olympics_%E2%80%93_Men%27s_freestyle_86_kg,Q26404105,45633072,340
Q2726820,Fencing at the 2008 Summer Olympics – Women's team foil,https://en.wikipedia.org/wiki/Fencing_at_the_2008_Summer_Olympics_%E2%80%93_Women%27s_team_foil,Q2726820,18662376,495
Q26334986,Canoeing at the 2016 Summer Olympics – Men's K-1 200 metres,https://en.wikipedia.org/wiki/Canoeing_at_the_2016_Summer_Olympics_%E2%80%93_Men%27s_K-1_200_metres,Q26334986,45534774,759
Q2726788,Fencing at the 2008 Summer Olympics – Men's team sabre,https://en.wikipedia.org/wiki/Fencing_at_the_2008_Summer_Olympics_%E2%80%93_Men%27s_team_sabre,Q2726788,18662345,470
Q26334232,Canoeing at the 2016 Summer Olympics – Women's K-1 500 metres,https://en.wikipedia.org/wiki/Canoeing_at_the_2016_Summer_Olympics_%E2%80%93_Women%27s_K-1_500_metres,Q26334232,45534826,956
Q26305911,Canoeing at the 2016 Summer Olympics – Men's K-2 200 metres,https://en.wikipedia.org/wiki/Canoeing_at_the_2016_Summer_Olympics_%E2%80%93_Men%27s_K-2_200_metres,Q26305911,45534782,814
Q26320658,Wrestling at the 2016 Summer Olympics – Women's freestyle 53 kg,https://en.wikipedia.org/wiki/Wrestling_at_the_2016_Summer_Olympics_%E2%80%93_Women%27s_freestyle_53_kg,Q26320658,45633193,324
Q2726746,Fencing at the 2008 Summer Olympics – Women's foil,https://en.wikipedia.org/wiki/Fencing_at_the_2008_Summer_Olympics_%E2%80%93_Women%27s_foil,Q2726746,18662372,367
Q3536743,Thevar Magan,https://en.wikipedia.org/wiki/Thevar_Magan,Q3536743,4224754,4728
Q26308566,Equestrian at the 2016 Summer Olympics – Team jumping,https://en.wikipedia.org/wiki/Equestrian_at_the_2016_Summer_Olympics_%E2%80%93_Team_jumping,Q26308566,43795649,458
Q965133,Sohu,https://en.wikipedia.org/wiki/Sohu,Q965133,1676109,767
Q3235297,Jo Jeeta Wohi Sikandar,https://en.wikipedia.org/wiki/Jo_Jeeta_Wohi_Sikandar,Q3235297,3076462,1933
Q269521,Weightlifting at the 2008 Summer Olympics – Women's 48 kg,https://en.wikipedia.org/wiki/Weightlifting_at_the_2008_Summer_Olympics_%E2%80%93_Women%27s_48_kg,Q269521,18547192,667
Q26404138,Wrestling at the 2016 Summer Olympics – Men's freestyle 125 kg,https://en.wikipedia.org/wiki/Wrestling_at_the_2016_Summer_Olympics_%E2%80%93_Men%27s_freestyle_125_kg,Q26404138,45633075,329
Q26406514,Modern pentathlon at the 2016 Summer Olympics – Men's,https://en.wikipedia.org/wiki/Modern_pentathlon_at_the_2016_Summer_Olympics_%E2%80%93_Men%27s,Q26406514,46239596,1317
Q26328066,Wrestling at the 2016 Summer Olympics – Women's freestyle 75 kg,https://en.wikipedia.org/wiki/Wrestling_at_the_2016_Summer_Olympics_%E2%80%93_Women%27s_freestyle_75_kg,Q26328066,45633204,308
Q26334713,Diving at the 2016 Summer Olympics – Women's 10 metre platform,https://en.wikipedia.org/wiki/Diving_at_the_2016_Summer_Olympics_%E2%80%93_Women%27s_10_metre_platform,Q26334713,45659591,727
Q164103,A Beautiful Mind,https://en.wikipedia.org/wiki/A_Beautiful_Mind,Q164103,3569822,5251
Q2726750,Fencing at the 2008 Summer Olympics – Men's team épée,https://en.wikipedia.org/wiki/Fencing_at_the_2008_Summer_Olympics_%E2%80%93_Men%27s_team_%C3%A9p%C3%A9e,Q2726750,18662323,447
Q263926,Snowboarding at the 2010 Winter Olympics – Women's halfpipe,https://en.wikipedia.org/wiki/Snowboarding_at_the_2010_Winter_Olympics_%E2%80%93_Women%27s_halfpipe,Q263926,25311379,756
Q26339635,Wrestling at the 2016 Summer Olympics – Men's freestyle 74 kg,https://en.wikipedia.org/wiki/Wrestling_at_the_2016_Summer_Olympics_%E2%80%93_Men%27s_freestyle_74_kg,Q26339635,45633043,450
Q26334907,Canoeing at the 2016 Summer Olympics – Men's K-4 1000 metres,https://en.wikipedia.org/wiki/Canoeing_at_the_2016_Summer_Olympics_%E2%80%93_Men%27s_K-4_1000_metres,Q26334907,45534789,943
Q2687405,Sailing at the 2012 Summer Olympics – Laser,https://en.wikipedia.org/wiki/Sailing_at_the_2012_Summer_Olympics_%E2%80%93_Laser,Q2687405,35820998,551
Q2634280,Sailing at the 2008 Summer Olympics – Yngling,https://en.wikipedia.org/wiki/Sailing_at_the_2008_Summer_Olympics_%E2%80%93_Yngling,Q2634280,18674943,562
Q232032,Mujhse Shaadi Karogi,https://en.wikipedia.org/wiki/Mujhse_Shaadi_Karogi,Q232032,2038178,3866
Q2715839,Weightlifting at the 2012 Summer Olympics – Men's 69 kg,https://en.wikipedia.org/wiki/Weightlifting_at_the_2012_Summer_Olympics_%E2%80%93_Men%27s_69_kg,Q2715839,34655032,694
Q26280676,Wrestling at the 2016 Summer Olympics – Women's freestyle 69 kg,https://en.wikipedia.org/wiki/Wrestling_at_the_2016_Summer_Olympics_%E2%80%93_Women%27s_freestyle_69_kg,Q26280676,45633202,350
Q26294065,Wrestling at the 2016 Summer Olympics – Women's freestyle 48 kg,https://en.wikipedia.org/wiki/Wrestling_at_the_2016_Summer_Olympics_%E2%80%93_Women%27s_freestyle_48_kg,Q26294065,45633083,355
Q843949,Lagaan,https://en.wikipedia.org/wiki/Lagaan,Q843949,381810,6653
Q621529,Lady in the Water,https://en.wikipedia.org/wiki/Lady_in_the_Water,Q621529,1644192,3786
Q26339577,Wrestling at the 2016 Summer Olympics – Men's freestyle 57 kg,https://en.wikipedia.org/wiki/Wrestling_at_the_2016_Summer_Olympics_%E2%80%93_Men%27s_freestyle_57_kg,Q26339577,45633032,337
Q511914,Hoop Dreams,https://en.wikipedia.org/wiki/Hoop_Dreams,Q511914,351266,4664
Q2732321,Rowing at the 2008 Summer Olympics – Women's lightweight double sculls,https://en.wikipedia.org/wiki/Rowing_at_the_2008_Summer_Olympics_%E2%80%93_Women%27s_lightweight_double_sculls,Q2732321,18662704,1563
Q642501,Scary Movie 2,https://en.wikipedia.org/wiki/Scary_Movie_2,Q642501,532618,2942
Q2731531,Rowing at the 2008 Summer Olympics – Men's quadruple sculls,https://en.wikipedia.org/wiki/Rowing_at_the_2008_Summer_Olympics_%E2%80%93_Men%27s_quadruple_sculls,Q2731531,18662679,1340
Q9663,1994 Winter Olympics,https://en.wikipedia.org/wiki/1994_Winter_Olympics,Q9663,113198,7645
Q2731998,Rowing at the 2008 Summer Olympics – Men's lightweight coxless four,https://en.wikipedia.org/wiki/Rowing_at_the_2008_Summer_Olympics_%E2%80%93_Men%27s_lightweight_coxless_four,Q2731998,18662673,1299
Q26294109,Wrestling at the 2016 Summer Olympics – Women's freestyle 58 kg,https://en.wikipedia.org/wiki/Wrestling_at_the_2016_Summer_Olympics_%E2%80%93_Women%27s_freestyle_58_kg,Q26294109,45633196,357
Q509256,Jackass: The Movie,https://en.wikipedia.org/wiki/Jackass%3A_The_Movie,Q509256,1161730,4129
Q2718019,Cycling at the 2012 Summer Olympics – Women's sprint,https://en.wikipedia.org/wiki/Cycling_at_the_2012_Summer_Olympics_%E2%80%93_Women%27s_sprint,Q2718019,34666582,847
Q10152,Eurovision Song Contest 2006,https://en.wikipedia.org/wiki/Eurovision_Song_Contest_2006,Q10152,1923983,10255
Q26333692,Canoeing at the 2016 Summer Olympics – Men's C-1 200 metres,https://en.wikipedia.org/wiki/Canoeing_at_the_2016_Summer_Olympics_%E2%80%93_Men%27s_C-1_200_metres,Q26333692,45534756,984
Q26401684,Triathlon at the 2016 Summer Olympics – Women's,https://en.wikipedia.org/wiki/Triathlon_at_the_2016_Summer_Olympics_%E2%80%93_Women%27s,Q26401684,49828786,824
Q26419030,Wrestling at the 2016 Summer Olympics – Men's freestyle 65 kg,https://en.wikipedia.org/wiki/Wrestling_at_the_2016_Summer_Olympics_%E2%80%93_Men%27s_freestyle_65_kg,Q26419030,45633035,308
Q26335055,Canoeing at the 2016 Summer Olympics – Women's K-4 500 metres,https://en.wikipedia.org/wiki/Canoeing_at_the_2016_Summer_Olympics_%E2%80%93_Women%27s_K-4_500_metres,Q26335055,45552091,1017
Q646269,Nothing but Trouble (1991 film),https://en.wikipedia.org/wiki/Nothing_but_Trouble_%281991_film%29,Q646269,4520121,4903
Q3530081,Manichitrathazhu,https://en.wikipedia.org/wiki/Manichitrathazhu,Q3530081,1812196,4262
Q26234091,Athletics at the 2016 Summer Olympics – Women's discus throw,https://en.wikipedia.org/wiki/Athletics_at_the_2016_Summer_Olympics_%E2%80%93_Women%27s_discus_throw,Q26234091,45151615,1252
Q26328052,Wrestling at the 2016 Summer Olympics – Women's freestyle 63 kg,https://en.wikipedia.org/wiki/Wrestling_at_the_2016_Summer_Olympics_%E2%80%93_Women%27s_freestyle_63_kg,Q26328052,45633200,313
Q3429157,Sillunu Oru Kaadhal,https://en.wikipedia.org/wiki/Sillunu_Oru_Kaadhal,Q3429157,3545795,2228
Q263455,The Brown Bunny,https://en.wikipedia.org/wiki/The_Brown_Bunny,Q263455,265242,5880
Q3597945,1 Night in China,https://en.wikipedia.org/wiki/1_Night_in_China,Q3597945,2301370,499
Q243439,Full Metal Jacket,https://en.wikipedia.org/wiki/Full_Metal_Jacket,Q243439,11701,8986
Q3424327,Baashha,https://en.wikipedia.org/wiki/Baashha,Q3424327,5128234,5050
Q2732386,Sailing at the 2008 Summer Olympics – Laser,https://en.wikipedia.org/wiki/Sailing_at_the_2008_Summer_Olympics_%E2%80%93_Laser,Q2732386,18674935,531
Q518863,The Omen (2006 film),https://en.wikipedia.org/wiki/The_Omen_%282006_film%29,Q518863,2425302,2590
Q270385,Pride & Prejudice (2005 film),https://en.wikipedia.org/wiki/Pride_%26_Prejudice_%282005_film%29,Q270385,2312056,11573
Q3764588,Bhool Bhulaiyaa,https://en.wikipedia.org/wiki/Bhool_Bhulaiyaa,Q3764588,9307052,2346
Q1141420,October Sky,https://en.wikipedia.org/wiki/October_Sky,Q1141420,1110047,2771
Q3212960,Rookie of the Year (film),https://en.wikipedia.org/wiki/Rookie_of_the_Year_%28film%29,Q3212960,1811116,2698
Q641786,Crossroads (2002 film),https://en.wikipedia.org/wiki/Crossroads_%282002_film%29,Q641786,1128561,4061
Q2073496,Ray McKinnon (actor),https://en.wikipedia.org/wiki/Ray_McKinnon_%28actor%29,Q2073496,13441236,1974
Q3630260,Pokiri,https://en.wikipedia.org/wiki/Pokiri,Q3630260,4747302,5680
Q392441,Girl with a Pearl Earring (film),https://en.wikipedia.org/wiki/Girl_with_a_Pearl_Earring_%28film%29,Q392441,42128577,6993
Q482370,An American Crime,https://en.wikipedia.org/wiki/An_American_Crime,Q482370,5399016,1711
Q839042,Nixon (film),https://en.wikipedia.org/wiki/Nixon_%28film%29,Q839042,171078,6030
Q26233790,Gymnastics at the 2016 Summer Olympics – Men's floor,https://en.wikipedia.org/wiki/Gymnastics_at_the_2016_Summer_Olympics_%E2%80%93_Men%27s_floor,Q26233790,47285540,760
Q3411599,Padayappa,https://en.wikipedia.org/wiki/Padayappa,Q3411599,6701449,5811
Q6402794,Khuda Gawah,https://en.wikipedia.org/wiki/Khuda_Gawah,Q6402794,11545308,1702
Q508365,Chup Chup Ke,https://en.wikipedia.org/wiki/Chup_Chup_Ke,Q508365,5341795,1216
Q26233786,Gymnastics at the 2016 Summer Olympics – Men's artistic individual all-around,https://en.wikipedia.org/wiki/Gymnastics_at_the_2016_Summer_Olympics_%E2%80%93_Men%27s_artistic_individual_all-around,Q26233786,47285534,2600
Q6733834,Maherchi Sadi,https://en.wikipedia.org/wiki/Maherchi_Sadi,Q6733834,29009065,1618
Q3187923,Judaai (1997 film),https://en.wikipedia.org/wiki/Judaai_%281997_film%29,Q3187923,4125457,1973
Q26233793,Gymnastics at the 2016 Summer Olympics – Men's rings,https://en.wikipedia.org/wiki/Gymnastics_at_the_2016_Summer_Olympics_%E2%80%93_Men%27s_rings,Q26233793,47285544,1097
Q840297,El Mariachi,https://en.wikipedia.org/wiki/El_Mariachi,Q840297,326446,3586
Q3520627,The Dirk Diggler Story,https://en.wikipedia.org/wiki/The_Dirk_Diggler_Story,Q3520627,27595922,1268
Q663528,Searching for Bobby Fischer,https://en.wikipedia.org/wiki/Searching_for_Bobby_Fischer,Q663528,573912,2904
Q3235309,Raja (1995 film),https://en.wikipedia.org/wiki/Raja_%281995_film%29,Q3235309,7325516,1339
Q26233796,Gymnastics at the 2016 Summer Olympics – Women's balance beam,https://en.wikipedia.org/wiki/Gymnastics_at_the_2016_Summer_Olympics_%E2%80%93_Women%27s_balance_beam,Q26233796,47285551,564
Q26233794,Gymnastics at the 2016 Summer Olympics – Men's parallel bars,https://en.wikipedia.org/wiki/Gymnastics_at_the_2016_Summer_Olympics_%E2%80%93_Men%27s_parallel_bars,Q26233794,47285545,1134
Q26233798,Gymnastics at the 2016 Summer Olympics – Women's vault,https://en.wikipedia.org/wiki/Gymnastics_at_the_2016_Summer_Olympics_%E2%80%93_Women%27s_vault,Q26233798,47285539,727
Q288549,Athletics at the 2008 Summer Olympics – Women's javelin throw,https://en.wikipedia.org/wiki/Athletics_at_the_2008_Summer_Olympics_%E2%80%93_Women%27s_javelin_throw,Q288549,18579353,1369
Q1617908,Higher Learning,https://en.wikipedia.org/wiki/Higher_Learning,Q1617908,695435,2461
Q1516852,Taxi (2004 film),https://en.wikipedia.org/wiki/Taxi_%282004_film%29,Q1516852,451817,1802
Q305439,Wrestling at the 2012 Summer Olympics – Men's Greco-Roman 84 kg,https://en.wikipedia.org/wiki/Wrestling_at_the_2012_Summer_Olympics_%E2%80%93_Men%27s_Greco-Roman_84_kg,Q305439,34236527,355
Q7397517,Sadak,https://en.wikipedia.org/wiki/Sadak,Q7397517,13888061,1789
Q3427443,Taarzan: The Wonder Car,https://en.wikipedia.org/wiki/Taarzan%3A_The_Wonder_Car,Q3427443,9247802,2130
Q533383,The Room,https://en.wikipedia.org/wiki/The_Room,Q533383,5443971,10275
Q1130705,A Bronx Tale,https://en.wikipedia.org/wiki/A_Bronx_Tale,Q1130705,591309,2900
Q3039134,Sailing at the 2012 Summer Olympics – Women's RS:X,https://en.wikipedia.org/wiki/Sailing_at_the_2012_Summer_Olympics_%E2%80%93_Women%27s_RS%3AX,Q3039134,35820937,505
Q458629,Billy Elliot,https://en.wikipedia.org/wiki/Billy_Elliot,Q458629,168929,4073
Q7916121,Varsham (2004 film),https://en.wikipedia.org/wiki/Varsham_%282004_film%29,Q7916121,5574573,1890
Q1546370,Open Range (2003 film),https://en.wikipedia.org/wiki/Open_Range_%282003_film%29,Q1546370,1247973,2372
Q375512,War (2007 film),https://en.wikipedia.org/wiki/War_%282007_film%29,Q375512,5795788,2228
Q891821,Bombay (film),https://en.wikipedia.org/wiki/Bombay_%28film%29,Q891821,1056905,3309
Q303268,Nordic combined at the 2010 Winter Olympics – Individual normal hill/10 km,https://en.wikipedia.org/wiki/Nordic_combined_at_the_2010_Winter_Olympics_%E2%80%93_Individual_normal_hill/10_km,Q303268,24960483,1876
Q26233791,Gymnastics at the 2016 Summer Olympics – Men's pommel horse,https://en.wikipedia.org/wiki/Gymnastics_at_the_2016_Summer_Olympics_%E2%80%93_Men%27s_pommel_horse,Q26233791,47285543,1048
Q26233478,Shooting at the 2016 Summer Olympics – Men's trap,https://en.wikipedia.org/wiki/Shooting_at_the_2016_Summer_Olympics_%E2%80%93_Men%27s_trap,Q26233478,43777851,1694
Q270599,Scream 2,https://en.wikipedia.org/wiki/Scream_2,Q270599,600320,7082
Q2936542,Canoeing at the 2012 Summer Olympics – Men's K-2 200 metres,https://en.wikipedia.org/wiki/Canoeing_at_the_2012_Summer_Olympics_%E2%80%93_Men%27s_K-2_200_metres,Q2936542,35771849,733
Q646077,Belly (film),https://en.wikipedia.org/wiki/Belly_%28film%29,Q646077,2032676,2220
Q2740554,Weightlifting at the 2012 Summer Olympics – Men's 77 kg,https://en.wikipedia.org/wiki/Weightlifting_at_the_2012_Summer_Olympics_%E2%80%93_Men%27s_77_kg,Q2740554,34655022,687
Q3328063,Murder (2004 film),https://en.wikipedia.org/wiki/Murder_%282004_film%29,Q3328063,2157529,1938
Q26233783,Gymnastics at the 2016 Summer Olympics – Men's artistic team all-around,https://en.wikipedia.org/wiki/Gymnastics_at_the_2016_Summer_Olympics_%E2%80%93_Men%27s_artistic_team_all-around,Q26233783,47285532,1055
Q26233795,Gymnastics at the 2016 Summer Olympics – Men's horizontal bar,https://en.wikipedia.org/wiki/Gymnastics_at_the_2016_Summer_Olympics_%E2%80%93_Men%27s_horizontal_bar,Q26233795,47285546,1000
Q3082335,Equestrian at the 2012 Summer Olympics – Team dressage,https://en.wikipedia.org/wiki/Equestrian_at_the_2012_Summer_Olympics_%E2%80%93_Team_dressage,Q3082335,35779791,683
Q305171,Swimming at the 2012 Summer Olympics – Women's 100 metre butterfly,https://en.wikipedia.org/wiki/Swimming_at_the_2012_Summer_Olympics_%E2%80%93_Women%27s_100_metre_butterfly,Q305171,34236445,1295
Q1624299,Kama Sutra: A Tale of Love,https://en.wikipedia.org/wiki/Kama_Sutra%3A_A_Tale_of_Love,Q1624299,852742,1747
Q3181879,Nayakan,https://en.wikipedia.org/wiki/Nayakan,Q3181879,2005133,5933
Q26233789,Gymnastics at the 2016 Summer Olympics – Men's vault,https://en.wikipedia.org/wiki/Gymnastics_at_the_2016_Summer_Olympics_%E2%80%93_Men%27s_vault,Q26233789,47285538,1979
Q7426859,Satya (1998 film),https://en.wikipedia.org/wiki/Satya_%281998_film%29,Q7426859,4658214,6136
Q26233797,Gymnastics at the 2016 Summer Olympics – Women's uneven bars,https://en.wikipedia.org/wiki/Gymnastics_at_the_2016_Summer_Olympics_%E2%80%93_Women%27s_uneven_bars,Q26233797,47285548,505
Q326382,Boxing at the 2012 Summer Olympics – Men's super heavyweight,https://en.wikipedia.org/wiki/Boxing_at_the_2012_Summer_Olympics_%E2%80%93_Men%27s_super_heavyweight,Q326382,35699745,257
Q3176321,Jeans (film),https://en.wikipedia.org/wiki/Jeans_%28film%29,Q3176321,706713,4519
Q4023742,Zakhm,https://en.wikipedia.org/wiki/Zakhm,Q4023742,8723567,1172
Q221384,Black Hawk Down (film),https://en.wikipedia.org/wiki/Black_Hawk_Down_%28film%29,Q221384,106328,6540
Q1130317,The Marine,https://en.wikipedia.org/wiki/The_Marine,Q1130317,1278589,1978
Q1648332,Vivah,https://en.wikipedia.org/wiki/Vivah,Q1648332,5208126,3073
Q6109704,Jaani Dushman: Ek Anokhi Kahani,https://en.wikipedia.org/wiki/Jaani_Dushman%3A_Ek_Anokhi_Kahani,Q6109704,4488571,2860
Q1889403,Pretty Baby (1978 film),https://en.wikipedia.org/wiki/Pretty_Baby_%281978_film%29,Q1889403,1013377,4607
Q4943386,Boom (2003 film),https://en.wikipedia.org/wiki/Boom_%282003_film%29,Q4943386,4186543,1116
Q7852442,Tum Bin,https://en.wikipedia.org/wiki/Tum_Bin,Q7852442,6882738,1686
Q464252,Bedazzled (2000 film),https://en.wikipedia.org/wiki/Bedazzled_%282000_film%29,Q464252,1113205,2397
Q3411591,Kaakha Kaakha,https://en.wikipedia.org/wiki/Kaakha_Kaakha,Q3411591,4180523,3237
Q5555971,Ghayal (1990 film),https://en.wikipedia.org/wiki/Ghayal_%281990_film%29,Q5555971,5997937,2053
Q4460079,Sirf Tum,https://en.wikipedia.org/wiki/Sirf_Tum,Q4460079,7189363,1315
Q1543439,The Rules of Attraction (film),https://en.wikipedia.org/wiki/The_Rules_of_Attraction_%28film%29,Q1543439,1405221,3458
Q334179,The Return of the Texas Chainsaw Massacre,https://en.wikipedia.org/wiki/The_Return_of_the_Texas_Chainsaw_Massacre,Q334179,2742915,10021
Q515416,Black (2005 film),https://en.wikipedia.org/wiki/Black_%282005_film%29,Q515416,20181941,8832
Q535550,Super Mario Bros. (film),https://en.wikipedia.org/wiki/Super_Mario_Bros._%28film%29,Q535550,210860,9277
Q222018,Total Recall (1990 film),https://en.wikipedia.org/wiki/Total_Recall_%281990_film%29,Q222018,55325,15377
Q832728,Rounders (film),https://en.wikipedia.org/wiki/Rounders_%28film%29,Q832728,923759,3029
Q1862797,The Monster Squad,https://en.wikipedia.org/wiki/The_Monster_Squad,Q1862797,1947226,5139
Q26228283,Shooting at the 2016 Summer Olympics – Women's trap,https://en.wikipedia.org/wiki/Shooting_at_the_2016_Summer_Olympics_%E2%80%93_Women%27s_trap,Q26228283,43777857,722
Q3182895,Kannathil Muthamittal,https://en.wikipedia.org/wiki/Kannathil_Muthamittal,Q3182895,2853320,3427
Q7517709,Simhadri (2003 film),https://en.wikipedia.org/wiki/Simhadri_%282003_film%29,Q7517709,5654699,2616
Q1656251,Hum Tumhare Hain Sanam,https://en.wikipedia.org/wiki/Hum_Tumhare_Hain_Sanam,Q1656251,1836603,1357
Q174454,Saajan,https://en.wikipedia.org/wiki/Saajan,Q174454,6533560,1403
Q1125282,Man on the Moon (film),https://en.wikipedia.org/wiki/Man_on_the_Moon_%28film%29,Q1125282,104916,3538
Q4468079,Jism (2003 film),https://en.wikipedia.org/wiki/Jism_%282003_film%29,Q4468079,2800097,1772
Q1494959,Gary Summers,https://en.wikipedia.org/wiki/Gary_Summers,Q1494959,25987585,301
Q607122,Baby Boy (film),https://en.wikipedia.org/wiki/Baby_Boy_%28film%29,Q607122,156558,2539
Q1659542,Deewana (1992 film),https://en.wikipedia.org/wiki/Deewana_%281992_film%29,Q1659542,1581992,3681
Q1140935,Shallow Hal,https://en.wikipedia.org/wiki/Shallow_Hal,Q1140935,366111,2626
Q3327400,Mudhalvan,https://en.wikipedia.org/wiki/Mudhalvan,Q3327400,4853407,3932
Q1683918,Jason Goes to Hell: The Final Friday,https://en.wikipedia.org/wiki/Jason_Goes_to_Hell%3A_The_Final_Friday,Q1683918,2375811,4892
Q466533,American Psycho 2,https://en.wikipedia.org/wiki/American_Psycho_2,Q466533,892031,2779
Q1636437,Hum Saath-Saath Hain,https://en.wikipedia.org/wiki/Hum_Saath-Saath_Hain,Q1636437,2518527,4201
Q4296485,Mr. India (1987 film),https://en.wikipedia.org/wiki/Mr._India_%281987_film%29,Q4296485,4125366,5792
Q3429458,Minnale,https://en.wikipedia.org/wiki/Minnale,Q3429458,3371527,2145
Q7309828,Rehnaa Hai Terre Dil Mein,https://en.wikipedia.org/wiki/Rehnaa_Hai_Terre_Dil_Mein,Q7309828,6810072,2273
Q5521011,Gangaajal,https://en.wikipedia.org/wiki/Gangaajal,Q5521011,3498675,4570
Q660894,What's Eating Gilbert Grape,https://en.wikipedia.org/wiki/What%27s_Eating_Gilbert_Grape,Q660894,656608,2185
Q3292215,Border (1997 film),https://en.wikipedia.org/wiki/Border_%281997_film%29,Q3292215,4980155,4622
Q895690,Boxing Helena,https://en.wikipedia.org/wiki/Boxing_Helena,Q895690,77460,1944
Q1114685,Career Opportunities (film),https://en.wikipedia.org/wiki/Career_Opportunities_%28film%29,Q1114685,3408831,2045
Q280918,Leaving Las Vegas,https://en.wikipedia.org/wiki/Leaving_Las_Vegas,Q280918,54160,3260
Q1094828,Yuva,https://en.wikipedia.org/wiki/Yuva,Q1094828,1111237,2160
Q1043354,Athletics at the 2008 Summer Olympics – Women's 800 metres,https://en.wikipedia.org/wiki/Athletics_at_the_2008_Summer_Olympics_%E2%80%93_Women%27s_800_metres,Q1043354,18569140,1242
Q1076823,Krrish,https://en.wikipedia.org/wiki/Krrish,Q1076823,2018546,4941
Q4692983,Agneepath (1990 film),https://en.wikipedia.org/wiki/Agneepath_%281990_film%29,Q4692983,9622468,2911
Q1534510,The Devil's Rejects,https://en.wikipedia.org/wiki/The_Devil%27s_Rejects,Q1534510,2063141,3433
Q1042705,Canoeing at the 2012 Summer Olympics – Women's K-4 500 metres,https://en.wikipedia.org/wiki/Canoeing_at_the_2012_Summer_Olympics_%E2%80%93_Women%27s_K-4_500_metres,Q1042705,35771888,845
Q4661594,Aankhen (1993 film),https://en.wikipedia.org/wiki/Aankhen_%281993_film%29,Q4661594,6560739,1139
Q1140605,Rat Race (film),https://en.wikipedia.org/wiki/Rat_Race_%28film%29,Q1140605,675574,3918
Q1109255,Tere Naam,https://en.wikipedia.org/wiki/Tere_Naam,Q1109255,2020037,2828
Q7929598,Vikramarkudu,https://en.wikipedia.org/wiki/Vikramarkudu,Q7929598,5888582,2843
Q26212366,Table tennis at the 2016 Summer Olympics – Men's singles,https://en.wikipedia.org/wiki/Table_tennis_at_the_2016_Summer_Olympics_%E2%80%93_Men%27s_singles,Q26212366,46450991,560
Q1166556,Darr,https://en.wikipedia.org/wiki/Darr,Q1166556,2105280,2967
Q4662707,Aashiq Banaya Aapne,https://en.wikipedia.org/wiki/Aashiq_Banaya_Aapne,Q4662707,5075286,1464
Q673486,Friday (1995 film),https://en.wikipedia.org/wiki/Friday_%281995_film%29,Q673486,169788,2872
Q26212190,Weightlifting at the 2016 Summer Olympics – Women's 69 kg,https://en.wikipedia.org/wiki/Weightlifting_at_the_2016_Summer_Olympics_%E2%80%93_Women%27s_69_kg,Q26212190,47045078,592
Q462418,Dumb and Dumber,https://en.wikipedia.org/wiki/Dumb_and_Dumber,Q462418,737803,3711
Q1043361,Athletics at the 2008 Summer Olympics – Women's 100 metres hurdles,https://en.wikipedia.org/wiki/Athletics_at_the_2008_Summer_Olympics_%E2%80%93_Women%27s_100_metres_hurdles,Q1043361,18578883,1258
Q156394,What Women Want,https://en.wikipedia.org/wiki/What_Women_Want,Q156394,106262,2361
Q1043405,Swimming at the 2012 Summer Olympics – Men's 400 metre freestyle,https://en.wikipedia.org/wiki/Swimming_at_the_2012_Summer_Olympics_%E2%80%93_Men%27s_400_metre_freestyle,Q1043405,34236392,837
Q463832,The Insider (film),https://en.wikipedia.org/wiki/The_Insider_%28film%29,Q463832,142469,3216
Q348720,Boxing at the 2012 Summer Olympics – Men's light heavyweight,https://en.wikipedia.org/wiki/Boxing_at_the_2012_Summer_Olympics_%E2%80%93_Men%27s_light_heavyweight,Q348720,35699707,402
Q1043347,Athletics at the 2008 Summer Olympics – Women's 5000 metres,https://en.wikipedia.org/wiki/Athletics_at_the_2008_Summer_Olympics_%E2%80%93_Women%27s_5000_metres,Q1043347,18569394,964
Q3513763,Taekwondo at the 2012 Summer Olympics – Women's 49 kg,https://en.wikipedia.org/wiki/Taekwondo_at_the_2012_Summer_Olympics_%E2%80%93_Women%27s_49_kg,Q3513763,34257145,346
Q348714,Boxing at the 2012 Summer Olympics – Men's welterweight,https://en.wikipedia.org/wiki/Boxing_at_the_2012_Summer_Olympics_%E2%80%93_Men%27s_welterweight,Q348714,35699692,335
Q1130297,Into the Blue (2005 film),https://en.wikipedia.org/wiki/Into_the_Blue_%282005_film%29,Q1130297,2184642,2359
Q1084074,Mystery Men,https://en.wikipedia.org/wiki/Mystery_Men,Q1084074,295757,4401
Q337747,Species (film),https://en.wikipedia.org/wiki/Species_%28film%29,Q337747,689763,5898
Q144483,The Last of the Mohicans (1992 film),https://en.wikipedia.org/wiki/The_Last_of_the_Mohicans_%281992_film%29,Q144483,1428048,3719
Q26220718,Shooting at the 2016 Summer Olympics – Women's 10 metre air pistol,https://en.wikipedia.org/wiki/Shooting_at_the_2016_Summer_Olympics_%E2%80%93_Women%27s_10_metre_air_pistol,Q26220718,43777848,1164
Q1005771,Triathlon at the 2008 Summer Olympics – Men's,https://en.wikipedia.org/wiki/Triathlon_at_the_2008_Summer_Olympics_%E2%80%93_Men%27s,Q1005771,19755876,1083
Q7187334,Phool Aur Kaante,https://en.wikipedia.org/wiki/Phool_Aur_Kaante,Q7187334,1859733,1128
Q26219852,Taekwondo at the 2016 Summer Olympics – Men's +80 kg,https://en.wikipedia.org/wiki/Taekwondo_at_the_2016_Summer_Olympics_%E2%80%93_Men%27s_%2B80_kg,Q26219852,46645927,550
Q372299,Billy Madison,https://en.wikipedia.org/wiki/Billy_Madison,Q372299,736222,2135
Q556967,Chaplin (film),https://en.wikipedia.org/wiki/Chaplin_%28film%29,Q556967,171058,3516
Q1064571,Cycling at the 2008 Summer Olympics – Women's sprint,https://en.wikipedia.org/wiki/Cycling_at_the_2008_Summer_Olympics_%E2%80%93_Women%27s_sprint,Q1064571,18666575,1099
Q604533,Taal (film),https://en.wikipedia.org/wiki/Taal_%28film%29,Q604533,1792621,2272
Q1167579,Village of the Damned (1995 film),https://en.wikipedia.org/wiki/Village_of_the_Damned_%281995_film%29,Q1167579,1721255,2811
Q26212275,Canoeing at the 2016 Summer Olympics – Men's slalom C-1,https://en.wikipedia.org/wiki/Canoeing_at_the_2016_Summer_Olympics_%E2%80%93_Men%27s_slalom_C-1,Q26212275,45534709,537
Q3157001,Jaanwar (1999 film),https://en.wikipedia.org/wiki/Jaanwar_%281999_film%29,Q3157001,9040455,2341
Q3765015,Yamadonga,https://en.wikipedia.org/wiki/Yamadonga,Q3765015,6021658,2975
Q309214,Norman Jewison,https://en.wikipedia.org/wiki/Norman_Jewison,Q309214,146861,4880
Q4480654,Fuck (2005 film),https://en.wikipedia.org/wiki/Fuck_%282005_film%29,Q4480654,3844882,5849
Q26212310,Weightlifting at the 2016 Summer Olympics – Women's +75 kg,https://en.wikipedia.org/wiki/Weightlifting_at_the_2016_Summer_Olympics_%E2%80%93_Women%27s_%2B75_kg,Q26212310,47045082,608
Q26219853,Taekwondo at the 2016 Summer Olympics – Women's 57 kg,https://en.wikipedia.org/wiki/Taekwondo_at_the_2016_Summer_Olympics_%E2%80%93_Women%27s_57_kg,Q26219853,46645933,551
Q1064381,Cycling at the 2008 Summer Olympics – Women's BMX,https://en.wikipedia.org/wiki/Cycling_at_the_2008_Summer_Olympics_%E2%80%93_Women%27s_BMX,Q1064381,18662739,1121
Q1123479,The Number 23,https://en.wikipedia.org/wiki/The_Number_23,Q1123479,4476914,2750
Q1074032,Penelope (2006 film),https://en.wikipedia.org/wiki/Penelope_%282006_film%29,Q1074032,3875767,2181
Q2054362,Saudagar (1991 film),https://en.wikipedia.org/wiki/Saudagar_%281991_film%29,Q2054362,8250538,1760
Q334901,Shooting at the 2012 Summer Olympics – Men's 50 metre rifle three positions,https://en.wikipedia.org/wiki/Shooting_at_the_2012_Summer_Olympics_%E2%80%93_Men%27s_50_metre_rifle_three_positions,Q334901,36507692,1214
Q332673,Boxing at the 2012 Summer Olympics – Men's flyweight,https://en.wikipedia.org/wiki/Boxing_at_the_2012_Summer_Olympics_%E2%80%93_Men%27s_flyweight,Q332673,35699678,494
Q2923057,Boys (2003 film),https://en.wikipedia.org/wiki/Boys_%282003_film%29,Q2923057,4671604,3227
Q1005722,Shooting at the 2008 Summer Olympics – Men's 50 metre rifle prone,https://en.wikipedia.org/wiki/Shooting_at_the_2008_Summer_Olympics_%E2%80%93_Men%27s_50_metre_rifle_prone,Q1005722,18639578,1303
Q1042441,Synchronized swimming at the 2008 Summer Olympics – Women's duet,https://en.wikipedia.org/wiki/Synchronized_swimming_at_the_2008_Summer_Olympics_%E2%80%93_Women%27s_duet,Q1042441,18789596,1001
Q11055371,Ghatak (1996 film),https://en.wikipedia.org/wiki/Ghatak_%281996_film%29,Q11055371,14786229,1647
Q26219865,Equestrian at the 2016 Summer Olympics – Team dressage,https://en.wikipedia.org/wiki/Equestrian_at_the_2016_Summer_Olympics_%E2%80%93_Team_dressage,Q26219865,43795643,641
Q2737320,Ghajini (2005 film),https://en.wikipedia.org/wiki/Ghajini_%282005_film%29,Q2737320,3050395,3631
Q1698939,Pootie Tang,https://en.wikipedia.org/wiki/Pootie_Tang,Q1698939,1210913,2316
Q1064410,Snowboarding at the 2010 Winter Olympics – Women's parallel giant slalom,https://en.wikipedia.org/wiki/Snowboarding_at_the_2010_Winter_Olympics_%E2%80%93_Women%27s_parallel_giant_slalom,Q1064410,25311350,613
Q7562756,Sooryavansham,https://en.wikipedia.org/wiki/Sooryavansham,Q7562756,5451230,2301
Q670439,Raising Arizona,https://en.wikipedia.org/wiki/Raising_Arizona,Q670439,279813,3516
Q26219855,Taekwondo at the 2016 Summer Olympics – Women's +67 kg,https://en.wikipedia.org/wiki/Taekwondo_at_the_2016_Summer_Olympics_%E2%80%93_Women%27s_%2B67_kg,Q26219855,46645945,517
Q653056,Reign Over Me,https://en.wikipedia.org/wiki/Reign_Over_Me,Q653056,4078865,2060
Q1051974,Fencing at the 2008 Summer Olympics – Women's épée,https://en.wikipedia.org/wiki/Fencing_at_the_2008_Summer_Olympics_%E2%80%93_Women%27s_%C3%A9p%C3%A9e,Q1051974,18662352,462
Q26212177,Weightlifting at the 2016 Summer Olympics – Women's 63 kg,https://en.wikipedia.org/wiki/Weightlifting_at_the_2016_Summer_Olympics_%E2%80%93_Women%27s_63_kg,Q26212177,47045077,612
Q1723681,Kandukondain Kandukondain,https://en.wikipedia.org/wiki/Kandukondain_Kandukondain,Q1723681,2213107,5554
Q26213159,Canoeing at the 2016 Summer Olympics – Women's slalom K-1,https://en.wikipedia.org/wiki/Canoeing_at_the_2016_Summer_Olympics_%E2%80%93_Women%27s_slalom_K-1,Q26213159,45534726,579
Q4899703,Bewafa Sanam,https://en.wikipedia.org/wiki/Bewafa_Sanam,Q4899703,19175262,1023
Q368950,Sailing at the 2008 Summer Olympics – Tornado,https://en.wikipedia.org/wiki/Sailing_at_the_2008_Summer_Olympics_%E2%80%93_Tornado,Q368950,18674929,479
Q2820108,Aashiqui,https://en.wikipedia.org/wiki/Aashiqui,Q2820108,6631824,2305
Q1750698,Alex Funke,https://en.wikipedia.org/wiki/Alex_Funke,Q1750698,22082611,406
Q1156648,Friday Night Lights (film),https://en.wikipedia.org/wiki/Friday_Night_Lights_%28film%29,Q1156648,1065748,5967
Q3111799,Indian (1996 film),https://en.wikipedia.org/wiki/Indian_%281996_film%29,Q3111799,2411513,3623
Q7137311,Paris Is Burning (film),https://en.wikipedia.org/wiki/Paris_Is_Burning_%28film%29,Q7137311,2406074,5386
Q2355815,Good Burger,https://en.wikipedia.org/wiki/Good_Burger,Q2355815,230536,2847
Q142292,Traffic (2000 film),https://en.wikipedia.org/wiki/Traffic_%282000_film%29,Q142292,37599,6815
Q1067409,Grizzly Man,https://en.wikipedia.org/wiki/Grizzly_Man,Q1067409,2380844,3136
Q1543028,Grandma's Boy (2006 film),https://en.wikipedia.org/wiki/Grandma%27s_Boy_%282006_film%29,Q1543028,3572176,2561
Q7258343,Pudhupettai,https://en.wikipedia.org/wiki/Pudhupettai,Q7258343,5304218,2722
Q199884,Anna Paquin,https://en.wikipedia.org/wiki/Anna_Paquin,Q199884,276341,3123
Q283481,Andaz Apna Apna,https://en.wikipedia.org/wiki/Andaz_Apna_Apna,Q283481,851645,2791
Q1756560,Withnail and I,https://en.wikipedia.org/wiki/Withnail_and_I,Q1756560,343404,5203
Q901213,Four Weddings and a Funeral,https://en.wikipedia.org/wiki/Four_Weddings_and_a_Funeral,Q901213,11223,5864
Q1005719,Shooting at the 2008 Summer Olympics – Men's skeet,https://en.wikipedia.org/wiki/Shooting_at_the_2008_Summer_Olympics_%E2%80%93_Men%27s_skeet,Q1005719,18652763,1040
Q2171744,Killer Klowns from Outer Space,https://en.wikipedia.org/wiki/Killer_Klowns_from_Outer_Space,Q2171744,1249019,4044
Q1537071,Leprechaun (film),https://en.wikipedia.org/wiki/Leprechaun_%28film%29,Q1537071,1688077,3562
Q1192874,We Are Marshall,https://en.wikipedia.org/wiki/We_Are_Marshall,Q1192874,4550882,2379
Q1798105,Maine Pyar Kiya,https://en.wikipedia.org/wiki/Maine_Pyar_Kiya,Q1798105,1460724,3495
Q603448,Indecent Proposal,https://en.wikipedia.org/wiki/Indecent_Proposal,Q603448,864183,5278
Q1148499,Stealth (film),https://en.wikipedia.org/wiki/Stealth_%28film%29,Q1148499,2010744,2759
Q1157491,Dahmer (film),https://en.wikipedia.org/wiki/Dahmer_%28film%29,Q1157491,5060456,2328
Q6810921,Mela (2000 film),https://en.wikipedia.org/wiki/Mela_%282000_film%29,Q6810921,10016740,1885
Q16156200,The Five Heartbeats,https://en.wikipedia.org/wiki/The_Five_Heartbeats,Q16156200,1625009,3202
Q2392216,Paid in Full (2002 film),https://en.wikipedia.org/wiki/Paid_in_Full_%282002_film%29,Q2392216,4576677,1911
Q898721,Hamlet (1996 film),https://en.wikipedia.org/wiki/Hamlet_%281996_film%29,Q898721,101398,6999
Q1089283,Child's Play 3,https://en.wikipedia.org/wiki/Child%27s_Play_3,Q1089283,534778,3624
Q151898,Stranger than Fiction (2006 film),https://en.wikipedia.org/wiki/Stranger_than_Fiction_%282006_film%29,Q151898,4155050,2864
Q3107519,Rudy (film),https://en.wikipedia.org/wiki/Rudy_%28film%29,Q3107519,286893,3823
Q300439,A History of Violence,https://en.wikipedia.org/wiki/A_History_of_Violence,Q300439,1726126,3974
Q4802580,Arya (2004 film),https://en.wikipedia.org/wiki/Arya_%282004_film%29,Q4802580,5734299,2708
Q2900179,Better Luck Tomorrow,https://en.wikipedia.org/wiki/Better_Luck_Tomorrow,Q2900179,1051400,2847
Q185248,Dirty Rotten Scoundrels (film),https://en.wikipedia.org/wiki/Dirty_Rotten_Scoundrels_%28film%29,Q185248,446934,2418
Q1537562,Poetic Justice (film),https://en.wikipedia.org/wiki/Poetic_Justice_%28film%29,Q1537562,1962192,3600
Q1750589,Weightlifting at the 2004 Summer Olympics – Men's 77 kg,https://en.wikipedia.org/wiki/Weightlifting_at_the_2004_Summer_Olympics_%E2%80%93_Men%27s_77_kg,Q1750589,8879086,905
Q25991462,Swimming at the 2016 Summer Olympics – Women's 200 metre breaststroke,https://en.wikipedia.org/wiki/Swimming_at_the_2016_Summer_Olympics_%E2%80%93_Women%27s_200_metre_breaststroke,Q25991462,45186838,1216
Q1077323,Cycling at the 2008 Summer Olympics – Women's points race,https://en.wikipedia.org/wiki/Cycling_at_the_2008_Summer_Olympics_%E2%80%93_Women%27s_points_race,Q1077323,18666573,453
Q497491,Sailing at the 2012 Summer Olympics – Women's 470,https://en.wikipedia.org/wiki/Sailing_at_the_2012_Summer_Olympics_%E2%80%93_Women%27s_470,Q497491,35821042,483
Q1565131,Badminton at the 2004 Summer Olympics – Men's doubles,https://en.wikipedia.org/wiki/Badminton_at_the_2004_Summer_Olympics_%E2%80%93_Men%27s_doubles,Q1565131,8943500,355
Q2171151,Wrestling at the 2012 Summer Olympics – Men's Greco-Roman 66 kg,https://en.wikipedia.org/wiki/Wrestling_at_the_2012_Summer_Olympics_%E2%80%93_Men%27s_Greco-Roman_66_kg,Q2171151,34236537,349
Q107861717,Biathlon at the 2022 Winter Olympics – Men's mass start,https://en.wikipedia.org/wiki/Biathlon_at_the_2022_Winter_Olympics_%E2%80%93_Men%27s_mass_start,Q107861717,68278887,862
Q544177,Athletics at the 2008 Summer Olympics – Men's 3000 metres steeplechase,https://en.wikipedia.org/wiki/Athletics_at_the_2008_Summer_Olympics_%E2%80%93_Men%27s_3000_metres_steeplechase,Q544177,18579294,854
Q539696,Canoeing at the 2012 Summer Olympics – Men's K-4 1000 metres,https://en.wikipedia.org/wiki/Canoeing_at_the_2012_Summer_Olympics_%E2%80%93_Men%27s_K-4_1000_metres,Q539696,35771867,668
Q26218171,Shooting at the 2016 Summer Olympics – Women's 10 metre air rifle,https://en.wikipedia.org/wiki/Shooting_at_the_2016_Summer_Olympics_%E2%80%93_Women%27s_10_metre_air_rifle,Q26218171,43777833,1439
Q656724,Nordic combined at the 2010 Winter Olympics – Team large hill/4 × 5 km,https://en.wikipedia.org/wiki/Nordic_combined_at_the_2010_Winter_Olympics_%E2%80%93_Team_large_hill/4_%C3%97_5_km,Q656724,24960845,1445
Q7372006,Rowing at the 2000 Summer Olympics – Men's single sculls,https://en.wikipedia.org/wiki/Rowing_at_the_2000_Summer_Olympics_%E2%80%93_Men%27s_single_sculls,Q7372006,37970085,2690
Q370708,Wrestling at the 2008 Summer Olympics – Women's freestyle 55 kg,https://en.wikipedia.org/wiki/Wrestling_at_the_2008_Summer_Olympics_%E2%80%93_Women%27s_freestyle_55_kg,Q370708,18675118,435
Q2570052,Fencing at the 2008 Summer Olympics – Men's épée,https://en.wikipedia.org/wiki/Fencing_at_the_2008_Summer_Olympics_%E2%80%93_Men%27s_%C3%A9p%C3%A9e,Q2570052,18662316,1075
Q7400301,Sailing at the 1988 Summer Olympics – Star,https://en.wikipedia.org/wiki/Sailing_at_the_1988_Summer_Olympics_%E2%80%93_Star,Q7400301,30681566,716
Q2070431,Boxing at the 2012 Summer Olympics – Women's middleweight,https://en.wikipedia.org/wiki/Boxing_at_the_2012_Summer_Olympics_%E2%80%93_Women%27s_middleweight,Q2070431,35699826,333
Q1573389,Cycling at the 1992 Summer Olympics – Women's individual road race,https://en.wikipedia.org/wiki/Cycling_at_the_1992_Summer_Olympics_%E2%80%93_Women%27s_individual_road_race,Q1573389,10985961,548
Q2563908,Sailing at the 2008 Summer Olympics – Star,https://en.wikipedia.org/wiki/Sailing_at_the_2008_Summer_Olympics_%E2%80%93_Star,Q2563908,18674932,591
Q18391270,Rowing at the 1988 Summer Olympics – Men's single sculls,https://en.wikipedia.org/wiki/Rowing_at_the_1988_Summer_Olympics_%E2%80%93_Men%27s_single_sculls,Q18391270,43049462,1910
Q22964432,Rowing at the 1992 Summer Olympics – Women's double sculls,https://en.wikipedia.org/wiki/Rowing_at_the_1992_Summer_Olympics_%E2%80%93_Women%27s_double_sculls,Q22964432,51501171,704
Q25991452,Swimming at the 2016 Summer Olympics – Men's 100 metre butterfly,https://en.wikipedia.org/wiki/Swimming_at_the_2016_Summer_Olympics_%E2%80%93_Men%27s_100_metre_butterfly,Q25991452,45186791,1301
Q7400304,Sailing at the 1992 Summer Olympics – Flying Dutchman,https://en.wikipedia.org/wiki/Sailing_at_the_1992_Summer_Olympics_%E2%80%93_Flying_Dutchman,Q7400304,32845148,879
Q7372003,Rowing at the 2000 Summer Olympics – Men's quadruple sculls,https://en.wikipedia.org/wiki/Rowing_at_the_2000_Summer_Olympics_%E2%80%93_Men%27s_quadruple_sculls,Q7372003,37261237,1544
Q1439757,Athletics at the 1988 Summer Olympics – Women's 100 metres,https://en.wikipedia.org/wiki/Athletics_at_the_1988_Summer_Olympics_%E2%80%93_Women%27s_100_metres,Q1439757,8098315,1308
Q1573400,Cycling at the 1988 Summer Olympics – Women's individual road race,https://en.wikipedia.org/wiki/Cycling_at_the_1988_Summer_Olympics_%E2%80%93_Women%27s_individual_road_race,Q1573400,10561098,440
Q526367,Canoeing at the 2012 Summer Olympics – Men's C-1 1000 metres,https://en.wikipedia.org/wiki/Canoeing_at_the_2012_Summer_Olympics_%E2%80%93_Men%27s_C-1_1000_metres,Q526367,35771796,770
Q1066796,Taekwondo at the 2008 Summer Olympics – Women's 57 kg,https://en.wikipedia.org/wiki/Taekwondo_at_the_2008_Summer_Olympics_%E2%80%93_Women%27s_57_kg,Q1066796,18661893,421
Q25932069,Swimming at the 2016 Summer Olympics – Women's 200 metre freestyle,https://en.wikipedia.org/wiki/Swimming_at_the_2016_Summer_Olympics_%E2%80%93_Women%27s_200_metre_freestyle,Q25932069,45186823,1256
Q602540,Swimming at the 2008 Summer Olympics – Women's 800 metre freestyle,https://en.wikipedia.org/wiki/Swimming_at_the_2008_Summer_Olympics_%E2%80%93_Women%27s_800_metre_freestyle,Q602540,18625370,928
Q25863642,Swimming at the 2016 Summer Olympics – Women's 50 metre freestyle,https://en.wikipedia.org/wiki/Swimming_at_the_2016_Summer_Olympics_%E2%80%93_Women%27s_50_metre_freestyle,Q25863642,45186819,1386
Q2570149,Fencing at the 2008 Summer Olympics – Men's sabre,https://en.wikipedia.org/wiki/Fencing_at_the_2008_Summer_Olympics_%E2%80%93_Men%27s_sabre,Q2570149,18662337,1041
Q47309900,Short-track speed skating at the 2018 Winter Olympics – Men's 1500 metres,https://en.wikipedia.org/wiki/Short-track_speed_skating_at_the_2018_Winter_Olympics_%E2%80%93_Men%27s_1500_metres,Q47309900,56295918,762
Q22964430,Rowing at the 1988 Summer Olympics – Men's coxless pair,https://en.wikipedia.org/wiki/Rowing_at_the_1988_Summer_Olympics_%E2%80%93_Men%27s_coxless_pair,Q22964430,52235232,2271
Q1560063,Badminton at the 2000 Summer Olympics – Men's singles,https://en.wikipedia.org/wiki/Badminton_at_the_2000_Summer_Olympics_%E2%80%93_Men%27s_singles,Q1560063,47426096,227
Q7400296,Sailing at the 1988 Summer Olympics – Men's 470,https://en.wikipedia.org/wiki/Sailing_at_the_1988_Summer_Olympics_%E2%80%93_Men%27s_470,Q7400296,30679386,935
Q7372011,Rowing at the 2000 Summer Olympics – Women's lightweight double sculls,https://en.wikipedia.org/wiki/Rowing_at_the_2000_Summer_Olympics_%E2%80%93_Women%27s_lightweight_double_sculls,Q7372011,37567472,1577
Q26212154,Boxing at the 2016 Summer Olympics – Men's middleweight,https://en.wikipedia.org/wiki/Boxing_at_the_2016_Summer_Olympics_%E2%80%93_Men%27s_middleweight,Q26212154,45271246,271
Q2070029,Swimming at the 2012 Summer Olympics – Women's 50 metre freestyle,https://en.wikipedia.org/wiki/Swimming_at_the_2012_Summer_Olympics_%E2%80%93_Women%27s_50_metre_freestyle,Q2070029,34236370,1412
Q17063531,Swimming at the 1988 Summer Olympics – Women's 100 metre backstroke,https://en.wikipedia.org/wiki/Swimming_at_the_1988_Summer_Olympics_%E2%80%93_Women%27s_100_metre_backstroke,Q17063531,22825433,676
Q47309816,Short-track speed skating at the 2018 Winter Olympics – Men's 500 metres,https://en.wikipedia.org/wiki/Short-track_speed_skating_at_the_2018_Winter_Olympics_%E2%80%93_Men%27s_500_metres,Q47309816,56295908,669
Q26155833,Golf at the 2016 Summer Olympics – Men's individual,https://en.wikipedia.org/wiki/Golf_at_the_2016_Summer_Olympics_%E2%80%93_Men%27s_individual,Q26155833,50002311,1840
Q522820,Weightlifting at the 2008 Summer Olympics – Men's 62 kg,https://en.wikipedia.org/wiki/Weightlifting_at_the_2008_Summer_Olympics_%E2%80%93_Men%27s_62_kg,Q522820,18508625,594
Q26212159,Judo at the 2016 Summer Olympics – Men's 60 kg,https://en.wikipedia.org/wiki/Judo_at_the_2016_Summer_Olympics_%E2%80%93_Men%27s_60_kg,Q26212159,46249624,316
Q2070048,Boxing at the 2012 Summer Olympics – Women's lightweight,https://en.wikipedia.org/wiki/Boxing_at_the_2012_Summer_Olympics_%E2%80%93_Women%27s_lightweight,Q2070048,35699825,675
Q2071238,Canoeing at the 2012 Summer Olympics – Men's slalom C-1,https://en.wikipedia.org/wiki/Canoeing_at_the_2012_Summer_Olympics_%E2%80%93_Men%27s_slalom_C-1,Q2071238,34246774,596
Q107802331,Biathlon at the 2022 Winter Olympics – Mixed relay,https://en.wikipedia.org/wiki/Biathlon_at_the_2022_Winter_Olympics_%E2%80%93_Mixed_relay,Q107802331,68272252,1043
Q676513,Meet Joe Black,https://en.wikipedia.org/wiki/Meet_Joe_Black,Q676513,716738,2313
Q1067796,Swimming at the 2012 Summer Olympics – Men's 1500 metre freestyle,https://en.wikipedia.org/wiki/Swimming_at_the_2012_Summer_Olympics_%E2%80%93_Men%27s_1500_metre_freestyle,Q1067796,34236399,888
Q26212148,Weightlifting at the 2016 Summer Olympics – Men's 69 kg,https://en.wikipedia.org/wiki/Weightlifting_at_the_2016_Summer_Olympics_%E2%80%93_Men%27s_69_kg,Q26212148,47045052,702
Q2022105,Badminton at the 1996 Summer Olympics – Women's singles,https://en.wikipedia.org/wiki/Badminton_at_the_1996_Summer_Olympics_%E2%80%93_Women%27s_singles,Q2022105,46691752,220
Q603505,Swimming at the 2008 Summer Olympics – Women's 200 metre butterfly,https://en.wikipedia.org/wiki/Swimming_at_the_2008_Summer_Olympics_%E2%80%93_Women%27s_200_metre_butterfly,Q603505,18625553,1053
Q2566720,Sailing at the 2008 Summer Olympics – 49er,https://en.wikipedia.org/wiki/Sailing_at_the_2008_Summer_Olympics_%E2%80%93_49er,Q2566720,18674931,455
Q526698,Swimming at the 2008 Summer Olympics – Men's 200 metre backstroke,https://en.wikipedia.org/wiki/Swimming_at_the_2008_Summer_Olympics_%E2%80%93_Men%27s_200_metre_backstroke,Q526698,18624740,1984
Q1997551,Weightlifting at the 2012 Summer Olympics – Men's 56 kg,https://en.wikipedia.org/wiki/Weightlifting_at_the_2012_Summer_Olympics_%E2%80%93_Men%27s_56_kg,Q1997551,34655000,636
Q383513,Biathlon at the 2010 Winter Olympics – Women's sprint,https://en.wikipedia.org/wiki/Biathlon_at_the_2010_Winter_Olympics_%E2%80%93_Women%27s_sprint,Q383513,24688888,1032
Q2026292,Swimming at the 2012 Summer Olympics – Women's 100 metre freestyle,https://en.wikipedia.org/wiki/Swimming_at_the_2012_Summer_Olympics_%E2%80%93_Women%27s_100_metre_freestyle,Q2026292,34236377,1293
Q1192124,Weightlifting at the 2008 Summer Olympics – Women's 58 kg,https://en.wikipedia.org/wiki/Weightlifting_at_the_2008_Summer_Olympics_%E2%80%93_Women%27s_58_kg,Q1192124,18547949,574
Q1856784,Cycling at the 2000 Summer Olympics – Men's cross-country,https://en.wikipedia.org/wiki/Cycling_at_the_2000_Summer_Olympics_%E2%80%93_Men%27s_cross-country,Q1856784,11187072,587
Q508776,Weightlifting at the 2008 Summer Olympics – Men's 85 kg,https://en.wikipedia.org/wiki/Weightlifting_at_the_2008_Summer_Olympics_%E2%80%93_Men%27s_85_kg,Q508776,18532579,875
Q65242336,Tennis at the 2020 Summer Olympics – Women's singles,https://en.wikipedia.org/wiki/Tennis_at_the_2020_Summer_Olympics_%E2%80%93_Women%27s_singles,Q65242336,58263540,1648
Q26212150,Weightlifting at the 2016 Summer Olympics – Men's 56 kg,https://en.wikipedia.org/wiki/Weightlifting_at_the_2016_Summer_Olympics_%E2%80%93_Men%27s_56_kg,Q26212150,47045046,729
Q2065523,Cycling at the 2004 Summer Olympics – Women's individual road race,https://en.wikipedia.org/wiki/Cycling_at_the_2004_Summer_Olympics_%E2%80%93_Women%27s_individual_road_race,Q2065523,1636954,857
Q580474,Cycling at the 2012 Summer Olympics – Men's keirin,https://en.wikipedia.org/wiki/Cycling_at_the_2012_Summer_Olympics_%E2%80%93_Men%27s_keirin,Q580474,34666574,637
Q578012,Ski jumping at the 2010 Winter Olympics – Normal hill individual,https://en.wikipedia.org/wiki/Ski_jumping_at_the_2010_Winter_Olympics_%E2%80%93_Normal_hill_individual,Q578012,24972679,3378
Q1444605,Athletics at the 1992 Summer Olympics – Women's marathon,https://en.wikipedia.org/wiki/Athletics_at_the_1992_Summer_Olympics_%E2%80%93_Women%27s_marathon,Q1444605,8467104,702
Q2071266,Swimming at the 2012 Summer Olympics – Women's 200 metre butterfly,https://en.wikipedia.org/wiki/Swimming_at_the_2012_Summer_Olympics_%E2%80%93_Women%27s_200_metre_butterfly,Q2071266,34236448,1028
Q17033536,Shooting at the 1996 Summer Olympics – Men's skeet,https://en.wikipedia.org/wiki/Shooting_at_the_1996_Summer_Olympics_%E2%80%93_Men%27s_skeet,Q17033536,19291936,682
Q379473,Short-track speed skating at the 2010 Winter Olympics – Men's 500 metres,https://en.wikipedia.org/wiki/Short-track_speed_skating_at_the_2010_Winter_Olympics_%E2%80%93_Men%27s_500_metres,Q379473,25309502,637
Q727674,Swimming at the 2004 Summer Olympics – Women's 200 metre breaststroke,https://en.wikipedia.org/wiki/Swimming_at_the_2004_Summer_Olympics_%E2%80%93_Women%27s_200_metre_breaststroke,Q727674,909236,879
Q836503,Rise of the Footsoldier,https://en.wikipedia.org/wiki/Rise_of_the_Footsoldier,Q836503,12514161,2789
Q15056263,Boxing at the 2004 Summer Olympics – Bantamweight,https://en.wikipedia.org/wiki/Boxing_at_the_2004_Summer_Olympics_%E2%80%93_Bantamweight,Q15056263,4260145,578
Q7400300,Sailing at the 1988 Summer Olympics – Flying Dutchman,https://en.wikipedia.org/wiki/Sailing_at_the_1988_Summer_Olympics_%E2%80%93_Flying_Dutchman,Q7400300,30681233,791
Q65242164,Athletics at the 2020 Summer Olympics – Women's heptathlon,https://en.wikipedia.org/wiki/Athletics_at_the_2020_Summer_Olympics_%E2%80%93_Women%27s_heptathlon,Q65242164,60376870,3849
Q734628,Snowboarding at the 2002 Winter Olympics – Men's parallel giant slalom,https://en.wikipedia.org/wiki/Snowboarding_at_the_2002_Winter_Olympics_%E2%80%93_Men%27s_parallel_giant_slalom,Q734628,26100516,662
Q26212147,Weightlifting at the 2016 Summer Olympics – Men's 77 kg,https://en.wikipedia.org/wiki/Weightlifting_at_the_2016_Summer_Olympics_%E2%80%93_Men%27s_77_kg,Q26212147,47045060,737
Q2212666,Cycling at the 2004 Summer Olympics – Men's cross-country,https://en.wikipedia.org/wiki/Cycling_at_the_2004_Summer_Olympics_%E2%80%93_Men%27s_cross-country,Q2212666,1639226,566
Q609985,Cycling at the 2008 Summer Olympics – Women's road time trial,https://en.wikipedia.org/wiki/Cycling_at_the_2008_Summer_Olympics_%E2%80%93_Women%27s_road_time_trial,Q609985,18664189,503
Q727687,Swimming at the 2004 Summer Olympics – Men's 100 metre freestyle,https://en.wikipedia.org/wiki/Swimming_at_the_2004_Summer_Olympics_%E2%80%93_Men%27s_100_metre_freestyle,Q727687,906675,1426
Q107802335,Biathlon at the 2022 Winter Olympics – Men's individual,https://en.wikipedia.org/wiki/Biathlon_at_the_2022_Winter_Olympics_%E2%80%93_Men%27s_individual,Q107802335,68272290,1322
Q2133123,Cycling at the 2000 Summer Olympics – Women's individual road race,https://en.wikipedia.org/wiki/Cycling_at_the_2000_Summer_Olympics_%E2%80%93_Women%27s_individual_road_race,Q2133123,21922120,620
Q26218913,Equestrian at the 2016 Summer Olympics – Individual dressage,https://en.wikipedia.org/wiki/Equestrian_at_the_2016_Summer_Olympics_%E2%80%93_Individual_dressage,Q26218913,43795641,1317
Q22964428,Rowing at the 1988 Summer Olympics – Men's quadruple sculls,https://en.wikipedia.org/wiki/Rowing_at_the_1988_Summer_Olympics_%E2%80%93_Men%27s_quadruple_sculls,Q22964428,52235230,2194
Q22964421,Rowing at the 1988 Summer Olympics – Women's quadruple sculls,https://en.wikipedia.org/wiki/Rowing_at_the_1988_Summer_Olympics_%E2%80%93_Women%27s_quadruple_sculls,Q22964421,52235245,703
Q22964427,Rowing at the 1988 Summer Olympics – Men's coxless four,https://en.wikipedia.org/wiki/Rowing_at_the_1988_Summer_Olympics_%E2%80%93_Men%27s_coxless_four,Q22964427,52235238,896
Q635304,Cycling at the 2008 Summer Olympics – Men's team pursuit,https://en.wikipedia.org/wiki/Cycling_at_the_2008_Summer_Olympics_%E2%80%93_Men%27s_team_pursuit,Q635304,18666540,891
Q25927636,Swimming at the 2016 Summer Olympics – Men's 400 metre freestyle,https://en.wikipedia.org/wiki/Swimming_at_the_2016_Summer_Olympics_%E2%80%93_Men%27s_400_metre_freestyle,Q25927636,45186779,866
Q25991454,Swimming at the 2016 Summer Olympics – Men's 200 metre individual medley,https://en.wikipedia.org/wiki/Swimming_at_the_2016_Summer_Olympics_%E2%80%93_Men%27s_200_metre_individual_medley,Q25991454,45186798,1076
Q7372004,Rowing at the 2000 Summer Olympics – Women's coxless pair,https://en.wikipedia.org/wiki/Rowing_at_the_2000_Summer_Olympics_%E2%80%93_Women%27s_coxless_pair,Q7372004,37567439,910
Q684586,Athletics at the 2000 Summer Olympics – Men's 110 metres hurdles,https://en.wikipedia.org/wiki/Athletics_at_the_2000_Summer_Olympics_%E2%80%93_Men%27s_110_metres_hurdles,Q684586,22226205,3481
Q25932068,Swimming at the 2016 Summer Olympics – Women's 400 metre freestyle,https://en.wikipedia.org/wiki/Swimming_at_the_2016_Summer_Olympics_%E2%80%93_Women%27s_400_metre_freestyle,Q25932068,45186825,1046
Q22964424,Rowing at the 1988 Summer Olympics – Women's eight,https://en.wikipedia.org/wiki/Rowing_at_the_1988_Summer_Olympics_%E2%80%93_Women%27s_eight,Q22964424,52235251,806
Q1184283,Equestrian at the 2008 Summer Olympics – Individual eventing,https://en.wikipedia.org/wiki/Equestrian_at_the_2008_Summer_Olympics_%E2%80%93_Individual_eventing,Q1184283,18666744,3978
Q332334,Gummo,https://en.wikipedia.org/wiki/Gummo,Q332334,1176717,4530
Q1067970,Taekwondo at the 2008 Summer Olympics – Women's +67 kg,https://en.wikipedia.org/wiki/Taekwondo_at_the_2008_Summer_Olympics_%E2%80%93_Women%27s_%2B67_kg,Q1067970,18661898,840
Q26208276,Boxing at the 2016 Summer Olympics – Men's lightweight,https://en.wikipedia.org/wiki/Boxing_at_the_2016_Summer_Olympics_%E2%80%93_Men%27s_lightweight,Q26208276,45271204,240
Q2309994,Empire Records,https://en.wikipedia.org/wiki/Empire_Records,Q2309994,905906,4983
Q26218605,Boxing at the 2016 Summer Olympics – Women's middleweight,https://en.wikipedia.org/wiki/Boxing_at_the_2016_Summer_Olympics_%E2%80%93_Women%27s_middleweight,Q26218605,45271301,236
Q17018014,Cycling at the 1996 Summer Olympics – Men's track time trial,https://en.wikipedia.org/wiki/Cycling_at_the_1996_Summer_Olympics_%E2%80%93_Men%27s_track_time_trial,Q17018014,40559433,1061
Q65235550,Judo at the 2020 Summer Olympics – Women's 57 kg,https://en.wikipedia.org/wiki/Judo_at_the_2020_Summer_Olympics_%E2%80%93_Women%27s_57_kg,Q65235550,62993028,163
Q7400311,Sailing at the 1992 Summer Olympics – Men's 470,https://en.wikipedia.org/wiki/Sailing_at_the_1992_Summer_Olympics_%E2%80%93_Men%27s_470,Q7400311,19147770,1114
Q1095367,Weightlifting at the 2008 Summer Olympics – Women's 69 kg,https://en.wikipedia.org/wiki/Weightlifting_at_the_2008_Summer_Olympics_%E2%80%93_Women%27s_69_kg,Q1095367,18588862,591
Q574129,Badminton at the 2008 Summer Olympics – Women's singles,https://en.wikipedia.org/wiki/Badminton_at_the_2008_Summer_Olympics_%E2%80%93_Women%27s_singles,Q574129,18597105,357
Q7372002,Rowing at the 2000 Summer Olympics – Men's lightweight double sculls,https://en.wikipedia.org/wiki/Rowing_at_the_2000_Summer_Olympics_%E2%80%93_Men%27s_lightweight_double_sculls,Q7372002,37431634,1609
Q22964423,Rowing at the 1988 Summer Olympics – Women's coxless pair,https://en.wikipedia.org/wiki/Rowing_at_the_1988_Summer_Olympics_%E2%80%93_Women%27s_coxless_pair,Q22964423,52077401,768
Q26217722,Table tennis at the 2016 Summer Olympics – Men's team,https://en.wikipedia.org/wiki/Table_tennis_at_the_2016_Summer_Olympics_%E2%80%93_Men%27s_team,Q26217722,46451004,720
Q1194001,Swimming at the 2008 Summer Olympics – Women's 400 metre freestyle,https://en.wikipedia.org/wiki/Swimming_at_the_2008_Summer_Olympics_%E2%80%93_Women%27s_400_metre_freestyle,Q1194001,18625318,1054
Q2025976,Table tennis at the 2012 Summer Olympics – Men's team,https://en.wikipedia.org/wiki/Table_tennis_at_the_2012_Summer_Olympics_%E2%80%93_Men%27s_team,Q2025976,36342348,652
Q1139399,Weightlifting at the 2012 Summer Olympics – Men's 62 kg,https://en.wikipedia.org/wiki/Weightlifting_at_the_2012_Summer_Olympics_%E2%80%93_Men%27s_62_kg,Q1139399,34655033,585
Q600157,Wrestling at the 2008 Summer Olympics – Men's Greco-Roman 120 kg,https://en.wikipedia.org/wiki/Wrestling_at_the_2008_Summer_Olympics_%E2%80%93_Men%27s_Greco-Roman_120_kg,Q600157,18675081,411
Q257545,Athletics at the 2008 Summer Olympics – Men's 400 metres,https://en.wikipedia.org/wiki/Athletics_at_the_2008_Summer_Olympics_%E2%80%93_Men%27s_400_metres,Q257545,18569105,2418
Q25932666,Swimming at the 2016 Summer Olympics – Women's 200 metre backstroke,https://en.wikipedia.org/wiki/Swimming_at_the_2016_Summer_Olympics_%E2%80%93_Women%27s_200_metre_backstroke,Q25932666,45186834,1119
Q17063534,Swimming at the 1988 Summer Olympics – Women's 200 metre freestyle,https://en.wikipedia.org/wiki/Swimming_at_the_1988_Summer_Olympics_%E2%80%93_Women%27s_200_metre_freestyle,Q17063534,21592065,748
Q1750582,Weightlifting at the 2004 Summer Olympics – Women's 48 kg,https://en.wikipedia.org/wiki/Weightlifting_at_the_2004_Summer_Olympics_%E2%80%93_Women%27s_48_kg,Q1750582,8926216,650
Q17515791,Rowing at the 1996 Summer Olympics – Men's single sculls,https://en.wikipedia.org/wiki/Rowing_at_the_1996_Summer_Olympics_%E2%80%93_Men%27s_single_sculls,Q17515791,43404629,2403
Q26218947,Swimming at the 2016 Summer Olympics – Men's 100 metre breaststroke,https://en.wikipedia.org/wiki/Swimming_at_the_2016_Summer_Olympics_%E2%80%93_Men%27s_100_metre_breaststroke,Q26218947,45186788,1434
Q2563992,Table tennis at the 2008 Summer Olympics – Women's singles,https://en.wikipedia.org/wiki/Table_tennis_at_the_2008_Summer_Olympics_%E2%80%93_Women%27s_singles,Q2563992,18561709,680
Q7372009,Rowing at the 2000 Summer Olympics – Women's eight,https://en.wikipedia.org/wiki/Rowing_at_the_2000_Summer_Olympics_%E2%80%93_Women%27s_eight,Q7372009,37568714,990
Q374871,Archery at the 2012 Summer Olympics – Women's individual,https://en.wikipedia.org/wiki/Archery_at_the_2012_Summer_Olympics_%E2%80%93_Women%27s_individual,Q374871,31815920,3701
Q2022221,Badminton at the 2000 Summer Olympics – Men's doubles,https://en.wikipedia.org/wiki/Badminton_at_the_2000_Summer_Olympics_%E2%80%93_Men%27s_doubles,Q2022221,47426142,538
Q26212176,Weightlifting at the 2016 Summer Olympics – Women's 58 kg,https://en.wikipedia.org/wiki/Weightlifting_at_the_2016_Summer_Olympics_%E2%80%93_Women%27s_58_kg,Q26212176,47045075,590
Q571174,Wrestling at the 2008 Summer Olympics – Men's Greco-Roman 66 kg,https://en.wikipedia.org/wiki/Wrestling_at_the_2008_Summer_Olympics_%E2%80%93_Men%27s_Greco-Roman_66_kg,Q571174,18675085,363
Q2022115,Badminton at the 1996 Summer Olympics – Men's singles,https://en.wikipedia.org/wiki/Badminton_at_the_1996_Summer_Olympics_%E2%80%93_Men%27s_singles,Q2022115,46691735,236
Q65242363,Triathlon at the 2020 Summer Olympics – Men's,https://en.wikipedia.org/wiki/Triathlon_at_the_2020_Summer_Olympics_%E2%80%93_Men%27s,Q65242363,66957031,1237
Q1538902,Pirates (2005 film),https://en.wikipedia.org/wiki/Pirates_%282005_film%29,Q1538902,333735,1288
Q1750592,Weightlifting at the 2004 Summer Olympics – Men's 62 kg,https://en.wikipedia.org/wiki/Weightlifting_at_the_2004_Summer_Olympics_%E2%80%93_Men%27s_62_kg,Q1750592,8894510,726
Q571263,Cross-country skiing at the 2010 Winter Olympics – Women's team sprint,https://en.wikipedia.org/wiki/Cross-country_skiing_at_the_2010_Winter_Olympics_%E2%80%93_Women%27s_team_sprint,Q571263,24947686,816
Q15703663,Nordic combined at the 1988 Winter Olympics – Individual,https://en.wikipedia.org/wiki/Nordic_combined_at_the_1988_Winter_Olympics_%E2%80%93_Individual,Q15703663,41784645,1462
Q613571,Biathlon at the 2010 Winter Olympics – Men's mass start,https://en.wikipedia.org/wiki/Biathlon_at_the_2010_Winter_Olympics_%E2%80%93_Men%27s_mass_start,Q613571,24688872,695
Q22964422,Rowing at the 1988 Summer Olympics – Women's single sculls,https://en.wikipedia.org/wiki/Rowing_at_the_1988_Summer_Olympics_%E2%80%93_Women%27s_single_sculls,Q22964422,52235242,882
Q2051400,Swimming at the 2012 Summer Olympics – Women's 200 metre backstroke,https://en.wikipedia.org/wiki/Swimming_at_the_2012_Summer_Olympics_%E2%80%93_Women%27s_200_metre_backstroke,Q2051400,34236420,1080
Q6894320,Mohra,https://en.wikipedia.org/wiki/Mohra,Q6894320,3740276,2576
Q595972,"Speed skating at the 2010 Winter Olympics – Men's 10,000 metres",https://en.wikipedia.org/wiki/Speed_skating_at_the_2010_Winter_Olympics_%E2%80%93_Men%27s_10%2C000_metres,Q595972,25346767,650
Q17515790,Rowing at the 1996 Summer Olympics – Men's lightweight double sculls,https://en.wikipedia.org/wiki/Rowing_at_the_1996_Summer_Olympics_%E2%80%93_Men%27s_lightweight_double_sculls,Q17515790,43046236,1680
Q1759650,Swades,https://en.wikipedia.org/wiki/Swades,Q1759650,1341089,3651
Q593761,Athletics at the 2012 Summer Olympics – Men's shot put,https://en.wikipedia.org/wiki/Athletics_at_the_2012_Summer_Olympics_%E2%80%93_Men%27s_shot_put,Q593761,31815949,2069
Q65242200,Athletics at the 2020 Summer Olympics – Men's decathlon,https://en.wikipedia.org/wiki/Athletics_at_the_2020_Summer_Olympics_%E2%80%93_Men%27s_decathlon,Q65242200,60376869,4759
Q47309929,Short-track speed skating at the 2018 Winter Olympics – Women's 1500 metres,https://en.wikipedia.org/wiki/Short-track_speed_skating_at_the_2018_Winter_Olympics_%E2%80%93_Women%27s_1500_metres,Q47309929,56295969,455
Q26208602,Boxing at the 2016 Summer Olympics – Men's heavyweight,https://en.wikipedia.org/wiki/Boxing_at_the_2016_Summer_Olympics_%E2%80%93_Men%27s_heavyweight,Q26208602,45271257,316
Q737066,Badminton at the 2004 Summer Olympics – Men's singles,https://en.wikipedia.org/wiki/Badminton_at_the_2004_Summer_Olympics_%E2%80%93_Men%27s_singles,Q737066,8943378,269
Q22964434,Rowing at the 1992 Summer Olympics – Women's coxless four,https://en.wikipedia.org/wiki/Rowing_at_the_1992_Summer_Olympics_%E2%80%93_Women%27s_coxless_four,Q22964434,50750305,816
Q628945,Cycling at the 2008 Summer Olympics – Men's BMX,https://en.wikipedia.org/wiki/Cycling_at_the_2008_Summer_Olympics_%E2%80%93_Men%27s_BMX,Q628945,18603914,1324
Q2570068,Fencing at the 2008 Summer Olympics – Women's sabre,https://en.wikipedia.org/wiki/Fencing_at_the_2008_Summer_Olympics_%E2%80%93_Women%27s_sabre,Q2570068,18662385,546
Q26212144,Weightlifting at the 2016 Summer Olympics – Men's 105 kg,https://en.wikipedia.org/wiki/Weightlifting_at_the_2016_Summer_Olympics_%E2%80%93_Men%27s_105_kg,Q26212144,47045066,615
Q107861723,Biathlon at the 2022 Winter Olympics – Women's individual,https://en.wikipedia.org/wiki/Biathlon_at_the_2022_Winter_Olympics_%E2%80%93_Women%27s_individual,Q107861723,68278832,1186
Q1066390,Athletics at the 2008 Summer Olympics – Women's heptathlon,https://en.wikipedia.org/wiki/Athletics_at_the_2008_Summer_Olympics_%E2%80%93_Women%27s_heptathlon,Q1066390,18578936,1195
Q7400298,Sailing at the 1988 Summer Olympics – Finn,https://en.wikipedia.org/wiki/Sailing_at_the_1988_Summer_Olympics_%E2%80%93_Finn,Q7400298,30679100,1060
Q26212146,Weightlifting at the 2016 Summer Olympics – Men's 85 kg,https://en.wikipedia.org/wiki/Weightlifting_at_the_2016_Summer_Olympics_%E2%80%93_Men%27s_85_kg,Q26212146,47045062,827
Q26219832,Judo at the 2016 Summer Olympics – Men's 81 kg,https://en.wikipedia.org/wiki/Judo_at_the_2016_Summer_Olympics_%E2%80%93_Men%27s_81_kg,Q26219832,46249821,307
Q17088224,Shooting at the 1992 Summer Olympics – Men's 50 metre rifle three positions,https://en.wikipedia.org/wiki/Shooting_at_the_1992_Summer_Olympics_%E2%80%93_Men%27s_50_metre_rifle_three_positions,Q17088224,19362697,738
Q47309958,Short-track speed skating at the 2018 Winter Olympics – Women's 3000 metre relay,https://en.wikipedia.org/wiki/Short-track_speed_skating_at_the_2018_Winter_Olympics_%E2%80%93_Women%27s_3000_metre_relay,Q47309958,56295961,533
Q198766,Athletics at the 1988 Summer Olympics – Men's 200 metres,https://en.wikipedia.org/wiki/Athletics_at_the_1988_Summer_Olympics_%E2%80%93_Men%27s_200_metres,Q198766,8144912,1973
Q583869,Revolver (2005 film),https://en.wikipedia.org/wiki/Revolver_%282005_film%29,Q583869,2502451,3469
Q1067077,Taekwondo at the 2008 Summer Olympics – Women's 49 kg,https://en.wikipedia.org/wiki/Taekwondo_at_the_2008_Summer_Olympics_%E2%80%93_Women%27s_49_kg,Q1067077,18661892,433
Q25991451,Swimming at the 2016 Summer Olympics – Men's 200 metre breaststroke,https://en.wikipedia.org/wiki/Swimming_at_the_2016_Summer_Olympics_%E2%80%93_Men%27s_200_metre_breaststroke,Q25991451,45186789,1190
Q584030,Modern pentathlon at the 2012 Summer Olympics – Women's,https://en.wikipedia.org/wiki/Modern_pentathlon_at_the_2012_Summer_Olympics_%E2%80%93_Women%27s,Q584030,35780188,1383
Q603082,Baazigar,https://en.wikipedia.org/wiki/Baazigar,Q603082,2428326,2972
Q7371998,Rowing at the 2000 Summer Olympics – Men's coxless four,https://en.wikipedia.org/wiki/Rowing_at_the_2000_Summer_Olympics_%E2%80%93_Men%27s_coxless_four,Q7371998,37190795,1488
Q595962,Cross-country skiing at the 2010 Winter Olympics – Women's 10 kilometre freestyle,https://en.wikipedia.org/wiki/Cross-country_skiing_at_the_2010_Winter_Olympics_%E2%80%93_Women%27s_10_kilometre_freestyle,Q595962,24959821,994
Q581364,Wrestling at the 2008 Summer Olympics – Men's freestyle 120 kg,https://en.wikipedia.org/wiki/Wrestling_at_the_2008_Summer_Olympics_%E2%80%93_Men%27s_freestyle_120_kg,Q581364,18675105,436
Q26217871,Judo at the 2016 Summer Olympics – Women's 70 kg,https://en.wikipedia.org/wiki/Judo_at_the_2016_Summer_Olympics_%E2%80%93_Women%27s_70_kg,Q26217871,46249912,305
Q20948675,Canoeing at the 2016 Summer Olympics – Men's K-2 1000 metres,https://en.wikipedia.org/wiki/Canoeing_at_the_2016_Summer_Olympics_%E2%80%93_Men%27s_K-2_1000_metres,Q20948675,45534788,656
Q25927635,Swimming at the 2016 Summer Olympics – Men's 200 metre freestyle,https://en.wikipedia.org/wiki/Swimming_at_the_2016_Summer_Olympics_%E2%80%93_Men%27s_200_metre_freestyle,Q25927635,45186777,1822
Q7400299,Sailing at the 1988 Summer Olympics – Soling,https://en.wikipedia.org/wiki/Sailing_at_the_1988_Summer_Olympics_%E2%80%93_Soling,Q7400299,30681733,700
Q1137721,Shooting at the 2012 Summer Olympics – Women's 10 metre air rifle,https://en.wikipedia.org/wiki/Shooting_at_the_2012_Summer_Olympics_%E2%80%93_Women%27s_10_metre_air_rifle,Q1137721,36507820,1257
Q26218607,Boxing at the 2016 Summer Olympics – Women's lightweight,https://en.wikipedia.org/wiki/Boxing_at_the_2016_Summer_Olympics_%E2%80%93_Women%27s_lightweight,Q26218607,45271285,247
Q547331,Rowing at the 2008 Summer Olympics – Women's double sculls,https://en.wikipedia.org/wiki/Rowing_at_the_2008_Summer_Olympics_%E2%80%93_Women%27s_double_sculls,Q547331,18662700,1035
Q26219824,Shooting at the 2016 Summer Olympics – Men's 25 metre rapid fire pistol,https://en.wikipedia.org/wiki/Shooting_at_the_2016_Summer_Olympics_%E2%80%93_Men%27s_25_metre_rapid_fire_pistol,Q26219824,43777846,2123
Q1440658,Athletics at the 2004 Summer Olympics – Women's discus throw,https://en.wikipedia.org/wiki/Athletics_at_the_2004_Summer_Olympics_%E2%80%93_Women%27s_discus_throw,Q1440658,913335,1328
Q18449954,Synchronized swimming at the 1992 Summer Olympics – Women's duet,https://en.wikipedia.org/wiki/Synchronized_swimming_at_the_1992_Summer_Olympics_%E2%80%93_Women%27s_duet,Q18449954,44307843,616
Q2142977,Taekwondo at the 2012 Summer Olympics – Men's 68 kg,https://en.wikipedia.org/wiki/Taekwondo_at_the_2012_Summer_Olympics_%E2%80%93_Men%27s_68_kg,Q2142977,34257129,407
Q7400307,Sailing at the 1992 Summer Olympics – Soling,https://en.wikipedia.org/wiki/Sailing_at_the_1992_Summer_Olympics_%E2%80%93_Soling,Q7400307,32931230,978
Q2048869,Wrestling at the 2012 Summer Olympics – Men's freestyle 74 kg,https://en.wikipedia.org/wiki/Wrestling_at_the_2012_Summer_Olympics_%E2%80%93_Men%27s_freestyle_74_kg,Q2048869,34236548,382
Q25991449,Swimming at the 2016 Summer Olympics – Men's 200 metre backstroke,https://en.wikipedia.org/wiki/Swimming_at_the_2016_Summer_Olympics_%E2%80%93_Men%27s_200_metre_backstroke,Q25991449,45186785,1549
Q183081,No Country for Old Men,https://en.wikipedia.org/wiki/No_Country_for_Old_Men,Q183081,3920193,14174
Q1156695,Fencing at the 2012 Summer Olympics – Women's épée,https://en.wikipedia.org/wiki/Fencing_at_the_2012_Summer_Olympics_%E2%80%93_Women%27s_%C3%A9p%C3%A9e,Q1156695,35739144,499
Q2198226,Athletics at the 2004 Summer Olympics – Men's triple jump,https://en.wikipedia.org/wiki/Athletics_at_the_2004_Summer_Olympics_%E2%80%93_Men%27s_triple_jump,Q2198226,913325,1619
Q1143843,Fencing at the 2012 Summer Olympics – Men's épée,https://en.wikipedia.org/wiki/Fencing_at_the_2012_Summer_Olympics_%E2%80%93_Men%27s_%C3%A9p%C3%A9e,Q1143843,35739024,992
Q16968702,Rowing at the 2000 Summer Olympics – Women's quadruple sculls,https://en.wikipedia.org/wiki/Rowing_at_the_2000_Summer_Olympics_%E2%80%93_Women%27s_quadruple_sculls,Q16968702,37568075,1120
Q1750576,Weightlifting at the 2004 Summer Olympics – Men's 56 kg,https://en.wikipedia.org/wiki/Weightlifting_at_the_2004_Summer_Olympics_%E2%80%93_Men%27s_56_kg,Q1750576,8905933,610
Q1740909,Fire in the Sky,https://en.wikipedia.org/wiki/Fire_in_the_Sky,Q1740909,722551,3160
Q1193987,Swimming at the 2008 Summer Olympics – Women's 100 metre freestyle,https://en.wikipedia.org/wiki/Swimming_at_the_2008_Summer_Olympics_%E2%80%93_Women%27s_100_metre_freestyle,Q1193987,18625252,1257
Q679870,Weightlifting at the 2004 Summer Olympics – Men's 69 kg,https://en.wikipedia.org/wiki/Weightlifting_at_the_2004_Summer_Olympics_%E2%80%93_Men%27s_69_kg,Q679870,8879684,615
Q374383,Tennis at the 2012 Summer Olympics – Men's doubles,https://en.wikipedia.org/wiki/Tennis_at_the_2012_Summer_Olympics_%E2%80%93_Men%27s_doubles,Q374383,36357853,1199
Q735286,Rowing at the 2004 Summer Olympics – Men's double sculls,https://en.wikipedia.org/wiki/Rowing_at_the_2004_Summer_Olympics_%E2%80%93_Men%27s_double_sculls,Q735286,986239,1044
Q1193488,The Grudge 2,https://en.wikipedia.org/wiki/The_Grudge_2,Q1193488,3226774,2703
Q2563962,Sailing at the 2008 Summer Olympics – Women's 470,https://en.wikipedia.org/wiki/Sailing_at_the_2008_Summer_Olympics_%E2%80%93_Women%27s_470,Q2563962,18674945,556
Q1089565,Swimming at the 2008 Summer Olympics – Women's 200 metre freestyle,https://en.wikipedia.org/wiki/Swimming_at_the_2008_Summer_Olympics_%E2%80%93_Women%27s_200_metre_freestyle,Q1089565,18625276,1259
Q1439323,Athletics at the 2004 Summer Olympics – Women's javelin throw,https://en.wikipedia.org/wiki/Athletics_at_the_2004_Summer_Olympics_%E2%80%93_Women%27s_javelin_throw,Q1439323,913341,1193
Q2563927,Sailing at the 2008 Summer Olympics – Men's RS:X,https://en.wikipedia.org/wiki/Sailing_at_the_2008_Summer_Olympics_%E2%80%93_Men%27s_RS%3AX,Q2563927,18674933,571
Q26212160,Judo at the 2016 Summer Olympics – Men's 66 kg,https://en.wikipedia.org/wiki/Judo_at_the_2016_Summer_Olympics_%E2%80%93_Men%27s_66_kg,Q26212160,46249746,314
Q577260,Cycling at the 2008 Summer Olympics – Men's keirin,https://en.wikipedia.org/wiki/Cycling_at_the_2008_Summer_Olympics_%E2%80%93_Men%27s_keirin,Q577260,18666529,848
Q26219830,Judo at the 2016 Summer Olympics – Men's 73 kg,https://en.wikipedia.org/wiki/Judo_at_the_2016_Summer_Olympics_%E2%80%93_Men%27s_73_kg,Q26219830,46249757,315
Q2091137,Wrestling at the 2012 Summer Olympics – Men's Greco-Roman 55 kg,https://en.wikipedia.org/wiki/Wrestling_at_the_2012_Summer_Olympics_%E2%80%93_Men%27s_Greco-Roman_55_kg,Q2091137,34236519,349
Q220855,Athletics at the 2004 Summer Olympics – Men's 100 metres,https://en.wikipedia.org/wiki/Athletics_at_the_2004_Summer_Olympics_%E2%80%93_Men%27s_100_metres,Q220855,913254,2886
Q26213161,Canoeing at the 2016 Summer Olympics – Men's slalom C-2,https://en.wikipedia.org/wiki/Canoeing_at_the_2016_Summer_Olympics_%E2%80%93_Men%27s_slalom_C-2,Q26213161,45534716,489
Q2618235,Equestrian at the 2012 Summer Olympics – Individual eventing,https://en.wikipedia.org/wiki/Equestrian_at_the_2012_Summer_Olympics_%E2%80%93_Individual_eventing,Q2618235,35779906,3984
Q1075752,Modern pentathlon at the 2008 Summer Olympics – Men's,https://en.wikipedia.org/wiki/Modern_pentathlon_at_the_2008_Summer_Olympics_%E2%80%93_Men%27s,Q1075752,18830909,1448
Q1439338,Athletics at the 2004 Summer Olympics – Women's 200 metres,https://en.wikipedia.org/wiki/Athletics_at_the_2004_Summer_Olympics_%E2%80%93_Women%27s_200_metres,Q1439338,913270,1867
Q25991466,Swimming at the 2016 Summer Olympics – Women's 400 metre individual medley,https://en.wikipedia.org/wiki/Swimming_at_the_2016_Summer_Olympics_%E2%80%93_Women%27s_400_metre_individual_medley,Q25991466,45186847,992
Q656634,Athletics at the 2008 Summer Olympics – Men's triple jump,https://en.wikipedia.org/wiki/Athletics_at_the_2008_Summer_Olympics_%E2%80%93_Men%27s_triple_jump,Q656634,18578943,1653
Q579227,Swimming at the 2008 Summer Olympics – Men's 100 metre butterfly,https://en.wikipedia.org/wiki/Swimming_at_the_2008_Summer_Olympics_%E2%80%93_Men%27s_100_metre_butterfly,Q579227,18624808,3688
Q25991463,Swimming at the 2016 Summer Olympics – Women's 100 metre butterfly,https://en.wikipedia.org/wiki/Swimming_at_the_2016_Summer_Olympics_%E2%80%93_Women%27s_100_metre_butterfly,Q25991463,45186841,1160
Q221335,Cross-country skiing at the 2006 Winter Olympics – Men's 50 kilometre freestyle,https://en.wikipedia.org/wiki/Cross-country_skiing_at_the_2006_Winter_Olympics_%E2%80%93_Men%27s_50_kilometre_freestyle,Q221335,23170189,1027
Q613470,Nordic combined at the 2010 Winter Olympics – Individual large hill/10 km,https://en.wikipedia.org/wiki/Nordic_combined_at_the_2010_Winter_Olympics_%E2%80%93_Individual_large_hill/10_km,Q613470,24960307,2262
Q1156706,Fencing at the 2012 Summer Olympics – Women's team épée,https://en.wikipedia.org/wiki/Fencing_at_the_2012_Summer_Olympics_%E2%80%93_Women%27s_team_%C3%A9p%C3%A9e,Q1156706,35739255,516
Q1156710,Fencing at the 2012 Summer Olympics – Men's team foil,https://en.wikipedia.org/wiki/Fencing_at_the_2012_Summer_Olympics_%E2%80%93_Men%27s_team_foil,Q1156710,35739233,461
Q25932055,Swimming at the 2016 Summer Olympics – Women's 100 metre freestyle,https://en.wikipedia.org/wiki/Swimming_at_the_2016_Summer_Olympics_%E2%80%93_Women%27s_100_metre_freestyle,Q25932055,45186820,1459
Q65235579,Judo at the 2020 Summer Olympics – Mixed team,https://en.wikipedia.org/wiki/Judo_at_the_2020_Summer_Olympics_%E2%80%93_Mixed_team,Q65235579,62993037,2728
Q1156700,Fencing at the 2012 Summer Olympics – Men's foil,https://en.wikipedia.org/wiki/Fencing_at_the_2012_Summer_Olympics_%E2%80%93_Men%27s_foil,Q1156700,35739104,1349
Q607576,Weightlifting at the 2008 Summer Olympics – Men's 77 kg,https://en.wikipedia.org/wiki/Weightlifting_at_the_2008_Summer_Olympics_%E2%80%93_Men%27s_77_kg,Q607576,18519178,783
Q2157561,Taekwondo at the 2012 Summer Olympics – Women's +67 kg,https://en.wikipedia.org/wiki/Taekwondo_at_the_2012_Summer_Olympics_%E2%80%93_Women%27s_%2B67_kg,Q2157561,34257148,348
Q65242174,Athletics at the 2020 Summer Olympics – Men's javelin throw,https://en.wikipedia.org/wiki/Athletics_at_the_2020_Summer_Olympics_%E2%80%93_Men%27s_javelin_throw,Q65242174,60376863,2310
Q2112865,Cycling at the 1996 Summer Olympics – Women's cross-country,https://en.wikipedia.org/wiki/Cycling_at_the_1996_Summer_Olympics_%E2%80%93_Women%27s_cross-country,Q2112865,11020630,455
Q1575430,Badminton at the 2004 Summer Olympics – Women's singles,https://en.wikipedia.org/wiki/Badminton_at_the_2004_Summer_Olympics_%E2%80%93_Women%27s_singles,Q1575430,8943440,124
Q596094,Swimming at the 2008 Summer Olympics – Men's 1500 metre freestyle,https://en.wikipedia.org/wiki/Swimming_at_the_2008_Summer_Olympics_%E2%80%93_Men%27s_1500_metre_freestyle,Q596094,18624683,968
Q107861696,Biathlon at the 2022 Winter Olympics – Men's relay,https://en.wikipedia.org/wiki/Biathlon_at_the_2022_Winter_Olympics_%E2%80%93_Men%27s_relay,Q107861696,68278895,1248
Q2070832,Cycling at the 2012 Summer Olympics – Men's team sprint,https://en.wikipedia.org/wiki/Cycling_at_the_2012_Summer_Olympics_%E2%80%93_Men%27s_team_sprint,Q2070832,34666568,770
Q107861714,Biathlon at the 2022 Winter Olympics – Women's pursuit,https://en.wikipedia.org/wiki/Biathlon_at_the_2022_Winter_Olympics_%E2%80%93_Women%27s_pursuit,Q107861714,68278823,1422
Q47309836,Short-track speed skating at the 2018 Winter Olympics – Women's 500 metres,https://en.wikipedia.org/wiki/Short-track_speed_skating_at_the_2018_Winter_Olympics_%E2%80%93_Women%27s_500_metres,Q47309836,56295985,801
Q584005,Sailing at the 2012 Summer Olympics – Men's RS:X,https://en.wikipedia.org/wiki/Sailing_at_the_2012_Summer_Olympics_%E2%80%93_Men%27s_RS%3AX,Q584005,35820915,502
Q517035,Athletics at the 2008 Summer Olympics – Men's discus throw,https://en.wikipedia.org/wiki/Athletics_at_the_2008_Summer_Olympics_%E2%80%93_Men%27s_discus_throw,Q517035,18579345,1591
Q1750716,Weightlifting at the 2004 Summer Olympics – Women's 58 kg,https://en.wikipedia.org/wiki/Weightlifting_at_the_2004_Summer_Olympics_%E2%80%93_Women%27s_58_kg,Q1750716,8927205,580
Q26212152,Boxing at the 2016 Summer Olympics – Men's bantamweight,https://en.wikipedia.org/wiki/Boxing_at_the_2016_Summer_Olympics_%E2%80%93_Men%27s_bantamweight,Q26212152,45271199,421
Q1604222,Short-track speed skating at the 2006 Winter Olympics – Women's 1000 metres,https://en.wikipedia.org/wiki/Short-track_speed_skating_at_the_2006_Winter_Olympics_%E2%80%93_Women%27s_1000_metres,Q1604222,23044156,830
Q162056,Badminton at the 2000 Summer Olympics – Mixed doubles,https://en.wikipedia.org/wiki/Badminton_at_the_2000_Summer_Olympics_%E2%80%93_Mixed_doubles,Q162056,47426191,582
Q107861706,Biathlon at the 2022 Winter Olympics – Women's relay,https://en.wikipedia.org/wiki/Biathlon_at_the_2022_Winter_Olympics_%E2%80%93_Women%27s_relay,Q107861706,68278897,983
Q7400306,Sailing at the 1992 Summer Olympics – Europe,https://en.wikipedia.org/wiki/Sailing_at_the_1992_Summer_Olympics_%E2%80%93_Europe,Q7400306,32834529,751
Q1084677,Athletics at the 2008 Summer Olympics – Women's 400 metres hurdles,https://en.wikipedia.org/wiki/Athletics_at_the_2008_Summer_Olympics_%E2%80%93_Women%27s_400_metres_hurdles,Q1084677,18579281,805
Q22964420,Rowing at the 1988 Summer Olympics – Women's coxed four,https://en.wikipedia.org/wiki/Rowing_at_the_1988_Summer_Olympics_%E2%80%93_Women%27s_coxed_four,Q22964420,52235247,897
Q107861726,Biathlon at the 2022 Winter Olympics – Women's mass start,https://en.wikipedia.org/wiki/Biathlon_at_the_2022_Winter_Olympics_%E2%80%93_Women%27s_mass_start,Q107861726,68278904,629
Q733026,Athletics at the 1992 Summer Olympics – Men's 1500 metres,https://en.wikipedia.org/wiki/Athletics_at_the_1992_Summer_Olympics_%E2%80%93_Men%27s_1500_metres,Q733026,13634550,1944
Q1534918,Alpine skiing at the 1992 Winter Olympics – Men's super-G,https://en.wikipedia.org/wiki/Alpine_skiing_at_the_1992_Winter_Olympics_%E2%80%93_Men%27s_super-G,Q1534918,41539982,1143
Q25863624,Swimming at the 2016 Summer Olympics – Men's 50 metre freestyle,https://en.wikipedia.org/wiki/Swimming_at_the_2016_Summer_Olympics_%E2%80%93_Men%27s_50_metre_freestyle,Q25863624,45186773,1457
Q259965,Ski jumping at the 2010 Winter Olympics – Large hill individual,https://en.wikipedia.org/wiki/Ski_jumping_at_the_2010_Winter_Olympics_%E2%80%93_Large_hill_individual,Q259965,24972891,2141
Q2698933,Raja Hindustani,https://en.wikipedia.org/wiki/Raja_Hindustani,Q2698933,1626038,2204
Q7400309,Sailing at the 1992 Summer Olympics – Men's Lechner A-390,https://en.wikipedia.org/wiki/Sailing_at_the_1992_Summer_Olympics_%E2%80%93_Men%27s_Lechner_A-390,Q7400309,19133933,1670
Q16953154,Boxing at the 1996 Summer Olympics – Light heavyweight,https://en.wikipedia.org/wiki/Boxing_at_the_1996_Summer_Olympics_%E2%80%93_Light_heavyweight,Q16953154,40287441,189
Q2072744,Wrestling at the 1992 Summer Olympics – Men's freestyle 48 kg,https://en.wikipedia.org/wiki/Wrestling_at_the_1992_Summer_Olympics_%E2%80%93_Men%27s_freestyle_48_kg,Q2072744,17322411,879
Q609385,Rowing at the 2008 Summer Olympics – Women's coxless pair,https://en.wikipedia.org/wiki/Rowing_at_the_2008_Summer_Olympics_%E2%80%93_Women%27s_coxless_pair,Q609385,18662697,841
Q26217896,Judo at the 2016 Summer Olympics – Women's 78 kg,https://en.wikipedia.org/wiki/Judo_at_the_2016_Summer_Olympics_%E2%80%93_Women%27s_78_kg,Q26217896,46249914,313
Q19819174,Equestrian at the 1992 Summer Olympics – Individual eventing,https://en.wikipedia.org/wiki/Equestrian_at_the_1992_Summer_Olympics_%E2%80%93_Individual_eventing,Q19819174,63826485,1596
Q1169609,Six Degrees of Separation (film),https://en.wikipedia.org/wiki/Six_Degrees_of_Separation_%28film%29,Q1169609,18698236,910
Q47309990,Short-track speed skating at the 2018 Winter Olympics – Men's 5000 metre relay,https://en.wikipedia.org/wiki/Short-track_speed_skating_at_the_2018_Winter_Olympics_%E2%80%93_Men%27s_5000_metre_relay,Q47309990,56295927,501
Q25991461,Swimming at the 2016 Summer Olympics – Women's 100 metre breaststroke,https://en.wikipedia.org/wiki/Swimming_at_the_2016_Summer_Olympics_%E2%80%93_Women%27s_100_metre_breaststroke,Q25991461,45186837,1225
Q1094686,Swimming at the 2008 Summer Olympics – Women's 100 metre breaststroke,https://en.wikipedia.org/wiki/Swimming_at_the_2008_Summer_Olympics_%E2%80%93_Women%27s_100_metre_breaststroke,Q1094686,18625479,1211
Q174908,Michael Moore,https://en.wikipedia.org/wiki/Michael_Moore,Q174908,74461,9495
Q2096231,Wrestling at the 2012 Summer Olympics – Women's freestyle 55 kg,https://en.wikipedia.org/wiki/Wrestling_at_the_2012_Summer_Olympics_%E2%80%93_Women%27s_freestyle_55_kg,Q2096231,34236563,356
Q26155830,Weightlifting at the 2016 Summer Olympics – Women's 53 kg,https://en.wikipedia.org/wiki/Weightlifting_at_the_2016_Summer_Olympics_%E2%80%93_Women%27s_53_kg,Q26155830,47045074,458
Q26218598,Judo at the 2016 Summer Olympics – Women's 63 kg,https://en.wikipedia.org/wiki/Judo_at_the_2016_Summer_Olympics_%E2%80%93_Women%27s_63_kg,Q26218598,46249875,307
Q26212155,Boxing at the 2016 Summer Olympics – Men's super heavyweight,https://en.wikipedia.org/wiki/Boxing_at_the_2016_Summer_Olympics_%E2%80%93_Men%27s_super_heavyweight,Q26212155,45271263,271
Q26155834,Golf at the 2016 Summer Olympics – Women's individual,https://en.wikipedia.org/wiki/Golf_at_the_2016_Summer_Olympics_%E2%80%93_Women%27s_individual,Q26155834,50002314,1936
Q2570158,Fencing at the 2008 Summer Olympics – Men's foil,https://en.wikipedia.org/wiki/Fencing_at_the_2008_Summer_Olympics_%E2%80%93_Men%27s_foil,Q2570158,18662330,1244
Q25991459,Swimming at the 2016 Summer Olympics – Women's 100 metre backstroke,https://en.wikipedia.org/wiki/Swimming_at_the_2016_Summer_Olympics_%E2%80%93_Women%27s_100_metre_backstroke,Q25991459,45186831,1101
Q7400308,Sailing at the 1992 Summer Olympics – Finn,https://en.wikipedia.org/wiki/Sailing_at_the_1992_Summer_Olympics_%E2%80%93_Finn,Q7400308,32840303,883
Q1067772,Swimming at the 2012 Summer Olympics – Women's 400 metre individual medley,https://en.wikipedia.org/wiki/Swimming_at_the_2012_Summer_Olympics_%E2%80%93_Women%27s_400_metre_individual_medley,Q1067772,34236461,860
Q1750578,Weightlifting at the 2004 Summer Olympics – Women's 53 kg,https://en.wikipedia.org/wiki/Weightlifting_at_the_2004_Summer_Olympics_%E2%80%93_Women%27s_53_kg,Q1750578,8926705,462
Q107861699,Biathlon at the 2022 Winter Olympics – Men's sprint,https://en.wikipedia.org/wiki/Biathlon_at_the_2022_Winter_Olympics_%E2%80%93_Men%27s_sprint,Q107861699,68278809,1154
Q107861710,Biathlon at the 2022 Winter Olympics – Women's sprint,https://en.wikipedia.org/wiki/Biathlon_at_the_2022_Winter_Olympics_%E2%80%93_Women%27s_sprint,Q107861710,68278827,1103
Q26212161,Judo at the 2016 Summer Olympics – Women's 52 kg,https://en.wikipedia.org/wiki/Judo_at_the_2016_Summer_Olympics_%E2%80%93_Women%27s_52_kg,Q26212161,46249849,392
Q1193982,Swimming at the 2008 Summer Olympics – Women's 100 metre backstroke,https://en.wikipedia.org/wiki/Swimming_at_the_2008_Summer_Olympics_%E2%80%93_Women%27s_100_metre_backstroke,Q1193982,18625437,1255
Q635823,Snowboarding at the 2010 Winter Olympics – Men's parallel giant slalom,https://en.wikipedia.org/wiki/Snowboarding_at_the_2010_Winter_Olympics_%E2%80%93_Men%27s_parallel_giant_slalom,Q635823,25310964,609
Q2201769,Athletics at the 2004 Summer Olympics – Men's long jump,https://en.wikipedia.org/wiki/Athletics_at_the_2004_Summer_Olympics_%E2%80%93_Men%27s_long_jump,Q2201769,913323,1439
Q7371997,Rowing at the 2000 Summer Olympics – Men's coxless pair,https://en.wikipedia.org/wiki/Rowing_at_the_2000_Summer_Olympics_%E2%80%93_Men%27s_coxless_pair,Q7371997,36996724,1199
Q1005685,Taekwondo at the 2008 Summer Olympics – Men's 68 kg,https://en.wikipedia.org/wiki/Taekwondo_at_the_2008_Summer_Olympics_%E2%80%93_Men%27s_68_kg,Q1005685,18560274,414
Q2564420,Sailing at the 2008 Summer Olympics – Men's 470,https://en.wikipedia.org/wiki/Sailing_at_the_2008_Summer_Olympics_%E2%80%93_Men%27s_470,Q2564420,18674937,637
Q586729,Speed skating at the 2010 Winter Olympics – Women's 1500 metres,https://en.wikipedia.org/wiki/Speed_skating_at_the_2010_Winter_Olympics_%E2%80%93_Women%27s_1500_metres,Q586729,25346708,613
Q22964419,Rowing at the 1988 Summer Olympics – Women's double sculls,https://en.wikipedia.org/wiki/Rowing_at_the_1988_Summer_Olympics_%E2%80%93_Women%27s_double_sculls,Q22964419,52235244,595
Q1089281,Child's Play 2,https://en.wikipedia.org/wiki/Child%27s_Play_2,Q1089281,534812,3519
Q26218466,Judo at the 2016 Summer Olympics – Men's +100 kg,https://en.wikipedia.org/wiki/Judo_at_the_2016_Summer_Olympics_%E2%80%93_Men%27s_%2B100_kg,Q26218466,46249844,467
Q22964425,Rowing at the 1988 Summer Olympics – Men's double sculls,https://en.wikipedia.org/wiki/Rowing_at_the_1988_Summer_Olympics_%E2%80%93_Men%27s_double_sculls,Q22964425,52227516,2776
Q26215191,Athletics at the 2016 Summer Olympics – Men's triple jump,https://en.wikipedia.org/wiki/Athletics_at_the_2016_Summer_Olympics_%E2%80%93_Men%27s_triple_jump,Q26215191,45151268,2063
Q26155829,Weightlifting at the 2016 Summer Olympics – Women's 48 kg,https://en.wikipedia.org/wiki/Weightlifting_at_the_2016_Summer_Olympics_%E2%80%93_Women%27s_48_kg,Q26155829,47045073,561
Q1075735,Modern pentathlon at the 2008 Summer Olympics – Women's,https://en.wikipedia.org/wiki/Modern_pentathlon_at_the_2008_Summer_Olympics_%E2%80%93_Women%27s,Q1075735,18830959,591
Q584766,Something's Gotta Give (film),https://en.wikipedia.org/wiki/Something%27s_Gotta_Give_%28film%29,Q584766,414180,2755
Q1193966,Swimming at the 2008 Summer Olympics – Women's 100 metre butterfly,https://en.wikipedia.org/wiki/Swimming_at_the_2008_Summer_Olympics_%E2%80%93_Women%27s_100_metre_butterfly,Q1193966,18625531,1042
Q26217865,Judo at the 2016 Summer Olympics – Women's 57 kg,https://en.wikipedia.org/wiki/Judo_at_the_2016_Summer_Olympics_%E2%80%93_Women%27s_57_kg,Q26217865,46249853,318
Q1156715,Fencing at the 2012 Summer Olympics – Women's sabre,https://en.wikipedia.org/wiki/Fencing_at_the_2012_Summer_Olympics_%E2%80%93_Women%27s_sabre,Q1156715,35739176,433
Q662887,Freestyle skiing at the 2006 Winter Olympics – Women's aerials,https://en.wikipedia.org/wiki/Freestyle_skiing_at_the_2006_Winter_Olympics_%E2%80%93_Women%27s_aerials,Q662887,23135083,546
Q1439291,Athletics at the 2004 Summer Olympics – Men's 5000 metres,https://en.wikipedia.org/wiki/Athletics_at_the_2004_Summer_Olympics_%E2%80%93_Men%27s_5000_metres,Q1439291,913289,1116
Q580481,Speed skating at the 2010 Winter Olympics – Women's 3000 metres,https://en.wikipedia.org/wiki/Speed_skating_at_the_2010_Winter_Olympics_%E2%80%93_Women%27s_3000_metres,Q580481,25346726,499
Q1131387,Equestrian at the 2008 Summer Olympics – Individual jumping,https://en.wikipedia.org/wiki/Equestrian_at_the_2008_Summer_Olympics_%E2%80%93_Individual_jumping,Q1131387,18666747,3734
Q2070058,Boxing at the 2012 Summer Olympics – Women's flyweight,https://en.wikipedia.org/wiki/Boxing_at_the_2012_Summer_Olympics_%E2%80%93_Women%27s_flyweight,Q2070058,35699812,328
Q65235532,Judo at the 2020 Summer Olympics – Men's +100 kg,https://en.wikipedia.org/wiki/Judo_at_the_2020_Summer_Olympics_%E2%80%93_Men%27s_%2B100_kg,Q65235532,62993014,317
Q575848,White Chicks,https://en.wikipedia.org/wiki/White_Chicks,Q575848,871056,2975
Q7400302,Sailing at the 1988 Summer Olympics – Tornado,https://en.wikipedia.org/wiki/Sailing_at_the_1988_Summer_Olympics_%E2%80%93_Tornado,Q7400302,30681405,772
Q1997032,Weightlifting at the 2012 Summer Olympics – Women's 75 kg,https://en.wikipedia.org/wiki/Weightlifting_at_the_2012_Summer_Olympics_%E2%80%93_Women%27s_75_kg,Q1997032,34655431,757
Q1964153,Namastey London,https://en.wikipedia.org/wiki/Namastey_London,Q1964153,8580865,2735
Q7372007,Rowing at the 2000 Summer Olympics – Women's double sculls,https://en.wikipedia.org/wiki/Rowing_at_the_2000_Summer_Olympics_%E2%80%93_Women%27s_double_sculls,Q7372007,37567260,968
Q1750591,Weightlifting at the 2004 Summer Olympics – Women's 75 kg,https://en.wikipedia.org/wiki/Weightlifting_at_the_2004_Summer_Olympics_%E2%80%93_Women%27s_75_kg,Q1750591,8931969,693
Q26212162,Judo at the 2016 Summer Olympics – Women's 48 kg,https://en.wikipedia.org/wiki/Judo_at_the_2016_Summer_Olympics_%E2%80%93_Women%27s_48_kg,Q26212162,46249845,305
Q610603,Biathlon at the 2010 Winter Olympics – Men's sprint,https://en.wikipedia.org/wiki/Biathlon_at_the_2010_Winter_Olympics_%E2%80%93_Men%27s_sprint,Q610603,24688856,925
Q26218320,Equestrian at the 2016 Summer Olympics – Team eventing,https://en.wikipedia.org/wiki/Equestrian_at_the_2016_Summer_Olympics_%E2%80%93_Team_eventing,Q26218320,43795654,2422
Q2022215,Badminton at the 2000 Summer Olympics – Women's doubles,https://en.wikipedia.org/wiki/Badminton_at_the_2000_Summer_Olympics_%E2%80%93_Women%27s_doubles,Q2022215,47426168,566
Q1750587,Weightlifting at the 2004 Summer Olympics – Women's 69 kg,https://en.wikipedia.org/wiki/Weightlifting_at_the_2004_Summer_Olympics_%E2%80%93_Women%27s_69_kg,Q1750587,8927630,579
Q664418,Speed skating at the 2006 Winter Olympics – Women's 5000 metres,https://en.wikipedia.org/wiki/Speed_skating_at_the_2006_Winter_Olympics_%E2%80%93_Women%27s_5000_metres,Q664418,4197025,275
Q634029,Rowing at the 2008 Summer Olympics – Men's coxless four,https://en.wikipedia.org/wiki/Rowing_at_the_2008_Summer_Olympics_%E2%80%93_Men%27s_coxless_four,Q634029,18662681,1342
Q1067383,Archery at the 2012 Summer Olympics – Women's team,https://en.wikipedia.org/wiki/Archery_at_the_2012_Summer_Olympics_%E2%80%93_Women%27s_team,Q1067383,31815922,609
Q25932075,Swimming at the 2016 Summer Olympics – Women's 800 metre freestyle,https://en.wikipedia.org/wiki/Swimming_at_the_2016_Summer_Olympics_%E2%80%93_Women%27s_800_metre_freestyle,Q25932075,45186828,971
Q26212145,Weightlifting at the 2016 Summer Olympics – Men's 94 kg,https://en.wikipedia.org/wiki/Weightlifting_at_the_2016_Summer_Olympics_%E2%80%93_Men%27s_94_kg,Q26212145,47045065,650
Q20670790,Synchronized swimming at the 1992 Summer Olympics – Women's solo,https://en.wikipedia.org/wiki/Synchronized_swimming_at_the_1992_Summer_Olympics_%E2%80%93_Women%27s_solo,Q20670790,44300689,1065
Q26212151,Boxing at the 2016 Summer Olympics – Men's light welterweight,https://en.wikipedia.org/wiki/Boxing_at_the_2016_Summer_Olympics_%E2%80%93_Men%27s_light_welterweight,Q26212151,45271206,290
Q26218274,Equestrian at the 2016 Summer Olympics – Individual eventing,https://en.wikipedia.org/wiki/Equestrian_at_the_2016_Summer_Olympics_%E2%80%93_Individual_eventing,Q26218274,43795652,3153
Q1750595,Weightlifting at the 2004 Summer Olympics – Men's 85 kg,https://en.wikipedia.org/wiki/Weightlifting_at_the_2004_Summer_Olympics_%E2%80%93_Men%27s_85_kg,Q1750595,8877104,692
Q26219847,Judo at the 2016 Summer Olympics – Men's 100 kg,https://en.wikipedia.org/wiki/Judo_at_the_2016_Summer_Olympics_%E2%80%93_Men%27s_100_kg,Q26219847,46249841,310
Q651065,Wrestling at the 2008 Summer Olympics – Women's freestyle 72 kg,https://en.wikipedia.org/wiki/Wrestling_at_the_2008_Summer_Olympics_%E2%80%93_Women%27s_freestyle_72_kg,Q651065,18675120,418
Q107861704,Biathlon at the 2022 Winter Olympics – Men's pursuit,https://en.wikipedia.org/wiki/Biathlon_at_the_2022_Winter_Olympics_%E2%80%93_Men%27s_pursuit,Q107861704,68278818,1518
Q2819546,ATL (film),https://en.wikipedia.org/wiki/ATL_%28film%29,Q2819546,4385123,5266
Q1439276,Athletics at the 2004 Summer Olympics – Men's javelin throw,https://en.wikipedia.org/wiki/Athletics_at_the_2004_Summer_Olympics_%E2%80%93_Men%27s_javelin_throw,Q1439276,913340,979
Q25991448,Swimming at the 2016 Summer Olympics – Men's 1500 metre freestyle,https://en.wikipedia.org/wiki/Swimming_at_the_2016_Summer_Olympics_%E2%80%93_Men%27s_1500_metre_freestyle,Q25991448,45186782,1047
Q7400297,Sailing at the 1988 Summer Olympics – Men's Division II,https://en.wikipedia.org/wiki/Sailing_at_the_1988_Summer_Olympics_%E2%80%93_Men%27s_Division_II,Q7400297,30681959,1330
Q1137646,Fencing at the 2012 Summer Olympics – Women's foil,https://en.wikipedia.org/wiki/Fencing_at_the_2012_Summer_Olympics_%E2%80%93_Women%27s_foil,Q1137646,35739163,468
Q735299,Nordic combined at the 2002 Winter Olympics – Team,https://en.wikipedia.org/wiki/Nordic_combined_at_the_2002_Winter_Olympics_%E2%80%93_Team,Q735299,29986793,624
Q22964429,Rowing at the 1988 Summer Olympics – Men's coxed pair,https://en.wikipedia.org/wiki/Rowing_at_the_1988_Summer_Olympics_%E2%80%93_Men%27s_coxed_pair,Q22964429,52235235,3091
Q26219831,Judo at the 2016 Summer Olympics – Men's 90 kg,https://en.wikipedia.org/wiki/Judo_at_the_2016_Summer_Olympics_%E2%80%93_Men%27s_90_kg,Q26219831,46249836,313
Q25927634,Swimming at the 2016 Summer Olympics – Men's 100 metre freestyle,https://en.wikipedia.org/wiki/Swimming_at_the_2016_Summer_Olympics_%E2%80%93_Men%27s_100_metre_freestyle,Q25927634,45186775,1249
Q15056264,Boxing at the 2004 Summer Olympics – Featherweight,https://en.wikipedia.org/wiki/Boxing_at_the_2004_Summer_Olympics_%E2%80%93_Featherweight,Q15056264,4259633,648
Q1092809,Weightlifting at the 2008 Summer Olympics – Women's 53 kg,https://en.wikipedia.org/wiki/Weightlifting_at_the_2008_Summer_Olympics_%E2%80%93_Women%27s_53_kg,Q1092809,18547439,474
Q65242345,Tennis at the 2020 Summer Olympics – Men's singles,https://en.wikipedia.org/wiki/Tennis_at_the_2020_Summer_Olympics_%E2%80%93_Men%27s_singles,Q65242345,62941032,1337
Q25991456,Swimming at the 2016 Summer Olympics – Men's 4 × 100 metre freestyle relay,https://en.wikipedia.org/wiki/Swimming_at_the_2016_Summer_Olympics_%E2%80%93_Men%27s_4_%C3%97_100_metre_freestyle_relay,Q25991456,45186803,1332
Q2562124,Table tennis at the 2008 Summer Olympics – Men's singles,https://en.wikipedia.org/wiki/Table_tennis_at_the_2008_Summer_Olympics_%E2%80%93_Men%27s_singles,Q2562124,18561681,682
Q26205999,Boxing at the 2016 Summer Olympics – Men's flyweight,https://en.wikipedia.org/wiki/Boxing_at_the_2016_Summer_Olympics_%E2%80%93_Men%27s_flyweight,Q26205999,45271197,430
Q26213160,Canoeing at the 2016 Summer Olympics – Men's slalom K-1,https://en.wikipedia.org/wiki/Canoeing_at_the_2016_Summer_Olympics_%E2%80%93_Men%27s_slalom_K-1,Q26213160,45534720,543
Q1065640,Weightlifting at the 2008 Summer Olympics – Women's +75 kg,https://en.wikipedia.org/wiki/Weightlifting_at_the_2008_Summer_Olympics_%E2%80%93_Women%27s_%2B75_kg,Q1065640,18589058,635
Q26212149,Weightlifting at the 2016 Summer Olympics – Men's 62 kg,https://en.wikipedia.org/wiki/Weightlifting_at_the_2016_Summer_Olympics_%E2%80%93_Men%27s_62_kg,Q26212149,47045050,601
Q1094667,Swimming at the 2008 Summer Olympics – Women's 50 metre freestyle,https://en.wikipedia.org/wiki/Swimming_at_the_2008_Summer_Olympics_%E2%80%93_Women%27s_50_metre_freestyle,Q1094667,18625234,1318
Q722895,Shooting at the 2004 Summer Olympics – Men's 10 metre running target,https://en.wikipedia.org/wiki/Shooting_at_the_2004_Summer_Olympics_%E2%80%93_Men%27s_10_metre_running_target,Q722895,2484667,917
Q65242359,Triathlon at the 2020 Summer Olympics – Women's,https://en.wikipedia.org/wiki/Triathlon_at_the_2020_Summer_Olympics_%E2%80%93_Women%27s,Q65242359,66957048,1804
Q26037184,Boxing at the 2016 Summer Olympics – Men's light flyweight,https://en.wikipedia.org/wiki/Boxing_at_the_2016_Summer_Olympics_%E2%80%93_Men%27s_light_flyweight,Q26037184,45271192,402
Q7400305,Sailing at the 1992 Summer Olympics – Star,https://en.wikipedia.org/wiki/Sailing_at_the_1992_Summer_Olympics_%E2%80%93_Star,Q7400305,32932762,966
Q548072,Snowboarding at the 2010 Winter Olympics – Women's snowboard cross,https://en.wikipedia.org/wiki/Snowboarding_at_the_2010_Winter_Olympics_%E2%80%93_Women%27s_snowboard_cross,Q548072,25311299,879
Q730927,Cross-country skiing at the 2006 Winter Olympics – Women's team sprint,https://en.wikipedia.org/wiki/Cross-country_skiing_at_the_2006_Winter_Olympics_%E2%80%93_Women%27s_team_sprint,Q730927,23345665,618
Q65235526,Judo at the 2020 Summer Olympics – Men's 90 kg,https://en.wikipedia.org/wiki/Judo_at_the_2020_Summer_Olympics_%E2%80%93_Men%27s_90_kg,Q65235526,62993010,163
Q26218608,Boxing at the 2016 Summer Olympics – Women's flyweight,https://en.wikipedia.org/wiki/Boxing_at_the_2016_Summer_Olympics_%E2%80%93_Women%27s_flyweight,Q26218608,45271282,202
Q65242331,Tennis at the 2020 Summer Olympics – Women's doubles,https://en.wikipedia.org/wiki/Tennis_at_the_2020_Summer_Olympics_%E2%80%93_Women%27s_doubles,Q65242331,58263541,699
Q1570183,Badminton at the 1992 Summer Olympics – Men's singles,https://en.wikipedia.org/wiki/Badminton_at_the_1992_Summer_Olympics_%E2%80%93_Men%27s_singles,Q1570183,10517260,182
Q1750579,Weightlifting at the 2004 Summer Olympics – Men's 94 kg,https://en.wikipedia.org/wiki/Weightlifting_at_the_2004_Summer_Olympics_%E2%80%93_Men%27s_94_kg,Q1750579,8876076,785
Q65235557,Judo at the 2020 Summer Olympics – Women's 63 kg,https://en.wikipedia.org/wiki/Judo_at_the_2020_Summer_Olympics_%E2%80%93_Women%27s_63_kg,Q65235557,62993031,171
Q22964435,Rowing at the 1992 Summer Olympics – Women's quadruple sculls,https://en.wikipedia.org/wiki/Rowing_at_the_1992_Summer_Olympics_%E2%80%93_Women%27s_quadruple_sculls,Q22964435,52235279,676
Q26208316,Boxing at the 2016 Summer Olympics – Men's welterweight,https://en.wikipedia.org/wiki/Boxing_at_the_2016_Summer_Olympics_%E2%80%93_Men%27s_welterweight,Q26208316,45271210,233
Q734997,Tennis at the 2004 Summer Olympics – Men's singles,https://en.wikipedia.org/wiki/Tennis_at_the_2004_Summer_Olympics_%E2%80%93_Men%27s_singles,Q734997,4818699,2760
Q614894,Short-track speed skating at the 2010 Winter Olympics – Women's 1000 metres,https://en.wikipedia.org/wiki/Short-track_speed_skating_at_the_2010_Winter_Olympics_%E2%80%93_Women%27s_1000_metres,Q614894,25309651,564
Q1750583,Weightlifting at the 2004 Summer Olympics – Men's 105 kg,https://en.wikipedia.org/wiki/Weightlifting_at_the_2004_Summer_Olympics_%E2%80%93_Men%27s_105_kg,Q1750583,8814602,803
Q26208513,Boxing at the 2016 Summer Olympics – Men's light heavyweight,https://en.wikipedia.org/wiki/Boxing_at_the_2016_Summer_Olympics_%E2%80%93_Men%27s_light_heavyweight,Q26208513,45271255,281
Q599412,Fencing at the 2012 Summer Olympics – Men's sabre,https://en.wikipedia.org/wiki/Fencing_at_the_2012_Summer_Olympics_%E2%80%93_Men%27s_sabre,Q599412,35739134,1052
Q25991447,Swimming at the 2016 Summer Olympics – Men's 100 metre backstroke,https://en.wikipedia.org/wiki/Swimming_at_the_2016_Summer_Olympics_%E2%80%93_Men%27s_100_metre_backstroke,Q25991447,45186783,1022
Q26219849,Taekwondo at the 2016 Summer Olympics – Men's 68 kg,https://en.wikipedia.org/wiki/Taekwondo_at_the_2016_Summer_Olympics_%E2%80%93_Men%27s_68_kg,Q26219849,46645921,448
Q25991455,Swimming at the 2016 Summer Olympics – Men's 400 metre individual medley,https://en.wikipedia.org/wiki/Swimming_at_the_2016_Summer_Olympics_%E2%80%93_Men%27s_400_metre_individual_medley,Q25991455,45186802,827
Q17063526,Swimming at the 1988 Summer Olympics – Men's 100 metre breaststroke,https://en.wikipedia.org/wiki/Swimming_at_the_1988_Summer_Olympics_%E2%80%93_Men%27s_100_metre_breaststroke,Q17063526,22825323,886
Q581788,Tennis at the 2012 Summer Olympics – Men's singles,https://en.wikipedia.org/wiki/Tennis_at_the_2012_Summer_Olympics_%E2%80%93_Men%27s_singles,Q581788,36355061,1302
Q588440,Equestrian at the 2012 Summer Olympics – Team jumping,https://en.wikipedia.org/wiki/Equestrian_at_the_2012_Summer_Olympics_%E2%80%93_Team_jumping,Q588440,35779872,600
Q260204,Taekwondo at the 2008 Summer Olympics – Women's 67 kg,https://en.wikipedia.org/wiki/Taekwondo_at_the_2008_Summer_Olympics_%E2%80%93_Women%27s_67_kg,Q260204,18661897,435
Q25991464,Swimming at the 2016 Summer Olympics – Women's 200 metre butterfly,https://en.wikipedia.org/wiki/Swimming_at_the_2016_Summer_Olympics_%E2%80%93_Women%27s_200_metre_butterfly,Q25991464,45186842,1113
Q7371994,Rowing at the 1992 Summer Olympics – Men's single sculls,https://en.wikipedia.org/wiki/Rowing_at_the_1992_Summer_Olympics_%E2%80%93_Men%27s_single_sculls,Q7371994,28462969,2581
Q26217860,Table tennis at the 2016 Summer Olympics – Women's team,https://en.wikipedia.org/wiki/Table_tennis_at_the_2016_Summer_Olympics_%E2%80%93_Women%27s_team,Q26217860,46451006,709
Q26218599,Judo at the 2016 Summer Olympics – Women's +78 kg,https://en.wikipedia.org/wiki/Judo_at_the_2016_Summer_Olympics_%E2%80%93_Women%27s_%2B78_kg,Q26218599,46249915,314
Q2174649,Triathlon at the 2012 Summer Olympics – Women's,https://en.wikipedia.org/wiki/Triathlon_at_the_2012_Summer_Olympics_%E2%80%93_Women%27s,Q2174649,36513836,3378
Q7371999,Rowing at the 2000 Summer Olympics – Men's double sculls,https://en.wikipedia.org/wiki/Rowing_at_the_2000_Summer_Olympics_%E2%80%93_Men%27s_double_sculls,Q7371999,37080506,1438
Q2000524,Boxing at the 2012 Summer Olympics – Men's light flyweight,https://en.wikipedia.org/wiki/Boxing_at_the_2012_Summer_Olympics_%E2%80%93_Men%27s_light_flyweight,Q2000524,35699493,458
Q662184,Luge at the 2002 Winter Olympics – Doubles,https://en.wikipedia.org/wiki/Luge_at_the_2002_Winter_Olympics_%E2%80%93_Doubles,Q662184,26309269,444
Q26219848,Taekwondo at the 2016 Summer Olympics – Men's 58 kg,https://en.wikipedia.org/wiki/Taekwondo_at_the_2016_Summer_Olympics_%E2%80%93_Men%27s_58_kg,Q26219848,46645917,467
Q220299,Zoom (2006 film),https://en.wikipedia.org/wiki/Zoom_%282006_film%29,Q220299,5646653,2119
Q7372001,Rowing at the 2000 Summer Olympics – Men's lightweight coxless four,https://en.wikipedia.org/wiki/Rowing_at_the_2000_Summer_Olympics_%E2%80%93_Men%27s_lightweight_coxless_four,Q7372001,37526177,1601
Q185776,Big Fat Liar,https://en.wikipedia.org/wiki/Big_Fat_Liar,Q185776,408849,3072
Q1194982,Wrestling at the 2008 Summer Olympics – Women's freestyle 63 kg,https://en.wikipedia.org/wiki/Wrestling_at_the_2008_Summer_Olympics_%E2%80%93_Women%27s_freestyle_63_kg,Q1194982,18675119,369
Q384953,Cross-country skiing at the 2010 Winter Olympics – Men's 15 kilometre freestyle,https://en.wikipedia.org/wiki/Cross-country_skiing_at_the_2010_Winter_Olympics_%E2%80%93_Men%27s_15_kilometre_freestyle,Q384953,24934009,999
Q185376,Major Payne,https://en.wikipedia.org/wiki/Major_Payne,Q185376,1553207,2241
Q191828,Marisa Tomei,https://en.wikipedia.org/wiki/Marisa_Tomei,Q191828,219358,4283
Q1180839,Dead Presidents,https://en.wikipedia.org/wiki/Dead_Presidents,Q1180839,692670,2339
Q678761,Baadshah (1999 film),https://en.wikipedia.org/wiki/Baadshah_%281999_film%29,Q678761,1634280,2733
Q322206,Heavenly Creatures,https://en.wikipedia.org/wiki/Heavenly_Creatures,Q322206,163894,4048
Q1058555,Lorenzo's Oil,https://en.wikipedia.org/wiki/Lorenzo%27s_Oil,Q1058555,538180,2524
Q463768,The Bucket List,https://en.wikipedia.org/wiki/The_Bucket_List,Q463768,7404698,2500
Q1439249,Athletics at the 2004 Summer Olympics – Men's 110 metres hurdles,https://en.wikipedia.org/wiki/Athletics_at_the_2004_Summer_Olympics_%E2%80%93_Men%27s_110_metres_hurdles,Q1439249,42871521,2341
Q1752509,Hard Eight (film),https://en.wikipedia.org/wiki/Hard_Eight_%28film%29,Q1752509,629072,1451
Q22964437,Rowing at the 1992 Summer Olympics – Women's single sculls,https://en.wikipedia.org/wiki/Rowing_at_the_1992_Summer_Olympics_%E2%80%93_Women%27s_single_sculls,Q22964437,52235276,903
Q905417,Dil To Pagal Hai,https://en.wikipedia.org/wiki/Dil_To_Pagal_Hai,Q905417,1654450,2845
Q7400312,Sailing at the 1992 Summer Olympics – Women's Lechner A-390,https://en.wikipedia.org/wiki/Sailing_at_the_1992_Summer_Olympics_%E2%80%93_Women%27s_Lechner_A-390,Q7400312,19146592,987
Q1060293,Chalte Chalte (2003 film),https://en.wikipedia.org/wiki/Chalte_Chalte_%282003_film%29,Q1060293,1353671,2600
Q185079,Jim Broadbent,https://en.wikipedia.org/wiki/Jim_Broadbent,Q185079,271275,4105
Q578873,Entrapment (film),https://en.wikipedia.org/wiki/Entrapment_%28film%29,Q578873,277160,2030
Q1385337,Gerald R. Molen,https://en.wikipedia.org/wiki/Gerald_R._Molen,Q1385337,2528306,933
Q797242,Ray (film),https://en.wikipedia.org/wiki/Ray_%28film%29,Q797242,993226,3441
Q3400670,Cycling at the 1992 Summer Olympics – Men's individual pursuit,https://en.wikipedia.org/wiki/Cycling_at_the_1992_Summer_Olympics_%E2%80%93_Men%27s_individual_pursuit,Q3400670,32775064,1318
Q1222467,Alpine skiing at the 1992 Winter Olympics – Women's downhill,https://en.wikipedia.org/wiki/Alpine_skiing_at_the_1992_Winter_Olympics_%E2%80%93_Women%27s_downhill,Q1222467,41540027,712
Q22964445,Rowing at the 1992 Summer Olympics – Men's coxless pair,https://en.wikipedia.org/wiki/Rowing_at_the_1992_Summer_Olympics_%E2%80%93_Men%27s_coxless_pair,Q22964445,52235263,958
Q1222171,Cross-country skiing at the 1998 Winter Olympics – Women's 5 kilometre classical,https://en.wikipedia.org/wiki/Cross-country_skiing_at_the_1998_Winter_Olympics_%E2%80%93_Women%27s_5_kilometre_classical,Q1222171,56475634,826
Q826852,Speed skating at the 1994 Winter Olympics – Men's 500 metres,https://en.wikipedia.org/wiki/Speed_skating_at_the_1994_Winter_Olympics_%E2%80%93_Men%27s_500_metres,Q826852,31438601,620
Q1221935,Biathlon at the 1998 Winter Olympics – Women's individual,https://en.wikipedia.org/wiki/Biathlon_at_the_1998_Winter_Olympics_%E2%80%93_Women%27s_individual,Q1221935,38489314,1027
Q31844,Boxing at the 2012 Summer Olympics – Men's lightweight,https://en.wikipedia.org/wiki/Boxing_at_the_2012_Summer_Olympics_%E2%80%93_Men%27s_lightweight,Q31844,35699666,487
Q1222146,Cross-country skiing at the 2002 Winter Olympics – Women's 2 × 5 kilometre pursuit,https://en.wikipedia.org/wiki/Cross-country_skiing_at_the_2002_Winter_Olympics_%E2%80%93_Women%27s_2_%C3%97_5_kilometre_pursuit,Q1222146,54079778,657
Q917323,Athletics at the 2008 Summer Olympics – Men's long jump,https://en.wikipedia.org/wiki/Athletics_at_the_2008_Summer_Olympics_%E2%80%93_Men%27s_long_jump,Q917323,18579266,1601
Q7500747,Shooting at the 1988 Summer Olympics – Men's 50 metre rifle prone,https://en.wikipedia.org/wiki/Shooting_at_the_1988_Summer_Olympics_%E2%80%93_Men%27s_50_metre_rifle_prone,Q7500747,19511429,602
Q330468,Om Shanti Om,https://en.wikipedia.org/wiki/Om_Shanti_Om,Q330468,5778040,7577
Q1222543,Rowing at the 2008 Summer Olympics – Women's eight,https://en.wikipedia.org/wiki/Rowing_at_the_2008_Summer_Olympics_%E2%80%93_Women%27s_eight,Q1222543,18662716,935
Q22964449,Rowing at the 1996 Summer Olympics – Women's lightweight double sculls,https://en.wikipedia.org/wiki/Rowing_at_the_1996_Summer_Olympics_%E2%80%93_Women%27s_lightweight_double_sculls,Q22964449,52235298,1075
Q3001407,Cycling at the 1992 Summer Olympics – Men's points race,https://en.wikipedia.org/wiki/Cycling_at_the_1992_Summer_Olympics_%E2%80%93_Men%27s_points_race,Q3001407,10597655,1878
Q2550697,Wrestling at the 2012 Summer Olympics – Men's Greco-Roman 120 kg,https://en.wikipedia.org/wiki/Wrestling_at_the_2012_Summer_Olympics_%E2%80%93_Men%27s_Greco-Roman_120_kg,Q2550697,34236531,364
Q748648,Cross-country skiing at the 2006 Winter Olympics – Men's 4 × 10 kilometre relay,https://en.wikipedia.org/wiki/Cross-country_skiing_at_the_2006_Winter_Olympics_%E2%80%93_Men%27s_4_%C3%97_10_kilometre_relay,Q748648,23170502,827
Q14643126,Biathlon at the 2014 Winter Olympics – Men's sprint,https://en.wikipedia.org/wiki/Biathlon_at_the_2014_Winter_Olympics_%E2%80%93_Men%27s_sprint,Q14643126,40627895,1369
Q7656687,Swimming at the 1988 Summer Olympics – Men's 200 metre backstroke,https://en.wikipedia.org/wiki/Swimming_at_the_1988_Summer_Olympics_%E2%80%93_Men%27s_200_metre_backstroke,Q7656687,25613704,1442
Q7500819,Shooting at the 2000 Summer Olympics – Women's 50 metre rifle three positions,https://en.wikipedia.org/wiki/Shooting_at_the_2000_Summer_Olympics_%E2%80%93_Women%27s_50_metre_rifle_three_positions,Q7500819,19219359,715
Q4786035,Archery at the 1988 Summer Olympics – Men's individual,https://en.wikipedia.org/wiki/Archery_at_the_1988_Summer_Olympics_%E2%80%93_Men%27s_individual,Q4786035,25615533,1698
Q2299006,Wrestling at the 2012 Summer Olympics – Men's freestyle 66 kg,https://en.wikipedia.org/wiki/Wrestling_at_the_2012_Summer_Olympics_%E2%80%93_Men%27s_freestyle_66_kg,Q2299006,34236554,363
Q2494175,Canoeing at the 2012 Summer Olympics – Men's C-2 1000 metres,https://en.wikipedia.org/wiki/Canoeing_at_the_2012_Summer_Olympics_%E2%80%93_Men%27s_C-2_1000_metres,Q2494175,35771814,791
Q2358274,Wrestling at the 2012 Summer Olympics – Men's Greco-Roman 60 kg,https://en.wikipedia.org/wiki/Wrestling_at_the_2012_Summer_Olympics_%E2%80%93_Men%27s_Greco-Roman_60_kg,Q2358274,34236526,353
Q8979743,Equestrian at the 2012 Summer Olympics – Individual jumping,https://en.wikipedia.org/wiki/Equestrian_at_the_2012_Summer_Olympics_%E2%80%93_Individual_jumping,Q8979743,35779835,4291
Q782429,Speed skating at the 2010 Winter Olympics – Men's 1500 metres,https://en.wikipedia.org/wiki/Speed_skating_at_the_2010_Winter_Olympics_%E2%80%93_Men%27s_1500_metres,Q782429,25346693,567
Q15056068,Nordic combined at the 2014 Winter Olympics – Individual normal hill/10 km,https://en.wikipedia.org/wiki/Nordic_combined_at_the_2014_Winter_Olympics_%E2%80%93_Individual_normal_hill/10_km,Q15056068,41520173,1311
Q905472,Freestyle skiing at the 2010 Winter Olympics – Men's moguls,https://en.wikipedia.org/wiki/Freestyle_skiing_at_the_2010_Winter_Olympics_%E2%80%93_Men%27s_moguls,Q905472,25308870,905
Q2521962,Wrestling at the 2012 Summer Olympics – Women's freestyle 63 kg,https://en.wikipedia.org/wiki/Wrestling_at_the_2012_Summer_Olympics_%E2%80%93_Women%27s_freestyle_63_kg,Q2521962,34236560,356
Q848666,Speed skating at the 2010 Winter Olympics – Women's 500 metres,https://en.wikipedia.org/wiki/Speed_skating_at_the_2010_Winter_Olympics_%E2%80%93_Women%27s_500_metres,Q848666,25346668,767
Q27961940,Judo at the 1996 Summer Olympics – Women's 66 kg,https://en.wikipedia.org/wiki/Judo_at_the_1996_Summer_Olympics_%E2%80%93_Women%27s_66_kg,Q27961940,51097936,258
Q826539,"Speed skating at the 2002 Winter Olympics – Men's 10,000 metres",https://en.wikipedia.org/wiki/Speed_skating_at_the_2002_Winter_Olympics_%E2%80%93_Men%27s_10%2C000_metres,Q826539,26087605,426
Q25397018,Table tennis at the 2016 Summer Olympics – Women's singles,https://en.wikipedia.org/wiki/Table_tennis_at_the_2016_Summer_Olympics_%E2%80%93_Women%27s_singles,Q25397018,46451003,616
Q769467,Swimming at the 1992 Summer Olympics – Men's 200 metre backstroke,https://en.wikipedia.org/wiki/Swimming_at_the_1992_Summer_Olympics_%E2%80%93_Men%27s_200_metre_backstroke,Q769467,5335763,1478
Q1005322,Cycling at the 2008 Summer Olympics – Men's team sprint,https://en.wikipedia.org/wiki/Cycling_at_the_2008_Summer_Olympics_%E2%80%93_Men%27s_team_sprint,Q1005322,18666537,826
Q1222469,Alpine skiing at the 1994 Winter Olympics – Women's downhill,https://en.wikipedia.org/wiki/Alpine_skiing_at_the_1994_Winter_Olympics_%E2%80%93_Women%27s_downhill,Q1222469,41144450,823
Q1354148,Bride and Prejudice,https://en.wikipedia.org/wiki/Bride_and_Prejudice,Q1354148,1137578,2293
Q7979982,Weightlifting at the 1996 Summer Olympics – Men's 108 kg,https://en.wikipedia.org/wiki/Weightlifting_at_the_1996_Summer_Olympics_%E2%80%93_Men%27s_108_kg,Q7979982,17150584,722
Q15055009,Alpine skiing at the 2014 Winter Olympics – Men's combined,https://en.wikipedia.org/wiki/Alpine_skiing_at_the_2014_Winter_Olympics_%E2%80%93_Men%27s_combined,Q15055009,40627595,1109
Q15055028,Cross-country skiing at the 2014 Winter Olympics – Women's 30 kilometre freestyle,https://en.wikipedia.org/wiki/Cross-country_skiing_at_the_2014_Winter_Olympics_%E2%80%93_Women%27s_30_kilometre_freestyle,Q15055028,41550283,1125
Q15055033,Cross-country skiing at the 2014 Winter Olympics – Women's team sprint,https://en.wikipedia.org/wiki/Cross-country_skiing_at_the_2014_Winter_Olympics_%E2%80%93_Women%27s_team_sprint,Q15055033,41539041,718
Q886732,Gymnastics at the 2000 Summer Olympics – Men's artistic individual all-around,https://en.wikipedia.org/wiki/Gymnastics_at_the_2000_Summer_Olympics_%E2%80%93_Men%27s_artistic_individual_all-around,Q886732,23965913,1756
Q1433101,Athletics at the 2004 Summer Olympics – Men's shot put,https://en.wikipedia.org/wiki/Athletics_at_the_2004_Summer_Olympics_%E2%80%93_Men%27s_shot_put,Q1433101,8758103,1843
Q7979974,Weightlifting at the 1992 Summer Olympics – Men's 67.5 kg,https://en.wikipedia.org/wiki/Weightlifting_at_the_1992_Summer_Olympics_%E2%80%93_Men%27s_67.5_kg,Q7979974,32862741,556
Q3499001,Wrestling at the 1992 Summer Olympics – Men's freestyle 90 kg,https://en.wikipedia.org/wiki/Wrestling_at_the_1992_Summer_Olympics_%E2%80%93_Men%27s_freestyle_90_kg,Q3499001,17564289,908
Q1432187,Athletics at the 2000 Summer Olympics – Men's high jump,https://en.wikipedia.org/wiki/Athletics_at_the_2000_Summer_Olympics_%E2%80%93_Men%27s_high_jump,Q1432187,23657928,1632
Q1005244,Weightlifting at the 2008 Summer Olympics – Men's 69 kg,https://en.wikipedia.org/wiki/Weightlifting_at_the_2008_Summer_Olympics_%E2%80%93_Men%27s_69_kg,Q1005244,18508932,938
Q7500847,Shooting at the 2004 Summer Olympics – Women's skeet,https://en.wikipedia.org/wiki/Shooting_at_the_2004_Summer_Olympics_%E2%80%93_Women%27s_skeet,Q7500847,2773472,572
Q781406,Cross-country skiing at the 2002 Winter Olympics – Men's 50 kilometre classical,https://en.wikipedia.org/wiki/Cross-country_skiing_at_the_2002_Winter_Olympics_%E2%80%93_Men%27s_50_kilometre_classical,Q781406,30768308,685
Q906128,Biathlon at the 2010 Winter Olympics – Women's mass start,https://en.wikipedia.org/wiki/Biathlon_at_the_2010_Winter_Olympics_%E2%80%93_Women%27s_mass_start,Q906128,24688913,658
Q1221939,Cross-country skiing at the 1998 Winter Olympics – Women's 15 kilometre classical,https://en.wikipedia.org/wiki/Cross-country_skiing_at_the_1998_Winter_Olympics_%E2%80%93_Women%27s_15_kilometre_classical,Q1221939,56502844,824
Q848696,Speed skating at the 2010 Winter Olympics – Men's 1000 metres,https://en.wikipedia.org/wiki/Speed_skating_at_the_2010_Winter_Olympics_%E2%80%93_Men%27s_1000_metres,Q848696,25346676,453
Q22964443,Rowing at the 1992 Summer Olympics – Men's quadruple sculls,https://en.wikipedia.org/wiki/Rowing_at_the_1992_Summer_Olympics_%E2%80%93_Men%27s_quadruple_sculls,Q22964443,52235260,923
Q963859,Gymnastics at the 1996 Summer Olympics – Men's artistic individual all-around,https://en.wikipedia.org/wiki/Gymnastics_at_the_1996_Summer_Olympics_%E2%80%93_Men%27s_artistic_individual_all-around,Q963859,23982100,2008
Q1222533,Alpine skiing at the 1998 Winter Olympics – Women's slalom,https://en.wikipedia.org/wiki/Alpine_skiing_at_the_1998_Winter_Olympics_%E2%80%93_Women%27s_slalom,Q1222533,41141730,803
Q7979972,Weightlifting at the 1992 Summer Olympics – Men's 56 kg,https://en.wikipedia.org/wiki/Weightlifting_at_the_1992_Summer_Olympics_%E2%80%93_Men%27s_56_kg,Q7979972,32850341,611
Q3001455,Cycling at the 1992 Summer Olympics – Men's individual road race,https://en.wikipedia.org/wiki/Cycling_at_the_1992_Summer_Olympics_%E2%80%93_Men%27s_individual_road_race,Q3001455,10984934,945
Q685266,Rowing at the 2008 Summer Olympics – Women's single sculls,https://en.wikipedia.org/wiki/Rowing_at_the_2008_Summer_Olympics_%E2%80%93_Women%27s_single_sculls,Q685266,18662695,1974
Q7979977,Weightlifting at the 1992 Summer Olympics – Men's 82.5 kg,https://en.wikipedia.org/wiki/Weightlifting_at_the_1992_Summer_Olympics_%E2%80%93_Men%27s_82.5_kg,Q7979977,32929426,804
Q765657,Speed skating at the 2006 Winter Olympics – Women's 500 metres,https://en.wikipedia.org/wiki/Speed_skating_at_the_2006_Winter_Olympics_%E2%80%93_Women%27s_500_metres,Q765657,4131938,866
Q7500737,Shooting at the 1988 Summer Olympics – Men's 10 metre air rifle,https://en.wikipedia.org/wiki/Shooting_at_the_1988_Summer_Olympics_%E2%80%93_Men%27s_10_metre_air_rifle,Q7500737,19512647,514
Q1005423,Shooting at the 2008 Summer Olympics – Men's 25 metre rapid fire pistol,https://en.wikipedia.org/wiki/Shooting_at_the_2008_Summer_Olympics_%E2%80%93_Men%27s_25_metre_rapid_fire_pistol,Q1005423,18639949,1845
Q61539,Wrestling at the 2008 Summer Olympics – Men's freestyle 60 kg,https://en.wikipedia.org/wiki/Wrestling_at_the_2008_Summer_Olympics_%E2%80%93_Men%27s_freestyle_60_kg,Q61539,18675110,448
Q899312,Athletics at the 2008 Summer Olympics – Men's hammer throw,https://en.wikipedia.org/wiki/Athletics_at_the_2008_Summer_Olympics_%E2%80%93_Men%27s_hammer_throw,Q899312,18568900,1656
Q22964442,Rowing at the 1992 Summer Olympics – Men's coxless four,https://en.wikipedia.org/wiki/Rowing_at_the_1992_Summer_Olympics_%E2%80%93_Men%27s_coxless_four,Q22964442,52235269,876
Q7400314,Sailing at the 1992 Summer Olympics – Women's 470,https://en.wikipedia.org/wiki/Sailing_at_the_1992_Summer_Olympics_%E2%80%93_Women%27s_470,Q7400314,19162664,677
Q313566,Alexander Payne,https://en.wikipedia.org/wiki/Alexander_Payne,Q313566,557996,6173
Q1222168,Cross-country skiing at the 1988 Winter Olympics – Women's 5 kilometre classical,https://en.wikipedia.org/wiki/Cross-country_skiing_at_the_1988_Winter_Olympics_%E2%80%93_Women%27s_5_kilometre_classical,Q1222168,56588872,562
Q15056105,Freestyle skiing at the 2014 Winter Olympics – Men's slopestyle,https://en.wikipedia.org/wiki/Freestyle_skiing_at_the_2014_Winter_Olympics_%E2%80%93_Men%27s_slopestyle,Q15056105,41558252,774
Q7674783,Taekwondo at the 2000 Summer Olympics – Women's 67 kg,https://en.wikipedia.org/wiki/Taekwondo_at_the_2000_Summer_Olympics_%E2%80%93_Women%27s_67_kg,Q7674783,16841944,416
Q4951839,Boxing at the 2000 Summer Olympics – Flyweight,https://en.wikipedia.org/wiki/Boxing_at_the_2000_Summer_Olympics_%E2%80%93_Flyweight,Q4951839,37473846,566
Q15056067,Nordic combined at the 2014 Winter Olympics – Individual large hill/10 km,https://en.wikipedia.org/wiki/Nordic_combined_at_the_2014_Winter_Olympics_%E2%80%93_Individual_large_hill/10_km,Q15056067,41527127,1323
Q2353351,Canoeing at the 2012 Summer Olympics – Women's slalom K-1,https://en.wikipedia.org/wiki/Canoeing_at_the_2012_Summer_Olympics_%E2%80%93_Women%27s_slalom_K-1,Q2353351,34246797,660
Q932865,Athletics at the 2008 Summer Olympics – Women's 400 metres,https://en.wikipedia.org/wiki/Athletics_at_the_2008_Summer_Olympics_%E2%80%93_Women%27s_400_metres,Q932865,18569099,779
Q906859,Weightlifting at the 2004 Summer Olympics – Women's 63 kg,https://en.wikipedia.org/wiki/Weightlifting_at_the_2004_Summer_Olympics_%E2%80%93_Women%27s_63_kg,Q906859,8927448,464
Q3498676,Wrestling at the 1988 Summer Olympics – Men's freestyle 100 kg,https://en.wikipedia.org/wiki/Wrestling_at_the_1988_Summer_Olympics_%E2%80%93_Men%27s_freestyle_100_kg,Q3498676,18527344,667
Q677063,Wrestling at the 2012 Summer Olympics – Men's freestyle 120 kg,https://en.wikipedia.org/wiki/Wrestling_at_the_2012_Summer_Olympics_%E2%80%93_Men%27s_freestyle_120_kg,Q677063,34236550,596
Q846788,Biathlon at the 2006 Winter Olympics – Men's individual,https://en.wikipedia.org/wiki/Biathlon_at_the_2006_Winter_Olympics_%E2%80%93_Men%27s_individual,Q846788,4048512,2137
Q1350521,The Devil's Backbone,https://en.wikipedia.org/wiki/The_Devil%27s_Backbone,Q1350521,5523710,3058
Q247070,Athletics at the 2008 Summer Olympics – Men's 50 kilometres walk,https://en.wikipedia.org/wiki/Athletics_at_the_2008_Summer_Olympics_%E2%80%93_Men%27s_50_kilometres_walk,Q247070,18579316,728
Q691742,Snowboarding at the 2010 Winter Olympics – Men's halfpipe,https://en.wikipedia.org/wiki/Snowboarding_at_the_2010_Winter_Olympics_%E2%80%93_Men%27s_halfpipe,Q691742,25310911,1171
Q7400334,Sailing at the 2000 Summer Olympics – Star,https://en.wikipedia.org/wiki/Sailing_at_the_2000_Summer_Olympics_%E2%80%93_Star,Q7400334,37600108,649
Q7500748,Shooting at the 1988 Summer Olympics – Mixed skeet,https://en.wikipedia.org/wiki/Shooting_at_the_1988_Summer_Olympics_%E2%80%93_Mixed_skeet,Q7500748,19985647,737
Q1222651,Freestyle skiing at the 2002 Winter Olympics – Women's aerials,https://en.wikipedia.org/wiki/Freestyle_skiing_at_the_2002_Winter_Olympics_%E2%80%93_Women%27s_aerials,Q1222651,29951890,493
Q7656712,Swimming at the 1988 Summer Olympics – Women's 100 metre butterfly,https://en.wikipedia.org/wiki/Swimming_at_the_1988_Summer_Olympics_%E2%80%93_Women%27s_100_metre_butterfly,Q7656712,22535835,675
Q1222109,Speed skating at the 1994 Winter Olympics – Women's 5000 metres,https://en.wikipedia.org/wiki/Speed_skating_at_the_1994_Winter_Olympics_%E2%80%93_Women%27s_5000_metres,Q1222109,31439660,328
Q240257,Swimming at the 2008 Summer Olympics – Women's 400 metre individual medley,https://en.wikipedia.org/wiki/Swimming_at_the_2008_Summer_Olympics_%E2%80%93_Women%27s_400_metre_individual_medley,Q240257,18625708,854
Q15056095,Freestyle skiing at the 2014 Winter Olympics – Women's moguls,https://en.wikipedia.org/wiki/Freestyle_skiing_at_the_2014_Winter_Olympics_%E2%80%93_Women%27s_moguls,Q15056095,41556144,1927
Q7656705,Swimming at the 1988 Summer Olympics – Women's 100 metre breaststroke,https://en.wikipedia.org/wiki/Swimming_at_the_1988_Summer_Olympics_%E2%80%93_Women%27s_100_metre_breaststroke,Q7656705,22825602,749
Q5280017,Figure skating at the 1994 Winter Olympics – Men's singles,https://en.wikipedia.org/wiki/Figure_skating_at_the_1994_Winter_Olympics_%E2%80%93_Men%27s_singles,Q5280017,36814911,488
Q1222524,Alpine skiing at the 1988 Winter Olympics – Women's slalom,https://en.wikipedia.org/wiki/Alpine_skiing_at_the_1988_Winter_Olympics_%E2%80%93_Women%27s_slalom,Q1222524,41540856,853
Q22964439,Rowing at the 1992 Summer Olympics – Women's eight,https://en.wikipedia.org/wiki/Rowing_at_the_1992_Summer_Olympics_%E2%80%93_Women%27s_eight,Q22964439,52235282,873
Q1221810,Short-track speed skating at the 1994 Winter Olympics – Women's 1000 metres,https://en.wikipedia.org/wiki/Short-track_speed_skating_at_the_1994_Winter_Olympics_%E2%80%93_Women%27s_1000_metres,Q1221810,41666522,791
Q15055034,Cross-country skiing at the 2014 Winter Olympics – Men's team sprint,https://en.wikipedia.org/wiki/Cross-country_skiing_at_the_2014_Winter_Olympics_%E2%80%93_Men%27s_team_sprint,Q15055034,41541364,800
Q638285,Speed skating at the 1998 Winter Olympics – Women's 1000 metres,https://en.wikipedia.org/wiki/Speed_skating_at_the_1998_Winter_Olympics_%E2%80%93_Women%27s_1000_metres,Q638285,41833643,591
Q15054994,Alpine skiing at the 2014 Winter Olympics – Women's downhill,https://en.wikipedia.org/wiki/Alpine_skiing_at_the_2014_Winter_Olympics_%E2%80%93_Women%27s_downhill,Q15054994,40627552,1002
Q4786049,Archery at the 1996 Summer Olympics – Men's individual,https://en.wikipedia.org/wiki/Archery_at_the_1996_Summer_Olympics_%E2%80%93_Men%27s_individual,Q4786049,15790706,1307
Q1508565,George Watters II,https://en.wikipedia.org/wiki/George_Watters_II,Q1508565,42218757,608
Q917752,Alpine skiing at the 2006 Winter Olympics – Men's downhill,https://en.wikipedia.org/wiki/Alpine_skiing_at_the_2006_Winter_Olympics_%E2%80%93_Men%27s_downhill,Q917752,4054474,1072
Q7656695,Swimming at the 1988 Summer Olympics – Men's 400 metre freestyle,https://en.wikipedia.org/wiki/Swimming_at_the_1988_Summer_Olympics_%E2%80%93_Men%27s_400_metre_freestyle,Q7656695,22645934,780
Q3498940,Wrestling at the 1988 Summer Olympics – Men's freestyle 74 kg,https://en.wikipedia.org/wiki/Wrestling_at_the_1988_Summer_Olympics_%E2%80%93_Men%27s_freestyle_74_kg,Q3498940,18451774,786
Q2724464,Athletics at the 2004 Summer Olympics – Men's high jump,https://en.wikipedia.org/wiki/Athletics_at_the_2004_Summer_Olympics_%E2%80%93_Men%27s_high_jump,Q2724464,913316,1515
Q847288,Biathlon at the 2006 Winter Olympics – Men's pursuit,https://en.wikipedia.org/wiki/Biathlon_at_the_2006_Winter_Olympics_%E2%80%93_Men%27s_pursuit,Q847288,24191038,1356
Q1222212,Alpine skiing at the 1994 Winter Olympics – Women's combined,https://en.wikipedia.org/wiki/Alpine_skiing_at_the_1994_Winter_Olympics_%E2%80%93_Women%27s_combined,Q1222212,41144750,811
Q870649,Nordic combined at the 1994 Winter Olympics – Team,https://en.wikipedia.org/wiki/Nordic_combined_at_the_1994_Winter_Olympics_%E2%80%93_Team,Q870649,41784466,705
Q775967,Shooting at the 2008 Summer Olympics – Men's trap,https://en.wikipedia.org/wiki/Shooting_at_the_2008_Summer_Olympics_%E2%80%93_Men%27s_trap,Q775967,18652826,1878
Q917348,Athletics at the 2008 Summer Olympics – Women's 200 metres,https://en.wikipedia.org/wiki/Athletics_at_the_2008_Summer_Olympics_%E2%80%93_Women%27s_200_metres,Q917348,18569021,1534
Q3498987,Wrestling at the 1992 Summer Olympics – Men's freestyle 100 kg,https://en.wikipedia.org/wiki/Wrestling_at_the_1992_Summer_Olympics_%E2%80%93_Men%27s_freestyle_100_kg,Q3498987,17700827,927
Q4951834,Boxing at the 1996 Summer Olympics – Light flyweight,https://en.wikipedia.org/wiki/Boxing_at_the_1996_Summer_Olympics_%E2%80%93_Light_flyweight,Q4951834,25203455,188
Q1202526,Cycling at the 2008 Summer Olympics – Women's individual pursuit,https://en.wikipedia.org/wiki/Cycling_at_the_2008_Summer_Olympics_%E2%80%93_Women%27s_individual_pursuit,Q1202526,18666566,824
Q1222025,Cross-country skiing at the 1998 Winter Olympics – Women's 30 kilometre freestyle,https://en.wikipedia.org/wiki/Cross-country_skiing_at_the_1998_Winter_Olympics_%E2%80%93_Women%27s_30_kilometre_freestyle,Q1222025,56503123,866
Q15052012,Biathlon at the 2014 Winter Olympics – Men's mass start,https://en.wikipedia.org/wiki/Biathlon_at_the_2014_Winter_Olympics_%E2%80%93_Men%27s_mass_start,Q15052012,40627905,602
Q1222529,Alpine skiing at the 1994 Winter Olympics – Women's slalom,https://en.wikipedia.org/wiki/Alpine_skiing_at_the_1994_Winter_Olympics_%E2%80%93_Women%27s_slalom,Q1222529,41144687,867
Q7500840,Shooting at the 2004 Summer Olympics – Women's 50 metre rifle three positions,https://en.wikipedia.org/wiki/Shooting_at_the_2004_Summer_Olympics_%E2%80%93_Women%27s_50_metre_rifle_three_positions,Q7500840,2676395,1307
Q1221864,Cross-country skiing at the 1988 Winter Olympics – Women's 10 kilometre classical,https://en.wikipedia.org/wiki/Cross-country_skiing_at_the_1988_Winter_Olympics_%E2%80%93_Women%27s_10_kilometre_classical,Q1221864,56596869,546
Q15056096,Freestyle skiing at the 2014 Winter Olympics – Men's moguls,https://en.wikipedia.org/wiki/Freestyle_skiing_at_the_2014_Winter_Olympics_%E2%80%93_Men%27s_moguls,Q15056096,41555678,1645
Q7400342,Sailing at the 2004 Summer Olympics – Laser,https://en.wikipedia.org/wiki/Sailing_at_the_2004_Summer_Olympics_%E2%80%93_Laser,Q7400342,6709853,202
Q1337042,Archery at the 2012 Summer Olympics – Men's team,https://en.wikipedia.org/wiki/Archery_at_the_2012_Summer_Olympics_%E2%80%93_Men%27s_team,Q1337042,31815923,603
Q25386274,Fencing at the 2016 Summer Olympics – Women's épée,https://en.wikipedia.org/wiki/Fencing_at_the_2016_Summer_Olympics_%E2%80%93_Women%27s_%C3%A9p%C3%A9e,Q25386274,46415375,438
Q7656689,Swimming at the 1988 Summer Olympics – Men's 200 metre breaststroke,https://en.wikipedia.org/wiki/Swimming_at_the_1988_Summer_Olympics_%E2%80%93_Men%27s_200_metre_breaststroke,Q7656689,25613987,762
Q841897,Alpine skiing at the 2010 Winter Olympics – Women's combined,https://en.wikipedia.org/wiki/Alpine_skiing_at_the_2010_Winter_Olympics_%E2%80%93_Women%27s_combined,Q841897,24653748,761
Q25162542,Rugby sevens at the 2016 Summer Olympics – Men's tournament,https://en.wikipedia.org/wiki/Rugby_sevens_at_the_2016_Summer_Olympics_%E2%80%93_Men%27s_tournament,Q25162542,46665423,2766
Q1432476,"Athletics at the 2000 Summer Olympics – Men's 10,000 metres",https://en.wikipedia.org/wiki/Athletics_at_the_2000_Summer_Olympics_%E2%80%93_Men%27s_10%2C000_metres,Q1432476,19343585,1634
Q7500739,Shooting at the 1988 Summer Olympics – Men's 25 metre rapid fire pistol,https://en.wikipedia.org/wiki/Shooting_at_the_1988_Summer_Olympics_%E2%80%93_Men%27s_25_metre_rapid_fire_pistol,Q7500739,19529800,1732
Q2557145,Weightlifting at the 2012 Summer Olympics – Men's +105 kg,https://en.wikipedia.org/wiki/Weightlifting_at_the_2012_Summer_Olympics_%E2%80%93_Men%27s_%2B105_kg,Q2557145,34655007,692
Q15055073,Snowboarding at the 2014 Winter Olympics – Men's snowboard cross,https://en.wikipedia.org/wiki/Snowboarding_at_the_2014_Winter_Olympics_%E2%80%93_Men%27s_snowboard_cross,Q15055073,40844138,883
Q3400664,Cycling at the 1996 Summer Olympics – Women's pursuit,https://en.wikipedia.org/wiki/Cycling_at_the_1996_Summer_Olympics_%E2%80%93_Women%27s_pursuit,Q3400664,39888874,459
Q7400341,Sailing at the 2004 Summer Olympics – Finn,https://en.wikipedia.org/wiki/Sailing_at_the_2004_Summer_Olympics_%E2%80%93_Finn,Q7400341,6709329,202
Q7500816,Shooting at the 2000 Summer Olympics – Men's skeet,https://en.wikipedia.org/wiki/Shooting_at_the_2000_Summer_Olympics_%E2%80%93_Men%27s_skeet,Q7500816,19218597,706
Q762663,Gymnastics at the 2008 Summer Olympics – Men's artistic individual all-around,https://en.wikipedia.org/wiki/Gymnastics_at_the_2008_Summer_Olympics_%E2%80%93_Men%27s_artistic_individual_all-around,Q762663,18661993,1877
Q15055013,Alpine skiing at the 2014 Winter Olympics – Men's super-G,https://en.wikipedia.org/wiki/Alpine_skiing_at_the_2014_Winter_Olympics_%E2%80%93_Men%27s_super-G,Q15055013,40627581,795
Q15055074,Snowboarding at the 2014 Winter Olympics – Women's slopestyle,https://en.wikipedia.org/wiki/Snowboarding_at_the_2014_Winter_Olympics_%E2%80%93_Women%27s_slopestyle,Q15055074,40844116,1245
Q906865,Weightlifting at the 2004 Summer Olympics – Women's +75 kg,https://en.wikipedia.org/wiki/Weightlifting_at_the_2004_Summer_Olympics_%E2%80%93_Women%27s_%2B75_kg,Q906865,8932411,556
Q853003,Athletics at the 2008 Summer Olympics – Men's 200 metres,https://en.wikipedia.org/wiki/Athletics_at_the_2008_Summer_Olympics_%E2%80%93_Men%27s_200_metres,Q853003,18569011,2832
Q3001409,Cycling at the 2000 Summer Olympics – Men's points race,https://en.wikipedia.org/wiki/Cycling_at_the_2000_Summer_Olympics_%E2%80%93_Men%27s_points_race,Q3001409,10600590,975
Q7979978,Weightlifting at the 1992 Summer Olympics – Men's 90 kg,https://en.wikipedia.org/wiki/Weightlifting_at_the_1992_Summer_Olympics_%E2%80%93_Men%27s_90_kg,Q7979978,32930410,646
Q7979968,Weightlifting at the 1992 Summer Olympics – Men's 100 kg,https://en.wikipedia.org/wiki/Weightlifting_at_the_1992_Summer_Olympics_%E2%80%93_Men%27s_100_kg,Q7979968,32941902,672
Q771886,Weightlifting at the 2008 Summer Olympics – Men's 56 kg,https://en.wikipedia.org/wiki/Weightlifting_at_the_2008_Summer_Olympics_%E2%80%93_Men%27s_56_kg,Q771886,18508174,654
Q4951846,Boxing at the 2000 Summer Olympics – Middleweight,https://en.wikipedia.org/wiki/Boxing_at_the_2000_Summer_Olympics_%E2%80%93_Middleweight,Q4951846,37481540,565
Q1056853,In the Mood for Love,https://en.wikipedia.org/wiki/In_the_Mood_for_Love,Q1056853,213413,6992
Q2364389,Weightlifting at the 2012 Summer Olympics – Men's 105 kg,https://en.wikipedia.org/wiki/Weightlifting_at_the_2012_Summer_Olympics_%E2%80%93_Men%27s_105_kg,Q2364389,34655013,691
Q1433079,Athletics at the 2004 Summer Olympics – Women's long jump,https://en.wikipedia.org/wiki/Athletics_at_the_2004_Summer_Olympics_%E2%80%93_Women%27s_long_jump,Q1433079,913324,1044
Q15056100,Freestyle skiing at the 2014 Winter Olympics – Men's aerials,https://en.wikipedia.org/wiki/Freestyle_skiing_at_the_2014_Winter_Olympics_%E2%80%93_Men%27s_aerials,Q15056100,41554419,622
Q7400319,Sailing at the 1996 Summer Olympics – Men's 470,https://en.wikipedia.org/wiki/Sailing_at_the_1996_Summer_Olympics_%E2%80%93_Men%27s_470,Q7400319,33102662,1731
Q7656686,Swimming at the 1988 Summer Olympics – Men's 100 metre butterfly,https://en.wikipedia.org/wiki/Swimming_at_the_1988_Summer_Olympics_%E2%80%93_Men%27s_100_metre_butterfly,Q7656686,21600441,736
Q3498597,Wrestling at the 1992 Summer Olympics – Men's freestyle 82 kg,https://en.wikipedia.org/wiki/Wrestling_at_the_1992_Summer_Olympics_%E2%80%93_Men%27s_freestyle_82_kg,Q3498597,17560671,984
Q3498966,Wrestling at the 1992 Summer Olympics – Men's freestyle 57 kg,https://en.wikipedia.org/wiki/Wrestling_at_the_1992_Summer_Olympics_%E2%80%93_Men%27s_freestyle_57_kg,Q3498966,17373204,859
Q1360895,Shooting at the 2008 Summer Olympics – Women's 25 metre pistol,https://en.wikipedia.org/wiki/Shooting_at_the_2008_Summer_Olympics_%E2%80%93_Women%27s_25_metre_pistol,Q1360895,18653152,1557
Q1222466,Alpine skiing at the 1988 Winter Olympics – Women's downhill,https://en.wikipedia.org/wiki/Alpine_skiing_at_the_1988_Winter_Olympics_%E2%80%93_Women%27s_downhill,Q1222466,41540830,729
Q24906829,Wrestling at the 2016 Summer Olympics – Men's Greco-Roman 59 kg,https://en.wikipedia.org/wiki/Wrestling_at_the_2016_Summer_Olympics_%E2%80%93_Men%27s_Greco-Roman_59_kg,Q24906829,45625962,351
Q7400328,Sailing at the 2000 Summer Olympics – Finn,https://en.wikipedia.org/wiki/Sailing_at_the_2000_Summer_Olympics_%E2%80%93_Finn,Q7400328,37498222,964
Q3001459,Cycling at the 2000 Summer Olympics – Men's individual road race,https://en.wikipedia.org/wiki/Cycling_at_the_2000_Summer_Olympics_%E2%80%93_Men%27s_individual_road_race,Q3001459,11007942,1130
Q7400320,Sailing at the 1996 Summer Olympics – Men's Mistral One Design,https://en.wikipedia.org/wiki/Sailing_at_the_1996_Summer_Olympics_%E2%80%93_Men%27s_Mistral_One_Design,Q7400320,33052852,1783
Q279295,Skeleton at the 2002 Winter Olympics – Women's,https://en.wikipedia.org/wiki/Skeleton_at_the_2002_Winter_Olympics_%E2%80%93_Women%27s,Q279295,26282567,261
Q841946,Alpine skiing at the 2010 Winter Olympics – Women's downhill,https://en.wikipedia.org/wiki/Alpine_skiing_at_the_2010_Winter_Olympics_%E2%80%93_Women%27s_downhill,Q841946,24653639,964
Q14643199,Biathlon at the 2014 Winter Olympics – Women's pursuit,https://en.wikipedia.org/wiki/Biathlon_at_the_2014_Winter_Olympics_%E2%80%93_Women%27s_pursuit,Q14643199,40627933,1522
Q1222632,Skeleton at the 2006 Winter Olympics – Women's,https://en.wikipedia.org/wiki/Skeleton_at_the_2006_Winter_Olympics_%E2%80%93_Women%27s,Q1222632,23065399,511
Q1005235,Wrestling at the 2008 Summer Olympics – Men's Greco-Roman 55 kg,https://en.wikipedia.org/wiki/Wrestling_at_the_2008_Summer_Olympics_%E2%80%93_Men%27s_Greco-Roman_55_kg,Q1005235,18674982,368
Q923513,Wrestling at the 2008 Summer Olympics – Men's freestyle 84 kg,https://en.wikipedia.org/wiki/Wrestling_at_the_2008_Summer_Olympics_%E2%80%93_Men%27s_freestyle_84_kg,Q923513,18675107,368
Q704595,Taekwondo at the 2008 Summer Olympics – Men's 58 kg,https://en.wikipedia.org/wiki/Taekwondo_at_the_2008_Summer_Olympics_%E2%80%93_Men%27s_58_kg,Q704595,18534606,417
Q942244,Tennis at the 2000 Summer Olympics – Women's singles,https://en.wikipedia.org/wiki/Tennis_at_the_2000_Summer_Olympics_%E2%80%93_Women%27s_singles,Q942244,2544113,1162
Q15056104,Freestyle skiing at the 2014 Winter Olympics – Women's slopestyle,https://en.wikipedia.org/wiki/Freestyle_skiing_at_the_2014_Winter_Olympics_%E2%80%93_Women%27s_slopestyle,Q15056104,41558259,708
Q304074,In the Name of the Father,https://en.wikipedia.org/wiki/In_the_Name_of_the_Father,Q304074,133671,2614
Q1432289,"Athletics at the 2000 Summer Olympics – Women's 10,000 metres",https://en.wikipedia.org/wiki/Athletics_at_the_2000_Summer_Olympics_%E2%80%93_Women%27s_10%2C000_metres,Q1432289,27068266,1553
Q2297621,Cycling at the 2012 Summer Olympics – Men's team pursuit,https://en.wikipedia.org/wiki/Cycling_at_the_2012_Summer_Olympics_%E2%80%93_Men%27s_team_pursuit,Q2297621,34666577,995
Q917333,Athletics at the 2008 Summer Olympics – Women's long jump,https://en.wikipedia.org/wiki/Athletics_at_the_2008_Summer_Olympics_%E2%80%93_Women%27s_long_jump,Q917333,18579260,1321
Q1372090,Weightlifting at the 2012 Summer Olympics – Men's 94 kg,https://en.wikipedia.org/wiki/Weightlifting_at_the_2012_Summer_Olympics_%E2%80%93_Men%27s_94_kg,Q1372090,34655014,1073
Q488601,Athletics at the 1988 Summer Olympics – Men's 100 metres,https://en.wikipedia.org/wiki/Athletics_at_the_1988_Summer_Olympics_%E2%80%93_Men%27s_100_metres,Q488601,8098196,3127
Q1222644,Alpine skiing at the 1994 Winter Olympics – Women's super-G,https://en.wikipedia.org/wiki/Alpine_skiing_at_the_1994_Winter_Olympics_%E2%80%93_Women%27s_super-G,Q1222644,41144512,726
Q3498626,Wrestling at the 1988 Summer Olympics – Men's freestyle 90 kg,https://en.wikipedia.org/wiki/Wrestling_at_the_1988_Summer_Olympics_%E2%80%93_Men%27s_freestyle_90_kg,Q3498626,18504144,757
Q1222474,Alpine skiing at the 1998 Winter Olympics – Women's downhill,https://en.wikipedia.org/wiki/Alpine_skiing_at_the_1998_Winter_Olympics_%E2%80%93_Women%27s_downhill,Q1222474,41141597,795
Q15055083,Snowboarding at the 2014 Winter Olympics – Women's parallel giant slalom,https://en.wikipedia.org/wiki/Snowboarding_at_the_2014_Winter_Olympics_%E2%80%93_Women%27s_parallel_giant_slalom,Q15055083,40829731,590
Q681571,Shooting at the 2012 Summer Olympics – Men's trap,https://en.wikipedia.org/wiki/Shooting_at_the_2012_Summer_Olympics_%E2%80%93_Men%27s_trap,Q681571,36507980,1744
Q523492,Ski jumping at the 1994 Winter Olympics – Large hill individual,https://en.wikipedia.org/wiki/Ski_jumping_at_the_1994_Winter_Olympics_%E2%80%93_Large_hill_individual,Q523492,31441218,792
Q15055007,Alpine skiing at the 2014 Winter Olympics – Women's combined,https://en.wikipedia.org/wiki/Alpine_skiing_at_the_2014_Winter_Olympics_%E2%80%93_Women%27s_combined,Q15055007,40627598,748
Q936086,Swimming at the 2008 Summer Olympics – Men's 100 metre freestyle,https://en.wikipedia.org/wiki/Swimming_at_the_2008_Summer_Olympics_%E2%80%93_Men%27s_100_metre_freestyle,Q936086,18624623,2064
Q2430785,Table tennis at the 2012 Summer Olympics – Women's team,https://en.wikipedia.org/wiki/Table_tennis_at_the_2012_Summer_Olympics_%E2%80%93_Women%27s_team,Q2430785,36342541,656
Q1221869,Cross-country skiing at the 1992 Winter Olympics – Women's 10 kilometre freestyle pursuit,https://en.wikipedia.org/wiki/Cross-country_skiing_at_the_1992_Winter_Olympics_%E2%80%93_Women%27s_10_kilometre_freestyle_pursuit,Q1221869,59942852,267
Q1222299,Snowboarding at the 2002 Winter Olympics – Women's halfpipe,https://en.wikipedia.org/wiki/Snowboarding_at_the_2002_Winter_Olympics_%E2%80%93_Women%27s_halfpipe,Q1222299,26100316,626
Q7500827,Shooting at the 2004 Summer Olympics – Men's 50 metre pistol,https://en.wikipedia.org/wiki/Shooting_at_the_2004_Summer_Olympics_%E2%80%93_Men%27s_50_metre_pistol,Q7500827,2846055,1838
Q917747,Alpine skiing at the 2006 Winter Olympics – Men's combined,https://en.wikipedia.org/wiki/Alpine_skiing_at_the_2006_Winter_Olympics_%E2%80%93_Men%27s_combined,Q917747,4087706,1046
Q1222092,Biathlon at the 2002 Winter Olympics – Women's relay,https://en.wikipedia.org/wiki/Biathlon_at_the_2002_Winter_Olympics_%E2%80%93_Women%27s_relay,Q1222092,38444972,1839
Q905493,Weightlifting at the 2012 Summer Olympics – Women's 48 kg,https://en.wikipedia.org/wiki/Weightlifting_at_the_2012_Summer_Olympics_%E2%80%93_Women%27s_48_kg,Q905493,34655042,496
Q3499032,Wrestling at the 1988 Summer Olympics – Men's freestyle 68 kg,https://en.wikipedia.org/wiki/Wrestling_at_the_1988_Summer_Olympics_%E2%80%93_Men%27s_freestyle_68_kg,Q3499032,18382085,805
Q7500842,Shooting at the 2004 Summer Olympics – Women's double trap,https://en.wikipedia.org/wiki/Shooting_at_the_2004_Summer_Olympics_%E2%80%93_Women%27s_double_trap,Q7500842,2676082,596
Q780808,Speed skating at the 1992 Winter Olympics – Women's 5000 metres,https://en.wikipedia.org/wiki/Speed_skating_at_the_1992_Winter_Olympics_%E2%80%93_Women%27s_5000_metres,Q780808,41835088,417
Q1005260,Wrestling at the 2008 Summer Olympics – Men's Greco-Roman 74 kg,https://en.wikipedia.org/wiki/Wrestling_at_the_2008_Summer_Olympics_%E2%80%93_Men%27s_Greco-Roman_74_kg,Q1005260,18675084,370
Q15055036,Cross-country skiing at the 2014 Winter Olympics – Men's sprint,https://en.wikipedia.org/wiki/Cross-country_skiing_at_the_2014_Winter_Olympics_%E2%80%93_Men%27s_sprint,Q15055036,41108564,1530
Q917217,Biathlon at the 2010 Winter Olympics – Women's individual,https://en.wikipedia.org/wiki/Biathlon_at_the_2010_Winter_Olympics_%E2%80%93_Women%27s_individual,Q917217,24688882,237
Q7979967,Weightlifting at the 1992 Summer Olympics – Men's +110 kg,https://en.wikipedia.org/wiki/Weightlifting_at_the_1992_Summer_Olympics_%E2%80%93_Men%27s_%2B110_kg,Q7979967,32964450,611
Q7500813,Shooting at the 2000 Summer Olympics – Men's 50 metre rifle three positions,https://en.wikipedia.org/wiki/Shooting_at_the_2000_Summer_Olympics_%E2%80%93_Men%27s_50_metre_rifle_three_positions,Q7500813,19202038,903
Q1222023,Cross-country skiing at the 1994 Winter Olympics – Women's 30 kilometre classical,https://en.wikipedia.org/wiki/Cross-country_skiing_at_the_1994_Winter_Olympics_%E2%80%93_Women%27s_30_kilometre_classical,Q1222023,59891923,614
Q1221915,Speed skating at the 1998 Winter Olympics – Women's 1500 metres,https://en.wikipedia.org/wiki/Speed_skating_at_the_1998_Winter_Olympics_%E2%80%93_Women%27s_1500_metres,Q1221915,41833662,568
Q7656694,Swimming at the 1988 Summer Olympics – Men's 200 metre individual medley,https://en.wikipedia.org/wiki/Swimming_at_the_1988_Summer_Olympics_%E2%80%93_Men%27s_200_metre_individual_medley,Q7656694,25617335,781
Q15056225,Speed skating at the 2014 Winter Olympics – Men's 500 metres,https://en.wikipedia.org/wiki/Speed_skating_at_the_2014_Winter_Olympics_%E2%80%93_Men%27s_500_metres,Q15056225,41442999,1210
Q2308161,Modern pentathlon at the 2012 Summer Olympics – Men's,https://en.wikipedia.org/wiki/Modern_pentathlon_at_the_2012_Summer_Olympics_%E2%80%93_Men%27s,Q2308161,35780180,1401
Q4786036,Archery at the 1988 Summer Olympics – Men's team,https://en.wikipedia.org/wiki/Archery_at_the_1988_Summer_Olympics_%E2%80%93_Men%27s_team,Q4786036,36076796,646
Q1198508,Swimming at the 2012 Summer Olympics – Women's 200 metre individual medley,https://en.wikipedia.org/wiki/Swimming_at_the_2012_Summer_Olympics_%E2%80%93_Women%27s_200_metre_individual_medley,Q1198508,34236463,1107
Q1005486,Bobsleigh at the 2010 Winter Olympics – Two-man,https://en.wikipedia.org/wiki/Bobsleigh_at_the_2010_Winter_Olympics_%E2%80%93_Two-man,Q1005486,24973569,1430
Q679802,Wrestling at the 2008 Summer Olympics – Men's freestyle 66 kg,https://en.wikipedia.org/wiki/Wrestling_at_the_2008_Summer_Olympics_%E2%80%93_Men%27s_freestyle_66_kg,Q679802,18675109,368
Q1426735,Athletics at the 1996 Summer Olympics – Women's 100 metres,https://en.wikipedia.org/wiki/Athletics_at_the_1996_Summer_Olympics_%E2%80%93_Women%27s_100_metres,Q1426735,25220229,1305
Q15052025,Biathlon at the 2014 Winter Olympics – Women's relay,https://en.wikipedia.org/wiki/Biathlon_at_the_2014_Winter_Olympics_%E2%80%93_Women%27s_relay,Q15052025,40627918,837
Q1222497,Alpine skiing at the 2002 Winter Olympics – Women's slalom,https://en.wikipedia.org/wiki/Alpine_skiing_at_the_2002_Winter_Olympics_%E2%80%93_Women%27s_slalom,Q1222497,26637340,634
Q7979984,Weightlifting at the 1996 Summer Olympics – Men's 59 kg,https://en.wikipedia.org/wiki/Weightlifting_at_the_1996_Summer_Olympics_%E2%80%93_Men%27s_59_kg,Q7979984,16919121,642
Q918076,Skeleton at the 2010 Winter Olympics – Men's,https://en.wikipedia.org/wiki/Skeleton_at_the_2010_Winter_Olympics_%E2%80%93_Men%27s,Q918076,25011652,1106
Q1222232,Biathlon at the 1992 Winter Olympics – Women's sprint,https://en.wikipedia.org/wiki/Biathlon_at_the_1992_Winter_Olympics_%E2%80%93_Women%27s_sprint,Q1222232,38514475,984
Q5198381,Cycling at the 1992 Summer Olympics – Women's individual pursuit,https://en.wikipedia.org/wiki/Cycling_at_the_1992_Summer_Olympics_%E2%80%93_Women%27s_individual_pursuit,Q5198381,32786744,855
Q3499929,Wrestling at the 1988 Summer Olympics – Men's Greco-Roman 68 kg,https://en.wikipedia.org/wiki/Wrestling_at_the_1988_Summer_Olympics_%E2%80%93_Men%27s_Greco-Roman_68_kg,Q3499929,18553503,782
Q263070,Alpine skiing at the 2002 Winter Olympics – Women's combined,https://en.wikipedia.org/wiki/Alpine_skiing_at_the_2002_Winter_Olympics_%E2%80%93_Women%27s_combined,Q263070,26587816,501
Q7674782,Taekwondo at the 2000 Summer Olympics – Women's 57 kg,https://en.wikipedia.org/wiki/Taekwondo_at_the_2000_Summer_Olympics_%E2%80%93_Women%27s_57_kg,Q7674782,16841760,470
Q761318,Gymnastics at the 2008 Summer Olympics – Women's balance beam,https://en.wikipedia.org/wiki/Gymnastics_at_the_2008_Summer_Olympics_%E2%80%93_Women%27s_balance_beam,Q761318,18662056,523
Q3400667,Cycling at the 1996 Summer Olympics – Men's individual pursuit,https://en.wikipedia.org/wiki/Cycling_at_the_1996_Summer_Olympics_%E2%80%93_Men%27s_individual_pursuit,Q3400667,40661943,457
Q15054999,Alpine skiing at the 2014 Winter Olympics – Women's giant slalom,https://en.wikipedia.org/wiki/Alpine_skiing_at_the_2014_Winter_Olympics_%E2%80%93_Women%27s_giant_slalom,Q15054999,40627562,1531
Q841622,Tennis at the 2012 Summer Olympics – Women's doubles,https://en.wikipedia.org/wiki/Tennis_at_the_2012_Summer_Olympics_%E2%80%93_Women%27s_doubles,Q841622,36388340,525
Q904345,Athletics at the 2008 Summer Olympics – Women's high jump,https://en.wikipedia.org/wiki/Athletics_at_the_2008_Summer_Olympics_%E2%80%93_Women%27s_high_jump,Q904345,18578964,1096
Q1432202,Athletics at the 2000 Summer Olympics – Women's high jump,https://en.wikipedia.org/wiki/Athletics_at_the_2000_Summer_Olympics_%E2%80%93_Women%27s_high_jump,Q1432202,12554665,981
Q22964447,Rowing at the 1996 Summer Olympics – Women's double sculls,https://en.wikipedia.org/wiki/Rowing_at_the_1996_Summer_Olympics_%E2%80%93_Women%27s_double_sculls,Q22964447,52235294,846
Q1222127,Speed skating at the 1998 Winter Olympics – Women's 500 metres,https://en.wikipedia.org/wiki/Speed_skating_at_the_1998_Winter_Olympics_%E2%80%93_Women%27s_500_metres,Q1222127,41833615,598
Q15055004,Alpine skiing at the 2014 Winter Olympics – Men's slalom,https://en.wikipedia.org/wiki/Alpine_skiing_at_the_2014_Winter_Olympics_%E2%80%93_Men%27s_slalom,Q15055004,40627574,1322
Q4786041,Archery at the 1992 Summer Olympics – Men's team,https://en.wikipedia.org/wiki/Archery_at_the_1992_Summer_Olympics_%E2%80%93_Men%27s_team,Q4786041,15932491,660
Q975449,Badminton at the 2004 Summer Olympics – Mixed doubles,https://en.wikipedia.org/wiki/Badminton_at_the_2004_Summer_Olympics_%E2%80%93_Mixed_doubles,Q975449,8943657,789
Q429621,Alpine skiing at the 2010 Winter Olympics – Women's slalom,https://en.wikipedia.org/wiki/Alpine_skiing_at_the_2010_Winter_Olympics_%E2%80%93_Women%27s_slalom,Q429621,24653885,1128
Q915092,Biathlon at the 2006 Winter Olympics – Women's relay,https://en.wikipedia.org/wiki/Biathlon_at_the_2006_Winter_Olympics_%E2%80%93_Women%27s_relay,Q915092,24426641,852
Q942805,Tennis at the 2004 Summer Olympics – Women's doubles,https://en.wikipedia.org/wiki/Tennis_at_the_2004_Summer_Olympics_%E2%80%93_Women%27s_doubles,Q942805,4818846,319
Q1221917,Short-track speed skating at the 2002 Winter Olympics – Women's 1500 metres,https://en.wikipedia.org/wiki/Short-track_speed_skating_at_the_2002_Winter_Olympics_%E2%80%93_Women%27s_1500_metres,Q1221917,41666426,742
Q2329168,Cycling at the 2012 Summer Olympics – Women's keirin,https://en.wikipedia.org/wiki/Cycling_at_the_2012_Summer_Olympics_%E2%80%93_Women%27s_keirin,Q2329168,34666587,658
Q15056099,Freestyle skiing at the 2014 Winter Olympics – Women's aerials,https://en.wikipedia.org/wiki/Freestyle_skiing_at_the_2014_Winter_Olympics_%E2%80%93_Women%27s_aerials,Q15056099,41554647,807
Q7500743,Shooting at the 1988 Summer Olympics – Men's 50 metre pistol,https://en.wikipedia.org/wiki/Shooting_at_the_1988_Summer_Olympics_%E2%80%93_Men%27s_50_metre_pistol,Q7500743,19513256,1194
Q1222187,Biathlon at the 1998 Winter Olympics – Women's sprint,https://en.wikipedia.org/wiki/Biathlon_at_the_1998_Winter_Olympics_%E2%80%93_Women%27s_sprint,Q1222187,38489320,980
Q1222124,Short-track speed skating at the 2002 Winter Olympics – Women's 500 metres,https://en.wikipedia.org/wiki/Short-track_speed_skating_at_the_2002_Winter_Olympics_%E2%80%93_Women%27s_500_metres,Q1222124,41666407,886
Q2460802,Rowing at the 2008 Summer Olympics – Men's single sculls,https://en.wikipedia.org/wiki/Rowing_at_the_2008_Summer_Olympics_%E2%80%93_Men%27s_single_sculls,Q2460802,18662643,3391
Q2358214,Wrestling at the 2012 Summer Olympics – Men's freestyle 55 kg,https://en.wikipedia.org/wiki/Wrestling_at_the_2012_Summer_Olympics_%E2%80%93_Men%27s_freestyle_55_kg,Q2358214,34236547,354
Q637365,Athletics at the 1996 Summer Olympics – Men's decathlon,https://en.wikipedia.org/wiki/Athletics_at_the_1996_Summer_Olympics_%E2%80%93_Men%27s_decathlon,Q637365,10952205,1031
Q7674793,Taekwondo at the 2004 Summer Olympics – Women's 67 kg,https://en.wikipedia.org/wiki/Taekwondo_at_the_2004_Summer_Olympics_%E2%80%93_Women%27s_67_kg,Q7674793,11264984,395
Q22964450,Rowing at the 1996 Summer Olympics – Women's quadruple sculls,https://en.wikipedia.org/wiki/Rowing_at_the_1996_Summer_Olympics_%E2%80%93_Women%27s_quadruple_sculls,Q22964450,52235295,497
Q2521899,Equestrian at the 2012 Summer Olympics – Team eventing,https://en.wikipedia.org/wiki/Equestrian_at_the_2012_Summer_Olympics_%E2%80%93_Team_eventing,Q2521899,35779923,2619
Q970610,"Speed skating at the 1988 Winter Olympics – Men's 10,000 metres",https://en.wikipedia.org/wiki/Speed_skating_at_the_1988_Winter_Olympics_%E2%80%93_Men%27s_10%2C000_metres,Q970610,41835451,613
Q6303884,Judo at the 2000 Summer Olympics – Women's +78 kg,https://en.wikipedia.org/wiki/Judo_at_the_2000_Summer_Olympics_%E2%80%93_Women%27s_%2B78_kg,Q6303884,16238687,398
Q827175,Cross-country skiing at the 2006 Winter Olympics – Women's 4 × 5 kilometre relay,https://en.wikipedia.org/wiki/Cross-country_skiing_at_the_2006_Winter_Olympics_%E2%80%93_Women%27s_4_%C3%97_5_kilometre_relay,Q827175,23170777,545
Q7500822,Shooting at the 2000 Summer Olympics – Women's double trap,https://en.wikipedia.org/wiki/Shooting_at_the_2000_Summer_Olympics_%E2%80%93_Women%27s_double_trap,Q7500822,19263045,457
Q3499038,Wrestling at the 1992 Summer Olympics – Men's freestyle 68 kg,https://en.wikipedia.org/wiki/Wrestling_at_the_1992_Summer_Olympics_%E2%80%93_Men%27s_freestyle_68_kg,Q3499038,17431767,1002
Q956359,Cross-country skiing at the 2002 Winter Olympics – Men's 15 kilometre classical,https://en.wikipedia.org/wiki/Cross-country_skiing_at_the_2002_Winter_Olympics_%E2%80%93_Men%27s_15_kilometre_classical,Q956359,29662531,632
Q1222186,Biathlon at the 1994 Winter Olympics – Women's sprint,https://en.wikipedia.org/wiki/Biathlon_at_the_1994_Winter_Olympics_%E2%80%93_Women%27s_sprint,Q1222186,38489358,952
Q906117,Alpine skiing at the 2010 Winter Olympics – Men's slalom,https://en.wikipedia.org/wiki/Alpine_skiing_at_the_2010_Winter_Olympics_%E2%80%93_Men%27s_slalom,Q906117,24653719,1044
Q1222259,Luge at the 1998 Winter Olympics – Women's singles,https://en.wikipedia.org/wiki/Luge_at_the_1998_Winter_Olympics_%E2%80%93_Women%27s_singles,Q1222259,41712206,113
Q955688,Speed skating at the 1988 Winter Olympics – Men's 500 metres,https://en.wikipedia.org/wiki/Speed_skating_at_the_1988_Winter_Olympics_%E2%80%93_Men%27s_500_metres,Q955688,41835316,546
Q7656707,Swimming at the 1988 Summer Olympics – Women's 100 metre freestyle,https://en.wikipedia.org/wiki/Swimming_at_the_1988_Summer_Olympics_%E2%80%93_Women%27s_100_metre_freestyle,Q7656707,21591892,765
Q1222137,Short-track speed skating at the 1998 Winter Olympics – Women's 500 metres,https://en.wikipedia.org/wiki/Short-track_speed_skating_at_the_1998_Winter_Olympics_%E2%80%93_Women%27s_500_metres,Q1222137,41786522,927
Q7500809,Shooting at the 2000 Summer Olympics – Men's 50 metre pistol,https://en.wikipedia.org/wiki/Shooting_at_the_2000_Summer_Olympics_%E2%80%93_Men%27s_50_metre_pistol,Q7500809,19206932,1235
Q1222492,Freestyle skiing at the 1994 Winter Olympics – Women's moguls,https://en.wikipedia.org/wiki/Freestyle_skiing_at_the_1994_Winter_Olympics_%E2%80%93_Women%27s_moguls,Q1222492,41618172,433
Q1222654,Freestyle skiing at the 1994 Winter Olympics – Women's aerials,https://en.wikipedia.org/wiki/Freestyle_skiing_at_the_1994_Winter_Olympics_%E2%80%93_Women%27s_aerials,Q1222654,41618181,530
Q2358254,Wrestling at the 2012 Summer Olympics – Men's Greco-Roman 96 kg,https://en.wikipedia.org/wiki/Wrestling_at_the_2012_Summer_Olympics_%E2%80%93_Men%27s_Greco-Roman_96_kg,Q2358254,34236534,348
Q922361,Athletics at the 2008 Summer Olympics – Women's hammer throw,https://en.wikipedia.org/wiki/Athletics_at_the_2008_Summer_Olympics_%E2%80%93_Women%27s_hammer_throw,Q922361,18579358,1134
Q870651,Nordic combined at the 1998 Winter Olympics – Team,https://en.wikipedia.org/wiki/Nordic_combined_at_the_1998_Winter_Olympics_%E2%80%93_Team,Q870651,41784407,643
Q25384916,Fencing at the 2016 Summer Olympics – Men's team foil,https://en.wikipedia.org/wiki/Fencing_at_the_2016_Summer_Olympics_%E2%80%93_Men%27s_team_foil,Q25384916,46415372,283
Q6303861,Judo at the 1996 Summer Olympics – Men's 60 kg,https://en.wikipedia.org/wiki/Judo_at_the_1996_Summer_Olympics_%E2%80%93_Men%27s_60_kg,Q6303861,15575451,318
Q914969,Triathlon at the 2008 Summer Olympics – Women's,https://en.wikipedia.org/wiki/Triathlon_at_the_2008_Summer_Olympics_%E2%80%93_Women%27s,Q914969,19755874,1015
Q1222101,Biathlon at the 1998 Winter Olympics – Women's relay,https://en.wikipedia.org/wiki/Biathlon_at_the_1998_Winter_Olympics_%E2%80%93_Women%27s_relay,Q1222101,38489323,684
Q1438466,Athletics at the 1996 Summer Olympics – Men's pole vault,https://en.wikipedia.org/wiki/Athletics_at_the_1996_Summer_Olympics_%E2%80%93_Men%27s_pole_vault,Q1438466,10707287,1616
Q5198393,Cycling at the 2000 Summer Olympics – Women's sprint,https://en.wikipedia.org/wiki/Cycling_at_the_2000_Summer_Olympics_%E2%80%93_Women%27s_sprint,Q5198393,31945661,1696
Q840683,Tennis at the 2012 Summer Olympics – Mixed doubles,https://en.wikipedia.org/wiki/Tennis_at_the_2012_Summer_Olympics_%E2%80%93_Mixed_doubles,Q840683,36388617,1221
Q632742,Fencing at the 2000 Summer Olympics – Men's épée,https://en.wikipedia.org/wiki/Fencing_at_the_2000_Summer_Olympics_%E2%80%93_Men%27s_%C3%A9p%C3%A9e,Q632742,31872712,1042
Q1221912,Speed skating at the 1992 Winter Olympics – Women's 1500 metres,https://en.wikipedia.org/wiki/Speed_skating_at_the_1992_Winter_Olympics_%E2%80%93_Women%27s_1500_metres,Q1221912,41834990,518
Q1222549,Rowing at the 2008 Summer Olympics – Women's quadruple sculls,https://en.wikipedia.org/wiki/Rowing_at_the_2008_Summer_Olympics_%E2%80%93_Women%27s_quadruple_sculls,Q1222549,18662713,883
Q752428,Tennis at the 2008 Summer Olympics – Men's singles,https://en.wikipedia.org/wiki/Tennis_at_the_2008_Summer_Olympics_%E2%80%93_Men%27s_singles,Q752428,18666949,995
Q1193810,Chandramukhi,https://en.wikipedia.org/wiki/Chandramukhi,Q1193810,1114328,7034
Q7500741,Shooting at the 1988 Summer Olympics – Men's 10 metre air pistol,https://en.wikipedia.org/wiki/Shooting_at_the_1988_Summer_Olympics_%E2%80%93_Men%27s_10_metre_air_pistol,Q7500741,19537896,587
Q1222437,Alpine skiing at the 2002 Winter Olympics – Women's downhill,https://en.wikipedia.org/wiki/Alpine_skiing_at_the_2002_Winter_Olympics_%E2%80%93_Women%27s_downhill,Q1222437,26636427,693
Q7656701,Swimming at the 1988 Summer Olympics – Men's 50 metre freestyle,https://en.wikipedia.org/wiki/Swimming_at_the_1988_Summer_Olympics_%E2%80%93_Men%27s_50_metre_freestyle,Q7656701,21686432,1017
Q3499009,Wrestling at the 1988 Summer Olympics – Men's freestyle 130 kg,https://en.wikipedia.org/wiki/Wrestling_at_the_1988_Summer_Olympics_%E2%80%93_Men%27s_freestyle_130_kg,Q3499009,18530292,581
Q1005036,Swimming at the 2008 Summer Olympics – Men's 200 metre butterfly,https://en.wikipedia.org/wiki/Swimming_at_the_2008_Summer_Olympics_%E2%80%93_Men%27s_200_metre_butterfly,Q1005036,18624865,1098
Q15055029,Cross-country skiing at the 2014 Winter Olympics – Men's 50 kilometre freestyle,https://en.wikipedia.org/wiki/Cross-country_skiing_at_the_2014_Winter_Olympics_%E2%80%93_Men%27s_50_kilometre_freestyle,Q15055029,41553590,1127
Q3001452,Cycling at the 1988 Summer Olympics – Men's individual road race,https://en.wikipedia.org/wiki/Cycling_at_the_1988_Summer_Olympics_%E2%80%93_Men%27s_individual_road_race,Q3001452,10625124,924
Q7500830,Shooting at the 2004 Summer Olympics – Men's 25 metre rapid fire pistol,https://en.wikipedia.org/wiki/Shooting_at_the_2004_Summer_Olympics_%E2%80%93_Men%27s_25_metre_rapid_fire_pistol,Q7500830,2476979,1886
Q15055018,Cross-country skiing at the 2014 Winter Olympics – Women's 10 kilometre classical,https://en.wikipedia.org/wiki/Cross-country_skiing_at_the_2014_Winter_Olympics_%E2%80%93_Women%27s_10_kilometre_classical,Q15055018,41546669,1045
Q910720,Alpine skiing at the 2010 Winter Olympics – Men's combined,https://en.wikipedia.org/wiki/Alpine_skiing_at_the_2010_Winter_Olympics_%E2%80%93_Men%27s_combined,Q910720,24653705,900
Q962650,Equestrian at the 2012 Summer Olympics – Individual dressage,https://en.wikipedia.org/wiki/Equestrian_at_the_2012_Summer_Olympics_%E2%80%93_Individual_dressage,Q962650,35779758,1084
Q7500802,Shooting at the 1996 Summer Olympics – Women's 50 metre rifle three positions,https://en.wikipedia.org/wiki/Shooting_at_the_1996_Summer_Olympics_%E2%80%93_Women%27s_50_metre_rifle_three_positions,Q7500802,19302439,698
Q526793,Speed skating at the 1988 Winter Olympics – Women's 1500 metres,https://en.wikipedia.org/wiki/Speed_skating_at_the_1988_Winter_Olympics_%E2%80%93_Women%27s_1500_metres,Q526793,41835513,504
Q31843483,Equestrian at the 1988 Summer Olympics – Team jumping,https://en.wikipedia.org/wiki/Equestrian_at_the_1988_Summer_Olympics_%E2%80%93_Team_jumping,Q31843483,63847867,348
Q1222018,Cross-country skiing at the 1992 Winter Olympics – Women's 30 kilometre freestyle,https://en.wikipedia.org/wiki/Cross-country_skiing_at_the_1992_Winter_Olympics_%E2%80%93_Women%27s_30_kilometre_freestyle,Q1222018,59954031,720
Q7400345,Sailing at the 2004 Summer Olympics – Men's Mistral One Design,https://en.wikipedia.org/wiki/Sailing_at_the_2004_Summer_Olympics_%E2%80%93_Men%27s_Mistral_One_Design,Q7400345,41893172,210
Q940196,Shooting at the 2008 Summer Olympics – Men's 10 metre air pistol,https://en.wikipedia.org/wiki/Shooting_at_the_2008_Summer_Olympics_%E2%80%93_Men%27s_10_metre_air_pistol,Q940196,18639782,758
Q7500810,Shooting at the 2000 Summer Olympics – Men's 25 metre rapid fire pistol,https://en.wikipedia.org/wiki/Shooting_at_the_2000_Summer_Olympics_%E2%80%93_Men%27s_25_metre_rapid_fire_pistol,Q7500810,19207565,1507
Q4903025,Figure skating at the 2002 Winter Olympics – Pair skating,https://en.wikipedia.org/wiki/Figure_skating_at_the_2002_Winter_Olympics_%E2%80%93_Pair_skating,Q4903025,82159181,3882
Q30680431,Equestrian at the 1992 Summer Olympics – Individual dressage,https://en.wikipedia.org/wiki/Equestrian_at_the_1992_Summer_Olympics_%E2%80%93_Individual_dressage,Q30680431,53196889,690
Q7400325,Sailing at the 1996 Summer Olympics – Women's 470,https://en.wikipedia.org/wiki/Sailing_at_the_1996_Summer_Olympics_%E2%80%93_Women%27s_470,Q7400325,33105475,1278
Q746397,Snowboarding at the 2006 Winter Olympics – Men's parallel giant slalom,https://en.wikipedia.org/wiki/Snowboarding_at_the_2006_Winter_Olympics_%E2%80%93_Men%27s_parallel_giant_slalom,Q746397,12008869,661
Q1426854,Athletics at the 1996 Summer Olympics – Men's 800 metres,https://en.wikipedia.org/wiki/Athletics_at_the_1996_Summer_Olympics_%E2%80%93_Men%27s_800_metres,Q1426854,10854609,2323
Q7400340,Sailing at the 2004 Summer Olympics – Europe,https://en.wikipedia.org/wiki/Sailing_at_the_2004_Summer_Olympics_%E2%80%93_Europe,Q7400340,6709734,198
Q3046361,Cycling at the 2000 Summer Olympics – Women's individual pursuit,https://en.wikipedia.org/wiki/Cycling_at_the_2000_Summer_Olympics_%E2%80%93_Women%27s_individual_pursuit,Q3046361,31893308,469
Q848641,Luge at the 2010 Winter Olympics – Men's singles,https://en.wikipedia.org/wiki/Luge_at_the_2010_Winter_Olympics_%E2%80%93_Men%27s_singles,Q848641,25012240,3310
Q829370,Tennis at the 2012 Summer Olympics – Women's singles,https://en.wikipedia.org/wiki/Tennis_at_the_2012_Summer_Olympics_%E2%80%93_Women%27s_singles,Q829370,36355126,1139
Q635603,Speed skating at the 2002 Winter Olympics – Women's 5000 metres,https://en.wikipedia.org/wiki/Speed_skating_at_the_2002_Winter_Olympics_%E2%80%93_Women%27s_5000_metres,Q635603,26087680,522
Q3499066,Wrestling at the 1988 Summer Olympics – Men's freestyle 82 kg,https://en.wikipedia.org/wiki/Wrestling_at_the_1988_Summer_Olympics_%E2%80%93_Men%27s_freestyle_82_kg,Q3499066,18481682,781
Q782385,Figure skating at the 2006 Winter Olympics – Ice dance,https://en.wikipedia.org/wiki/Figure_skating_at_the_2006_Winter_Olympics_%E2%80%93_Ice_dance,Q782385,22202064,3341
Q7500832,Shooting at the 2004 Summer Olympics – Men's 50 metre rifle prone,https://en.wikipedia.org/wiki/Shooting_at_the_2004_Summer_Olympics_%E2%80%93_Men%27s_50_metre_rifle_prone,Q7500832,2994540,1218
Q1222251,Luge at the 1992 Winter Olympics – Women's singles,https://en.wikipedia.org/wiki/Luge_at_the_1992_Winter_Olympics_%E2%80%93_Women%27s_singles,Q1222251,41712430,193
Q6303859,Judo at the 1996 Summer Olympics – Men's 65 kg,https://en.wikipedia.org/wiki/Judo_at_the_1996_Summer_Olympics_%E2%80%93_Men%27s_65_kg,Q6303859,16184773,328
Q2558792,Sailing at the 2008 Summer Olympics – Women's RS:X,https://en.wikipedia.org/wiki/Sailing_at_the_2008_Summer_Olympics_%E2%80%93_Women%27s_RS%3AX,Q2558792,18674950,572
Q18728,Curling at the 2010 Winter Olympics – Men's tournament,https://en.wikipedia.org/wiki/Curling_at_the_2010_Winter_Olympics_%E2%80%93_Men%27s_tournament,Q18728,24317690,1293
Q736527,Shooting at the 2008 Summer Olympics – Women's 10 metre air pistol,https://en.wikipedia.org/wiki/Shooting_at_the_2008_Summer_Olympics_%E2%80%93_Women%27s_10_metre_air_pistol,Q736527,18653099,1192
Q24906792,Cycling at the 2016 Summer Olympics – Women's road time trial,https://en.wikipedia.org/wiki/Cycling_at_the_2016_Summer_Olympics_%E2%80%93_Women%27s_road_time_trial,Q24906792,40495485,719
Q7400344,Sailing at the 2004 Summer Olympics – Men's 470,https://en.wikipedia.org/wiki/Sailing_at_the_2004_Summer_Olympics_%E2%80%93_Men%27s_470,Q7400344,6709371,213
Q3390067,Weightlifting at the 1996 Summer Olympics – Men's 54 kg,https://en.wikipedia.org/wiki/Weightlifting_at_the_1996_Summer_Olympics_%E2%80%93_Men%27s_54_kg,Q3390067,16917060,697
Q22964444,Rowing at the 1992 Summer Olympics – Men's coxed pair,https://en.wikipedia.org/wiki/Rowing_at_the_1992_Summer_Olympics_%E2%80%93_Men%27s_coxed_pair,Q22964444,52235266,1889
Q4951843,Boxing at the 2000 Summer Olympics – Light middleweight,https://en.wikipedia.org/wiki/Boxing_at_the_2000_Summer_Olympics_%E2%80%93_Light_middleweight,Q4951843,37477575,588
Q1005262,Wrestling at the 2008 Summer Olympics – Men's freestyle 74 kg,https://en.wikipedia.org/wiki/Wrestling_at_the_2008_Summer_Olympics_%E2%80%93_Men%27s_freestyle_74_kg,Q1005262,18675108,412
Q2269694,Cycling at the 2012 Summer Olympics – Women's team sprint,https://en.wikipedia.org/wiki/Cycling_at_the_2012_Summer_Olympics_%E2%80%93_Women%27s_team_sprint,Q2269694,34666586,748
Q30680433,Equestrian at the 1988 Summer Olympics – Individual dressage,https://en.wikipedia.org/wiki/Equestrian_at_the_1988_Summer_Olympics_%E2%80%93_Individual_dressage,Q30680433,53186458,731
Q2410252,Sailing at the 2012 Summer Olympics – Finn,https://en.wikipedia.org/wiki/Sailing_at_the_2012_Summer_Olympics_%E2%80%93_Finn,Q2410252,35821018,1334
Q847592,Athletics at the 2008 Summer Olympics – Women's pole vault,https://en.wikipedia.org/wiki/Athletics_at_the_2008_Summer_Olympics_%E2%80%93_Women%27s_pole_vault,Q847592,18569185,1053
Q1222641,Alpine skiing at the 1988 Winter Olympics – Women's super-G,https://en.wikipedia.org/wiki/Alpine_skiing_at_the_1988_Winter_Olympics_%E2%80%93_Women%27s_super-G,Q1222641,41540837,796
Q2269716,Swimming at the 2012 Summer Olympics – Women's 200 metre breaststroke,https://en.wikipedia.org/wiki/Swimming_at_the_2012_Summer_Olympics_%E2%80%93_Women%27s_200_metre_breaststroke,Q2269716,34236434,1146
Q2634499,"Athletics at the 2004 Summer Olympics – Men's 10,000 metres",https://en.wikipedia.org/wiki/Athletics_at_the_2004_Summer_Olympics_%E2%80%93_Men%27s_10%2C000_metres,Q2634499,913293,663
Q905715,Alpine skiing at the 2010 Winter Olympics – Women's giant slalom,https://en.wikipedia.org/wiki/Alpine_skiing_at_the_2010_Winter_Olympics_%E2%80%93_Women%27s_giant_slalom,Q905715,24653760,1323
Q936622,Athletics at the 2004 Summer Olympics – Men's 20 kilometres walk,https://en.wikipedia.org/wiki/Athletics_at_the_2004_Summer_Olympics_%E2%80%93_Men%27s_20_kilometres_walk,Q936622,913307,1143
Q7400317,Sailing at the 1996 Summer Olympics – Europe,https://en.wikipedia.org/wiki/Sailing_at_the_1996_Summer_Olympics_%E2%80%93_Europe,Q7400317,33094764,1442
Q7400350,Sailing at the 2004 Summer Olympics – Yngling,https://en.wikipedia.org/wiki/Sailing_at_the_2004_Summer_Olympics_%E2%80%93_Yngling,Q7400350,6709791,220
Q15052022,Biathlon at the 2014 Winter Olympics – Women's mass start,https://en.wikipedia.org/wiki/Biathlon_at_the_2014_Winter_Olympics_%E2%80%93_Women%27s_mass_start,Q15052022,40627939,581
Q1426826,Athletics at the 2000 Summer Olympics – Men's decathlon,https://en.wikipedia.org/wiki/Athletics_at_the_2000_Summer_Olympics_%E2%80%93_Men%27s_decathlon,Q1426826,9148068,1792
Q919242,Canoeing at the 2012 Summer Olympics – Women's K-1 200 metres,https://en.wikipedia.org/wiki/Canoeing_at_the_2012_Summer_Olympics_%E2%80%93_Women%27s_K-1_200_metres,Q919242,35771871,881
Q901754,Tennis at the 1992 Summer Olympics – Men's singles,https://en.wikipedia.org/wiki/Tennis_at_the_1992_Summer_Olympics_%E2%80%93_Men%27s_singles,Q901754,3578793,696
Q853040,Athletics at the 2008 Summer Olympics – Women's 100 metres,https://en.wikipedia.org/wiki/Athletics_at_the_2008_Summer_Olympics_%E2%80%93_Women%27s_100_metres,Q853040,18568955,1451
Q1222257,Luge at the 1994 Winter Olympics – Women's singles,https://en.wikipedia.org/wiki/Luge_at_the_1994_Winter_Olympics_%E2%80%93_Women%27s_singles,Q1222257,41712388,221
Q919388,Canoeing at the 2012 Summer Olympics – Women's K-1 500 metres,https://en.wikipedia.org/wiki/Canoeing_at_the_2012_Summer_Olympics_%E2%80%93_Women%27s_K-1_500_metres,Q919388,35771877,902
Q15056224,Speed skating at the 2014 Winter Olympics – Women's 500 metres,https://en.wikipedia.org/wiki/Speed_skating_at_the_2014_Winter_Olympics_%E2%80%93_Women%27s_500_metres,Q15056224,41443071,1226
Q1005237,Wrestling at the 2008 Summer Olympics – Men's Greco-Roman 60 kg,https://en.wikipedia.org/wiki/Wrestling_at_the_2008_Summer_Olympics_%E2%80%93_Men%27s_Greco-Roman_60_kg,Q1005237,18675086,401
Q15055037,Cross-country skiing at the 2014 Winter Olympics – Women's 4 × 5 kilometre relay,https://en.wikipedia.org/wiki/Cross-country_skiing_at_the_2014_Winter_Olympics_%E2%80%93_Women%27s_4_%C3%97_5_kilometre_relay,Q15055037,41554108,635
Q7500798,Shooting at the 1996 Summer Olympics – Women's 10 metre air pistol,https://en.wikipedia.org/wiki/Shooting_at_the_1996_Summer_Olympics_%E2%80%93_Women%27s_10_metre_air_pistol,Q7500798,19344691,508
Q901122,Tennis at the 1992 Summer Olympics – Women's singles,https://en.wikipedia.org/wiki/Tennis_at_the_1992_Summer_Olympics_%E2%80%93_Women%27s_singles,Q901122,3674113,783
Q2303578,Taekwondo at the 2012 Summer Olympics – Women's 67 kg,https://en.wikipedia.org/wiki/Taekwondo_at_the_2012_Summer_Olympics_%E2%80%93_Women%27s_67_kg,Q2303578,34257149,342
Q1222203,Alpine skiing at the 1988 Winter Olympics – Women's combined,https://en.wikipedia.org/wiki/Alpine_skiing_at_the_1988_Winter_Olympics_%E2%80%93_Women%27s_combined,Q1222203,41540978,859
Q853023,Athletics at the 2008 Summer Olympics – Men's 20 kilometres walk,https://en.wikipedia.org/wiki/Athletics_at_the_2008_Summer_Olympics_%E2%80%93_Men%27s_20_kilometres_walk,Q853023,18579311,699
Q4786038,Archery at the 1988 Summer Olympics – Women's team,https://en.wikipedia.org/wiki/Archery_at_the_1988_Summer_Olympics_%E2%80%93_Women%27s_team,Q4786038,36076838,711
Q15055081,Snowboarding at the 2014 Winter Olympics – Men's halfpipe,https://en.wikipedia.org/wiki/Snowboarding_at_the_2014_Winter_Olympics_%E2%80%93_Men%27s_halfpipe,Q15055081,40844086,1118
Q7674779,Taekwondo at the 2000 Summer Olympics – Men's 68 kg,https://en.wikipedia.org/wiki/Taekwondo_at_the_2000_Summer_Olympics_%E2%80%93_Men%27s_68_kg,Q7674779,16826494,427
Q2451718,Table tennis at the 2012 Summer Olympics – Women's singles,https://en.wikipedia.org/wiki/Table_tennis_at_the_2012_Summer_Olympics_%E2%80%93_Women%27s_singles,Q2451718,36342949,591
Q7656727,Swimming at the 1988 Summer Olympics – Women's 50 metre freestyle,https://en.wikipedia.org/wiki/Swimming_at_the_1988_Summer_Olympics_%E2%80%93_Women%27s_50_metre_freestyle,Q7656727,21746902,764
Q25396733,Shooting at the 2016 Summer Olympics – Men's 10 metre air pistol,https://en.wikipedia.org/wiki/Shooting_at_the_2016_Summer_Olympics_%E2%80%93_Men%27s_10_metre_air_pistol,Q25396733,43777845,1360
Q1005660,Taekwondo at the 2008 Summer Olympics – Men's +80 kg,https://en.wikipedia.org/wiki/Taekwondo_at_the_2008_Summer_Olympics_%E2%80%93_Men%27s_%2B80_kg,Q1005660,18661887,640
Q7500799,Shooting at the 1996 Summer Olympics – Women's 10 metre air rifle,https://en.wikipedia.org/wiki/Shooting_at_the_1996_Summer_Olympics_%E2%80%93_Women%27s_10_metre_air_rifle,Q7500799,19306288,577
Q916724,Cross-country skiing at the 2010 Winter Olympics – Men's 50 kilometre classical,https://en.wikipedia.org/wiki/Cross-country_skiing_at_the_2010_Winter_Olympics_%E2%80%93_Men%27s_50_kilometre_classical,Q916724,24934571,1202
Q1001497,Sailing at the 2008 Summer Olympics – Finn,https://en.wikipedia.org/wiki/Sailing_at_the_2008_Summer_Olympics_%E2%80%93_Finn,Q1001497,18674924,533
Q2268100,Shooting at the 2012 Summer Olympics – Men's skeet,https://en.wikipedia.org/wiki/Shooting_at_the_2012_Summer_Olympics_%E2%80%93_Men%27s_skeet,Q2268100,36508031,790
Q1005434,Canoeing at the 2012 Summer Olympics – Men's K-1 200 metres,https://en.wikipedia.org/wiki/Canoeing_at_the_2012_Summer_Olympics_%E2%80%93_Men%27s_K-1_200_metres,Q1005434,35771822,803
Q917743,Alpine skiing at the 2006 Winter Olympics – Men's slalom,https://en.wikipedia.org/wiki/Alpine_skiing_at_the_2006_Winter_Olympics_%E2%80%93_Men%27s_slalom,Q917743,4350818,950
Q15055079,Snowboarding at the 2014 Winter Olympics – Women's halfpipe,https://en.wikipedia.org/wiki/Snowboarding_at_the_2014_Winter_Olympics_%E2%80%93_Women%27s_halfpipe,Q15055079,40844091,976
Q1360804,Archery at the 2008 Summer Olympics – Women's individual,https://en.wikipedia.org/wiki/Archery_at_the_2008_Summer_Olympics_%E2%80%93_Women%27s_individual,Q1360804,18454995,1499
Q1222176,Biathlon at the 2002 Winter Olympics – Women's sprint,https://en.wikipedia.org/wiki/Biathlon_at_the_2002_Winter_Olympics_%E2%80%93_Women%27s_sprint,Q1222176,38444805,1552
Q2723756,Athletics at the 2004 Summer Olympics – Women's 5000 metres,https://en.wikipedia.org/wiki/Athletics_at_the_2004_Summer_Olympics_%E2%80%93_Women%27s_5000_metres,Q2723756,913291,1092
Q963453,Gymnastics at the 1996 Summer Olympics – Women's artistic team all-around,https://en.wikipedia.org/wiki/Gymnastics_at_the_1996_Summer_Olympics_%E2%80%93_Women%27s_artistic_team_all-around,Q963453,23982676,479
Q1222165,Cross-country skiing at the 1992 Winter Olympics – Women's 5 kilometre classical,https://en.wikipedia.org/wiki/Cross-country_skiing_at_the_1992_Winter_Olympics_%E2%80%93_Women%27s_5_kilometre_classical,Q1222165,56630471,657
Q2390636,Canoeing at the 2012 Summer Olympics – Men's C-1 200 metres,https://en.wikipedia.org/wiki/Canoeing_at_the_2012_Summer_Olympics_%E2%80%93_Men%27s_C-1_200_metres,Q2390636,35771755,898
Q767959,Wrestling at the 2012 Summer Olympics – Men's freestyle 96 kg,https://en.wikipedia.org/wiki/Wrestling_at_the_2012_Summer_Olympics_%E2%80%93_Men%27s_freestyle_96_kg,Q767959,34236555,363
Q683164,Swimming at the 2008 Summer Olympics – Men's 400 metre individual medley,https://en.wikipedia.org/wiki/Swimming_at_the_2008_Summer_Olympics_%E2%80%93_Men%27s_400_metre_individual_medley,Q683164,18624901,782
Q2380135,Weightlifting at the 2012 Summer Olympics – Women's 63 kg,https://en.wikipedia.org/wiki/Weightlifting_at_the_2012_Summer_Olympics_%E2%80%93_Women%27s_63_kg,Q2380135,34655440,544
Q339188,Speed skating at the 1992 Winter Olympics – Women's 500 metres,https://en.wikipedia.org/wiki/Speed_skating_at_the_1992_Winter_Olympics_%E2%80%93_Women%27s_500_metres,Q339188,41834928,508
Q3499941,Wrestling at the 1988 Summer Olympics – Men's Greco-Roman 62 kg,https://en.wikipedia.org/wiki/Wrestling_at_the_1988_Summer_Olympics_%E2%80%93_Men%27s_Greco-Roman_62_kg,Q3499941,18544612,597
Q241789,Weightlifting at the 2012 Summer Olympics – Women's 53 kg,https://en.wikipedia.org/wiki/Weightlifting_at_the_2012_Summer_Olympics_%E2%80%93_Women%27s_53_kg,Q241789,34655445,718
Q1222108,Speed skating at the 1998 Winter Olympics – Women's 5000 metres,https://en.wikipedia.org/wiki/Speed_skating_at_the_1998_Winter_Olympics_%E2%80%93_Women%27s_5000_metres,Q1222108,41833721,400
Q7656716,Swimming at the 1988 Summer Olympics – Women's 200 metre butterfly,https://en.wikipedia.org/wiki/Swimming_at_the_1988_Summer_Olympics_%E2%80%93_Women%27s_200_metre_butterfly,Q7656716,25646483,543
Q15055001,Alpine skiing at the 2014 Winter Olympics – Men's giant slalom,https://en.wikipedia.org/wiki/Alpine_skiing_at_the_2014_Winter_Olympics_%E2%80%93_Men%27s_giant_slalom,Q15055001,40627556,1227
Q947678,Athletics at the 2008 Summer Olympics – Women's 20 kilometres walk,https://en.wikipedia.org/wiki/Athletics_at_the_2008_Summer_Olympics_%E2%80%93_Women%27s_20_kilometres_walk,Q947678,18579306,720
Q1005606,Shooting at the 2008 Summer Olympics – Men's 10 metre air rifle,https://en.wikipedia.org/wiki/Shooting_at_the_2008_Summer_Olympics_%E2%80%93_Men%27s_10_metre_air_rifle,Q1005606,18639199,1275
Q7656720,Swimming at the 1988 Summer Olympics – Women's 400 metre freestyle,https://en.wikipedia.org/wiki/Swimming_at_the_1988_Summer_Olympics_%E2%80%93_Women%27s_400_metre_freestyle,Q7656720,22603572,626
Q782722,Sailing at the 2012 Summer Olympics – 49er,https://en.wikipedia.org/wiki/Sailing_at_the_2012_Summer_Olympics_%E2%80%93_49er,Q782722,35821062,417
Q3498614,Wrestling at the 1992 Summer Olympics – Men's freestyle 62 kg,https://en.wikipedia.org/wiki/Wrestling_at_the_1992_Summer_Olympics_%E2%80%93_Men%27s_freestyle_62_kg,Q3498614,17421393,1079
Q275887,Cycling at the 1996 Summer Olympics – Men's time trial,https://en.wikipedia.org/wiki/Cycling_at_the_1996_Summer_Olympics_%E2%80%93_Men%27s_time_trial,Q275887,11187984,447
Q15021060,Biathlon at the 2014 Winter Olympics – Men's individual,https://en.wikipedia.org/wiki/Biathlon_at_the_2014_Winter_Olympics_%E2%80%93_Men%27s_individual,Q15021060,40627880,1314
Q7656713,Swimming at the 1988 Summer Olympics – Women's 200 metre backstroke,https://en.wikipedia.org/wiki/Swimming_at_the_1988_Summer_Olympics_%E2%80%93_Women%27s_200_metre_backstroke,Q7656713,25633990,629
Q1221812,Short-track speed skating at the 1998 Winter Olympics – Women's 1000 metres,https://en.wikipedia.org/wiki/Short-track_speed_skating_at_the_1998_Winter_Olympics_%E2%80%93_Women%27s_1000_metres,Q1221812,41786454,830
Q6303882,Judo at the 2000 Summer Olympics – Men's 90 kg,https://en.wikipedia.org/wiki/Judo_at_the_2000_Summer_Olympics_%E2%80%93_Men%27s_90_kg,Q6303882,15533814,425
Q220386,Cross-country skiing at the 2010 Winter Olympics – Women's 15 kilometre pursuit,https://en.wikipedia.org/wiki/Cross-country_skiing_at_the_2010_Winter_Olympics_%E2%80%93_Women%27s_15_kilometre_pursuit,Q220386,24959896,506
Q938791,Short-track speed skating at the 2010 Winter Olympics – Men's 1000 metres,https://en.wikipedia.org/wiki/Short-track_speed_skating_at_the_2010_Winter_Olympics_%E2%80%93_Men%27s_1000_metres,Q938791,25309639,460
Q1005363,Cycling at the 2008 Summer Olympics – Men's sprint,https://en.wikipedia.org/wiki/Cycling_at_the_2008_Summer_Olympics_%E2%80%93_Men%27s_sprint,Q1005363,18666538,2798
Q7400316,Sailing at the 1996 Summer Olympics – Finn,https://en.wikipedia.org/wiki/Sailing_at_the_1996_Summer_Olympics_%E2%80%93_Finn,Q7400316,33087106,1430
Q1005614,Cycling at the 2008 Summer Olympics – Men's Madison,https://en.wikipedia.org/wiki/Cycling_at_the_2008_Summer_Olympics_%E2%80%93_Men%27s_Madison,Q1005614,18666528,408
Q7500834,Shooting at the 2004 Summer Olympics – Men's skeet,https://en.wikipedia.org/wiki/Shooting_at_the_2004_Summer_Olympics_%E2%80%93_Men%27s_skeet,Q7500834,3549415,1007
Q927660,Tennis at the 1996 Summer Olympics – Men's singles,https://en.wikipedia.org/wiki/Tennis_at_the_1996_Summer_Olympics_%E2%80%93_Men%27s_singles,Q927660,3928477,832
Q629871,Nordic combined at the 2006 Winter Olympics – Individual Gundersen,https://en.wikipedia.org/wiki/Nordic_combined_at_the_2006_Winter_Olympics_%E2%80%93_Individual_Gundersen,Q629871,23099961,1437
Q848278,Athletics at the 2008 Summer Olympics – Women's shot put,https://en.wikipedia.org/wiki/Athletics_at_the_2008_Summer_Olympics_%E2%80%93_Women%27s_shot_put,Q848278,18579328,952
Q310960,Brad Bird,https://en.wikipedia.org/wiki/Brad_Bird,Q310960,1195387,8102
Q916711,Cross-country skiing at the 2010 Winter Olympics – Men's team sprint,https://en.wikipedia.org/wiki/Cross-country_skiing_at_the_2010_Winter_Olympics_%E2%80%93_Men%27s_team_sprint,Q916711,24947533,662
Q2196657,Weightlifting at the 2012 Summer Olympics – Men's 85 kg,https://en.wikipedia.org/wiki/Weightlifting_at_the_2012_Summer_Olympics_%E2%80%93_Men%27s_85_kg,Q2196657,34655019,895
Q15056222,Speed skating at the 2014 Winter Olympics – Men's 1500 metres,https://en.wikipedia.org/wiki/Speed_skating_at_the_2014_Winter_Olympics_%E2%80%93_Men%27s_1500_metres,Q15056222,41442746,1175
Q1222134,Short-track speed skating at the 1992 Winter Olympics – Women's 500 metres,https://en.wikipedia.org/wiki/Short-track_speed_skating_at_the_1992_Winter_Olympics_%E2%80%93_Women%27s_500_metres,Q1222134,41666599,695
Q1346374,Shooting at the 2008 Summer Olympics – Men's 50 metre rifle three positions,https://en.wikipedia.org/wiki/Shooting_at_the_2008_Summer_Olympics_%E2%80%93_Men%27s_50_metre_rifle_three_positions,Q1346374,18639692,2567
Q903439,Athletics at the 2008 Summer Olympics – Men's pole vault,https://en.wikipedia.org/wiki/Athletics_at_the_2008_Summer_Olympics_%E2%80%93_Men%27s_pole_vault,Q903439,18569165,2068
Q25455359,Canoeing at the 2016 Summer Olympics – Men's K-1 1000 metres,https://en.wikipedia.org/wiki/Canoeing_at_the_2016_Summer_Olympics_%E2%80%93_Men%27s_K-1_1000_metres,Q25455359,45534778,819
Q905555,Swimming at the 2012 Summer Olympics – Men's 200 metre breaststroke,https://en.wikipedia.org/wiki/Swimming_at_the_2012_Summer_Olympics_%E2%80%93_Men%27s_200_metre_breaststroke,Q905555,34236430,1077
Q727488,Cycling at the 2008 Summer Olympics – Men's road time trial,https://en.wikipedia.org/wiki/Cycling_at_the_2008_Summer_Olympics_%E2%80%93_Men%27s_road_time_trial,Q727488,18664195,1032
Q1222209,Alpine skiing at the 1992 Winter Olympics – Women's combined,https://en.wikipedia.org/wiki/Alpine_skiing_at_the_1992_Winter_Olympics_%E2%80%93_Women%27s_combined,Q1222209,41540150,879
Q2353509,Shooting at the 2012 Summer Olympics – Women's trap,https://en.wikipedia.org/wiki/Shooting_at_the_2012_Summer_Olympics_%E2%80%93_Women%27s_trap,Q2353509,36507991,602
Q15052019,Biathlon at the 2014 Winter Olympics – Women's individual,https://en.wikipedia.org/wiki/Biathlon_at_the_2014_Winter_Olympics_%E2%80%93_Women%27s_individual,Q15052019,40627923,1032
Q531844,Nordic combined at the 2006 Winter Olympics – Sprint,https://en.wikipedia.org/wiki/Nordic_combined_at_the_2006_Winter_Olympics_%E2%80%93_Sprint,Q531844,23068711,1296
Q1004896,Weightlifting at the 2008 Summer Olympics – Men's 105 kg,https://en.wikipedia.org/wiki/Weightlifting_at_the_2008_Summer_Olympics_%E2%80%93_Men%27s_105_kg,Q1004896,18534152,757
Q1222646,Alpine skiing at the 1998 Winter Olympics – Women's super-G,https://en.wikipedia.org/wiki/Alpine_skiing_at_the_1998_Winter_Olympics_%E2%80%93_Women%27s_super-G,Q1222646,41141631,938
Q916771,Speed skating at the 2010 Winter Olympics – Women's 5000 metres,https://en.wikipedia.org/wiki/Speed_skating_at_the_2010_Winter_Olympics_%E2%80%93_Women%27s_5000_metres,Q916771,25346753,345
Q276040,Cycling at the 1996 Summer Olympics – Women's time trial,https://en.wikipedia.org/wiki/Cycling_at_the_1996_Summer_Olympics_%E2%80%93_Women%27s_time_trial,Q276040,11188798,398
Q905659,Biathlon at the 2010 Winter Olympics – Men's individual,https://en.wikipedia.org/wiki/Biathlon_at_the_2010_Winter_Olympics_%E2%80%93_Men%27s_individual,Q905659,24688838,1010
Q1222066,Cross-country skiing at the 2002 Winter Olympics – Women's 4 × 5 kilometre relay,https://en.wikipedia.org/wiki/Cross-country_skiing_at_the_2002_Winter_Olympics_%E2%80%93_Women%27s_4_%C3%97_5_kilometre_relay,Q1222066,30759457,608
Q7979973,Weightlifting at the 1992 Summer Olympics – Men's 60 kg,https://en.wikipedia.org/wiki/Weightlifting_at_the_1992_Summer_Olympics_%E2%80%93_Men%27s_60_kg,Q7979973,32851611,781
Q25386262,Fencing at the 2016 Summer Olympics – Men's épée,https://en.wikipedia.org/wiki/Fencing_at_the_2016_Summer_Olympics_%E2%80%93_Men%27s_%C3%A9p%C3%A9e,Q25386262,46415369,1168
Q31843481,Equestrian at the 1988 Summer Olympics – Individual eventing,https://en.wikipedia.org/wiki/Equestrian_at_the_1988_Summer_Olympics_%E2%80%93_Individual_eventing,Q31843481,56057712,1348
Q7500753,Shooting at the 1988 Summer Olympics – Women's 10 metre air rifle,https://en.wikipedia.org/wiki/Shooting_at_the_1988_Summer_Olympics_%E2%80%93_Women%27s_10_metre_air_rifle,Q7500753,19610551,520
Q938779,Short-track speed skating at the 2010 Winter Olympics – Women's 500 metres,https://en.wikipedia.org/wiki/Short-track_speed_skating_at_the_2010_Winter_Olympics_%E2%80%93_Women%27s_500_metres,Q938779,25309516,622
Q7400318,Sailing at the 1996 Summer Olympics – Laser,https://en.wikipedia.org/wiki/Sailing_at_the_1996_Summer_Olympics_%E2%80%93_Laser,Q7400318,33103721,2458
Q7656726,Swimming at the 1988 Summer Olympics – Women's 800 metre freestyle,https://en.wikipedia.org/wiki/Swimming_at_the_1988_Summer_Olympics_%E2%80%93_Women%27s_800_metre_freestyle,Q7656726,22616084,494
Q3498949,Wrestling at the 1992 Summer Olympics – Men's Greco-Roman 62 kg,https://en.wikipedia.org/wiki/Wrestling_at_the_1992_Summer_Olympics_%E2%80%93_Men%27s_Greco-Roman_62_kg,Q3498949,17893696,1000
Q1426670,Athletics at the 1996 Summer Olympics – Men's javelin throw,https://en.wikipedia.org/wiki/Athletics_at_the_1996_Summer_Olympics_%E2%80%93_Men%27s_javelin_throw,Q1426670,10832093,816
Q1433072,Athletics at the 2004 Summer Olympics – Men's discus throw,https://en.wikipedia.org/wiki/Athletics_at_the_2004_Summer_Olympics_%E2%80%93_Men%27s_discus_throw,Q1433072,913333,1854
Q5198385,Cycling at the 2000 Summer Olympics – Men's individual pursuit,https://en.wikipedia.org/wiki/Cycling_at_the_2000_Summer_Olympics_%E2%80%93_Men%27s_individual_pursuit,Q5198385,31350712,454
Q280553,Biathlon at the 2002 Winter Olympics – Men's pursuit,https://en.wikipedia.org/wiki/Biathlon_at_the_2002_Winter_Olympics_%E2%80%93_Men%27s_pursuit,Q280553,38444601,1737
Q15052014,Biathlon at the 2014 Winter Olympics – Men's relay,https://en.wikipedia.org/wiki/Biathlon_at_the_2014_Winter_Olympics_%E2%80%93_Men%27s_relay,Q15052014,40627909,687
Q7500838,Shooting at the 2004 Summer Olympics – Women's 25 metre pistol,https://en.wikipedia.org/wiki/Shooting_at_the_2004_Summer_Olympics_%E2%80%93_Women%27s_25_metre_pistol,Q7500838,2482604,1185
Q1432033,Athletics at the 2000 Summer Olympics – Women's pole vault,https://en.wikipedia.org/wiki/Athletics_at_the_2000_Summer_Olympics_%E2%80%93_Women%27s_pole_vault,Q1432033,15313172,1119
Q7500750,Shooting at the 1988 Summer Olympics – Mixed trap,https://en.wikipedia.org/wiki/Shooting_at_the_1988_Summer_Olympics_%E2%80%93_Mixed_trap,Q7500750,19970528,1541
Q850209,Short-track speed skating at the 2006 Winter Olympics – Men's 500 metres,https://en.wikipedia.org/wiki/Short-track_speed_skating_at_the_2006_Winter_Olympics_%E2%80%93_Men%27s_500_metres,Q850209,22929180,906
Q7500804,Shooting at the 1996 Summer Olympics – Women's double trap,https://en.wikipedia.org/wiki/Shooting_at_the_1996_Summer_Olympics_%E2%80%93_Women%27s_double_trap,Q7500804,19357217,402
Q7400335,Sailing at the 2000 Summer Olympics – Tornado,https://en.wikipedia.org/wiki/Sailing_at_the_2000_Summer_Olympics_%E2%80%93_Tornado,Q7400335,37599466,658
Q7674778,Taekwondo at the 2000 Summer Olympics – Men's 80 kg,https://en.wikipedia.org/wiki/Taekwondo_at_the_2000_Summer_Olympics_%E2%80%93_Men%27s_80_kg,Q7674778,16828997,419
Q917760,Alpine skiing at the 2006 Winter Olympics – Women's super-G,https://en.wikipedia.org/wiki/Alpine_skiing_at_the_2006_Winter_Olympics_%E2%80%93_Women%27s_super-G,Q917760,4140705,984
Q7400322,Sailing at the 1996 Summer Olympics – Soling,https://en.wikipedia.org/wiki/Sailing_at_the_1996_Summer_Olympics_%E2%80%93_Soling,Q7400322,33108284,513
Q15055011,Alpine skiing at the 2014 Winter Olympics – Women's super-G,https://en.wikipedia.org/wiki/Alpine_skiing_at_the_2014_Winter_Olympics_%E2%80%93_Women%27s_super-G,Q15055011,40627584,877
Q750803,Freestyle skiing at the 2002 Winter Olympics – Men's moguls,https://en.wikipedia.org/wiki/Freestyle_skiing_at_the_2002_Winter_Olympics_%E2%80%93_Men%27s_moguls,Q750803,29949636,498
Q942846,Athletics at the 1996 Summer Olympics – Women's 400 metres,https://en.wikipedia.org/wiki/Athletics_at_the_1996_Summer_Olympics_%E2%80%93_Women%27s_400_metres,Q942846,10962033,1156
Q7674788,Taekwondo at the 2004 Summer Olympics – Men's +80 kg,https://en.wikipedia.org/wiki/Taekwondo_at_the_2004_Summer_Olympics_%E2%80%93_Men%27s_%2B80_kg,Q7674788,11263392,392
Q4951837,Boxing at the 2000 Summer Olympics – Bantamweight,https://en.wikipedia.org/wiki/Boxing_at_the_2000_Summer_Olympics_%E2%80%93_Bantamweight,Q4951837,37473995,574
Q1202903,Archery at the 2008 Summer Olympics – Men's individual,https://en.wikipedia.org/wiki/Archery_at_the_2008_Summer_Olympics_%E2%80%93_Men%27s_individual,Q1202903,18454816,1148
Q4786045,Archery at the 1992 Summer Olympics – Women's team,https://en.wikipedia.org/wiki/Archery_at_the_1992_Summer_Olympics_%E2%80%93_Women%27s_team,Q4786045,15989246,464
Q850196,Freestyle skiing at the 2006 Winter Olympics – Women's moguls,https://en.wikipedia.org/wiki/Freestyle_skiing_at_the_2006_Winter_Olympics_%E2%80%93_Women%27s_moguls,Q850196,4040036,493
Q15055087,Snowboarding at the 2014 Winter Olympics – Men's parallel slalom,https://en.wikipedia.org/wiki/Snowboarding_at_the_2014_Winter_Olympics_%E2%80%93_Men%27s_parallel_slalom,Q15055087,40829758,706
Q302701,Figure skating at the 2006 Winter Olympics – Ladies' singles,https://en.wikipedia.org/wiki/Figure_skating_at_the_2006_Winter_Olympics_%E2%80%93_Ladies%27_singles,Q302701,22202130,2967
Q7979969,Weightlifting at the 1992 Summer Olympics – Men's 110 kg,https://en.wikipedia.org/wiki/Weightlifting_at_the_1992_Summer_Olympics_%E2%80%93_Men%27s_110_kg,Q7979969,32954037,664
Q776835,Biathlon at the 2010 Winter Olympics – Women's relay,https://en.wikipedia.org/wiki/Biathlon_at_the_2010_Winter_Olympics_%E2%80%93_Women%27s_relay,Q776835,24688906,844
Q6303889,Judo at the 2000 Summer Olympics – Women's 78 kg,https://en.wikipedia.org/wiki/Judo_at_the_2000_Summer_Olympics_%E2%80%93_Women%27s_78_kg,Q6303889,16234971,392
Q5198392,Cycling at the 2000 Summer Olympics – Women's points race,https://en.wikipedia.org/wiki/Cycling_at_the_2000_Summer_Olympics_%E2%80%93_Women%27s_points_race,Q5198392,32079670,366
Q7500807,Shooting at the 2000 Summer Olympics – Men's 10 metre running target,https://en.wikipedia.org/wiki/Shooting_at_the_2000_Summer_Olympics_%E2%80%93_Men%27s_10_metre_running_target,Q7500807,19218877,424
Q4951842,Boxing at the 2000 Summer Olympics – Light heavyweight,https://en.wikipedia.org/wiki/Boxing_at_the_2000_Summer_Olympics_%E2%80%93_Light_heavyweight,Q4951842,37482570,661
Q1339098,Taekwondo at the 2012 Summer Olympics – Men's +80 kg,https://en.wikipedia.org/wiki/Taekwondo_at_the_2012_Summer_Olympics_%E2%80%93_Men%27s_%2B80_kg,Q1339098,34257133,347
Q946243,Ski jumping at the 2002 Winter Olympics – Large hill individual,https://en.wikipedia.org/wiki/Ski_jumping_at_the_2002_Winter_Olympics_%E2%80%93_Large_hill_individual,Q946243,29738081,1325
Q7500814,Shooting at the 2000 Summer Olympics – Men's double trap,https://en.wikipedia.org/wiki/Shooting_at_the_2000_Summer_Olympics_%E2%80%93_Men%27s_double_trap,Q7500814,19217751,537
Q843860,Biathlon at the 2010 Winter Olympics – Women's pursuit,https://en.wikipedia.org/wiki/Biathlon_at_the_2010_Winter_Olympics_%E2%80%93_Women%27s_pursuit,Q843860,24688896,1204
Q220866,Tennis at the 2008 Summer Olympics – Women's doubles,https://en.wikipedia.org/wiki/Tennis_at_the_2008_Summer_Olympics_%E2%80%93_Women%27s_doubles,Q220866,18666965,460
Q1222238,Luge at the 2002 Winter Olympics – Women's singles,https://en.wikipedia.org/wiki/Luge_at_the_2002_Winter_Olympics_%E2%80%93_Women%27s_singles,Q1222238,26297622,677
Q830711,"Athletics at the 2008 Summer Olympics – Men's 10,000 metres",https://en.wikipedia.org/wiki/Athletics_at_the_2008_Summer_Olympics_%E2%80%93_Men%27s_10%2C000_metres,Q830711,18578871,662
Q25384919,Fencing at the 2016 Summer Olympics – Women's team sabre,https://en.wikipedia.org/wiki/Fencing_at_the_2016_Summer_Olympics_%E2%80%93_Women%27s_team_sabre,Q25384919,46415384,326
Q1426809,Athletics at the 2000 Summer Olympics – Women's javelin throw,https://en.wikipedia.org/wiki/Athletics_at_the_2000_Summer_Olympics_%E2%80%93_Women%27s_javelin_throw,Q1426809,24930214,1162
Q905561,Freestyle skiing at the 2010 Winter Olympics – Women's moguls,https://en.wikipedia.org/wiki/Freestyle_skiing_at_the_2010_Winter_Olympics_%E2%80%93_Women%27s_moguls,Q905561,25308946,895
Q3499898,Wrestling at the 1988 Summer Olympics – Men's freestyle 52 kg,https://en.wikipedia.org/wiki/Wrestling_at_the_1988_Summer_Olympics_%E2%80%93_Men%27s_freestyle_52_kg,Q3499898,18234036,792
Q4471528,Beach volleyball at the 2008 Summer Olympics – Men's tournament,https://en.wikipedia.org/wiki/Beach_volleyball_at_the_2008_Summer_Olympics_%E2%80%93_Men%27s_tournament,Q4471528,18552937,2157
Q853049,"Athletics at the 2008 Summer Olympics – Women's 10,000 metres",https://en.wikipedia.org/wiki/Athletics_at_the_2008_Summer_Olympics_%E2%80%93_Women%27s_10%2C000_metres,Q853049,18578877,847
Q2362858,Cycling at the 2012 Summer Olympics – Women's BMX,https://en.wikipedia.org/wiki/Cycling_at_the_2012_Summer_Olympics_%E2%80%93_Women%27s_BMX,Q2362858,35702571,710
Q784131,Swimming at the 2008 Summer Olympics – Women's 200 metre individual medley,https://en.wikipedia.org/wiki/Swimming_at_the_2008_Summer_Olympics_%E2%80%93_Women%27s_200_metre_individual_medley,Q784131,18625598,1171
Q108006,Speed (1994 film),https://en.wikipedia.org/wiki/Speed_%281994_film%29,Q108006,99123,6334
Q1202770,Cycling at the 2008 Summer Olympics – Men's individual pursuit,https://en.wikipedia.org/wiki/Cycling_at_the_2008_Summer_Olympics_%E2%80%93_Men%27s_individual_pursuit,Q1202770,18666541,998
Q7400332,Sailing at the 2000 Summer Olympics – Women's Mistral One Design,https://en.wikipedia.org/wiki/Sailing_at_the_2000_Summer_Olympics_%E2%80%93_Women%27s_Mistral_One_Design,Q7400332,37536122,203
Q853072,Athletics at the 2008 Summer Olympics – Men's 5000 metres,https://en.wikipedia.org/wiki/Athletics_at_the_2008_Summer_Olympics_%E2%80%93_Men%27s_5000_metres,Q853072,18569383,745
Q1222080,Cross-country skiing at the 1988 Winter Olympics – Women's 4 × 5 kilometre relay,https://en.wikipedia.org/wiki/Cross-country_skiing_at_the_1988_Winter_Olympics_%E2%80%93_Women%27s_4_%C3%97_5_kilometre_relay,Q1222080,56630037,402
Q1004892,Swimming at the 2008 Summer Olympics – Men's 100 metre breaststroke,https://en.wikipedia.org/wiki/Swimming_at_the_2008_Summer_Olympics_%E2%80%93_Men%27s_100_metre_breaststroke,Q1004892,18624773,1532
Q1005294,Wrestling at the 2008 Summer Olympics – Men's Greco-Roman 96 kg,https://en.wikipedia.org/wiki/Wrestling_at_the_2008_Summer_Olympics_%E2%80%93_Men%27s_Greco-Roman_96_kg,Q1005294,18675082,404
Q1222173,Cross-country skiing at the 1994 Winter Olympics – Women's 5 kilometre classical,https://en.wikipedia.org/wiki/Cross-country_skiing_at_the_1994_Winter_Olympics_%E2%80%93_Women%27s_5_kilometre_classical,Q1222173,56632837,829
Q4951841,Boxing at the 2000 Summer Olympics – Light flyweight,https://en.wikipedia.org/wiki/Boxing_at_the_2000_Summer_Olympics_%E2%80%93_Light_flyweight,Q4951841,37473414,632
Q1222255,Luge at the 1988 Winter Olympics – Women's singles,https://en.wikipedia.org/wiki/Luge_at_the_1988_Winter_Olympics_%E2%80%93_Women%27s_singles,Q1222255,41712475,121
Q962842,Shooting at the 2008 Summer Olympics – Women's trap,https://en.wikipedia.org/wiki/Shooting_at_the_2008_Summer_Olympics_%E2%80%93_Women%27s_trap,Q962842,18653474,683
Q977229,Beach volleyball at the 2008 Summer Olympics – Women's tournament,https://en.wikipedia.org/wiki/Beach_volleyball_at_the_2008_Summer_Olympics_%E2%80%93_Women%27s_tournament,Q977229,18539638,2354
Q1222483,Freestyle skiing at the 2002 Winter Olympics – Women's moguls,https://en.wikipedia.org/wiki/Freestyle_skiing_at_the_2002_Winter_Olympics_%E2%80%93_Women%27s_moguls,Q1222483,29952140,404
Q963481,Gymnastics at the 1996 Summer Olympics – Women's artistic individual all-around,https://en.wikipedia.org/wiki/Gymnastics_at_the_1996_Summer_Olympics_%E2%80%93_Women%27s_artistic_individual_all-around,Q963481,23982617,849
Q1221867,Biathlon at the 2002 Winter Olympics – Women's pursuit,https://en.wikipedia.org/wiki/Biathlon_at_the_2002_Winter_Olympics_%E2%80%93_Women%27s_pursuit,Q1221867,38444829,1879
Q5198382,Cycling at the 1992 Summer Olympics – Men's track time trial,https://en.wikipedia.org/wiki/Cycling_at_the_1992_Summer_Olympics_%E2%80%93_Men%27s_track_time_trial,Q5198382,32761701,1117
Q7656719,Swimming at the 1988 Summer Olympics – Women's 200 metre individual medley,https://en.wikipedia.org/wiki/Swimming_at_the_1988_Summer_Olympics_%E2%80%93_Women%27s_200_metre_individual_medley,Q7656719,25650653,664
Q1222287,Cross-country skiing at the 2002 Winter Olympics – Women's sprint,https://en.wikipedia.org/wiki/Cross-country_skiing_at_the_2002_Winter_Olympics_%E2%80%93_Women%27s_sprint,Q1222287,54079324,1318
Q7400349,Sailing at the 2004 Summer Olympics – Women's Mistral One Design,https://en.wikipedia.org/wiki/Sailing_at_the_2004_Summer_Olympics_%E2%80%93_Women%27s_Mistral_One_Design,Q7400349,6709459,213
Q532360,Speed skating at the 1994 Winter Olympics – Men's 5000 metres,https://en.wikipedia.org/wiki/Speed_skating_at_the_1994_Winter_Olympics_%E2%80%93_Men%27s_5000_metres,Q532360,31438813,576
Q826846,Speed skating at the 2002 Winter Olympics – Women's 1500 metres,https://en.wikipedia.org/wiki/Speed_skating_at_the_2002_Winter_Olympics_%E2%80%93_Women%27s_1500_metres,Q826846,26087738,662
Q15055072,Snowboarding at the 2014 Winter Olympics – Women's snowboard cross,https://en.wikipedia.org/wiki/Snowboarding_at_the_2014_Winter_Olympics_%E2%80%93_Women%27s_snowboard_cross,Q15055072,40844101,840
Q766954,Athletics at the 2008 Summer Olympics – Men's 400 metres hurdles,https://en.wikipedia.org/wiki/Athletics_at_the_2008_Summer_Olympics_%E2%80%93_Men%27s_400_metres_hurdles,Q766954,18579274,2124
Q527985,Athletics at the 2000 Summer Olympics – Women's triple jump,https://en.wikipedia.org/wiki/Athletics_at_the_2000_Summer_Olympics_%E2%80%93_Women%27s_triple_jump,Q527985,25639576,633
Q4951845,Boxing at the 2000 Summer Olympics – Lightweight,https://en.wikipedia.org/wiki/Boxing_at_the_2000_Summer_Olympics_%E2%80%93_Lightweight,Q4951845,37476264,580
Q1005040,Swimming at the 2008 Summer Olympics – Men's 200 metre individual medley,https://en.wikipedia.org/wiki/Swimming_at_the_2008_Summer_Olympics_%E2%80%93_Men%27s_200_metre_individual_medley,Q1005040,18624885,1124
Q757054,Tennis at the 2008 Summer Olympics – Men's doubles,https://en.wikipedia.org/wiki/Tennis_at_the_2008_Summer_Olympics_%E2%80%93_Men%27s_doubles,Q757054,18666959,932
Q1005230,Wrestling at the 2008 Summer Olympics – Men's freestyle 55 kg,https://en.wikipedia.org/wiki/Wrestling_at_the_2008_Summer_Olympics_%E2%80%93_Men%27s_freestyle_55_kg,Q1005230,18675112,419
Q2521952,Wrestling at the 2012 Summer Olympics – Women's freestyle 48 kg,https://en.wikipedia.org/wiki/Wrestling_at_the_2012_Summer_Olympics_%E2%80%93_Women%27s_freestyle_48_kg,Q2521952,34236562,353
Q7979975,Weightlifting at the 1992 Summer Olympics – Men's 75 kg,https://en.wikipedia.org/wiki/Weightlifting_at_the_1992_Summer_Olympics_%E2%80%93_Men%27s_75_kg,Q7979975,32920028,820
Q28402472,Judo at the 1996 Summer Olympics – Women's 61 kg,https://en.wikipedia.org/wiki/Judo_at_the_1996_Summer_Olympics_%E2%80%93_Women%27s_61_kg,Q28402472,51360589,258
Q754844,Athletics at the 2008 Summer Olympics – Men's 100 metres,https://en.wikipedia.org/wiki/Athletics_at_the_2008_Summer_Olympics_%E2%80%93_Men%27s_100_metres,Q754844,14389756,3274
Q7674780,Taekwondo at the 2000 Summer Olympics – Women's +67 kg,https://en.wikipedia.org/wiki/Taekwondo_at_the_2000_Summer_Olympics_%E2%80%93_Women%27s_%2B67_kg,Q7674780,16842075,445
Q934172,Taekwondo at the 2012 Summer Olympics – Men's 80 kg,https://en.wikipedia.org/wiki/Taekwondo_at_the_2012_Summer_Olympics_%E2%80%93_Men%27s_80_kg,Q934172,34257131,344
Q1360866,Archery at the 2008 Summer Olympics – Women's team,https://en.wikipedia.org/wiki/Archery_at_the_2008_Summer_Olympics_%E2%80%93_Women%27s_team,Q1360866,18468555,1254
Q848689,Cross-country skiing at the 2010 Winter Olympics – Men's 30 kilometre pursuit,https://en.wikipedia.org/wiki/Cross-country_skiing_at_the_2010_Winter_Olympics_%E2%80%93_Men%27s_30_kilometre_pursuit,Q848689,24934344,1601
Q15055085,Snowboarding at the 2014 Winter Olympics – Women's parallel slalom,https://en.wikipedia.org/wiki/Snowboarding_at_the_2014_Winter_Olympics_%E2%80%93_Women%27s_parallel_slalom,Q15055085,40829747,786
Q1222526,Alpine skiing at the 1992 Winter Olympics – Women's slalom,https://en.wikipedia.org/wiki/Alpine_skiing_at_the_1992_Winter_Olympics_%E2%80%93_Women%27s_slalom,Q1222526,41540085,917
Q15055980,Bobsleigh at the 2014 Winter Olympics – Four-man,https://en.wikipedia.org/wiki/Bobsleigh_at_the_2014_Winter_Olympics_%E2%80%93_Four-man,Q15055980,41572678,1341
Q3498926,Wrestling at the 1992 Summer Olympics – Men's freestyle 130 kg,https://en.wikipedia.org/wiki/Wrestling_at_the_1992_Summer_Olympics_%E2%80%93_Men%27s_freestyle_130_kg,Q3498926,17770515,723
Q972253,Taekwondo at the 2012 Summer Olympics – Women's 57 kg,https://en.wikipedia.org/wiki/Taekwondo_at_the_2012_Summer_Olympics_%E2%80%93_Women%27s_57_kg,Q972253,34257151,431
Q647742,Fencing at the 2000 Summer Olympics – Men's sabre,https://en.wikipedia.org/wiki/Fencing_at_the_2000_Summer_Olympics_%E2%80%93_Men%27s_sabre,Q647742,34881812,757
Q15055031,Cross-country skiing at the 2014 Winter Olympics – Women's 15 kilometre skiathlon,https://en.wikipedia.org/wiki/Cross-country_skiing_at_the_2014_Winter_Olympics_%E2%80%93_Women%27s_15_kilometre_skiathlon,Q15055031,41547649,1712
Q591556,Anger Management (film),https://en.wikipedia.org/wiki/Anger_Management_%28film%29,Q591556,23631832,1893
Q171745,Jeremy Irons,https://en.wikipedia.org/wiki/Jeremy_Irons,Q171745,26274410,6647
Q1005298,Cycling at the 2012 Summer Olympics – Men's BMX,https://en.wikipedia.org/wiki/Cycling_at_the_2012_Summer_Olympics_%E2%80%93_Men%27s_BMX,Q1005298,35702554,1573
Q2322860,Rowing at the 2008 Summer Olympics – Men's double sculls,https://en.wikipedia.org/wiki/Rowing_at_the_2008_Summer_Olympics_%E2%80%93_Men%27s_double_sculls,Q2322860,18662686,1339
Q952970,Snowboarding at the 2002 Winter Olympics – Women's parallel giant slalom,https://en.wikipedia.org/wiki/Snowboarding_at_the_2002_Winter_Olympics_%E2%80%93_Women%27s_parallel_giant_slalom,Q952970,26100522,651
Q7674777,Taekwondo at the 2000 Summer Olympics – Men's 58 kg,https://en.wikipedia.org/wiki/Taekwondo_at_the_2000_Summer_Olympics_%E2%80%93_Men%27s_58_kg,Q7674777,16825940,439
Q4786042,Archery at the 1992 Summer Olympics – Men's individual,https://en.wikipedia.org/wiki/Archery_at_the_1992_Summer_Olympics_%E2%80%93_Men%27s_individual,Q4786042,15860575,1120
Q765044,Figure skating at the 2006 Winter Olympics – Men's singles,https://en.wikipedia.org/wiki/Figure_skating_at_the_2006_Winter_Olympics_%E2%80%93_Men%27s_singles,Q765044,22202031,2486
Q841942,Speed skating at the 2010 Winter Olympics – Men's 500 metres,https://en.wikipedia.org/wiki/Speed_skating_at_the_2010_Winter_Olympics_%E2%80%93_Men%27s_500_metres,Q841942,25346594,1236
Q7400346,Sailing at the 2004 Summer Olympics – Tornado,https://en.wikipedia.org/wiki/Sailing_at_the_2004_Summer_Olympics_%E2%80%93_Tornado,Q7400346,6709943,215
Q647750,Fencing at the 2000 Summer Olympics – Men's team foil,https://en.wikipedia.org/wiki/Fencing_at_the_2000_Summer_Olympics_%E2%80%93_Men%27s_team_foil,Q647750,34881773,266
Q7500821,Shooting at the 2000 Summer Olympics – Women's skeet,https://en.wikipedia.org/wiki/Shooting_at_the_2000_Summer_Olympics_%E2%80%93_Women%27s_skeet,Q7500821,19264626,346
Q7400333,Sailing at the 2000 Summer Olympics – Soling,https://en.wikipedia.org/wiki/Sailing_at_the_2000_Summer_Olympics_%E2%80%93_Soling,Q7400333,37602221,437
Q1222639,Alpine skiing at the 1992 Winter Olympics – Women's super-G,https://en.wikipedia.org/wiki/Alpine_skiing_at_the_1992_Winter_Olympics_%E2%80%93_Women%27s_super-G,Q1222639,41540039,925
Q4786037,Archery at the 1988 Summer Olympics – Women's individual,https://en.wikipedia.org/wiki/Archery_at_the_1988_Summer_Olympics_%E2%80%93_Women%27s_individual,Q4786037,36076820,1748
Q793973,Gymnastics at the 2000 Summer Olympics – Men's trampoline,https://en.wikipedia.org/wiki/Gymnastics_at_the_2000_Summer_Olympics_%E2%80%93_Men%27s_trampoline,Q793973,25046416,423
Q827019,Luge at the 2006 Winter Olympics – Doubles,https://en.wikipedia.org/wiki/Luge_at_the_2006_Winter_Olympics_%E2%80%93_Doubles,Q827019,6123151,468
Q2352412,Canoeing at the 2012 Summer Olympics – Men's slalom K-1,https://en.wikipedia.org/wiki/Canoeing_at_the_2012_Summer_Olympics_%E2%80%93_Men%27s_slalom_K-1,Q2352412,34246789,687
Q4951844,Boxing at the 2000 Summer Olympics – Light welterweight,https://en.wikipedia.org/wiki/Boxing_at_the_2000_Summer_Olympics_%E2%80%93_Light_welterweight,Q4951844,37477136,580
Q938164,Freestyle skiing at the 2010 Winter Olympics – Women's aerials,https://en.wikipedia.org/wiki/Freestyle_skiing_at_the_2010_Winter_Olympics_%E2%80%93_Women%27s_aerials,Q938164,25308988,666
Q763031,Shooting at the 2008 Summer Olympics – Women's skeet,https://en.wikipedia.org/wiki/Shooting_at_the_2008_Summer_Olympics_%E2%80%93_Women%27s_skeet,Q763031,18653439,554
Q3001405,Cycling at the 1996 Summer Olympics – Women's points race,https://en.wikipedia.org/wiki/Cycling_at_the_1996_Summer_Olympics_%E2%80%93_Women%27s_points_race,Q3001405,39888841,346
Q905485,Short-track speed skating at the 2010 Winter Olympics – Men's 1500 metres,https://en.wikipedia.org/wiki/Short-track_speed_skating_at_the_2010_Winter_Olympics_%E2%80%93_Men%27s_1500_metres,Q905485,25309724,1238
Q25384917,Fencing at the 2016 Summer Olympics – Women's team épée,https://en.wikipedia.org/wiki/Fencing_at_the_2016_Summer_Olympics_%E2%80%93_Women%27s_team_%C3%A9p%C3%A9e,Q25384917,46415377,395
Q302955,Handball at the 2000 Summer Olympics – Men's tournament,https://en.wikipedia.org/wiki/Handball_at_the_2000_Summer_Olympics_%E2%80%93_Men%27s_tournament,Q302955,22412578,583
Q4786044,Archery at the 1992 Summer Olympics – Women's individual,https://en.wikipedia.org/wiki/Archery_at_the_1992_Summer_Olympics_%E2%80%93_Women%27s_individual,Q4786044,15883136,1147
Q1221932,Biathlon at the 1994 Winter Olympics – Women's individual,https://en.wikipedia.org/wiki/Biathlon_at_the_1994_Winter_Olympics_%E2%80%93_Women%27s_individual,Q1221932,36718302,1115
Q494722,Stand by Me (film),https://en.wikipedia.org/wiki/Stand_by_Me_%28film%29,Q494722,87983,6555
Q963420,Weightlifting at the 2008 Summer Olympics – Women's 63 kg,https://en.wikipedia.org/wiki/Weightlifting_at_the_2008_Summer_Olympics_%E2%80%93_Women%27s_63_kg,Q963420,18588758,662
Q2774005,Cycling at the 2000 Summer Olympics – Women's road time trial,https://en.wikipedia.org/wiki/Cycling_at_the_2000_Summer_Olympics_%E2%80%93_Women%27s_road_time_trial,Q2774005,31331774,378
Q7674790,Taekwondo at the 2004 Summer Olympics – Women's +67 kg,https://en.wikipedia.org/wiki/Taekwondo_at_the_2004_Summer_Olympics_%E2%80%93_Women%27s_%2B67_kg,Q7674790,11265177,389
Q1222098,Biathlon at the 1994 Winter Olympics – Women's relay,https://en.wikipedia.org/wiki/Biathlon_at_the_1994_Winter_Olympics_%E2%80%93_Women%27s_relay,Q1222098,36710229,530
Q632472,Fencing at the 2000 Summer Olympics – Men's foil,https://en.wikipedia.org/wiki/Fencing_at_the_2000_Summer_Olympics_%E2%80%93_Men%27s_foil,Q632472,34881706,970
Q915058,Biathlon at the 2006 Winter Olympics – Women's pursuit,https://en.wikipedia.org/wiki/Biathlon_at_the_2006_Winter_Olympics_%E2%80%93_Women%27s_pursuit,Q915058,24344329,1075
Q15056267,Ski jumping at the 2014 Winter Olympics – Men's large hill team,https://en.wikipedia.org/wiki/Ski_jumping_at_the_2014_Winter_Olympics_%E2%80%93_Men%27s_large_hill_team,Q15056267,40627761,669
Q7500745,Shooting at the 1988 Summer Olympics – Men's 50 metre rifle three positions,https://en.wikipedia.org/wiki/Shooting_at_the_1988_Summer_Olympics_%E2%80%93_Men%27s_50_metre_rifle_three_positions,Q7500745,19507759,771
Q2361588,Sailing at the 2012 Summer Olympics – Men's 470,https://en.wikipedia.org/wiki/Sailing_at_the_2012_Summer_Olympics_%E2%80%93_Men%27s_470,Q2361588,35821035,503
Q1203058,Cycling at the 2008 Summer Olympics – Men's points race,https://en.wikipedia.org/wiki/Cycling_at_the_2008_Summer_Olympics_%E2%80%93_Men%27s_points_race,Q1203058,18666535,1505
Q1005018,Swimming at the 2008 Summer Olympics – Men's 200 metre freestyle,https://en.wikipedia.org/wiki/Swimming_at_the_2008_Summer_Olympics_%E2%80%93_Men%27s_200_metre_freestyle,Q1005018,18624643,2256
Q1371783,Weightlifting at the 2012 Summer Olympics – Women's +75 kg,https://en.wikipedia.org/wiki/Weightlifting_at_the_2012_Summer_Olympics_%E2%80%93_Women%27s_%2B75_kg,Q1371783,34655428,759
Q632754,Fencing at the 2000 Summer Olympics – Men's team épée,https://en.wikipedia.org/wiki/Fencing_at_the_2000_Summer_Olympics_%E2%80%93_Men%27s_team_%C3%A9p%C3%A9e,Q632754,34881553,265
Q916916,Cross-country skiing at the 2010 Winter Olympics – Women's 30 kilometre classical,https://en.wikipedia.org/wiki/Cross-country_skiing_at_the_2010_Winter_Olympics_%E2%80%93_Women%27s_30_kilometre_classical,Q916916,24948205,1307
Q7400329,Sailing at the 2000 Summer Olympics – Laser,https://en.wikipedia.org/wiki/Sailing_at_the_2000_Summer_Olympics_%E2%80%93_Laser,Q7400329,37598458,1107
Q939181,Skeleton at the 2010 Winter Olympics – Women's,https://en.wikipedia.org/wiki/Skeleton_at_the_2010_Winter_Olympics_%E2%80%93_Women%27s,Q939181,25011965,2563
Q18713,Curling at the 2010 Winter Olympics – Women's tournament,https://en.wikipedia.org/wiki/Curling_at_the_2010_Winter_Olympics_%E2%80%93_Women%27s_tournament,Q18713,24317836,542
Q7674781,Taekwondo at the 2000 Summer Olympics – Women's 49 kg,https://en.wikipedia.org/wiki/Taekwondo_at_the_2000_Summer_Olympics_%E2%80%93_Women%27s_49_kg,Q7674781,16841673,428
Q7500817,Shooting at the 2000 Summer Olympics – Women's 25 metre pistol,https://en.wikipedia.org/wiki/Shooting_at_the_2000_Summer_Olympics_%E2%80%93_Women%27s_25_metre_pistol,Q7500817,19237770,695
Q6303879,Judo at the 2000 Summer Olympics – Men's +100 kg,https://en.wikipedia.org/wiki/Judo_at_the_2000_Summer_Olympics_%E2%80%93_Men%27s_%2B100_kg,Q6303879,15556729,433
Q309621,The Mask of Zorro,https://en.wikipedia.org/wiki/The_Mask_of_Zorro,Q309621,705756,5599
Q848681,Alpine skiing at the 2010 Winter Olympics – Women's super-G,https://en.wikipedia.org/wiki/Alpine_skiing_at_the_2010_Winter_Olympics_%E2%80%93_Women%27s_super-G,Q848681,24653889,739
Q1221793,Speed skating at the 1994 Winter Olympics – Women's 1000 metres,https://en.wikipedia.org/wiki/Speed_skating_at_the_1994_Winter_Olympics_%E2%80%93_Women%27s_1000_metres,Q1221793,31440898,542
Q6303863,Judo at the 1996 Summer Olympics – Women's 48 kg,https://en.wikipedia.org/wiki/Judo_at_the_1996_Summer_Olympics_%E2%80%93_Women%27s_48_kg,Q6303863,16872547,312
Q2353475,Shooting at the 2012 Summer Olympics – Men's 50 metre pistol,https://en.wikipedia.org/wiki/Shooting_at_the_2012_Summer_Olympics_%E2%80%93_Men%27s_50_metre_pistol,Q2353475,36507902,1942
Q385563,Wrestling at the 2008 Summer Olympics – Women's freestyle 48 kg,https://en.wikipedia.org/wiki/Wrestling_at_the_2008_Summer_Olympics_%E2%80%93_Women%27s_freestyle_48_kg,Q385563,18675116,368
Q1344366,Archery at the 2008 Summer Olympics – Men's team,https://en.wikipedia.org/wiki/Archery_at_the_2008_Summer_Olympics_%E2%80%93_Men%27s_team,Q1344366,18468431,1214
Q729339,Weightlifting at the 2008 Summer Olympics – Men's 94 kg,https://en.wikipedia.org/wiki/Weightlifting_at_the_2008_Summer_Olympics_%E2%80%93_Men%27s_94_kg,Q729339,18532707,727
Q955943,Athletics at the 1992 Summer Olympics – Men's javelin throw,https://en.wikipedia.org/wiki/Athletics_at_the_1992_Summer_Olympics_%E2%80%93_Men%27s_javelin_throw,Q955943,13502332,815
Q659097,Swimming at the 2008 Summer Olympics – Men's 50 metre freestyle,https://en.wikipedia.org/wiki/Swimming_at_the_2008_Summer_Olympics_%E2%80%93_Men%27s_50_metre_freestyle,Q659097,18579618,1581
Q279234,Speed skating at the 1992 Winter Olympics – Women's 3000 metres,https://en.wikipedia.org/wiki/Speed_skating_at_the_1992_Winter_Olympics_%E2%80%93_Women%27s_3000_metres,Q279234,41835033,434
Q955487,Weightlifting at the 2008 Summer Olympics – Women's 75 kg,https://en.wikipedia.org/wiki/Weightlifting_at_the_2008_Summer_Olympics_%E2%80%93_Women%27s_75_kg,Q955487,18588927,688
Q2737200,Omkara (2006 film),https://en.wikipedia.org/wiki/Omkara_%282006_film%29,Q2737200,3675194,2887
Q786799,Speed skating at the 2006 Winter Olympics – Men's 5000 metres,https://en.wikipedia.org/wiki/Speed_skating_at_the_2006_Winter_Olympics_%E2%80%93_Men%27s_5000_metres,Q786799,4038334,2569
Q536083,Tennis at the 1996 Summer Olympics – Women's singles,https://en.wikipedia.org/wiki/Tennis_at_the_1996_Summer_Olympics_%E2%80%93_Women%27s_singles,Q536083,3931678,837
Q22964440,Rowing at the 1992 Summer Olympics – Men's double sculls,https://en.wikipedia.org/wiki/Rowing_at_the_1992_Summer_Olympics_%E2%80%93_Men%27s_double_sculls,Q22964440,52235258,1097
Q2529557,Akeelah and the Bee,https://en.wikipedia.org/wiki/Akeelah_and_the_Bee,Q2529557,3931502,9613
Q15056065,Nordic combined at the 2014 Winter Olympics – Team large hill/4 × 5 km,https://en.wikipedia.org/wiki/Nordic_combined_at_the_2014_Winter_Olympics_%E2%80%93_Team_large_hill/4_%C3%97_5_km,Q15056065,41527889,481
Q7674791,Taekwondo at the 2004 Summer Olympics – Women's 57 kg,https://en.wikipedia.org/wiki/Taekwondo_at_the_2004_Summer_Olympics_%E2%80%93_Women%27s_57_kg,Q7674791,11264266,367
Q6303877,Judo at the 2000 Summer Olympics – Men's 100 kg,https://en.wikipedia.org/wiki/Judo_at_the_2000_Summer_Olympics_%E2%80%93_Men%27s_100_kg,Q6303877,15553204,433
Q249265,Swimming at the 2012 Summer Olympics – Men's 50 metre freestyle,https://en.wikipedia.org/wiki/Swimming_at_the_2012_Summer_Olympics_%E2%80%93_Men%27s_50_metre_freestyle,Q249265,34236365,1542
Q7400321,Sailing at the 1996 Summer Olympics – Women's Mistral One Design,https://en.wikipedia.org/wiki/Sailing_at_the_1996_Summer_Olympics_%E2%80%93_Women%27s_Mistral_One_Design,Q7400321,33083177,1210
Q7656722,Swimming at the 1988 Summer Olympics – Women's 400 metre individual medley,https://en.wikipedia.org/wiki/Swimming_at_the_1988_Summer_Olympics_%E2%80%93_Women%27s_400_metre_individual_medley,Q7656722,25655656,590
Q2995946,Cycling at the 1992 Summer Olympics – Men's team time trial,https://en.wikipedia.org/wiki/Cycling_at_the_1992_Summer_Olympics_%E2%80%93_Men%27s_team_time_trial,Q2995946,32772464,642
Q25386279,Fencing at the 2016 Summer Olympics – Women's sabre,https://en.wikipedia.org/wiki/Fencing_at_the_2016_Summer_Olympics_%E2%80%93_Women%27s_sabre,Q25386279,46415382,453
Q658704,Fencing at the 2008 Summer Olympics – Women's team sabre,https://en.wikipedia.org/wiki/Fencing_at_the_2008_Summer_Olympics_%E2%80%93_Women%27s_team_sabre,Q658704,18662391,490
Q7500812,Shooting at the 2000 Summer Olympics – Men's 50 metre rifle prone,https://en.wikipedia.org/wiki/Shooting_at_the_2000_Summer_Olympics_%E2%80%93_Men%27s_50_metre_rifle_prone,Q7500812,19204430,745
Q653672,Biathlon at the 2006 Winter Olympics – Women's sprint,https://en.wikipedia.org/wiki/Biathlon_at_the_2006_Winter_Olympics_%E2%80%93_Women%27s_sprint,Q653672,24334225,889
Q1426702,Athletics at the 2000 Summer Olympics – Men's 100 metres,https://en.wikipedia.org/wiki/Athletics_at_the_2000_Summer_Olympics_%E2%80%93_Men%27s_100_metres,Q1426702,3486965,2606
Q15055002,Alpine skiing at the 2014 Winter Olympics – Women's slalom,https://en.wikipedia.org/wiki/Alpine_skiing_at_the_2014_Winter_Olympics_%E2%80%93_Women%27s_slalom,Q15055002,40627569,1146
Q7656681,Swimming at the 1988 Summer Olympics – Men's 100 metre backstroke,https://en.wikipedia.org/wiki/Swimming_at_the_1988_Summer_Olympics_%E2%80%93_Men%27s_100_metre_backstroke,Q7656681,21600121,769
Q886372,Gymnastics at the 2004 Summer Olympics – Women's artistic individual all-around,https://en.wikipedia.org/wiki/Gymnastics_at_the_2004_Summer_Olympics_%E2%80%93_Women%27s_artistic_individual_all-around,Q886372,11526600,702
Q7500796,Shooting at the 1996 Summer Olympics – Men's trap,https://en.wikipedia.org/wiki/Shooting_at_the_1996_Summer_Olympics_%E2%80%93_Men%27s_trap,Q7500796,19288919,1335
Q938765,Fencing at the 2012 Summer Olympics – Men's team sabre,https://en.wikipedia.org/wiki/Fencing_at_the_2012_Summer_Olympics_%E2%80%93_Men%27s_team_sabre,Q938765,35739253,363
Q7656697,Swimming at the 1988 Summer Olympics – Men's 400 metre individual medley,https://en.wikipedia.org/wiki/Swimming_at_the_1988_Summer_Olympics_%E2%80%93_Men%27s_400_metre_individual_medley,Q7656697,25617558,650
Q140244,Wrestling at the 2008 Summer Olympics – Men's freestyle 96 kg,https://en.wikipedia.org/wiki/Wrestling_at_the_2008_Summer_Olympics_%E2%80%93_Men%27s_freestyle_96_kg,Q140244,18675106,416
Q7400313,Sailing at the 1992 Summer Olympics – Tornado,https://en.wikipedia.org/wiki/Sailing_at_the_1992_Summer_Olympics_%E2%80%93_Tornado,Q7400313,32845222,845
Q737732,Table tennis at the 2012 Summer Olympics – Men's singles,https://en.wikipedia.org/wiki/Table_tennis_at_the_2012_Summer_Olympics_%E2%80%93_Men%27s_singles,Q737732,31673461,650
Q4951838,Boxing at the 2000 Summer Olympics – Featherweight,https://en.wikipedia.org/wiki/Boxing_at_the_2000_Summer_Olympics_%E2%80%93_Featherweight,Q4951838,37474324,604
Q7674792,Taekwondo at the 2004 Summer Olympics – Women's 49 kg,https://en.wikipedia.org/wiki/Taekwondo_at_the_2004_Summer_Olympics_%E2%80%93_Women%27s_49_kg,Q7674792,11263791,367
Q15056223,Speed skating at the 2014 Winter Olympics – Men's 5000 metres,https://en.wikipedia.org/wiki/Speed_skating_at_the_2014_Winter_Olympics_%E2%80%93_Men%27s_5000_metres,Q15056223,41442868,1052
Q645460,Athletics at the 1988 Summer Olympics – Men's discus throw,https://en.wikipedia.org/wiki/Athletics_at_the_1988_Summer_Olympics_%E2%80%93_Men%27s_discus_throw,Q645460,14523589,1330
Q1221934,Cross-country skiing at the 2002 Winter Olympics – Women's 15 kilometre freestyle mass start,https://en.wikipedia.org/wiki/Cross-country_skiing_at_the_2002_Winter_Olympics_%E2%80%93_Women%27s_15_kilometre_freestyle_mass_start,Q1221934,54079546,1171
Q6303888,Judo at the 2000 Summer Olympics – Women's 70 kg,https://en.wikipedia.org/wiki/Judo_at_the_2000_Summer_Olympics_%E2%80%93_Women%27s_70_kg,Q6303888,16212262,395
Q7400339,Sailing at the 2004 Summer Olympics – 49er,https://en.wikipedia.org/wiki/Sailing_at_the_2004_Summer_Olympics_%E2%80%93_49er,Q7400339,6709890,215
Q7656684,Swimming at the 1988 Summer Olympics – Men's 100 metre freestyle,https://en.wikipedia.org/wiki/Swimming_at_the_1988_Summer_Olympics_%E2%80%93_Men%27s_100_metre_freestyle,Q7656684,21032593,1532
Q7656714,Swimming at the 1988 Summer Olympics – Women's 200 metre breaststroke,https://en.wikipedia.org/wiki/Swimming_at_the_1988_Summer_Olympics_%E2%80%93_Women%27s_200_metre_breaststroke,Q7656714,25645322,506
Q2297633,Cycling at the 2012 Summer Olympics – Women's team pursuit,https://en.wikipedia.org/wiki/Cycling_at_the_2012_Summer_Olympics_%E2%80%93_Women%27s_team_pursuit,Q2297633,34666589,1144
Q771123,Alpine skiing at the 2006 Winter Olympics – Women's downhill,https://en.wikipedia.org/wiki/Alpine_skiing_at_the_2006_Winter_Olympics_%E2%80%93_Women%27s_downhill,Q771123,4092975,481
Q3498666,Wrestling at the 1992 Summer Olympics – Men's Greco-Roman 52 kg,https://en.wikipedia.org/wiki/Wrestling_at_the_1992_Summer_Olympics_%E2%80%93_Men%27s_Greco-Roman_52_kg,Q3498666,17814358,899
Q5124014,Figure skating at the 1994 Winter Olympics – Pair skating,https://en.wikipedia.org/wiki/Figure_skating_at_the_1994_Winter_Olympics_%E2%80%93_Pair_skating,Q5124014,36814972,459
Q1222498,Freestyle skiing at the 1998 Winter Olympics – Women's moguls,https://en.wikipedia.org/wiki/Freestyle_skiing_at_the_1998_Winter_Olympics_%E2%80%93_Women%27s_moguls,Q1222498,41618118,448
Q7500801,Shooting at the 1996 Summer Olympics – Women's 25 metre pistol,https://en.wikipedia.org/wiki/Shooting_at_the_1996_Summer_Olympics_%E2%80%93_Women%27s_25_metre_pistol,Q7500801,19335670,541
Q4951848,Boxing at the 2000 Summer Olympics – Welterweight,https://en.wikipedia.org/wiki/Boxing_at_the_2000_Summer_Olympics_%E2%80%93_Welterweight,Q4951848,37477429,564
Q4951847,Boxing at the 2000 Summer Olympics – Super heavyweight,https://en.wikipedia.org/wiki/Boxing_at_the_2000_Summer_Olympics_%E2%80%93_Super_heavyweight,Q4951847,37483141,564
Q15055032,Cross-country skiing at the 2014 Winter Olympics – Men's 30 kilometre skiathlon,https://en.wikipedia.org/wiki/Cross-country_skiing_at_the_2014_Winter_Olympics_%E2%80%93_Men%27s_30_kilometre_skiathlon,Q15055032,41547844,1774
Q875653,Swimming at the 2000 Summer Olympics – Men's 100 metre freestyle,https://en.wikipedia.org/wiki/Swimming_at_the_2000_Summer_Olympics_%E2%80%93_Men%27s_100_metre_freestyle,Q875653,12386222,1967
Q5395306,Shooting at the 2004 Summer Olympics – Men's 50 metre rifle three positions,https://en.wikipedia.org/wiki/Shooting_at_the_2004_Summer_Olympics_%E2%80%93_Men%27s_50_metre_rifle_three_positions,Q5395306,2639726,2403
Q1222301,Snowboarding at the 1998 Winter Olympics – Women's halfpipe,https://en.wikipedia.org/wiki/Snowboarding_at_the_1998_Winter_Olympics_%E2%80%93_Women%27s_halfpipe,Q1222301,41667116,594
Q7656691,Swimming at the 1988 Summer Olympics – Men's 200 metre butterfly,https://en.wikipedia.org/wiki/Swimming_at_the_1988_Summer_Olympics_%E2%80%93_Men%27s_200_metre_butterfly,Q7656691,25616059,617
Q916976,Athletics at the 2008 Summer Olympics – Women's triple jump,https://en.wikipedia.org/wiki/Athletics_at_the_2008_Summer_Olympics_%E2%80%93_Women%27s_triple_jump,Q916976,18578952,1404
Q916930,Swimming at the 2012 Summer Olympics – Men's 200 metre individual medley,https://en.wikipedia.org/wiki/Swimming_at_the_2012_Summer_Olympics_%E2%80%93_Men%27s_200_metre_individual_medley,Q916930,34236451,1066
Q752413,Tennis at the 2008 Summer Olympics – Women's singles,https://en.wikipedia.org/wiki/Tennis_at_the_2008_Summer_Olympics_%E2%80%93_Women%27s_singles,Q752413,18666962,1007
Q900405,Athletics at the 2004 Summer Olympics – Men's 50 kilometres walk,https://en.wikipedia.org/wiki/Athletics_at_the_2004_Summer_Olympics_%E2%80%93_Men%27s_50_kilometres_walk,Q900405,913313,1270
Q31843484,Equestrian at the 1988 Summer Olympics – Individual jumping,https://en.wikipedia.org/wiki/Equestrian_at_the_1988_Summer_Olympics_%E2%80%93_Individual_jumping,Q31843484,63838404,2184
Q2268043,Shooting at the 2012 Summer Olympics – Women's 10 metre air pistol,https://en.wikipedia.org/wiki/Shooting_at_the_2012_Summer_Olympics_%E2%80%93_Women%27s_10_metre_air_pistol,Q2268043,36507947,1114
Q2254560,Shooting at the 2012 Summer Olympics – Men's 10 metre air rifle,https://en.wikipedia.org/wiki/Shooting_at_the_2012_Summer_Olympics_%E2%80%93_Men%27s_10_metre_air_rifle,Q2254560,36507801,1367
Q1221927,Biathlon at the 1992 Winter Olympics – Women's individual,https://en.wikipedia.org/wiki/Biathlon_at_the_1992_Winter_Olympics_%E2%80%93_Women%27s_individual,Q1221927,38514472,1157
Q826560,Luge at the 2006 Winter Olympics – Women's singles,https://en.wikipedia.org/wiki/Luge_at_the_2006_Winter_Olympics_%E2%80%93_Women%27s_singles,Q826560,6123020,720
Q1476272,Southland Tales,https://en.wikipedia.org/wiki/Southland_Tales,Q1476272,1498491,5982
Q1005272,Wrestling at the 2008 Summer Olympics – Men's Greco-Roman 84 kg,https://en.wikipedia.org/wiki/Wrestling_at_the_2008_Summer_Olympics_%E2%80%93_Men%27s_Greco-Roman_84_kg,Q1005272,18675083,845
Q670039,Alpine skiing at the 2010 Winter Olympics – Men's giant slalom,https://en.wikipedia.org/wiki/Alpine_skiing_at_the_2010_Winter_Olympics_%E2%80%93_Men%27s_giant_slalom,Q670039,24653711,1269
Q2332511,Sailing at the 2012 Summer Olympics – Elliott 6m,https://en.wikipedia.org/wiki/Sailing_at_the_2012_Summer_Olympics_%E2%80%93_Elliott_6m,Q2332511,35821114,1093
Q2455198,Rowing at the 2008 Summer Olympics – Men's coxless pair,https://en.wikipedia.org/wiki/Rowing_at_the_2008_Summer_Olympics_%E2%80%93_Men%27s_coxless_pair,Q2455198,18662689,1298
Q7400324,Sailing at the 1996 Summer Olympics – Tornado,https://en.wikipedia.org/wiki/Sailing_at_the_1996_Summer_Olympics_%E2%80%93_Tornado,Q7400324,33105961,1065
Q1221836,Cross-country skiing at the 2002 Winter Olympics – Women's 10 kilometre classical,https://en.wikipedia.org/wiki/Cross-country_skiing_at_the_2002_Winter_Olympics_%E2%80%93_Women%27s_10_kilometre_classical,Q1221836,29672505,1038
Q921100,Shooting at the 2012 Summer Olympics – Men's double trap,https://en.wikipedia.org/wiki/Shooting_at_the_2012_Summer_Olympics_%E2%80%93_Men%27s_double_trap,Q921100,36508000,567
Q847284,Biathlon at the 2006 Winter Olympics – Women's individual,https://en.wikipedia.org/wiki/Biathlon_at_the_2006_Winter_Olympics_%E2%80%93_Women%27s_individual,Q847284,4109974,1177
Q905540,Speed skating at the 2010 Winter Olympics – Women's 1000 metres,https://en.wikipedia.org/wiki/Speed_skating_at_the_2010_Winter_Olympics_%E2%80%93_Women%27s_1000_metres,Q905540,25346686,423
Q848291,Athletics at the 2008 Summer Olympics – Men's shot put,https://en.wikipedia.org/wiki/Athletics_at_the_2008_Summer_Olympics_%E2%80%93_Men%27s_shot_put,Q848291,18579325,1643
Q906854,Weightlifting at the 2004 Summer Olympics – Men's +105 kg,https://en.wikipedia.org/wiki/Weightlifting_at_the_2004_Summer_Olympics_%E2%80%93_Men%27s_%2B105_kg,Q906854,8762341,689
Q7500751,Shooting at the 1988 Summer Olympics – Women's 10 metre air pistol,https://en.wikipedia.org/wiki/Shooting_at_the_1988_Summer_Olympics_%E2%80%93_Women%27s_10_metre_air_pistol,Q7500751,19639482,551
Q7400347,Sailing at the 2004 Summer Olympics – Star,https://en.wikipedia.org/wiki/Sailing_at_the_2004_Summer_Olympics_%E2%80%93_Star,Q7400347,6709398,212
Q7674776,Taekwondo at the 2000 Summer Olympics – Men's +80 kg,https://en.wikipedia.org/wiki/Taekwondo_at_the_2000_Summer_Olympics_%E2%80%93_Men%27s_%2B80_kg,Q7674776,16829142,455
Q810012,Basic Instinct 2,https://en.wikipedia.org/wiki/Basic_Instinct_2,Q810012,1977174,2727
Q922248,Athletics at the 2008 Summer Olympics – Men's javelin throw,https://en.wikipedia.org/wiki/Athletics_at_the_2008_Summer_Olympics_%E2%80%93_Men%27s_javelin_throw,Q922248,18569200,999
Q14643284,Biathlon at the 2014 Winter Olympics – Women's sprint,https://en.wikipedia.org/wiki/Biathlon_at_the_2014_Winter_Olympics_%E2%80%93_Women%27s_sprint,Q14643284,40627927,601
Q267771,Swimming at the 2004 Summer Olympics – Men's 200 metre backstroke,https://en.wikipedia.org/wiki/Swimming_at_the_2004_Summer_Olympics_%E2%80%93_Men%27s_200_metre_backstroke,Q267771,909210,1794
Q905503,Snowboarding at the 2010 Winter Olympics – Men's snowboard cross,https://en.wikipedia.org/wiki/Snowboarding_at_the_2010_Winter_Olympics_%E2%80%93_Men%27s_snowboard_cross,Q905503,25311211,1288
Q25386268,Fencing at the 2016 Summer Olympics – Men's sabre,https://en.wikipedia.org/wiki/Fencing_at_the_2016_Summer_Olympics_%E2%80%93_Men%27s_sabre,Q25386268,46415373,1172
Q2353533,Shooting at the 2012 Summer Olympics – Women's 25 metre pistol,https://en.wikipedia.org/wiki/Shooting_at_the_2012_Summer_Olympics_%E2%80%93_Women%27s_25_metre_pistol,Q2353533,36507969,1178
Q6303864,Judo at the 1996 Summer Olympics – Women's 56 kg,https://en.wikipedia.org/wiki/Judo_at_the_1996_Summer_Olympics_%E2%80%93_Women%27s_56_kg,Q6303864,16913107,258
Q952458,Speed skating at the 1994 Winter Olympics – Women's 500 metres,https://en.wikipedia.org/wiki/Speed_skating_at_the_1994_Winter_Olympics_%E2%80%93_Women%27s_500_metres,Q952458,31438517,500
Q15055075,Snowboarding at the 2014 Winter Olympics – Men's slopestyle,https://en.wikipedia.org/wiki/Snowboarding_at_the_2014_Winter_Olympics_%E2%80%93_Men%27s_slopestyle,Q15055075,40844131,1354
Q5198390,Cycling at the 2000 Summer Olympics – Men's track time trial,https://en.wikipedia.org/wiki/Cycling_at_the_2000_Summer_Olympics_%E2%80%93_Men%27s_track_time_trial,Q5198390,31651773,1046
Q15055038,Cross-country skiing at the 2014 Winter Olympics – Men's 4 × 10 kilometre relay,https://en.wikipedia.org/wiki/Cross-country_skiing_at_the_2014_Winter_Olympics_%E2%80%93_Men%27s_4_%C3%97_10_kilometre_relay,Q15055038,41554207,456
Q916174,Cycling at the 2012 Summer Olympics – Men's road time trial,https://en.wikipedia.org/wiki/Cycling_at_the_2012_Summer_Olympics_%E2%80%93_Men%27s_road_time_trial,Q916174,35702318,1056
Q4951836,Boxing at the 1996 Summer Olympics – Super heavyweight,https://en.wikipedia.org/wiki/Boxing_at_the_1996_Summer_Olympics_%E2%80%93_Super_heavyweight,Q4951836,25229262,195
Q3498605,Wrestling at the 1992 Summer Olympics – Men's Greco-Roman 57 kg,https://en.wikipedia.org/wiki/Wrestling_at_the_1992_Summer_Olympics_%E2%80%93_Men%27s_Greco-Roman_57_kg,Q3498605,17877382,972
Q22964438,Rowing at the 1992 Summer Olympics – Women's coxless pair,https://en.wikipedia.org/wiki/Rowing_at_the_1992_Summer_Olympics_%E2%80%93_Women%27s_coxless_pair,Q22964438,52235281,722
Q15055084,Snowboarding at the 2014 Winter Olympics – Men's parallel giant slalom,https://en.wikipedia.org/wiki/Snowboarding_at_the_2014_Winter_Olympics_%E2%80%93_Men%27s_parallel_giant_slalom,Q15055084,40829724,766
Q4786048,Archery at the 1996 Summer Olympics – Men's team,https://en.wikipedia.org/wiki/Archery_at_the_1996_Summer_Olympics_%E2%80%93_Men%27s_team,Q4786048,15760618,492
Q917328,Athletics at the 2008 Summer Olympics – Men's 1500 metres,https://en.wikipedia.org/wiki/Athletics_at_the_2008_Summer_Olympics_%E2%80%93_Men%27s_1500_metres,Q917328,18569339,2517
Q4951840,Boxing at the 2000 Summer Olympics – Heavyweight,https://en.wikipedia.org/wiki/Boxing_at_the_2000_Summer_Olympics_%E2%80%93_Heavyweight,Q4951840,37482961,594
Q1221875,Cross-country skiing at the 1998 Winter Olympics – Women's 10 kilometre freestyle pursuit,https://en.wikipedia.org/wiki/Cross-country_skiing_at_the_1998_Winter_Olympics_%E2%80%93_Women%27s_10_kilometre_freestyle_pursuit,Q1221875,56475923,354
Q4786050,Archery at the 1996 Summer Olympics – Women's individual,https://en.wikipedia.org/wiki/Archery_at_the_1996_Summer_Olympics_%E2%80%93_Women%27s_individual,Q4786050,15792233,1395
Q1222214,Alpine skiing at the 1998 Winter Olympics – Women's combined,https://en.wikipedia.org/wiki/Alpine_skiing_at_the_1998_Winter_Olympics_%E2%80%93_Women%27s_combined,Q1222214,41141785,623
Q942891,Speed skating at the 1988 Winter Olympics – Men's 1500 metres,https://en.wikipedia.org/wiki/Speed_skating_at_the_1988_Winter_Olympics_%E2%80%93_Men%27s_1500_metres,Q942891,41835439,633
Q776870,Speed skating at the 1988 Winter Olympics – Women's 500 metres,https://en.wikipedia.org/wiki/Speed_skating_at_the_1988_Winter_Olympics_%E2%80%93_Women%27s_500_metres,Q776870,41835487,487
Q1360834,Shooting at the 2008 Summer Olympics – Men's double trap,https://en.wikipedia.org/wiki/Shooting_at_the_2008_Summer_Olympics_%E2%80%93_Men%27s_double_trap,Q1360834,18652929,738
Q938848,Fencing at the 2012 Summer Olympics – Women's team foil,https://en.wikipedia.org/wiki/Fencing_at_the_2012_Summer_Olympics_%E2%80%93_Women%27s_team_foil,Q938848,35739261,317
Q1004861,Weightlifting at the 2008 Summer Olympics – Men's +105 kg,https://en.wikipedia.org/wiki/Weightlifting_at_the_2008_Summer_Olympics_%E2%80%93_Men%27s_%2B105_kg,Q1004861,18534256,560
Q1221922,Biathlon at the 2002 Winter Olympics – Women's individual,https://en.wikipedia.org/wiki/Biathlon_at_the_2002_Winter_Olympics_%E2%80%93_Women%27s_individual,Q1221922,38444766,1531
Q943291,Athletics at the 2000 Summer Olympics – Women's heptathlon,https://en.wikipedia.org/wiki/Athletics_at_the_2000_Summer_Olympics_%E2%80%93_Women%27s_heptathlon,Q943291,9573786,1232
Q927998,Cross-country skiing at the 2006 Winter Olympics – Women's 30 kilometre freestyle,https://en.wikipedia.org/wiki/Cross-country_skiing_at_the_2006_Winter_Olympics_%E2%80%93_Women%27s_30_kilometre_freestyle,Q927998,23171385,797
Q385894,Freestyle skiing at the 2010 Winter Olympics – Men's aerials,https://en.wikipedia.org/wiki/Freestyle_skiing_at_the_2010_Winter_Olympics_%E2%80%93_Men%27s_aerials,Q385894,25308972,770
Q677027,Athletics at the 2008 Summer Olympics – Men's 800 metres,https://en.wikipedia.org/wiki/Athletics_at_the_2008_Summer_Olympics_%E2%80%93_Men%27s_800_metres,Q677027,18569131,2742
Q843851,Cross-country skiing at the 2010 Winter Olympics – Men's sprint,https://en.wikipedia.org/wiki/Cross-country_skiing_at_the_2010_Winter_Olympics_%E2%80%93_Men%27s_sprint,Q843851,24947338,1590
Q15055035,Cross-country skiing at the 2014 Winter Olympics – Women's sprint,https://en.wikipedia.org/wiki/Cross-country_skiing_at_the_2014_Winter_Olympics_%E2%80%93_Women%27s_sprint,Q15055035,41108555,1667
Q4820134,Weightlifting at the 2000 Summer Olympics – Men's 62 kg,https://en.wikipedia.org/wiki/Weightlifting_at_the_2000_Summer_Olympics_%E2%80%93_Men%27s_62_kg,Q4820134,25087378,767
Q4786051,Archery at the 1996 Summer Olympics – Women's team,https://en.wikipedia.org/wiki/Archery_at_the_1996_Summer_Olympics_%E2%80%93_Women%27s_team,Q4786051,15712006,466
Q7400330,Sailing at the 2000 Summer Olympics – Men's Mistral One Design,https://en.wikipedia.org/wiki/Sailing_at_the_2000_Summer_Olympics_%E2%80%93_Men%27s_Mistral_One_Design,Q7400330,33238290,202
Q2268082,Shooting at the 2012 Summer Olympics – Women's skeet,https://en.wikipedia.org/wiki/Shooting_at_the_2012_Summer_Olympics_%E2%80%93_Women%27s_skeet,Q2268082,36508033,517
Q300842,Book of Shadows: Blair Witch 2,https://en.wikipedia.org/wiki/Book_of_Shadows%3A_Blair_Witch_2,Q300842,1189552,6592
Q15055025,Cross-country skiing at the 2014 Winter Olympics – Men's 15 kilometre classical,https://en.wikipedia.org/wiki/Cross-country_skiing_at_the_2014_Winter_Olympics_%E2%80%93_Men%27s_15_kilometre_classical,Q15055025,41546835,1011
Q794388,Gymnastics at the 2000 Summer Olympics – Women's trampoline,https://en.wikipedia.org/wiki/Gymnastics_at_the_2000_Summer_Olympics_%E2%80%93_Women%27s_trampoline,Q794388,25057553,381
Q7656692,Swimming at the 1988 Summer Olympics – Men's 200 metre freestyle,https://en.wikipedia.org/wiki/Swimming_at_the_1988_Summer_Olympics_%E2%80%93_Men%27s_200_metre_freestyle,Q7656692,21600623,1645
Q776944,Athletics at the 1996 Summer Olympics – Men's 20 kilometres walk,https://en.wikipedia.org/wiki/Athletics_at_the_1996_Summer_Olympics_%E2%80%93_Men%27s_20_kilometres_walk,Q776944,10684100,744
Q7979971,Weightlifting at the 1992 Summer Olympics – Men's 52 kg,https://en.wikipedia.org/wiki/Weightlifting_at_the_1992_Summer_Olympics_%E2%80%93_Men%27s_52_kg,Q7979971,32849724,563
Q1222133,Short-track speed skating at the 1994 Winter Olympics – Women's 500 metres,https://en.wikipedia.org/wiki/Short-track_speed_skating_at_the_1994_Winter_Olympics_%E2%80%93_Women%27s_500_metres,Q1222133,41666516,708
Q31843476,Equestrian at the 1992 Summer Olympics – Individual jumping,https://en.wikipedia.org/wiki/Equestrian_at_the_1992_Summer_Olympics_%E2%80%93_Individual_jumping,Q31843476,63866545,2344
Q7500836,Shooting at the 2004 Summer Olympics – Men's trap,https://en.wikipedia.org/wiki/Shooting_at_the_2004_Summer_Olympics_%E2%80%93_Men%27s_trap,Q7500836,3566889,1700
Q1221798,Short-track speed skating at the 2002 Winter Olympics – Women's 1000 metres,https://en.wikipedia.org/wiki/Short-track_speed_skating_at_the_2002_Winter_Olympics_%E2%80%93_Women%27s_1000_metres,Q1221798,41666420,825
Q2574045,Alpine skiing at the 2006 Winter Olympics – Women's giant slalom,https://en.wikipedia.org/wiki/Alpine_skiing_at_the_2006_Winter_Olympics_%E2%80%93_Women%27s_giant_slalom,Q2574045,4350302,821
Q3498697,Wrestling at the 1992 Summer Olympics – Men's freestyle 74 kg,https://en.wikipedia.org/wiki/Wrestling_at_the_1992_Summer_Olympics_%E2%80%93_Men%27s_freestyle_74_kg,Q3498697,17438711,883
Q2352927,Canoeing at the 2012 Summer Olympics – Men's slalom C-2,https://en.wikipedia.org/wiki/Canoeing_at_the_2012_Summer_Olympics_%E2%80%93_Men%27s_slalom_C-2,Q2352927,34246786,586
Q921409,Biathlon at the 2010 Winter Olympics – Men's relay,https://en.wikipedia.org/wiki/Biathlon_at_the_2010_Winter_Olympics_%E2%80%93_Men%27s_relay,Q921409,24688879,897
Q256759,Biathlon at the 2002 Winter Olympics – Men's individual,https://en.wikipedia.org/wiki/Biathlon_at_the_2002_Winter_Olympics_%E2%80%93_Men%27s_individual,Q256759,38444501,1598
Q2353523,Shooting at the 2012 Summer Olympics – Men's 25 metre rapid fire pistol,https://en.wikipedia.org/wiki/Shooting_at_the_2012_Summer_Olympics_%E2%80%93_Men%27s_25_metre_rapid_fire_pistol,Q2353523,36507921,1890
Q848655,Cross-country skiing at the 2010 Winter Olympics – Women's sprint,https://en.wikipedia.org/wiki/Cross-country_skiing_at_the_2010_Winter_Olympics_%E2%80%93_Women%27s_sprint,Q848655,24947801,1655
Q903679,Archery at the 2012 Summer Olympics – Men's individual,https://en.wikipedia.org/wiki/Archery_at_the_2012_Summer_Olympics_%E2%80%93_Men%27s_individual,Q903679,31815919,1066
Q2289605,Wrestling at the 2012 Summer Olympics – Women's freestyle 72 kg,https://en.wikipedia.org/wiki/Wrestling_at_the_2012_Summer_Olympics_%E2%80%93_Women%27s_freestyle_72_kg,Q2289605,34236564,356
Q525031,Speed skating at the 1998 Winter Olympics – Women's 3000 metres,https://en.wikipedia.org/wiki/Speed_skating_at_the_1998_Winter_Olympics_%E2%80%93_Women%27s_3000_metres,Q525031,41833681,586
Q25386266,Fencing at the 2016 Summer Olympics – Men's foil,https://en.wikipedia.org/wiki/Fencing_at_the_2016_Summer_Olympics_%E2%80%93_Men%27s_foil,Q25386266,46415371,1304
Q25384913,Fencing at the 2016 Summer Olympics – Men's team épée,https://en.wikipedia.org/wiki/Fencing_at_the_2016_Summer_Olympics_%E2%80%93_Men%27s_team_%C3%A9p%C3%A9e,Q25384913,46415370,338
Q7979983,Weightlifting at the 1996 Summer Olympics – Men's +108 kg,https://en.wikipedia.org/wiki/Weightlifting_at_the_1996_Summer_Olympics_%E2%80%93_Men%27s_%2B108_kg,Q7979983,16977043,630
Q2341653,Sailing at the 2008 Summer Olympics – Laser Radial,https://en.wikipedia.org/wiki/Sailing_at_the_2008_Summer_Olympics_%E2%80%93_Laser_Radial,Q2341653,18674949,536
Q905607,Luge at the 2010 Winter Olympics – Women's singles,https://en.wikipedia.org/wiki/Luge_at_the_2010_Winter_Olympics_%E2%80%93_Women%27s_singles,Q905607,25012427,2609
Q847280,Biathlon at the 2006 Winter Olympics – Women's mass start,https://en.wikipedia.org/wiki/Biathlon_at_the_2006_Winter_Olympics_%E2%80%93_Women%27s_mass_start,Q847280,24426052,631
Q1222635,Alpine skiing at the 2002 Winter Olympics – Women's super-G,https://en.wikipedia.org/wiki/Alpine_skiing_at_the_2002_Winter_Olympics_%E2%80%93_Women%27s_super-G,Q1222635,26636627,489
Q947691,Athletics at the 2008 Summer Olympics – Women's marathon,https://en.wikipedia.org/wiki/Athletics_at_the_2008_Summer_Olympics_%E2%80%93_Women%27s_marathon,Q947691,18569066,897
Q3194709,Cycling at the 2000 Summer Olympics – Men's keirin,https://en.wikipedia.org/wiki/Cycling_at_the_2000_Summer_Olympics_%E2%80%93_Men%27s_keirin,Q3194709,31784159,624
Q1222014,Cross-country skiing at the 2002 Winter Olympics – Women's 30 kilometre classical,https://en.wikipedia.org/wiki/Cross-country_skiing_at_the_2002_Winter_Olympics_%E2%80%93_Women%27s_30_kilometre_classical,Q1222014,54079647,999
Q4786058,Archery at the 2000 Summer Olympics – Men's team,https://en.wikipedia.org/wiki/Archery_at_the_2000_Summer_Olympics_%E2%80%93_Men%27s_team,Q4786058,15711264,706
Q1221877,Cross-country skiing at the 1994 Winter Olympics – Women's 10 kilometre freestyle pursuit,https://en.wikipedia.org/wiki/Cross-country_skiing_at_the_1994_Winter_Olympics_%E2%80%93_Women%27s_10_kilometre_freestyle_pursuit,Q1221877,59881401,955
Q1221943,Cross-country skiing at the 1992 Winter Olympics – Women's 15 kilometre classical,https://en.wikipedia.org/wiki/Cross-country_skiing_at_the_1992_Winter_Olympics_%E2%80%93_Women%27s_15_kilometre_classical,Q1221943,59953640,559
Q826580,Luge at the 2006 Winter Olympics – Men's singles,https://en.wikipedia.org/wiki/Luge_at_the_2006_Winter_Olympics_%E2%80%93_Men%27s_singles,Q826580,4134161,818
Q811023,Battlefield Earth (film),https://en.wikipedia.org/wiki/Battlefield_Earth_%28film%29,Q811023,6976850,10866
Q7500829,Shooting at the 2004 Summer Olympics – Men's 10 metre air rifle,https://en.wikipedia.org/wiki/Shooting_at_the_2004_Summer_Olympics_%E2%80%93_Men%27s_10_metre_air_rifle,Q7500829,2994844,1211
Q3499058,Wrestling at the 1992 Summer Olympics – Men's Greco-Roman 48 kg,https://en.wikipedia.org/wiki/Wrestling_at_the_1992_Summer_Olympics_%E2%80%93_Men%27s_Greco-Roman_48_kg,Q3499058,17791726,915
Q916747,Short-track speed skating at the 2010 Winter Olympics – Women's 1500 metres,https://en.wikipedia.org/wiki/Short-track_speed_skating_at_the_2010_Winter_Olympics_%E2%80%93_Women%27s_1500_metres,Q916747,25309734,589
Q7500849,Shooting at the 2004 Summer Olympics – Women's trap,https://en.wikipedia.org/wiki/Shooting_at_the_2004_Summer_Olympics_%E2%80%93_Women%27s_trap,Q7500849,3559222,723
Q5198388,Cycling at the 2000 Summer Olympics – Men's sprint,https://en.wikipedia.org/wiki/Cycling_at_the_2000_Summer_Olympics_%E2%80%93_Men%27s_sprint,Q5198388,31478522,3184
Q3498573,Wrestling at the 1992 Summer Olympics – Men's freestyle 52 kg,https://en.wikipedia.org/wiki/Wrestling_at_the_1992_Summer_Olympics_%E2%80%93_Men%27s_freestyle_52_kg,Q3498573,17327800,800
Q1222488,Freestyle skiing at the 1992 Winter Olympics – Women's moguls,https://en.wikipedia.org/wiki/Freestyle_skiing_at_the_1992_Winter_Olympics_%E2%80%93_Women%27s_moguls,Q1222488,41618275,367
Q919261,Canoeing at the 2012 Summer Olympics – Women's K-2 500 metres,https://en.wikipedia.org/wiki/Canoeing_at_the_2012_Summer_Olympics_%E2%80%93_Women%27s_K-2_500_metres,Q919261,35771884,977
Q7400323,Sailing at the 1996 Summer Olympics – Star,https://en.wikipedia.org/wiki/Sailing_at_the_1996_Summer_Olympics_%E2%80%93_Star,Q7400323,33106567,1199
Q7400327,Sailing at the 2000 Summer Olympics – Europe,https://en.wikipedia.org/wiki/Sailing_at_the_2000_Summer_Olympics_%E2%80%93_Europe,Q7400327,37596952,219
Q886359,Gymnastics at the 2000 Summer Olympics – Women's artistic individual all-around,https://en.wikipedia.org/wiki/Gymnastics_at_the_2000_Summer_Olympics_%E2%80%93_Women%27s_artistic_individual_all-around,Q886359,20214438,3113
Q3001408,Cycling at the 1996 Summer Olympics – Men's points race,https://en.wikipedia.org/wiki/Cycling_at_the_1996_Summer_Olympics_%E2%80%93_Men%27s_points_race,Q3001408,10599324,919
Q1475136,Ginger Snaps (film),https://en.wikipedia.org/wiki/Ginger_Snaps_%28film%29,Q1475136,365070,4597
Q160618,Brokeback Mountain,https://en.wikipedia.org/wiki/Brokeback_Mountain,Q160618,1623960,10954
Q1393668,Guru (2007 film),https://en.wikipedia.org/wiki/Guru_%282007_film%29,Q1393668,3729190,3315
Q839596,The Count of Monte Cristo (2002 film),https://en.wikipedia.org/wiki/The_Count_of_Monte_Cristo_%282002_film%29,Q839596,872497,2334
Q269692,Barry Levinson,https://en.wikipedia.org/wiki/Barry_Levinson,Q269692,318998,1985
Q1473878,No Way Out (1987 film),https://en.wikipedia.org/wiki/No_Way_Out_%281987_film%29,Q1473878,886560,2116
Q108543,Alien 3,https://en.wikipedia.org/wiki/Alien_3,Q108543,213251,10666
Q321561,Scent of a Woman (1992 film),https://en.wikipedia.org/wiki/Scent_of_a_Woman_%281992_film%29,Q321561,133648,3317
Q1346982,The Glass House (2001 film),https://en.wikipedia.org/wiki/The_Glass_House_%282001_film%29,Q1346982,3146483,2098
Q580716,Punch-Drunk Love,https://en.wikipedia.org/wiki/Punch-Drunk_Love,Q580716,630721,5039
Q754892,Beethoven (film),https://en.wikipedia.org/wiki/Beethoven_%28film%29,Q754892,348994,3074
Q1768470,The Great Debaters,https://en.wikipedia.org/wiki/The_Great_Debaters,Q1768470,3947481,2086
Q1427204,Josh (2000 film),https://en.wikipedia.org/wiki/Josh_%282000_film%29,Q1427204,1765996,2273
Q1055299,Scary Movie 4,https://en.wikipedia.org/wiki/Scary_Movie_4,Q1055299,2486990,2195
Q1516833,Michael Minkler,https://en.wikipedia.org/wiki/Michael_Minkler,Q1516833,26634039,2710
Q1434995,Primer (film),https://en.wikipedia.org/wiki/Primer_%28film%29,Q1434995,1134373,3793
Q880111,Mike Foster (American politician),https://en.wikipedia.org/wiki/Mike_Foster_%28American_politician%29,Q880111,369223,2532
Q1427521,Jason X,https://en.wikipedia.org/wiki/Jason_X,Q1427521,2269465,3422
Q1356402,Vertical Limit,https://en.wikipedia.org/wiki/Vertical_Limit,Q1356402,1695219,2436
Q754745,Irréversible,https://en.wikipedia.org/wiki/Irr%C3%A9versible,Q754745,299490,4291
Q219424,Scary Movie,https://en.wikipedia.org/wiki/Scary_Movie,Q219424,277667,4443
Q831437,Ong-Bak,https://en.wikipedia.org/wiki/Ong-Bak,Q831437,878005,2746
Q3879624,Swimming at the 1996 Summer Olympics – Women's 200 metre breaststroke,https://en.wikipedia.org/wiki/Swimming_at_the_1996_Summer_Olympics_%E2%80%93_Women%27s_200_metre_breaststroke,Q3879624,7647280,530
Q25803,Fencing at the 1996 Summer Olympics – Men's team sabre,https://en.wikipedia.org/wiki/Fencing_at_the_1996_Summer_Olympics_%E2%80%93_Men%27s_team_sabre,Q25803,34603168,363
Q8037964,Wrestling at the 2000 Summer Olympics – Men's freestyle 54 kg,https://en.wikipedia.org/wiki/Wrestling_at_the_2000_Summer_Olympics_%E2%80%93_Men%27s_freestyle_54_kg,Q8037964,17097300,617
Q3879652,Swimming at the 1992 Summer Olympics – Women's 200 metre individual medley,https://en.wikipedia.org/wiki/Swimming_at_the_1992_Summer_Olympics_%E2%80%93_Women%27s_200_metre_individual_medley,Q3879652,5332836,752
Q3811011,Judo at the 2004 Summer Olympics – Women's 78 kg,https://en.wikipedia.org/wiki/Judo_at_the_2004_Summer_Olympics_%E2%80%93_Women%27s_78_kg,Q3811011,11244218,545
Q5443156,Fencing at the 2000 Summer Olympics – Women's foil,https://en.wikipedia.org/wiki/Fencing_at_the_2000_Summer_Olympics_%E2%80%93_Women%27s_foil,Q5443156,34881913,432
Q3879619,Swimming at the 1996 Summer Olympics – Women's 200 metre individual medley,https://en.wikipedia.org/wiki/Swimming_at_the_1996_Summer_Olympics_%E2%80%93_Women%27s_200_metre_individual_medley,Q3879619,7647384,727
Q1004918,Biathlon at the 2002 Winter Olympics – Men's sprint,https://en.wikipedia.org/wiki/Biathlon_at_the_2002_Winter_Olympics_%E2%80%93_Men%27s_sprint,Q1004918,38444563,1543
Q1005749,Alpine skiing at the 1998 Winter Olympics – Men's super-G,https://en.wikipedia.org/wiki/Alpine_skiing_at_the_1998_Winter_Olympics_%E2%80%93_Men%27s_super-G,Q1005749,41141197,805
Q3879623,Swimming at the 1996 Summer Olympics – Men's 200 metre butterfly,https://en.wikipedia.org/wiki/Swimming_at_the_1996_Summer_Olympics_%E2%80%93_Men%27s_200_metre_butterfly,Q3879623,7645385,715
Q3998590,Triathlon at the 2000 Summer Olympics – Women's,https://en.wikipedia.org/wiki/Triathlon_at_the_2000_Summer_Olympics_%E2%80%93_Women%27s,Q3998590,37587166,1288
Q3628689,Athletics at the 1988 Summer Olympics – Men's 400 metres,https://en.wikipedia.org/wiki/Athletics_at_the_1988_Summer_Olympics_%E2%80%93_Men%27s_400_metres,Q3628689,6320408,2404
Q3628678,"Athletics at the 1988 Summer Olympics – Men's 10,000 metres",https://en.wikipedia.org/wiki/Athletics_at_the_1988_Summer_Olympics_%E2%80%93_Men%27s_10%2C000_metres,Q3628678,8101429,1005
Q3628682,Athletics at the 1988 Summer Olympics – Men's 110 metres hurdles,https://en.wikipedia.org/wiki/Athletics_at_the_1988_Summer_Olympics_%E2%80%93_Men%27s_110_metres_hurdles,Q3628682,8450728,2029
Q7500779,Shooting at the 1992 Summer Olympics – Women's 50 metre rifle three positions,https://en.wikipedia.org/wiki/Shooting_at_the_1992_Summer_Olympics_%E2%80%93_Women%27s_50_metre_rifle_three_positions,Q7500779,19466029,635
Q1004860,Speed skating at the 2006 Winter Olympics – Men's 1000 metres,https://en.wikipedia.org/wiki/Speed_skating_at_the_2006_Winter_Olympics_%E2%80%93_Men%27s_1000_metres,Q1004860,21976378,593
Q10572415,Boxing at the 1992 Summer Olympics – Light flyweight,https://en.wikipedia.org/wiki/Boxing_at_the_1992_Summer_Olympics_%E2%80%93_Light_flyweight,Q10572415,59592732,325
Q3951953,Fencing at the 2004 Summer Olympics – Women's foil,https://en.wikipedia.org/wiki/Fencing_at_the_2004_Summer_Olympics_%E2%80%93_Women%27s_foil,Q3951953,11602842,381
Q10572416,Boxing at the 1988 Summer Olympics – Light flyweight,https://en.wikipedia.org/wiki/Boxing_at_the_1988_Summer_Olympics_%E2%80%93_Light_flyweight,Q10572416,59552535,899
Q5443153,Fencing at the 2000 Summer Olympics – Women's team épée,https://en.wikipedia.org/wiki/Fencing_at_the_2000_Summer_Olympics_%E2%80%93_Women%27s_team_%C3%A9p%C3%A9e,Q5443153,34881660,331
Q1005277,Alpine skiing at the 2002 Winter Olympics – Men's combined,https://en.wikipedia.org/wiki/Alpine_skiing_at_the_2002_Winter_Olympics_%E2%80%93_Men%27s_combined,Q1005277,26314724,570
Q3628765,Athletics at the 2000 Summer Olympics – Men's 3000 metres steeplechase,https://en.wikipedia.org/wiki/Athletics_at_the_2000_Summer_Olympics_%E2%80%93_Men%27s_3000_metres_steeplechase,Q3628765,22770894,2000
Q8037927,Wrestling at the 1996 Summer Olympics – Men's freestyle 48 kg,https://en.wikipedia.org/wiki/Wrestling_at_the_1996_Summer_Olympics_%E2%80%93_Men%27s_freestyle_48_kg,Q8037927,16928367,579
Q8037900,Wrestling at the 1988 Summer Olympics – Men's freestyle 48 kg,https://en.wikipedia.org/wiki/Wrestling_at_the_1988_Summer_Olympics_%E2%80%93_Men%27s_freestyle_48_kg,Q8037900,18228616,645
Q3879615,Swimming at the 1996 Summer Olympics – Women's 100 metre freestyle,https://en.wikipedia.org/wiki/Swimming_at_the_1996_Summer_Olympics_%E2%80%93_Women%27s_100_metre_freestyle,Q3879615,7631824,784
Q10522584,Cycling at the 1988 Summer Olympics – Men's sprint,https://en.wikipedia.org/wiki/Cycling_at_the_1988_Summer_Olympics_%E2%80%93_Men%27s_sprint,Q10522584,45036004,2372
Q10466379,Judo at the 1992 Summer Olympics – Women's 61 kg,https://en.wikipedia.org/wiki/Judo_at_the_1992_Summer_Olympics_%E2%80%93_Women%27s_61_kg,Q10466379,57563774,284
Q10522549,Judo at the 1996 Summer Olympics – Men's 78 kg,https://en.wikipedia.org/wiki/Judo_at_the_1996_Summer_Olympics_%E2%80%93_Men%27s_78_kg,Q10522549,50190491,316
Q1005744,Alpine skiing at the 1988 Winter Olympics – Men's super-G,https://en.wikipedia.org/wiki/Alpine_skiing_at_the_1988_Winter_Olympics_%E2%80%93_Men%27s_super-G,Q1005744,41540444,988
Q10522555,Judo at the 1996 Summer Olympics – Men's 95 kg,https://en.wikipedia.org/wiki/Judo_at_the_1996_Summer_Olympics_%E2%80%93_Men%27s_95_kg,Q10522555,50281715,425
Q129295,Cycling at the 1996 Summer Olympics – Men's individual road race,https://en.wikipedia.org/wiki/Cycling_at_the_1996_Summer_Olympics_%E2%80%93_Men%27s_individual_road_race,Q129295,11437256,1100
Q1422131,"Athletics at the 1996 Summer Olympics – Women's 10,000 metres",https://en.wikipedia.org/wiki/Athletics_at_the_1996_Summer_Olympics_%E2%80%93_Women%27s_10%2C000_metres,Q1422131,10909773,627
Q5443144,Fencing at the 1988 Summer Olympics – Women's foil,https://en.wikipedia.org/wiki/Fencing_at_the_1988_Summer_Olympics_%E2%80%93_Women%27s_foil,Q5443144,32424777,858
Q1028699,Swimming at the 2004 Summer Olympics – Men's 200 metre freestyle,https://en.wikipedia.org/wiki/Swimming_at_the_2004_Summer_Olympics_%E2%80%93_Men%27s_200_metre_freestyle,Q1028699,905658,1746
Q3837513,Wrestling at the 2004 Summer Olympics – Men's freestyle 84 kg,https://en.wikipedia.org/wiki/Wrestling_at_the_2004_Summer_Olympics_%E2%80%93_Men%27s_freestyle_84_kg,Q3837513,1175082,707
Q3879643,Swimming at the 1992 Summer Olympics – Women's 100 metre breaststroke,https://en.wikipedia.org/wiki/Swimming_at_the_1992_Summer_Olympics_%E2%80%93_Women%27s_100_metre_breaststroke,Q3879643,5346837,727
Q1076253,Swimming at the 2000 Summer Olympics – Women's 400 metre freestyle,https://en.wikipedia.org/wiki/Swimming_at_the_2000_Summer_Olympics_%E2%80%93_Women%27s_400_metre_freestyle,Q1076253,12383066,881
Q25791,Fencing at the 1996 Summer Olympics – Women's team foil,https://en.wikipedia.org/wiki/Fencing_at_the_1996_Summer_Olympics_%E2%80%93_Women%27s_team_foil,Q25791,34602971,390
Q38591,Fencing at the 1992 Summer Olympics – Women's team foil,https://en.wikipedia.org/wiki/Fencing_at_the_1992_Summer_Olympics_%E2%80%93_Women%27s_team_foil,Q38591,34148844,550
Q3879653,Swimming at the 1992 Summer Olympics – Men's 200 metre butterfly,https://en.wikipedia.org/wiki/Swimming_at_the_1992_Summer_Olympics_%E2%80%93_Men%27s_200_metre_butterfly,Q3879653,5345693,768
Q5443138,Fencing at the 1988 Summer Olympics – Men's team foil,https://en.wikipedia.org/wiki/Fencing_at_the_1988_Summer_Olympics_%E2%80%93_Men%27s_team_foil,Q5443138,32424563,1022
Q1004914,"Speed skating at the 1994 Winter Olympics – Men's 10,000 metres",https://en.wikipedia.org/wiki/Speed_skating_at_the_1994_Winter_Olympics_%E2%80%93_Men%27s_10%2C000_metres,Q1004914,31439602,387
Q1004868,Speed skating at the 1998 Winter Olympics – Men's 1000 metres,https://en.wikipedia.org/wiki/Speed_skating_at_the_1998_Winter_Olympics_%E2%80%93_Men%27s_1000_metres,Q1004868,41833516,632
Q10522554,Judo at the 1988 Summer Olympics – Men's 95 kg,https://en.wikipedia.org/wiki/Judo_at_the_1988_Summer_Olympics_%E2%80%93_Men%27s_95_kg,Q10522554,57523672,242
Q1409048,Athletics at the 1992 Summer Olympics – Men's 3000 metres steeplechase,https://en.wikipedia.org/wiki/Athletics_at_the_1992_Summer_Olympics_%E2%80%93_Men%27s_3000_metres_steeplechase,Q1409048,13819398,1297
Q3879625,Swimming at the 1996 Summer Olympics – Women's 400 metre individual medley,https://en.wikipedia.org/wiki/Swimming_at_the_1996_Summer_Olympics_%E2%80%93_Women%27s_400_metre_individual_medley,Q3879625,7647469,624
Q2297686,Cycling at the 1996 Summer Olympics – Men's cross-country,https://en.wikipedia.org/wiki/Cycling_at_the_1996_Summer_Olympics_%E2%80%93_Men%27s_cross-country,Q2297686,11018895,565
Q1408913,Athletics at the 1992 Summer Olympics – Men's 20 kilometres walk,https://en.wikipedia.org/wiki/Athletics_at_the_1992_Summer_Olympics_%E2%80%93_Men%27s_20_kilometres_walk,Q1408913,13501720,453
Q7500771,Shooting at the 1992 Summer Olympics – Mixed skeet,https://en.wikipedia.org/wiki/Shooting_at_the_1992_Summer_Olympics_%E2%80%93_Mixed_skeet,Q7500771,19492873,864
Q587012,Modern pentathlon at the 2004 Summer Olympics – Women's,https://en.wikipedia.org/wiki/Modern_pentathlon_at_the_2004_Summer_Olympics_%E2%80%93_Women%27s,Q587012,1108327,1367
Q1408709,Athletics at the 1992 Summer Olympics – Women's 10 kilometres walk,https://en.wikipedia.org/wiki/Athletics_at_the_1992_Summer_Olympics_%E2%80%93_Women%27s_10_kilometres_walk,Q1408709,13421471,529
Q2311876,Athletics at the 1996 Summer Olympics – Women's high jump,https://en.wikipedia.org/wiki/Athletics_at_the_1996_Summer_Olympics_%E2%80%93_Women%27s_high_jump,Q2311876,10753070,945
Q3628696,Athletics at the 1988 Summer Olympics – Women's discus throw,https://en.wikipedia.org/wiki/Athletics_at_the_1988_Summer_Olympics_%E2%80%93_Women%27s_discus_throw,Q3628696,14523881,661
Q3837511,Wrestling at the 2004 Summer Olympics – Women's freestyle 72 kg,https://en.wikipedia.org/wiki/Wrestling_at_the_2004_Summer_Olympics_%E2%80%93_Women%27s_freestyle_72_kg,Q3837511,1128837,434
Q3879664,Swimming at the 1992 Summer Olympics – Men's 400 metre freestyle,https://en.wikipedia.org/wiki/Swimming_at_the_1992_Summer_Olympics_%E2%80%93_Men%27s_400_metre_freestyle,Q3879664,5334400,785
Q3879579,Swimming at the 2004 Summer Olympics – Women's 4 × 100 metre medley relay,https://en.wikipedia.org/wiki/Swimming_at_the_2004_Summer_Olympics_%E2%80%93_Women%27s_4_%C3%97_100_metre_medley_relay,Q3879579,914767,1072
Q7500774,Shooting at the 1992 Summer Olympics – Women's 10 metre air pistol,https://en.wikipedia.org/wiki/Shooting_at_the_1992_Summer_Olympics_%E2%80%93_Women%27s_10_metre_air_pistol,Q7500774,19472951,589
Q1005740,Skeleton at the 2006 Winter Olympics – Men's,https://en.wikipedia.org/wiki/Skeleton_at_the_2006_Winter_Olympics_%E2%80%93_Men%27s,Q1005740,23065283,603
Q202735,Billy Bob Thornton,https://en.wikipedia.org/wiki/Billy_Bob_Thornton,Q202735,4471,4202
Q1005810,Alpine skiing at the 1998 Winter Olympics – Men's giant slalom,https://en.wikipedia.org/wiki/Alpine_skiing_at_the_1998_Winter_Olympics_%E2%80%93_Men%27s_giant_slalom,Q1005810,41141227,850
Q5443137,Fencing at the 1988 Summer Olympics – Men's sabre,https://en.wikipedia.org/wiki/Fencing_at_the_1988_Summer_Olympics_%E2%80%93_Men%27s_sabre,Q5443137,32424624,1064
Q10495989,Boxing at the 1992 Summer Olympics – Featherweight,https://en.wikipedia.org/wiki/Boxing_at_the_1992_Summer_Olympics_%E2%80%93_Featherweight,Q10495989,59610468,778
Q1222684,Alpine skiing at the 2002 Winter Olympics – Women's giant slalom,https://en.wikipedia.org/wiki/Alpine_skiing_at_the_2002_Winter_Olympics_%E2%80%93_Women%27s_giant_slalom,Q1222684,26644839,808
Q3628786,Athletics at the 2000 Summer Olympics – Men's triple jump,https://en.wikipedia.org/wiki/Athletics_at_the_2000_Summer_Olympics_%E2%80%93_Men%27s_triple_jump,Q3628786,17837681,1565
Q7980004,Weightlifting at the 2000 Summer Olympics – Women's 63 kg,https://en.wikipedia.org/wiki/Weightlifting_at_the_2000_Summer_Olympics_%E2%80%93_Women%27s_63_kg,Q7980004,25077276,472
Q3837512,Wrestling at the 2004 Summer Olympics – Men's freestyle 74 kg,https://en.wikipedia.org/wiki/Wrestling_at_the_2004_Summer_Olympics_%E2%80%93_Men%27s_freestyle_74_kg,Q3837512,1172458,673
Q4160921,Judo at the 1988 Summer Olympics – Men's 60 kg,https://en.wikipedia.org/wiki/Judo_at_the_1988_Summer_Olympics_%E2%80%93_Men%27s_60_kg,Q4160921,57501108,297
Q13655354,Athletics at the 1988 Summer Olympics – Women's heptathlon,https://en.wikipedia.org/wiki/Athletics_at_the_1988_Summer_Olympics_%E2%80%93_Women%27s_heptathlon,Q13655354,14949593,1874
Q3879621,Swimming at the 1996 Summer Olympics – Men's 200 metre individual medley,https://en.wikipedia.org/wiki/Swimming_at_the_1996_Summer_Olympics_%E2%80%93_Men%27s_200_metre_individual_medley,Q3879621,7645999,704
Q3879645,Swimming at the 1992 Summer Olympics – Women's 100 metre butterfly,https://en.wikipedia.org/wiki/Swimming_at_the_1992_Summer_Olympics_%E2%80%93_Women%27s_100_metre_butterfly,Q3879645,5346659,837
Q10581226,Boxing at the 1988 Summer Olympics – Middleweight,https://en.wikipedia.org/wiki/Boxing_at_the_1988_Summer_Olympics_%E2%80%93_Middleweight,Q10581226,59589114,479
Q3879650,Swimming at the 1992 Summer Olympics – Women's 200 metre backstroke,https://en.wikipedia.org/wiki/Swimming_at_the_1992_Summer_Olympics_%E2%80%93_Women%27s_200_metre_backstroke,Q3879650,5335822,780
Q3879610,Swimming at the 1996 Summer Olympics – Women's 100 metre butterfly,https://en.wikipedia.org/wiki/Swimming_at_the_1996_Summer_Olympics_%E2%80%93_Women%27s_100_metre_butterfly,Q3879610,7647051,737
Q3628781,Athletics at the 2000 Summer Olympics – Men's 20 kilometres walk,https://en.wikipedia.org/wiki/Athletics_at_the_2000_Summer_Olympics_%E2%80%93_Men%27s_20_kilometres_walk,Q3628781,23149476,656
Q7979994,Weightlifting at the 2000 Summer Olympics – Men's +105 kg,https://en.wikipedia.org/wiki/Weightlifting_at_the_2000_Summer_Olympics_%E2%80%93_Men%27s_%2B105_kg,Q7979994,25087788,872
Q988363,Ski jumping at the 1994 Winter Olympics – Normal hill individual,https://en.wikipedia.org/wiki/Ski_jumping_at_the_1994_Winter_Olympics_%E2%80%93_Normal_hill_individual,Q988363,31441207,1169
Q4443763,Shooting at the 2000 Summer Olympics – Men's 10 metre air rifle,https://en.wikipedia.org/wiki/Shooting_at_the_2000_Summer_Olympics_%E2%80%93_Men%27s_10_metre_air_rifle,Q4443763,19206379,514
Q25239316,Weightlifting at the 1988 Summer Olympics – Men's 60 kg,https://en.wikipedia.org/wiki/Weightlifting_at_the_1988_Summer_Olympics_%E2%80%93_Men%27s_60_kg,Q25239316,47629326,596
Q1222715,Alpine skiing at the 1994 Winter Olympics – Women's giant slalom,https://en.wikipedia.org/wiki/Alpine_skiing_at_the_1994_Winter_Olympics_%E2%80%93_Women%27s_giant_slalom,Q1222715,41144602,837
Q3879646,Swimming at the 1992 Summer Olympics – Men's 100 metre butterfly,https://en.wikipedia.org/wiki/Swimming_at_the_1992_Summer_Olympics_%E2%80%93_Men%27s_100_metre_butterfly,Q3879646,5337264,827
Q3628761,Athletics at the 2000 Summer Olympics – Men's 1500 metres,https://en.wikipedia.org/wiki/Athletics_at_the_2000_Summer_Olympics_%E2%80%93_Men%27s_1500_metres,Q3628761,21404115,2626
Q1005069,Cross-country skiing at the 1998 Winter Olympics – Men's 30 kilometre classical,https://en.wikipedia.org/wiki/Cross-country_skiing_at_the_1998_Winter_Olympics_%E2%80%93_Men%27s_30_kilometre_classical,Q1005069,56475248,820
Q8037958,Wrestling at the 2000 Summer Olympics – Men's Greco-Roman 63 kg,https://en.wikipedia.org/wiki/Wrestling_at_the_2000_Summer_Olympics_%E2%80%93_Men%27s_Greco-Roman_63_kg,Q8037958,17181955,683
Q4467907,Weightlifting at the 2000 Summer Olympics – Men's 56 kg,https://en.wikipedia.org/wiki/Weightlifting_at_the_2000_Summer_Olympics_%E2%80%93_Men%27s_56_kg,Q4467907,25087271,799
Q1004927,Biathlon at the 1992 Winter Olympics – Men's sprint,https://en.wikipedia.org/wiki/Biathlon_at_the_1992_Winter_Olympics_%E2%80%93_Men%27s_sprint,Q1004927,38514448,950
Q3879658,Swimming at the 1992 Summer Olympics – Women's 400 metre individual medley,https://en.wikipedia.org/wiki/Swimming_at_the_1992_Summer_Olympics_%E2%80%93_Women%27s_400_metre_individual_medley,Q3879658,5332779,610
Q1406131,Athletics at the 1988 Summer Olympics – Women's high jump,https://en.wikipedia.org/wiki/Athletics_at_the_1988_Summer_Olympics_%E2%80%93_Women%27s_high_jump,Q1406131,8453439,744
Q825048,Cross-country skiing at the 2006 Winter Olympics – Women's sprint,https://en.wikipedia.org/wiki/Cross-country_skiing_at_the_2006_Winter_Olympics_%E2%80%93_Women%27s_sprint,Q825048,23253237,1069
Q3925465,Boxing at the 2004 Summer Olympics – Light heavyweight,https://en.wikipedia.org/wiki/Boxing_at_the_2004_Summer_Olympics_%E2%80%93_Light_heavyweight,Q3925465,4248638,637
Q823754,Speed skating at the 2002 Winter Olympics – Men's 500 metres,https://en.wikipedia.org/wiki/Speed_skating_at_the_2002_Winter_Olympics_%E2%80%93_Men%27s_500_metres,Q823754,26087662,790
Q3837507,Wrestling at the 2004 Summer Olympics – Men's freestyle 60 kg,https://en.wikipedia.org/wiki/Wrestling_at_the_2004_Summer_Olympics_%E2%80%93_Men%27s_freestyle_60_kg,Q3837507,1161297,603
Q613746,Athletics at the 2004 Summer Olympics – Women's shot put,https://en.wikipedia.org/wiki/Athletics_at_the_2004_Summer_Olympics_%E2%80%93_Women%27s_shot_put,Q613746,8758126,1526
Q2303728,Athletics at the 1992 Summer Olympics – Men's long jump,https://en.wikipedia.org/wiki/Athletics_at_the_1992_Summer_Olympics_%E2%80%93_Men%27s_long_jump,Q2303728,13810805,1551
Q1133965,Badminton at the 1992 Summer Olympics – Women's singles,https://en.wikipedia.org/wiki/Badminton_at_the_1992_Summer_Olympics_%E2%80%93_Women%27s_singles,Q1133965,10517537,174
Q2303535,Athletics at the 1992 Summer Olympics – Men's 400 metres hurdles,https://en.wikipedia.org/wiki/Athletics_at_the_1992_Summer_Olympics_%E2%80%93_Men%27s_400_metres_hurdles,Q2303535,13430766,2337
Q2313511,Athletics at the 2004 Summer Olympics – Women's 400 metres,https://en.wikipedia.org/wiki/Athletics_at_the_2004_Summer_Olympics_%E2%80%93_Women%27s_400_metres,Q2313511,913274,1483
Q1042778,Speed skating at the 2006 Winter Olympics – Women's 1000 metres,https://en.wikipedia.org/wiki/Speed_skating_at_the_2006_Winter_Olympics_%E2%80%93_Women%27s_1000_metres,Q1042778,4358921,514
Q7500789,Shooting at the 1996 Summer Olympics – Men's 50 metre rifle prone,https://en.wikipedia.org/wiki/Shooting_at_the_1996_Summer_Olympics_%E2%80%93_Men%27s_50_metre_rifle_prone,Q7500789,19266577,583
Q1004987,Cross-country skiing at the 1994 Winter Olympics – Men's 15 kilometre freestyle pursuit,https://en.wikipedia.org/wiki/Cross-country_skiing_at_the_1994_Winter_Olympics_%E2%80%93_Men%27s_15_kilometre_freestyle_pursuit,Q1004987,56468549,305
Q4443764,Shooting at the 2000 Summer Olympics – Women's 10 metre air pistol,https://en.wikipedia.org/wiki/Shooting_at_the_2000_Summer_Olympics_%E2%80%93_Women%27s_10_metre_air_pistol,Q4443764,19262457,542
Q3565567,Wrestling at the 1988 Summer Olympics – Men's Greco-Roman 130 kg,https://en.wikipedia.org/wiki/Wrestling_at_the_1988_Summer_Olympics_%E2%80%93_Men%27s_Greco-Roman_130_kg,Q3565567,18572340,509
Q3628775,Athletics at the 2000 Summer Olympics – Men's shot put,https://en.wikipedia.org/wiki/Athletics_at_the_2000_Summer_Olympics_%E2%80%93_Men%27s_shot_put,Q3628775,23925761,1680
Q1042789,Speed skating at the 2006 Winter Olympics – Women's 1500 metres,https://en.wikipedia.org/wiki/Speed_skating_at_the_2006_Winter_Olympics_%E2%80%93_Women%27s_1500_metres,Q1042789,4166711,430
Q2445057,Cycling at the 2004 Summer Olympics – Men's individual road race,https://en.wikipedia.org/wiki/Cycling_at_the_2004_Summer_Olympics_%E2%80%93_Men%27s_individual_road_race,Q2445057,1636932,1307
Q7980002,Weightlifting at the 2000 Summer Olympics – Women's +75 kg,https://en.wikipedia.org/wiki/Weightlifting_at_the_2000_Summer_Olympics_%E2%80%93_Women%27s_%2B75_kg,Q7980002,25077397,571
Q10466402,Judo at the 1996 Summer Olympics – Women's +72 kg,https://en.wikipedia.org/wiki/Judo_at_the_1996_Summer_Olympics_%E2%80%93_Women%27s_%2B72_kg,Q10466402,51369542,309
Q7500772,Shooting at the 1992 Summer Olympics – Mixed trap,https://en.wikipedia.org/wiki/Shooting_at_the_1992_Summer_Olympics_%E2%80%93_Mixed_trap,Q7500772,19484368,1577
Q1005190,Short-track speed skating at the 1998 Winter Olympics – Men's 500 metres,https://en.wikipedia.org/wiki/Short-track_speed_skating_at_the_1998_Winter_Olympics_%E2%80%93_Men%27s_500_metres,Q1005190,41666450,740
Q1005188,Speed skating at the 1992 Winter Olympics – Men's 500 metres,https://en.wikipedia.org/wiki/Speed_skating_at_the_1992_Winter_Olympics_%E2%80%93_Men%27s_500_metres,Q1005188,41834562,581
Q3811003,Judo at the 2004 Summer Olympics – Women's 48 kg,https://en.wikipedia.org/wiki/Judo_at_the_2004_Summer_Olympics_%E2%80%93_Women%27s_48_kg,Q3811003,11240735,559
Q585893,Alpine skiing at the 2006 Winter Olympics – Men's super-G,https://en.wikipedia.org/wiki/Alpine_skiing_at_the_2006_Winter_Olympics_%E2%80%93_Men%27s_super-G,Q585893,4130704,1053
Q8037907,Wrestling at the 1992 Summer Olympics – Men's Greco-Roman 68 kg,https://en.wikipedia.org/wiki/Wrestling_at_the_1992_Summer_Olympics_%E2%80%93_Men%27s_Greco-Roman_68_kg,Q8037907,17922004,1018
Q2313481,Athletics at the 2004 Summer Olympics – Women's 100 metres,https://en.wikipedia.org/wiki/Athletics_at_the_2004_Summer_Olympics_%E2%80%93_Women%27s_100_metres,Q2313481,913256,2180
Q7500793,Shooting at the 1996 Summer Olympics – Men's 50 metre rifle three positions,https://en.wikipedia.org/wiki/Shooting_at_the_1996_Summer_Olympics_%E2%80%93_Men%27s_50_metre_rifle_three_positions,Q7500793,19265882,748
Q10572441,Boxing at the 1996 Summer Olympics – Light welterweight,https://en.wikipedia.org/wiki/Boxing_at_the_1996_Summer_Olympics_%E2%80%93_Light_welterweight,Q10572441,39732597,191
Q10719576,Boxing at the 1992 Summer Olympics – Welterweight,https://en.wikipedia.org/wiki/Boxing_at_the_1992_Summer_Olympics_%E2%80%93_Welterweight,Q10719576,59619704,770
Q10466376,Judo at the 1996 Summer Olympics – Women's 52 kg,https://en.wikipedia.org/wiki/Judo_at_the_1996_Summer_Olympics_%E2%80%93_Women%27s_52_kg,Q10466376,51365657,261
Q8037959,Wrestling at the 2000 Summer Olympics – Men's Greco-Roman 69 kg,https://en.wikipedia.org/wiki/Wrestling_at_the_2000_Summer_Olympics_%E2%80%93_Men%27s_Greco-Roman_69_kg,Q8037959,17183370,610
Q7980001,Weightlifting at the 2000 Summer Olympics – Men's 94 kg,https://en.wikipedia.org/wiki/Weightlifting_at_the_2000_Summer_Olympics_%E2%80%93_Men%27s_94_kg,Q7980001,25087617,679
Q10522543,Judo at the 1992 Summer Olympics – Men's 65 kg,https://en.wikipedia.org/wiki/Judo_at_the_1992_Summer_Olympics_%E2%80%93_Men%27s_65_kg,Q10522543,57530874,339
Q1005755,Freestyle skiing at the 1994 Winter Olympics – Men's aerials,https://en.wikipedia.org/wiki/Freestyle_skiing_at_the_1994_Winter_Olympics_%E2%80%93_Men%27s_aerials,Q1005755,41618161,556
Q10466381,Judo at the 2000 Summer Olympics – Women's 63 kg,https://en.wikipedia.org/wiki/Judo_at_the_2000_Summer_Olympics_%E2%80%93_Women%27s_63_kg,Q10466381,16211338,391
Q38594,Fencing at the 1992 Summer Olympics – Men's épée,https://en.wikipedia.org/wiki/Fencing_at_the_1992_Summer_Olympics_%E2%80%93_Men%27s_%C3%A9p%C3%A9e,Q38594,34147212,2960
Q251465,Ski jumping at the 2006 Winter Olympics – Large hill individual,https://en.wikipedia.org/wiki/Ski_jumping_at_the_2006_Winter_Olympics_%E2%80%93_Large_hill_individual,Q251465,4191263,1329
Q3879620,Swimming at the 1996 Summer Olympics – Men's 200 metre backstroke,https://en.wikipedia.org/wiki/Swimming_at_the_1996_Summer_Olympics_%E2%80%93_Men%27s_200_metre_backstroke,Q3879620,7645229,1525
Q7500788,Shooting at the 1996 Summer Olympics – Men's 50 metre pistol,https://en.wikipedia.org/wiki/Shooting_at_the_1996_Summer_Olympics_%E2%80%93_Men%27s_50_metre_pistol,Q7500788,19275960,1334
Q8037930,Wrestling at the 1996 Summer Olympics – Men's freestyle 62 kg,https://en.wikipedia.org/wiki/Wrestling_at_the_1996_Summer_Olympics_%E2%80%93_Men%27s_freestyle_62_kg,Q8037930,17215246,613
Q8037934,Wrestling at the 1996 Summer Olympics – Men's freestyle 74 kg,https://en.wikipedia.org/wiki/Wrestling_at_the_1996_Summer_Olympics_%E2%80%93_Men%27s_freestyle_74_kg,Q8037934,17226811,641
Q2377414,Athletics at the 1988 Summer Olympics – Men's decathlon,https://en.wikipedia.org/wiki/Athletics_at_the_1988_Summer_Olympics_%E2%80%93_Men%27s_decathlon,Q2377414,13838597,1399
Q3628705,Athletics at the 1988 Summer Olympics – Men's triple jump,https://en.wikipedia.org/wiki/Athletics_at_the_1988_Summer_Olympics_%E2%80%93_Men%27s_triple_jump,Q3628705,14572208,1504
Q2318836,Athletics at the 2004 Summer Olympics – Women's 20 kilometres walk,https://en.wikipedia.org/wiki/Athletics_at_the_2004_Summer_Olympics_%E2%80%93_Women%27s_20_kilometres_walk,Q2318836,913310,1095
Q3879667,Swimming at the 1992 Summer Olympics – Women's 50 metre freestyle,https://en.wikipedia.org/wiki/Swimming_at_the_1992_Summer_Olympics_%E2%80%93_Women%27s_50_metre_freestyle,Q3879667,5320936,767
Q3879614,Swimming at the 1996 Summer Olympics – Men's 100 metre breaststroke,https://en.wikipedia.org/wiki/Swimming_at_the_1996_Summer_Olympics_%E2%80%93_Men%27s_100_metre_breaststroke,Q3879614,7645576,785
Q1115025,Swimming at the 2004 Summer Olympics – Men's 100 metre backstroke,https://en.wikipedia.org/wiki/Swimming_at_the_2004_Summer_Olympics_%E2%80%93_Men%27s_100_metre_backstroke,Q1115025,905616,849
Q3879585,Swimming at the 2000 Summer Olympics – Men's 200 metre backstroke,https://en.wikipedia.org/wiki/Swimming_at_the_2000_Summer_Olympics_%E2%80%93_Men%27s_200_metre_backstroke,Q3879585,12386507,1925
Q58412558,Boxing at the 1992 Summer Olympics – Light middleweight,https://en.wikipedia.org/wiki/Boxing_at_the_1992_Summer_Olympics_%E2%80%93_Light_middleweight,Q58412558,59628321,751
Q3565575,Wrestling at the 1988 Summer Olympics – Men's Greco-Roman 74 kg,https://en.wikipedia.org/wiki/Wrestling_at_the_1988_Summer_Olympics_%E2%80%93_Men%27s_Greco-Roman_74_kg,Q3565575,18554828,647
Q1470767,Midnight in the Garden of Good and Evil (film),https://en.wikipedia.org/wiki/Midnight_in_the_Garden_of_Good_and_Evil_%28film%29,Q1470767,14307697,5308
Q10522535,Judo at the 1992 Summer Olympics – Men's 60 kg,https://en.wikipedia.org/wiki/Judo_at_the_1992_Summer_Olympics_%E2%80%93_Men%27s_60_kg,Q10522535,57525248,365
Q22964454,Rowing at the 1996 Summer Olympics – Women's eight,https://en.wikipedia.org/wiki/Rowing_at_the_1996_Summer_Olympics_%E2%80%93_Women%27s_eight,Q22964454,52235297,891
Q825035,Snowboarding at the 2006 Winter Olympics – Women's halfpipe,https://en.wikipedia.org/wiki/Snowboarding_at_the_2006_Winter_Olympics_%E2%80%93_Women%27s_halfpipe,Q825035,4061138,352
Q5970589,Swimming at the 1988 Summer Olympics – Men's 1500 metre freestyle,https://en.wikipedia.org/wiki/Swimming_at_the_1988_Summer_Olympics_%E2%80%93_Men%27s_1500_metre_freestyle,Q5970589,22651689,523
Q3980076,Taekwondo at the 2004 Summer Olympics – Men's 68 kg,https://en.wikipedia.org/wiki/Taekwondo_at_the_2004_Summer_Olympics_%E2%80%93_Men%27s_68_kg,Q3980076,11262401,364
Q5448039,Figure skating at the 1994 Winter Olympics – Ice dance,https://en.wikipedia.org/wiki/Figure_skating_at_the_1994_Winter_Olympics_%E2%80%93_Ice_dance,Q5448039,36815005,639
Q1408881,Athletics at the 1992 Summer Olympics – Women's 800 metres,https://en.wikipedia.org/wiki/Athletics_at_the_1992_Summer_Olympics_%E2%80%93_Women%27s_800_metres,Q1408881,13611793,1496
Q589310,Tennis at the 2000 Summer Olympics – Men's singles,https://en.wikipedia.org/wiki/Tennis_at_the_2000_Summer_Olympics_%E2%80%93_Men%27s_singles,Q589310,3941559,785
Q1005616,Freestyle skiing at the 1992 Winter Olympics – Men's moguls,https://en.wikipedia.org/wiki/Freestyle_skiing_at_the_1992_Winter_Olympics_%E2%80%93_Men%27s_moguls,Q1005616,41618274,538
Q1222717,Alpine skiing at the 1998 Winter Olympics – Women's giant slalom,https://en.wikipedia.org/wiki/Alpine_skiing_at_the_1998_Winter_Olympics_%E2%80%93_Women%27s_giant_slalom,Q1222717,41141656,834
Q3879598,Swimming at the 2000 Summer Olympics – Women's 200 metre freestyle,https://en.wikipedia.org/wiki/Swimming_at_the_2000_Summer_Olympics_%E2%80%93_Women%27s_200_metre_freestyle,Q3879598,12383012,1219
Q1076376,Swimming at the 2000 Summer Olympics – Women's 400 metre individual medley,https://en.wikipedia.org/wiki/Swimming_at_the_2000_Summer_Olympics_%E2%80%93_Women%27s_400_metre_individual_medley,Q1076376,12446587,813
Q1004934,Biathlon at the 1998 Winter Olympics – Men's sprint,https://en.wikipedia.org/wiki/Biathlon_at_the_1998_Winter_Olympics_%E2%80%93_Men%27s_sprint,Q1004934,38489296,984
Q3879567,Swimming at the 2004 Summer Olympics – Women's 100 metre freestyle,https://en.wikipedia.org/wiki/Swimming_at_the_2004_Summer_Olympics_%E2%80%93_Women%27s_100_metre_freestyle,Q3879567,909123,1054
Q7500786,Shooting at the 1996 Summer Olympics – Men's 25 metre rapid fire pistol,https://en.wikipedia.org/wiki/Shooting_at_the_1996_Summer_Olympics_%E2%80%93_Men%27s_25_metre_rapid_fire_pistol,Q7500786,19276183,1520
Q1005334,Luge at the 1998 Winter Olympics – Men's singles,https://en.wikipedia.org/wiki/Luge_at_the_1998_Winter_Olympics_%E2%80%93_Men%27s_singles,Q1005334,41712203,326
Q1421749,Cycling at the 2004 Summer Olympics – Men's track time trial,https://en.wikipedia.org/wiki/Cycling_at_the_2004_Summer_Olympics_%E2%80%93_Men%27s_track_time_trial,Q1421749,1912276,998
Q8037908,Wrestling at the 1992 Summer Olympics – Men's Greco-Roman 74 kg,https://en.wikipedia.org/wiki/Wrestling_at_the_1992_Summer_Olympics_%E2%80%93_Men%27s_Greco-Roman_74_kg,Q8037908,18055983,1072
Q595055,Athletics at the 2000 Summer Olympics – Men's 400 metres hurdles,https://en.wikipedia.org/wiki/Athletics_at_the_2000_Summer_Olympics_%E2%80%93_Men%27s_400_metres_hurdles,Q595055,22578229,2554
Q252875,Speed skating at the 1988 Winter Olympics – Women's 3000 metres,https://en.wikipedia.org/wiki/Speed_skating_at_the_1988_Winter_Olympics_%E2%80%93_Women%27s_3000_metres,Q252875,41835517,519
Q8037965,Wrestling at the 2000 Summer Olympics – Men's freestyle 58 kg,https://en.wikipedia.org/wiki/Wrestling_at_the_2000_Summer_Olympics_%E2%80%93_Men%27s_freestyle_58_kg,Q8037965,17100139,699
Q3879600,Swimming at the 2000 Summer Olympics – Men's 400 metre individual medley,https://en.wikipedia.org/wiki/Swimming_at_the_2000_Summer_Olympics_%E2%80%93_Men%27s_400_metre_individual_medley,Q3879600,12446535,1031
Q3628692,Athletics at the 1988 Summer Olympics – Men's 800 metres,https://en.wikipedia.org/wiki/Athletics_at_the_1988_Summer_Olympics_%E2%80%93_Men%27s_800_metres,Q3628692,8098492,2385
Q1408936,Athletics at the 1992 Summer Olympics – Women's 3000 metres,https://en.wikipedia.org/wiki/Athletics_at_the_1992_Summer_Olympics_%E2%80%93_Women%27s_3000_metres,Q1408936,13564850,621
Q3628764,Athletics at the 2000 Summer Olympics – Men's 200 metres,https://en.wikipedia.org/wiki/Athletics_at_the_2000_Summer_Olympics_%E2%80%93_Men%27s_200_metres,Q3628764,3527973,3475
Q1005746,Alpine skiing at the 1994 Winter Olympics – Men's super-G,https://en.wikipedia.org/wiki/Alpine_skiing_at_the_1994_Winter_Olympics_%E2%80%93_Men%27s_super-G,Q1005746,41142323,926
Q1004871,Short-track speed skating at the 1998 Winter Olympics – Men's 1000 metres,https://en.wikipedia.org/wiki/Short-track_speed_skating_at_the_1998_Winter_Olympics_%E2%80%93_Men%27s_1000_metres,Q1004871,41666454,800
Q826510,Speed skating at the 2002 Winter Olympics – Men's 1000 metres,https://en.wikipedia.org/wiki/Speed_skating_at_the_2002_Winter_Olympics_%E2%80%93_Men%27s_1000_metres,Q826510,26087641,703
Q7500777,Shooting at the 1992 Summer Olympics – Women's 10 metre air rifle,https://en.wikipedia.org/wiki/Shooting_at_the_1992_Summer_Olympics_%E2%80%93_Women%27s_10_metre_air_rifle,Q7500777,19466645,559
Q1005365,Modern pentathlon at the 2004 Summer Olympics – Men's,https://en.wikipedia.org/wiki/Modern_pentathlon_at_the_2004_Summer_Olympics_%E2%80%93_Men%27s,Q1005365,1102341,1350
Q1026904,Gymnastics at the 1992 Summer Olympics – Women's artistic individual all-around,https://en.wikipedia.org/wiki/Gymnastics_at_the_1992_Summer_Olympics_%E2%80%93_Women%27s_artistic_individual_all-around,Q1026904,24008444,565
Q25239314,Weightlifting at the 1988 Summer Olympics – Men's 52 kg,https://en.wikipedia.org/wiki/Weightlifting_at_the_1988_Summer_Olympics_%E2%80%93_Men%27s_52_kg,Q25239314,47608718,685
Q4160924,Judo at the 2000 Summer Olympics – Men's 60 kg,https://en.wikipedia.org/wiki/Judo_at_the_2000_Summer_Olympics_%E2%80%93_Men%27s_60_kg,Q4160924,15249630,442
Q3628782,Athletics at the 2000 Summer Olympics – Men's 50 kilometres walk,https://en.wikipedia.org/wiki/Athletics_at_the_2000_Summer_Olympics_%E2%80%93_Men%27s_50_kilometres_walk,Q3628782,23219017,597
Q908982,Bring It On: All or Nothing,https://en.wikipedia.org/wiki/Bring_It_On%3A_All_or_Nothing,Q908982,3585867,2411
Q3561230,Cycling at the 1992 Summer Olympics – Women's sprint,https://en.wikipedia.org/wiki/Cycling_at_the_1992_Summer_Olympics_%E2%80%93_Women%27s_sprint,Q3561230,32785542,1448
Q570058,Swimming at the 2004 Summer Olympics – Women's 50 metre freestyle,https://en.wikipedia.org/wiki/Swimming_at_the_2004_Summer_Olympics_%E2%80%93_Women%27s_50_metre_freestyle,Q570058,914687,1061
Q478542,Cross-country skiing at the 2006 Winter Olympics – Women's 15 kilometre pursuit,https://en.wikipedia.org/wiki/Cross-country_skiing_at_the_2006_Winter_Olympics_%E2%80%93_Women%27s_15_kilometre_pursuit,Q478542,23181328,453
Q3879662,Swimming at the 1992 Summer Olympics – Women's 400 metre freestyle,https://en.wikipedia.org/wiki/Swimming_at_the_1992_Summer_Olympics_%E2%80%93_Women%27s_400_metre_freestyle,Q3879662,5332198,622
Q3879607,Swimming at the 1996 Summer Olympics – Men's 100 metre backstroke,https://en.wikipedia.org/wiki/Swimming_at_the_1996_Summer_Olympics_%E2%80%93_Men%27s_100_metre_backstroke,Q3879607,7645036,755
Q977750,Hidalgo (film),https://en.wikipedia.org/wiki/Hidalgo_%28film%29,Q977750,525292,3045
Q3628785,Athletics at the 2000 Summer Olympics – Men's long jump,https://en.wikipedia.org/wiki/Athletics_at_the_2000_Summer_Olympics_%E2%80%93_Men%27s_long_jump,Q3628785,20216502,1851
Q824928,Snowboarding at the 2006 Winter Olympics – Men's halfpipe,https://en.wikipedia.org/wiki/Snowboarding_at_the_2006_Winter_Olympics_%E2%80%93_Men%27s_halfpipe,Q824928,4042839,668
Q10466403,Judo at the 1992 Summer Olympics – Women's +72 kg,https://en.wikipedia.org/wiki/Judo_at_the_1992_Summer_Olympics_%E2%80%93_Women%27s_%2B72_kg,Q10466403,57567187,249
Q1130659,Swimming at the 2004 Summer Olympics – Men's 50 metre freestyle,https://en.wikipedia.org/wiki/Swimming_at_the_2004_Summer_Olympics_%E2%80%93_Men%27s_50_metre_freestyle,Q1130659,906386,1276
Q5644525,Figure skating at the 2002 Winter Olympics – Men's singles,https://en.wikipedia.org/wiki/Figure_skating_at_the_2002_Winter_Olympics_%E2%80%93_Men%27s_singles,Q5644525,69263019,2419
Q1183979,Tennis at the 2004 Summer Olympics – Women's singles,https://en.wikipedia.org/wiki/Tennis_at_the_2004_Summer_Olympics_%E2%80%93_Women%27s_singles,Q1183979,4818797,1176
Q10466384,Judo at the 1996 Summer Olympics – Women's 72 kg,https://en.wikipedia.org/wiki/Judo_at_the_1996_Summer_Olympics_%E2%80%93_Women%27s_72_kg,Q10466384,50721944,255
Q599322,Swimming at the 2004 Summer Olympics – Men's 400 metre freestyle,https://en.wikipedia.org/wiki/Swimming_at_the_2004_Summer_Olympics_%E2%80%93_Men%27s_400_metre_freestyle,Q599322,906303,1346
Q3879583,Swimming at the 2004 Summer Olympics – Men's 4 × 200 metre freestyle relay,https://en.wikipedia.org/wiki/Swimming_at_the_2004_Summer_Olympics_%E2%80%93_Men%27s_4_%C3%97_200_metre_freestyle_relay,Q3879583,907435,928
Q3879651,Swimming at the 1992 Summer Olympics – Women's 200 metre butterfly,https://en.wikipedia.org/wiki/Swimming_at_the_1992_Summer_Olympics_%E2%80%93_Women%27s_200_metre_butterfly,Q3879651,5346729,626
Q3879608,Swimming at the 1996 Summer Olympics – Women's 100 metre backstroke,https://en.wikipedia.org/wiki/Swimming_at_the_1996_Summer_Olympics_%E2%80%93_Women%27s_100_metre_backstroke,Q3879608,7646151,658
Q3879593,Swimming at the 2000 Summer Olympics – Men's 200 metre butterfly,https://en.wikipedia.org/wiki/Swimming_at_the_2000_Summer_Olympics_%E2%80%93_Men%27s_200_metre_butterfly,Q3879593,12446425,1228
Q3628686,Athletics at the 1988 Summer Olympics – Women's 400 metres hurdles,https://en.wikipedia.org/wiki/Athletics_at_the_1988_Summer_Olympics_%E2%80%93_Women%27s_400_metres_hurdles,Q3628686,8451099,1211
Q4443765,Shooting at the 2000 Summer Olympics – Men's 10 metre air pistol,https://en.wikipedia.org/wiki/Shooting_at_the_2000_Summer_Olympics_%E2%80%93_Men%27s_10_metre_air_pistol,Q4443765,19207910,572
Q3628680,Athletics at the 1988 Summer Olympics – Women's 100 metres hurdles,https://en.wikipedia.org/wiki/Athletics_at_the_1988_Summer_Olympics_%E2%80%93_Women%27s_100_metres_hurdles,Q3628680,8450965,1063
Q728404,The Pelican Brief (film),https://en.wikipedia.org/wiki/The_Pelican_Brief_%28film%29,Q728404,5123756,2433
Q3879569,Swimming at the 2004 Summer Olympics – Women's 200 metre backstroke,https://en.wikipedia.org/wiki/Swimming_at_the_2004_Summer_Olympics_%E2%80%93_Women%27s_200_metre_backstroke,Q3879569,906360,879
Q3628770,Athletics at the 2000 Summer Olympics – Men's 5000 metres,https://en.wikipedia.org/wiki/Athletics_at_the_2000_Summer_Olympics_%E2%80%93_Men%27s_5000_metres,Q3628770,14182366,1338
Q1004926,Biathlon at the 1988 Winter Olympics – Sprint,https://en.wikipedia.org/wiki/Biathlon_at_the_1988_Winter_Olympics_%E2%80%93_Sprint,Q1004926,40595772,1047
Q5443136,Fencing at the 1988 Summer Olympics – Men's foil,https://en.wikipedia.org/wiki/Fencing_at_the_1988_Summer_Olympics_%E2%80%93_Men%27s_foil,Q5443136,32424431,1411
Q7500785,Shooting at the 1996 Summer Olympics – Men's 10 metre running target,https://en.wikipedia.org/wiki/Shooting_at_the_1996_Summer_Olympics_%E2%80%93_Men%27s_10_metre_running_target,Q7500785,19292557,373
Q8037923,Wrestling at the 1996 Summer Olympics – Men's Greco-Roman 90 kg,https://en.wikipedia.org/wiki/Wrestling_at_the_1996_Summer_Olympics_%E2%80%93_Men%27s_Greco-Roman_90_kg,Q8037923,17305094,673
Q1408927,Athletics at the 1992 Summer Olympics – Men's 5000 metres,https://en.wikipedia.org/wiki/Athletics_at_the_1992_Summer_Olympics_%E2%80%93_Men%27s_5000_metres,Q1408927,13488334,1131
Q8037919,Wrestling at the 1996 Summer Olympics – Men's Greco-Roman 68 kg,https://en.wikipedia.org/wiki/Wrestling_at_the_1996_Summer_Olympics_%E2%80%93_Men%27s_Greco-Roman_68_kg,Q8037919,17276784,644
Q2557141,Athletics at the 2004 Summer Olympics – Men's 3000 metres steeplechase,https://en.wikipedia.org/wiki/Athletics_at_the_2004_Summer_Olympics_%E2%80%93_Men%27s_3000_metres_steeplechase,Q2557141,913288,954
Q4160925,Judo at the 2000 Summer Olympics – Women's 52 kg,https://en.wikipedia.org/wiki/Judo_at_the_2000_Summer_Olympics_%E2%80%93_Women%27s_52_kg,Q4160925,16194530,406
Q3628703,Athletics at the 1988 Summer Olympics – Men's high jump,https://en.wikipedia.org/wiki/Athletics_at_the_1988_Summer_Olympics_%E2%80%93_Men%27s_high_jump,Q3628703,8453124,1572
Q8037924,Wrestling at the 1996 Summer Olympics – Men's freestyle 100 kg,https://en.wikipedia.org/wiki/Wrestling_at_the_1996_Summer_Olympics_%E2%80%93_Men%27s_freestyle_100_kg,Q8037924,17230152,612
Q1004869,Short-track speed skating at the 1992 Winter Olympics – Men's 1000 metres,https://en.wikipedia.org/wiki/Short-track_speed_skating_at_the_1992_Winter_Olympics_%E2%80%93_Men%27s_1000_metres,Q1004869,41666566,748
Q370917,Wrestling at the 2004 Summer Olympics – Men's Greco-Roman 74 kg,https://en.wikipedia.org/wiki/Wrestling_at_the_2004_Summer_Olympics_%E2%80%93_Men%27s_Greco-Roman_74_kg,Q370917,1131470,629
Q562654,Tennis at the 1988 Summer Olympics – Men's singles,https://en.wikipedia.org/wiki/Tennis_at_the_1988_Summer_Olympics_%E2%80%93_Men%27s_singles,Q562654,3944322,718
Q8037913,Wrestling at the 1996 Summer Olympics – Men's Greco-Roman 100 kg,https://en.wikipedia.org/wiki/Wrestling_at_the_1996_Summer_Olympics_%E2%80%93_Men%27s_Greco-Roman_100_kg,Q8037913,17307710,619
Q7500784,Shooting at the 1996 Summer Olympics – Men's 10 metre air rifle,https://en.wikipedia.org/wiki/Shooting_at_the_1996_Summer_Olympics_%E2%80%93_Men%27s_10_metre_air_rifle,Q7500784,19275081,509
Q8037937,Wrestling at the 1996 Summer Olympics – Men's freestyle 82 kg,https://en.wikipedia.org/wiki/Wrestling_at_the_1996_Summer_Olympics_%E2%80%93_Men%27s_freestyle_82_kg,Q8037937,17227479,646
Q8037922,Wrestling at the 1996 Summer Olympics – Men's Greco-Roman 82 kg,https://en.wikipedia.org/wiki/Wrestling_at_the_1996_Summer_Olympics_%E2%80%93_Men%27s_Greco-Roman_82_kg,Q8037922,17295828,619
Q1005313,Luge at the 2002 Winter Olympics – Men's singles,https://en.wikipedia.org/wiki/Luge_at_the_2002_Winter_Olympics_%E2%80%93_Men%27s_singles,Q1005313,26297038,1116
Q3628704,Athletics at the 1988 Summer Olympics – Women's long jump,https://en.wikipedia.org/wiki/Athletics_at_the_1988_Summer_Olympics_%E2%80%93_Women%27s_long_jump,Q3628704,8454000,1129
Q1125384,Master and Commander: The Far Side of the World,https://en.wikipedia.org/wiki/Master_and_Commander%3A_The_Far_Side_of_the_World,Q1125384,370858,5755
Q826500,Speed skating at the 1994 Winter Olympics – Women's 3000 metres,https://en.wikipedia.org/wiki/Speed_skating_at_the_1994_Winter_Olympics_%E2%80%93_Women%27s_3000_metres,Q826500,31440672,468
Q10522577,Judo at the 1996 Summer Olympics – Men's 86 kg,https://en.wikipedia.org/wiki/Judo_at_the_1996_Summer_Olympics_%E2%80%93_Men%27s_86_kg,Q10522577,50217606,311
Q10522587,Cycling at the 1988 Summer Olympics – Men's track time trial,https://en.wikipedia.org/wiki/Cycling_at_the_1988_Summer_Olympics_%E2%80%93_Men%27s_track_time_trial,Q10522587,45019240,1029
Q587805,"Speed skating at the 2006 Winter Olympics – Men's 10,000 metres",https://en.wikipedia.org/wiki/Speed_skating_at_the_2006_Winter_Olympics_%E2%80%93_Men%27s_10%2C000_metres,Q587805,4188742,361
Q8037926,Wrestling at the 1996 Summer Olympics – Men's freestyle 130 kg,https://en.wikipedia.org/wiki/Wrestling_at_the_1996_Summer_Olympics_%E2%80%93_Men%27s_freestyle_130_kg,Q8037926,17232406,572
Q1005371,Snowboarding at the 2002 Winter Olympics – Men's halfpipe,https://en.wikipedia.org/wiki/Snowboarding_at_the_2002_Winter_Olympics_%E2%80%93_Men%27s_halfpipe,Q1005371,26100485,758
Q1222712,Alpine skiing at the 1992 Winter Olympics – Women's giant slalom,https://en.wikipedia.org/wiki/Alpine_skiing_at_the_1992_Winter_Olympics_%E2%80%93_Women%27s_giant_slalom,Q1222712,41540050,947
Q4354074,Shooting at the 2004 Summer Olympics – Women's 10 metre air rifle,https://en.wikipedia.org/wiki/Shooting_at_the_2004_Summer_Olympics_%E2%80%93_Women%27s_10_metre_air_rifle,Q4354074,2484502,1190
Q8037917,Wrestling at the 1996 Summer Olympics – Men's Greco-Roman 57 kg,https://en.wikipedia.org/wiki/Wrestling_at_the_1996_Summer_Olympics_%E2%80%93_Men%27s_Greco-Roman_57_kg,Q8037917,17271467,590
Q3879628,Swimming at the 1996 Summer Olympics – Women's 200 metre freestyle,https://en.wikipedia.org/wiki/Swimming_at_the_1996_Summer_Olympics_%E2%80%93_Women%27s_200_metre_freestyle,Q3879628,7631917,737
Q839341,Far and Away,https://en.wikipedia.org/wiki/Far_and_Away,Q839341,705925,3385
Q10522589,Judo at the 1988 Summer Olympics – Men's +95 kg,https://en.wikipedia.org/wiki/Judo_at_the_1988_Summer_Olympics_%E2%80%93_Men%27s_%2B95_kg,Q10522589,57523922,293
Q25939,Fencing at the 1996 Summer Olympics – Men's foil,https://en.wikipedia.org/wiki/Fencing_at_the_1996_Summer_Olympics_%E2%80%93_Men%27s_foil,Q25939,34602760,948
Q1422103,Athletics at the 1996 Summer Olympics – Women's triple jump,https://en.wikipedia.org/wiki/Athletics_at_the_1996_Summer_Olympics_%E2%80%93_Women%27s_triple_jump,Q1422103,10832524,1208
Q3628792,Athletics at the 1996 Summer Olympics – Men's 110 metres hurdles,https://en.wikipedia.org/wiki/Athletics_at_the_1996_Summer_Olympics_%E2%80%93_Men%27s_110_metres_hurdles,Q3628792,10698391,2960
Q1005284,Alpine skiing at the 1988 Winter Olympics – Men's combined,https://en.wikipedia.org/wiki/Alpine_skiing_at_the_1988_Winter_Olympics_%E2%80%93_Men%27s_combined,Q1005284,41540723,1096
Q3730943,Equestrian at the 2004 Summer Olympics – Individual jumping,https://en.wikipedia.org/wiki/Equestrian_at_the_2004_Summer_Olympics_%E2%80%93_Individual_jumping,Q3730943,1937195,4557
Q1076363,Swimming at the 2000 Summer Olympics – Men's 400 metre freestyle,https://en.wikipedia.org/wiki/Swimming_at_the_2000_Summer_Olympics_%E2%80%93_Men%27s_400_metre_freestyle,Q1076363,12386338,1005
Q7979997,Weightlifting at the 2000 Summer Olympics – Men's 77 kg,https://en.wikipedia.org/wiki/Weightlifting_at_the_2000_Summer_Olympics_%E2%80%93_Men%27s_77_kg,Q7979997,25087507,653
Q3837496,Wrestling at the 2004 Summer Olympics – Men's Greco-Roman 120 kg,https://en.wikipedia.org/wiki/Wrestling_at_the_2004_Summer_Olympics_%E2%80%93_Men%27s_Greco-Roman_120_kg,Q3837496,1158294,657
Q1005211,Cross-country skiing at the 1988 Winter Olympics – Men's 50 kilometre freestyle,https://en.wikipedia.org/wiki/Cross-country_skiing_at_the_1988_Winter_Olympics_%E2%80%93_Men%27s_50_kilometre_freestyle,Q1005211,59862513,740
Q1005811,Snowboarding at the 1998 Winter Olympics – Men's giant slalom,https://en.wikipedia.org/wiki/Snowboarding_at_the_1998_Winter_Olympics_%E2%80%93_Men%27s_giant_slalom,Q1005811,41667107,740
Q3565605,Wrestling at the 1988 Summer Olympics – Men's Greco-Roman 48 kg,https://en.wikipedia.org/wiki/Wrestling_at_the_1988_Summer_Olympics_%E2%80%93_Men%27s_Greco-Roman_48_kg,Q3565605,18531669,680
Q1005575,Alpine skiing at the 1994 Winter Olympics – Men's downhill,https://en.wikipedia.org/wiki/Alpine_skiing_at_the_1994_Winter_Olympics_%E2%80%93_Men%27s_downhill,Q1005575,41141917,1037
Q1377439,Badminton at the 2004 Summer Olympics – Women's doubles,https://en.wikipedia.org/wiki/Badminton_at_the_2004_Summer_Olympics_%E2%80%93_Women%27s_doubles,Q1377439,8943582,247
Q2463752,Athletics at the 2004 Summer Olympics – Men's 400 metres,https://en.wikipedia.org/wiki/Athletics_at_the_2004_Summer_Olympics_%E2%80%93_Men%27s_400_metres,Q2463752,913272,2003
Q3925468,Boxing at the 2004 Summer Olympics – Light flyweight,https://en.wikipedia.org/wiki/Boxing_at_the_2004_Summer_Olympics_%E2%80%93_Light_flyweight,Q3925468,4263283,683
Q1005065,Cross-country skiing at the 1992 Winter Olympics – Men's 30 kilometre classical,https://en.wikipedia.org/wiki/Cross-country_skiing_at_the_1992_Winter_Olympics_%E2%80%93_Men%27s_30_kilometre_classical,Q1005065,59930593,738
Q3879761,Synchronized swimming at the 2004 Summer Olympics – Women's duet,https://en.wikipedia.org/wiki/Synchronized_swimming_at_the_2004_Summer_Olympics_%E2%80%93_Women%27s_duet,Q3879761,8944909,1015
Q13572928,Weightlifting at the 1996 Summer Olympics – Men's 83 kg,https://en.wikipedia.org/wiki/Weightlifting_at_the_1996_Summer_Olympics_%E2%80%93_Men%27s_83_kg,Q13572928,17000005,662
Q1005801,Alpine skiing at the 2006 Winter Olympics – Men's giant slalom,https://en.wikipedia.org/wiki/Alpine_skiing_at_the_2006_Winter_Olympics_%E2%80%93_Men%27s_giant_slalom,Q1005801,4177214,894
Q3628772,Athletics at the 2000 Summer Olympics – Women's 800 metres,https://en.wikipedia.org/wiki/Athletics_at_the_2000_Summer_Olympics_%E2%80%93_Women%27s_800_metres,Q3628772,27461915,2006
Q2318914,Athletics at the 2004 Summer Olympics – Women's hammer throw,https://en.wikipedia.org/wiki/Athletics_at_the_2004_Summer_Olympics_%E2%80%93_Women%27s_hammer_throw,Q2318914,913339,1247
Q1005571,Alpine skiing at the 1988 Winter Olympics – Men's downhill,https://en.wikipedia.org/wiki/Alpine_skiing_at_the_1988_Winter_Olympics_%E2%80%93_Men%27s_downhill,Q1005571,41540428,945
Q5403447,Shooting at the 1988 Summer Olympics – Men's 50 metre running target,https://en.wikipedia.org/wiki/Shooting_at_the_1988_Summer_Olympics_%E2%80%93_Men%27s_50_metre_running_target,Q5403447,19563247,504
Q1004961,Speed skating at the 1992 Winter Olympics – Men's 1500 metres,https://en.wikipedia.org/wiki/Speed_skating_at_the_1992_Winter_Olympics_%E2%80%93_Men%27s_1500_metres,Q1004961,41834800,651
Q3879632,Swimming at the 1996 Summer Olympics – Men's 400 metre freestyle,https://en.wikipedia.org/wiki/Swimming_at_the_1996_Summer_Olympics_%E2%80%93_Men%27s_400_metre_freestyle,Q3879632,7632905,646
Q7979995,Weightlifting at the 2000 Summer Olympics – Men's 105 kg,https://en.wikipedia.org/wiki/Weightlifting_at_the_2000_Summer_Olympics_%E2%80%93_Men%27s_105_kg,Q7979995,25087694,697
Q22964453,Rowing at the 1996 Summer Olympics – Women's coxless pair,https://en.wikipedia.org/wiki/Rowing_at_the_1996_Summer_Olympics_%E2%80%93_Women%27s_coxless_pair,Q22964453,52235296,815
Q562647,Tennis at the 1988 Summer Olympics – Women's singles,https://en.wikipedia.org/wiki/Tennis_at_the_1988_Summer_Olympics_%E2%80%93_Women%27s_singles,Q562647,3946070,760
Q1074316,Swimming at the 2000 Summer Olympics – Women's 100 metre backstroke,https://en.wikipedia.org/wiki/Swimming_at_the_2000_Summer_Olympics_%E2%80%93_Women%27s_100_metre_backstroke,Q1074316,12427181,1211
Q3837498,Wrestling at the 2004 Summer Olympics – Men's Greco-Roman 84 kg,https://en.wikipedia.org/wiki/Wrestling_at_the_2004_Summer_Olympics_%E2%80%93_Men%27s_Greco-Roman_84_kg,Q3837498,1134955,904
Q8037960,Wrestling at the 2000 Summer Olympics – Men's Greco-Roman 76 kg,https://en.wikipedia.org/wiki/Wrestling_at_the_2000_Summer_Olympics_%E2%80%93_Men%27s_Greco-Roman_76_kg,Q8037960,17184341,642
Q256529,Biathlon at the 2006 Winter Olympics – Men's mass start,https://en.wikipedia.org/wiki/Biathlon_at_the_2006_Winter_Olympics_%E2%80%93_Men%27s_mass_start,Q256529,24213869,696
Q1005286,Alpine skiing at the 1992 Winter Olympics – Men's combined,https://en.wikipedia.org/wiki/Alpine_skiing_at_the_1992_Winter_Olympics_%E2%80%93_Men%27s_combined,Q1005286,41540005,1208
Q2557677,Athletics at the 2004 Summer Olympics – Women's pole vault,https://en.wikipedia.org/wiki/Athletics_at_the_2004_Summer_Olympics_%E2%80%93_Women%27s_pole_vault,Q2557677,913321,1065
Q7500761,Shooting at the 1992 Summer Olympics – Men's 50 metre pistol,https://en.wikipedia.org/wiki/Shooting_at_the_1992_Summer_Olympics_%E2%80%93_Men%27s_50_metre_pistol,Q7500761,19393965,1477
Q1408888,Athletics at the 1992 Summer Olympics – Men's 50 kilometres walk,https://en.wikipedia.org/wiki/Athletics_at_the_1992_Summer_Olympics_%E2%80%93_Men%27s_50_kilometres_walk,Q1408888,13489624,570
Q3879626,Swimming at the 1996 Summer Olympics – Men's 200 metre breaststroke,https://en.wikipedia.org/wiki/Swimming_at_the_1996_Summer_Olympics_%E2%80%93_Men%27s_200_metre_breaststroke,Q3879626,7645670,638
Q10572465,Boxing at the 1996 Summer Olympics – Lightweight,https://en.wikipedia.org/wiki/Boxing_at_the_1996_Summer_Olympics_%E2%80%93_Lightweight,Q10572465,39497403,189
Q10426127,Boxing at the 1992 Summer Olympics – Bantamweight,https://en.wikipedia.org/wiki/Boxing_at_the_1992_Summer_Olympics_%E2%80%93_Bantamweight,Q10426127,59601319,759
Q3879611,Swimming at the 1996 Summer Olympics – Men's 100 metre butterfly,https://en.wikipedia.org/wiki/Swimming_at_the_1996_Summer_Olympics_%E2%80%93_Men%27s_100_metre_butterfly,Q3879611,7645327,832
Q3879617,Swimming at the 1996 Summer Olympics – Men's 1500 metre freestyle,https://en.wikipedia.org/wiki/Swimming_at_the_1996_Summer_Olympics_%E2%80%93_Men%27s_1500_metre_freestyle,Q3879617,7632435,542
Q3628774,Athletics at the 2000 Summer Olympics – Women's shot put,https://en.wikipedia.org/wiki/Athletics_at_the_2000_Summer_Olympics_%E2%80%93_Women%27s_shot_put,Q3628774,25116736,975
Q1005731,Skeleton at the 2002 Winter Olympics – Men's,https://en.wikipedia.org/wiki/Skeleton_at_the_2002_Winter_Olympics_%E2%80%93_Men%27s,Q1005731,26282495,605
Q1004964,Speed skating at the 1994 Winter Olympics – Men's 1500 metres,https://en.wikipedia.org/wiki/Speed_skating_at_the_1994_Winter_Olympics_%E2%80%93_Men%27s_1500_metres,Q1004964,31438720,681
Q3628783,Athletics at the 2000 Summer Olympics – Men's pole vault,https://en.wikipedia.org/wiki/Athletics_at_the_2000_Summer_Olympics_%E2%80%93_Men%27s_pole_vault,Q3628783,23757326,1934
Q3628702,Athletics at the 1988 Summer Olympics – Men's pole vault,https://en.wikipedia.org/wiki/Athletics_at_the_1988_Summer_Olympics_%E2%80%93_Men%27s_pole_vault,Q3628702,8452231,1562
Q988370,Nordic combined at the 1998 Winter Olympics – Individual,https://en.wikipedia.org/wiki/Nordic_combined_at_the_1998_Winter_Olympics_%E2%80%93_Individual,Q988370,41784386,1394
Q5443151,Fencing at the 2000 Summer Olympics – Men's team sabre,https://en.wikipedia.org/wiki/Fencing_at_the_2000_Summer_Olympics_%E2%80%93_Men%27s_team_sabre,Q5443151,34881852,271
Q3879635,Swimming at the 1996 Summer Olympics – Women's 800 metre freestyle,https://en.wikipedia.org/wiki/Swimming_at_the_1996_Summer_Olympics_%E2%80%93_Women%27s_800_metre_freestyle,Q3879635,7632197,514
Q3837500,Wrestling at the 2004 Summer Olympics – Men's Greco-Roman 96 kg,https://en.wikipedia.org/wiki/Wrestling_at_the_2004_Summer_Olympics_%E2%80%93_Men%27s_Greco-Roman_96_kg,Q3837500,1158116,664
Q1222721,Snowboarding at the 1998 Winter Olympics – Women's giant slalom,https://en.wikipedia.org/wiki/Snowboarding_at_the_1998_Winter_Olympics_%E2%80%93_Women%27s_giant_slalom,Q1222721,41667113,675
Q10497007,Boxing at the 1988 Summer Olympics – Flyweight,https://en.wikipedia.org/wiki/Boxing_at_the_1988_Summer_Olympics_%E2%80%93_Flyweight,Q10497007,59555207,996
Q1076295,Swimming at the 2000 Summer Olympics – Men's 100 metre breaststroke,https://en.wikipedia.org/wiki/Swimming_at_the_2000_Summer_Olympics_%E2%80%93_Men%27s_100_metre_breaststroke,Q1076295,12386605,1351
Q12808128,Weightlifting at the 1996 Summer Olympics – Men's 99 kg,https://en.wikipedia.org/wiki/Weightlifting_at_the_1996_Summer_Olympics_%E2%80%93_Men%27s_99_kg,Q12808128,17145285,824
Q22964459,Rowing at the 1996 Summer Olympics – Men's coxless pair,https://en.wikipedia.org/wiki/Rowing_at_the_1996_Summer_Olympics_%E2%80%93_Men%27s_coxless_pair,Q22964459,58209904,1433
Q3628752,Athletics at the 2004 Summer Olympics – Women's 400 metres hurdles,https://en.wikipedia.org/wiki/Athletics_at_the_2004_Summer_Olympics_%E2%80%93_Women%27s_400_metres_hurdles,Q3628752,913280,1373
Q3879654,Swimming at the 1992 Summer Olympics – Men's 200 metre individual medley,https://en.wikipedia.org/wiki/Swimming_at_the_1992_Summer_Olympics_%E2%80%93_Men%27s_200_metre_individual_medley,Q3879654,5332917,832
Q25800,Fencing at the 1996 Summer Olympics – Men's team foil,https://en.wikipedia.org/wiki/Fencing_at_the_1996_Summer_Olympics_%E2%80%93_Men%27s_team_foil,Q25800,34602842,364
Q38601,Fencing at the 1992 Summer Olympics – Men's team épée,https://en.wikipedia.org/wiki/Fencing_at_the_1992_Summer_Olympics_%E2%80%93_Men%27s_team_%C3%A9p%C3%A9e,Q38601,34148396,578
Q384008,Gymnastics at the 2004 Summer Olympics – Men's artistic individual all-around,https://en.wikipedia.org/wiki/Gymnastics_at_the_2004_Summer_Olympics_%E2%80%93_Men%27s_artistic_individual_all-around,Q384008,11492504,2501
Q3628691,Athletics at the 1988 Summer Olympics – Women's 800 metres,https://en.wikipedia.org/wiki/Athletics_at_the_1988_Summer_Olympics_%E2%80%93_Women%27s_800_metres,Q3628691,8098610,691
Q3628698,Athletics at the 1988 Summer Olympics – Men's hammer throw,https://en.wikipedia.org/wiki/Athletics_at_the_1988_Summer_Olympics_%E2%80%93_Men%27s_hammer_throw,Q3628698,14510097,1534
Q3565736,Wrestling at the 1988 Summer Olympics – Men's Greco-Roman 90 kg,https://en.wikipedia.org/wiki/Wrestling_at_the_1988_Summer_Olympics_%E2%80%93_Men%27s_Greco-Roman_90_kg,Q3565736,18566815,674
Q3879589,Swimming at the 2000 Summer Olympics – Women's 100 metre freestyle,https://en.wikipedia.org/wiki/Swimming_at_the_2000_Summer_Olympics_%E2%80%93_Women%27s_100_metre_freestyle,Q3879589,12382948,1248
Q2303677,Athletics at the 1992 Summer Olympics – Men's 100 metres,https://en.wikipedia.org/wiki/Athletics_at_the_1992_Summer_Olympics_%E2%80%93_Men%27s_100_metres,Q2303677,13819093,2108
Q988374,Nordic combined at the 1992 Winter Olympics – Individual,https://en.wikipedia.org/wiki/Nordic_combined_at_the_1992_Winter_Olympics_%E2%80%93_Individual,Q988374,34120211,1462
Q3628694,Athletics at the 1988 Summer Olympics – Women's shot put,https://en.wikipedia.org/wiki/Athletics_at_the_1988_Summer_Olympics_%E2%80%93_Women%27s_shot_put,Q3628694,14524976,746
Q3628754,Athletics at the 2004 Summer Olympics – Men's 4 × 100 metres relay,https://en.wikipedia.org/wiki/Athletics_at_the_2004_Summer_Olympics_%E2%80%93_Men%27s_4_%C3%97_100_metres_relay,Q3628754,913298,1032
Q3628710,Athletics at the 1988 Summer Olympics – Men's javelin throw,https://en.wikipedia.org/wiki/Athletics_at_the_1988_Summer_Olympics_%E2%80%93_Men%27s_javelin_throw,Q3628710,14457081,986
Q1005155,Speed skating at the 1988 Winter Olympics – Men's 5000 metres,https://en.wikipedia.org/wiki/Speed_skating_at_the_1988_Winter_Olympics_%E2%80%93_Men%27s_5000_metres,Q1005155,41835442,651
Q3899247,Modern pentathlon at the 2000 Summer Olympics – Men's,https://en.wikipedia.org/wiki/Modern_pentathlon_at_the_2000_Summer_Olympics_%E2%80%93_Men%27s,Q3899247,37619833,1090
Q3837508,Wrestling at the 2004 Summer Olympics – Men's freestyle 55 kg,https://en.wikipedia.org/wiki/Wrestling_at_the_2004_Summer_Olympics_%E2%80%93_Men%27s_freestyle_55_kg,Q3837508,1161084,663
Q3628777,Athletics at the 2000 Summer Olympics – Men's discus throw,https://en.wikipedia.org/wiki/Athletics_at_the_2000_Summer_Olympics_%E2%80%93_Men%27s_discus_throw,Q3628777,5968168,1699
Q3628685,Athletics at the 1988 Summer Olympics – Women's 3000 metres,https://en.wikipedia.org/wiki/Athletics_at_the_1988_Summer_Olympics_%E2%80%93_Women%27s_3000_metres,Q3628685,8449128,612
Q8037969,Wrestling at the 2000 Summer Olympics – Men's freestyle 76 kg,https://en.wikipedia.org/wiki/Wrestling_at_the_2000_Summer_Olympics_%E2%80%93_Men%27s_freestyle_76_kg,Q8037969,17111155,726
Q1005189,Short-track speed skating at the 2002 Winter Olympics – Men's 500 metres,https://en.wikipedia.org/wiki/Short-track_speed_skating_at_the_2002_Winter_Olympics_%E2%80%93_Men%27s_500_metres,Q1005189,41666367,845
Q4160922,Judo at the 2000 Summer Olympics – Women's 48 kg,https://en.wikipedia.org/wiki/Judo_at_the_2000_Summer_Olympics_%E2%80%93_Women%27s_48_kg,Q4160922,16157571,400
Q1004936,Cross-country skiing at the 1994 Winter Olympics – Men's 10 kilometre classical,https://en.wikipedia.org/wiki/Cross-country_skiing_at_the_1994_Winter_Olympics_%E2%80%93_Men%27s_10_kilometre_classical,Q1004936,56468292,844
Q255955,Speed skating at the 1994 Winter Olympics – Men's 1000 metres,https://en.wikipedia.org/wiki/Speed_skating_at_the_1994_Winter_Olympics_%E2%80%93_Men%27s_1000_metres,Q255955,31438661,668
Q8037967,Wrestling at the 2000 Summer Olympics – Men's freestyle 69 kg,https://en.wikipedia.org/wiki/Wrestling_at_the_2000_Summer_Olympics_%E2%80%93_Men%27s_freestyle_69_kg,Q8037967,17104716,675
Q1125442,The Age of Innocence (1993 film),https://en.wikipedia.org/wiki/The_Age_of_Innocence_%281993_film%29,Q1125442,5836236,4478
Q1004968,Short-track speed skating at the 2002 Winter Olympics – Men's 1500 metres,https://en.wikipedia.org/wiki/Short-track_speed_skating_at_the_2002_Winter_Olympics_%E2%80%93_Men%27s_1500_metres,Q1004968,41666395,1580
Q2313564,Athletics at the 2004 Summer Olympics – Men's 200 metres,https://en.wikipedia.org/wiki/Athletics_at_the_2004_Summer_Olympics_%E2%80%93_Men%27s_200_metres,Q2313564,913264,2455
Q3879588,Swimming at the 2000 Summer Olympics – Women's 200 metre butterfly,https://en.wikipedia.org/wiki/Swimming_at_the_2000_Summer_Olympics_%E2%80%93_Women%27s_200_metre_butterfly,Q3879588,12446771,1087
Q3561235,Cycling at the 1992 Summer Olympics – Men's sprint,https://en.wikipedia.org/wiki/Cycling_at_the_1992_Summer_Olympics_%E2%80%93_Men%27s_sprint,Q3561235,32762932,3404
Q823663,Freestyle skiing at the 2006 Winter Olympics – Men's moguls,https://en.wikipedia.org/wiki/Freestyle_skiing_at_the_2006_Winter_Olympics_%E2%80%93_Men%27s_moguls,Q823663,23134426,503
Q3628763,Athletics at the 2000 Summer Olympics – Women's 200 metres,https://en.wikipedia.org/wiki/Athletics_at_the_2000_Summer_Olympics_%E2%80%93_Women%27s_200_metres,Q3628763,21015540,3238
Q988367,Nordic combined at the 2002 Winter Olympics – Individual,https://en.wikipedia.org/wiki/Nordic_combined_at_the_2002_Winter_Olympics_%E2%80%93_Individual,Q988367,41712105,1337
Q1005804,Alpine skiing at the 1988 Winter Olympics – Men's giant slalom,https://en.wikipedia.org/wiki/Alpine_skiing_at_the_1988_Winter_Olympics_%E2%80%93_Men%27s_giant_slalom,Q1005804,41540586,1013
Q7980006,Weightlifting at the 2000 Summer Olympics – Women's 69 kg,https://en.wikipedia.org/wiki/Weightlifting_at_the_2000_Summer_Olympics_%E2%80%93_Women%27s_69_kg,Q7980006,25077326,591
Q3879573,Swimming at the 2004 Summer Olympics – Women's 200 metre individual medley,https://en.wikipedia.org/wiki/Swimming_at_the_2004_Summer_Olympics_%E2%80%93_Women%27s_200_metre_individual_medley,Q3879573,907505,764
Q577507,Speed skating at the 1988 Winter Olympics – Women's 5000 metres,https://en.wikipedia.org/wiki/Speed_skating_at_the_1988_Winter_Olympics_%E2%80%93_Women%27s_5000_metres,Q577507,41835530,472
Q3899244,Modern pentathlon at the 1988 Summer Olympics – Men's individual,https://en.wikipedia.org/wiki/Modern_pentathlon_at_the_1988_Summer_Olympics_%E2%80%93_Men%27s_individual,Q3899244,63958697,1130
Q1421581,Cycling at the 2004 Summer Olympics – Women's sprint,https://en.wikipedia.org/wiki/Cycling_at_the_2004_Summer_Olympics_%E2%80%93_Women%27s_sprint,Q1421581,1744948,1249
Q8037902,Wrestling at the 1992 Summer Olympics – Men's Greco-Roman 130 kg,https://en.wikipedia.org/wiki/Wrestling_at_the_1992_Summer_Olympics_%E2%80%93_Men%27s_Greco-Roman_130_kg,Q8037902,18116958,729
Q1005572,Alpine skiing at the 1992 Winter Olympics – Men's downhill,https://en.wikipedia.org/wiki/Alpine_skiing_at_the_1992_Winter_Olympics_%E2%80%93_Men%27s_downhill,Q1005572,41539959,1029
Q5443140,Fencing at the 1988 Summer Olympics – Men's team épée,https://en.wikipedia.org/wiki/Fencing_at_the_1988_Summer_Olympics_%E2%80%93_Men%27s_team_%C3%A9p%C3%A9e,Q5443140,32424389,881
Q1409055,Athletics at the 1992 Summer Olympics – Women's 400 metres hurdles,https://en.wikipedia.org/wiki/Athletics_at_the_1992_Summer_Olympics_%E2%80%93_Women%27s_400_metres_hurdles,Q1409055,13422555,1177
Q10466383,Judo at the 1992 Summer Olympics – Women's 72 kg,https://en.wikipedia.org/wiki/Judo_at_the_1992_Summer_Olympics_%E2%80%93_Women%27s_72_kg,Q10466383,57565645,257
Q10572431,Boxing at the 1992 Summer Olympics – Light heavyweight,https://en.wikipedia.org/wiki/Boxing_at_the_1992_Summer_Olympics_%E2%80%93_Light_heavyweight,Q10572431,59641849,721
Q3879616,Swimming at the 1996 Summer Olympics – Men's 100 metre freestyle,https://en.wikipedia.org/wiki/Swimming_at_the_1996_Summer_Olympics_%E2%80%93_Men%27s_100_metre_freestyle,Q3879616,7627163,1426
Q3899249,Modern pentathlon at the 1992 Summer Olympics – Men's individual,https://en.wikipedia.org/wiki/Modern_pentathlon_at_the_1992_Summer_Olympics_%E2%80%93_Men%27s_individual,Q3899249,63958816,1367
Q1005328,Luge at the 1988 Winter Olympics – Men's singles,https://en.wikipedia.org/wiki/Luge_at_the_1988_Winter_Olympics_%E2%80%93_Men%27s_singles,Q1005328,41712470,115
Q3879602,Swimming at the 2000 Summer Olympics – Women's 50 metre freestyle,https://en.wikipedia.org/wiki/Swimming_at_the_2000_Summer_Olympics_%E2%80%93_Women%27s_50_metre_freestyle,Q3879602,12385343,1399
Q3879604,Swimming at the 2000 Summer Olympics – Men's 50 metre freestyle,https://en.wikipedia.org/wiki/Swimming_at_the_2000_Summer_Olympics_%E2%80%93_Men%27s_50_metre_freestyle,Q3879604,8752079,1282
Q3628690,Athletics at the 1988 Summer Olympics – Men's 5000 metres,https://en.wikipedia.org/wiki/Athletics_at_the_1988_Summer_Olympics_%E2%80%93_Men%27s_5000_metres,Q3628690,8449433,984
Q1005187,Speed skating at the 1998 Winter Olympics – Men's 500 metres,https://en.wikipedia.org/wiki/Speed_skating_at_the_1998_Winter_Olympics_%E2%80%93_Men%27s_500_metres,Q1005187,41833517,663
Q825731,Cross-country skiing at the 2006 Winter Olympics – Men's sprint,https://en.wikipedia.org/wiki/Cross-country_skiing_at_the_2006_Winter_Olympics_%E2%80%93_Men%27s_sprint,Q825731,23199421,1078
Q2313552,Athletics at the 2004 Summer Olympics – Women's 1500 metres,https://en.wikipedia.org/wiki/Athletics_at_the_2004_Summer_Olympics_%E2%80%93_Women%27s_1500_metres,Q2313552,913286,1443
Q3879595,Swimming at the 2000 Summer Olympics – Men's 200 metre individual medley,https://en.wikipedia.org/wiki/Swimming_at_the_2000_Summer_Olympics_%E2%80%93_Men%27s_200_metre_individual_medley,Q3879595,12446479,1215
Q22964458,Rowing at the 1996 Summer Olympics – Men's quadruple sculls,https://en.wikipedia.org/wiki/Rowing_at_the_1996_Summer_Olympics_%E2%80%93_Men%27s_quadruple_sculls,Q22964458,55410020,1529
Q4467905,Weightlifting at the 2000 Summer Olympics – Women's 53 kg,https://en.wikipedia.org/wiki/Weightlifting_at_the_2000_Summer_Olympics_%E2%80%93_Women%27s_53_kg,Q4467905,25077064,525
Q10426128,Boxing at the 1988 Summer Olympics – Bantamweight,https://en.wikipedia.org/wiki/Boxing_at_the_1988_Summer_Olympics_%E2%80%93_Bantamweight,Q10426128,59562439,1124
Q3628687,Athletics at the 1988 Summer Olympics – Men's 400 metres hurdles,https://en.wikipedia.org/wiki/Athletics_at_the_1988_Summer_Olympics_%E2%80%93_Men%27s_400_metres_hurdles,Q3628687,8450856,1795
Q8037974,Wrestling at the 2000 Summer Olympics – Men's freestyle 97 kg,https://en.wikipedia.org/wiki/Wrestling_at_the_2000_Summer_Olympics_%E2%80%93_Men%27s_freestyle_97_kg,Q8037974,17112603,638
Q2311975,Athletics at the 2004 Summer Olympics – Men's hammer throw,https://en.wikipedia.org/wiki/Athletics_at_the_2004_Summer_Olympics_%E2%80%93_Men%27s_hammer_throw,Q2311975,913336,1923
Q1005331,Luge at the 1992 Winter Olympics – Men's singles,https://en.wikipedia.org/wiki/Luge_at_the_1992_Winter_Olympics_%E2%80%93_Men%27s_singles,Q1005331,41712428,111
Q3925463,Boxing at the 2004 Summer Olympics – Lightweight,https://en.wikipedia.org/wiki/Boxing_at_the_2004_Summer_Olympics_%E2%80%93_Lightweight,Q3925463,4259207,616
Q825222,Speed skating at the 2002 Winter Olympics – Women's 500 metres,https://en.wikipedia.org/wiki/Speed_skating_at_the_2002_Winter_Olympics_%E2%80%93_Women%27s_500_metres,Q825222,26087720,655
Q825088,Snowboarding at the 2006 Winter Olympics – Women's parallel giant slalom,https://en.wikipedia.org/wiki/Snowboarding_at_the_2006_Winter_Olympics_%E2%80%93_Women%27s_parallel_giant_slalom,Q825088,22890276,692
Q988361,Ski jumping at the 1992 Winter Olympics – Normal hill individual,https://en.wikipedia.org/wiki/Ski_jumping_at_the_1992_Winter_Olympics_%E2%80%93_Normal_hill_individual,Q988361,34119350,784
Q4467910,Weightlifting at the 2000 Summer Olympics – Women's 58 kg,https://en.wikipedia.org/wiki/Weightlifting_at_the_2000_Summer_Olympics_%E2%80%93_Women%27s_58_kg,Q4467910,25077227,610
Q1156252,Cycling at the 1900 Summer Olympics – Men's sprint,https://en.wikipedia.org/wiki/Cycling_at_the_1900_Summer_Olympics_%E2%80%93_Men%27s_sprint,Q1156252,4612241,2911
Q1005158,Speed skating at the 1998 Winter Olympics – Men's 5000 metres,https://en.wikipedia.org/wiki/Speed_skating_at_the_1998_Winter_Olympics_%E2%80%93_Men%27s_5000_metres,Q1005158,41833557,579
Q3811001,Judo at the 2004 Summer Olympics – Women's +78 kg,https://en.wikipedia.org/wiki/Judo_at_the_2004_Summer_Olympics_%E2%80%93_Women%27s_%2B78_kg,Q3811001,11245841,561
Q3925469,Boxing at the 2004 Summer Olympics – Super heavyweight,https://en.wikipedia.org/wiki/Boxing_at_the_2004_Summer_Olympics_%E2%80%93_Super_heavyweight,Q3925469,4248214,426
Q1005808,Alpine skiing at the 1994 Winter Olympics – Men's giant slalom,https://en.wikipedia.org/wiki/Alpine_skiing_at_the_1994_Winter_Olympics_%E2%80%93_Men%27s_giant_slalom,Q1005808,41144025,877
Q684470,Lucky Number Slevin,https://en.wikipedia.org/wiki/Lucky_Number_Slevin,Q684470,4235653,2014
Q10497009,Boxing at the 1996 Summer Olympics – Flyweight,https://en.wikipedia.org/wiki/Boxing_at_the_1996_Summer_Olympics_%E2%80%93_Flyweight,Q10497009,25179677,174
Q1206261,Election (1999 film),https://en.wikipedia.org/wiki/Election_%281999_film%29,Q1206261,689969,3179
Q1005108,Biathlon at the 2002 Winter Olympics – Men's relay,https://en.wikipedia.org/wiki/Biathlon_at_the_2002_Winter_Olympics_%E2%80%93_Men%27s_relay,Q1005108,38444700,1551
Q3879562,Swimming at the 2004 Summer Olympics – Women's 100 metre butterfly,https://en.wikipedia.org/wiki/Swimming_at_the_2004_Summer_Olympics_%E2%80%93_Women%27s_100_metre_butterfly,Q3879562,906343,852
Q8037956,Wrestling at the 2000 Summer Olympics – Men's Greco-Roman 58 kg,https://en.wikipedia.org/wiki/Wrestling_at_the_2000_Summer_Olympics_%E2%80%93_Men%27s_Greco-Roman_58_kg,Q8037956,17180703,697
Q822588,Wrestling at the 2004 Summer Olympics – Men's Greco-Roman 55 kg,https://en.wikipedia.org/wiki/Wrestling_at_the_2004_Summer_Olympics_%E2%80%93_Men%27s_Greco-Roman_55_kg,Q822588,1129232,661
Q2312004,Athletics at the 2004 Summer Olympics – Women's high jump,https://en.wikipedia.org/wiki/Athletics_at_the_2004_Summer_Olympics_%E2%80%93_Women%27s_high_jump,Q2312004,913318,1018
Q3879630,Swimming at the 1996 Summer Olympics – Women's 400 metre freestyle,https://en.wikipedia.org/wiki/Swimming_at_the_1996_Summer_Olympics_%E2%80%93_Women%27s_400_metre_freestyle,Q3879630,7632045,706
Q10684072,Boxing at the 1988 Summer Olympics – Super heavyweight,https://en.wikipedia.org/wiki/Boxing_at_the_1988_Summer_Olympics_%E2%80%93_Super_heavyweight,Q10684072,59590931,895
Q10522572,Judo at the 1996 Summer Olympics – Men's 71 kg,https://en.wikipedia.org/wiki/Judo_at_the_1996_Summer_Olympics_%E2%80%93_Men%27s_71_kg,Q10522572,50217956,325
Q1005351,Cross-country skiing at the 2002 Winter Olympics – Men's sprint,https://en.wikipedia.org/wiki/Cross-country_skiing_at_the_2002_Winter_Olympics_%E2%80%93_Men%27s_sprint,Q1005351,54079077,1562
Q5443142,Fencing at the 1988 Summer Olympics – Men's épée,https://en.wikipedia.org/wiki/Fencing_at_the_1988_Summer_Olympics_%E2%80%93_Men%27s_%C3%A9p%C3%A9e,Q5443142,32424260,1062
Q3879668,Swimming at the 1992 Summer Olympics – Men's 50 metre freestyle,https://en.wikipedia.org/wiki/Swimming_at_the_1992_Summer_Olympics_%E2%80%93_Men%27s_50_metre_freestyle,Q3879668,5320631,880
Q10466392,Judo at the 1992 Summer Olympics – Women's 66 kg,https://en.wikipedia.org/wiki/Judo_at_the_1992_Summer_Olympics_%E2%80%93_Women%27s_66_kg,Q10466392,57565203,249
Q3837518,Wrestling at the 2004 Summer Olympics – Men's freestyle 96 kg,https://en.wikipedia.org/wiki/Wrestling_at_the_2004_Summer_Olympics_%E2%80%93_Men%27s_freestyle_96_kg,Q3837518,1194114,628
Q3879594,Swimming at the 2000 Summer Olympics – Women's 200 metre individual medley,https://en.wikipedia.org/wiki/Swimming_at_the_2000_Summer_Olympics_%E2%80%93_Women%27s_200_metre_individual_medley,Q3879594,12446647,1105
Q3628708,Athletics at the 1988 Summer Olympics – Men's 4 × 400 metres relay,https://en.wikipedia.org/wiki/Athletics_at_the_1988_Summer_Olympics_%E2%80%93_Men%27s_4_%C3%97_400_metres_relay,Q3628708,14716516,1912
Q1076347,Swimming at the 2000 Summer Olympics – Women's 100 metre butterfly,https://en.wikipedia.org/wiki/Swimming_at_the_2000_Summer_Olympics_%E2%80%93_Women%27s_100_metre_butterfly,Q1076347,12446715,1278
Q8037915,Wrestling at the 1996 Summer Olympics – Men's Greco-Roman 52 kg,https://en.wikipedia.org/wiki/Wrestling_at_the_1996_Summer_Olympics_%E2%80%93_Men%27s_Greco-Roman_52_kg,Q8037915,17261238,614
Q10466400,Cycling at the 1988 Summer Olympics – Women's sprint,https://en.wikipedia.org/wiki/Cycling_at_the_1988_Summer_Olympics_%E2%80%93_Women%27s_sprint,Q10466400,43621499,723
Q3628683,Athletics at the 1988 Summer Olympics – Men's 1500 metres,https://en.wikipedia.org/wiki/Athletics_at_the_1988_Summer_Olympics_%E2%80%93_Men%27s_1500_metres,Q3628683,8099604,2399
Q1004965,Speed skating at the 1998 Winter Olympics – Men's 1500 metres,https://en.wikipedia.org/wiki/Speed_skating_at_the_1998_Winter_Olympics_%E2%80%93_Men%27s_1500_metres,Q1004965,41833548,753
Q1005617,Freestyle skiing at the 1994 Winter Olympics – Men's moguls,https://en.wikipedia.org/wiki/Freestyle_skiing_at_the_1994_Winter_Olympics_%E2%80%93_Men%27s_moguls,Q1005617,41618158,430
Q2558525,Athletics at the 2004 Summer Olympics – Women's heptathlon,https://en.wikipedia.org/wiki/Athletics_at_the_2004_Summer_Olympics_%E2%80%93_Women%27s_heptathlon,Q2558525,913343,1000
Q38410,Fencing at the 1992 Summer Olympics – Women's foil,https://en.wikipedia.org/wiki/Fencing_at_the_1992_Summer_Olympics_%E2%80%93_Women%27s_foil,Q38410,34148765,2696
Q3811009,Judo at the 2004 Summer Olympics – Women's 70 kg,https://en.wikipedia.org/wiki/Judo_at_the_2004_Summer_Olympics_%E2%80%93_Women%27s_70_kg,Q3811009,11243632,558
Q1199839,Jaws: The Revenge,https://en.wikipedia.org/wiki/Jaws%3A_The_Revenge,Q1199839,529276,9148
Q1069209,Speed skating at the 2006 Winter Olympics – Women's 3000 metres,https://en.wikipedia.org/wiki/Speed_skating_at_the_2006_Winter_Olympics_%E2%80%93_Women%27s_3000_metres,Q1069209,4051471,1412
Q1408901,Athletics at the 1992 Summer Olympics – Men's 800 metres,https://en.wikipedia.org/wiki/Athletics_at_the_1992_Summer_Olympics_%E2%80%93_Men%27s_800_metres,Q1408901,13615893,1779
Q22964457,Rowing at the 1996 Summer Olympics – Men's lightweight coxless four,https://en.wikipedia.org/wiki/Rowing_at_the_1996_Summer_Olympics_%E2%80%93_Men%27s_lightweight_coxless_four,Q22964457,52235288,1837
Q8037906,Wrestling at the 1992 Summer Olympics – Men's Greco-Roman 82 kg,https://en.wikipedia.org/wiki/Wrestling_at_the_1992_Summer_Olympics_%E2%80%93_Men%27s_Greco-Roman_82_kg,Q8037906,18098460,1024
Q988372,Nordic combined at the 1994 Winter Olympics – Individual,https://en.wikipedia.org/wiki/Nordic_combined_at_the_1994_Winter_Olympics_%E2%80%93_Individual,Q988372,41784457,1565
Q3628709,Athletics at the 1988 Summer Olympics – Women's javelin throw,https://en.wikipedia.org/wiki/Athletics_at_the_1988_Summer_Olympics_%E2%80%93_Women%27s_javelin_throw,Q3628709,14524509,805
Q3811005,Judo at the 2004 Summer Olympics – Women's 57 kg,https://en.wikipedia.org/wiki/Judo_at_the_2004_Summer_Olympics_%E2%80%93_Women%27s_57_kg,Q3811005,11242511,561
Q2328217,Archery at the 2000 Summer Olympics – Women's individual,https://en.wikipedia.org/wiki/Archery_at_the_2000_Summer_Olympics_%E2%80%93_Women%27s_individual,Q2328217,15710993,811
Q4088890,Bobsleigh at the 1994 Winter Olympics – Four-man,https://en.wikipedia.org/wiki/Bobsleigh_at_the_1994_Winter_Olympics_%E2%80%93_Four-man,Q4088890,31455656,866
Q3628766,Athletics at the 2000 Summer Olympics – Women's 400 metres hurdles,https://en.wikipedia.org/wiki/Athletics_at_the_2000_Summer_Olympics_%E2%80%93_Women%27s_400_metres_hurdles,Q3628766,26471908,1873
Q8037901,Wrestling at the 1992 Summer Olympics – Men's Greco-Roman 100 kg,https://en.wikipedia.org/wiki/Wrestling_at_the_1992_Summer_Olympics_%E2%80%93_Men%27s_Greco-Roman_100_kg,Q8037901,18116134,878
Q3879633,Swimming at the 1996 Summer Olympics – Women's 50 metre freestyle,https://en.wikipedia.org/wiki/Swimming_at_the_1996_Summer_Olympics_%E2%80%93_Women%27s_50_metre_freestyle,Q3879633,7631734,802
Q10684073,Boxing at the 1992 Summer Olympics – Super heavyweight,https://en.wikipedia.org/wiki/Boxing_at_the_1992_Summer_Olympics_%E2%80%93_Super_heavyweight,Q10684073,59643553,590
Q3879596,Swimming at the 2000 Summer Olympics – Women's 200 metre breaststroke,https://en.wikipedia.org/wiki/Swimming_at_the_2000_Summer_Olympics_%E2%80%93_Women%27s_200_metre_breaststroke,Q3879596,12382876,1116
Q2311908,Athletics at the 2000 Summer Olympics – Women's 20 kilometres walk,https://en.wikipedia.org/wiki/Athletics_at_the_2000_Summer_Olympics_%E2%80%93_Women%27s_20_kilometres_walk,Q2311908,21352953,837
Q3500417,Wrestling at the 1988 Summer Olympics – Men's Greco-Roman 52 kg,https://en.wikipedia.org/wiki/Wrestling_at_the_1988_Summer_Olympics_%E2%80%93_Men%27s_Greco-Roman_52_kg,Q3500417,18538890,663
Q1004913,"Speed skating at the 1992 Winter Olympics – Men's 10,000 metres",https://en.wikipedia.org/wiki/Speed_skating_at_the_1992_Winter_Olympics_%E2%80%93_Men%27s_10%2C000_metres,Q1004913,41834856,512
Q22964456,Rowing at the 1996 Summer Olympics – Men's coxless four,https://en.wikipedia.org/wiki/Rowing_at_the_1996_Summer_Olympics_%E2%80%93_Men%27s_coxless_four,Q22964456,52235287,1399
Q4088891,Bobsleigh at the 1994 Winter Olympics – Two-man,https://en.wikipedia.org/wiki/Bobsleigh_at_the_1994_Winter_Olympics_%E2%80%93_Two-man,Q4088891,31455718,1004
Q1004989,Cross-country skiing at the 1992 Winter Olympics – Men's 15 kilometre freestyle pursuit,https://en.wikipedia.org/wiki/Cross-country_skiing_at_the_1992_Winter_Olympics_%E2%80%93_Men%27s_15_kilometre_freestyle_pursuit,Q1004989,60016785,258
Q10572423,Boxing at the 1996 Summer Olympics – Light middleweight,https://en.wikipedia.org/wiki/Boxing_at_the_1996_Summer_Olympics_%E2%80%93_Light_middleweight,Q10572423,40036141,191
Q1076244,Swimming at the 2000 Summer Olympics – Women's 100 metre breaststroke,https://en.wikipedia.org/wiki/Swimming_at_the_2000_Summer_Olympics_%E2%80%93_Women%27s_100_metre_breaststroke,Q1076244,12382578,1133
Q10581228,Boxing at the 1992 Summer Olympics – Middleweight,https://en.wikipedia.org/wiki/Boxing_at_the_1992_Summer_Olympics_%E2%80%93_Middleweight,Q10581228,59637156,708
Q3899246,Modern pentathlon at the 2000 Summer Olympics – Women's,https://en.wikipedia.org/wiki/Modern_pentathlon_at_the_2000_Summer_Olympics_%E2%80%93_Women%27s,Q3899246,37628687,1106
Q1005621,Alpine skiing at the 2002 Winter Olympics – Men's slalom,https://en.wikipedia.org/wiki/Alpine_skiing_at_the_2002_Winter_Olympics_%E2%80%93_Men%27s_slalom,Q1005621,26481250,666
Q988359,Ski jumping at the 1988 Winter Olympics – Normal hill individual,https://en.wikipedia.org/wiki/Ski_jumping_at_the_1988_Winter_Olympics_%E2%80%93_Normal_hill_individual,Q988359,41785730,1080
Q3500407,Wrestling at the 1988 Summer Olympics – Men's Greco-Roman 100 kg,https://en.wikipedia.org/wiki/Wrestling_at_the_1988_Summer_Olympics_%E2%80%93_Men%27s_Greco-Roman_100_kg,Q3500407,18571956,645
Q3879581,Swimming at the 2004 Summer Olympics – Men's 4 × 100 metre freestyle relay,https://en.wikipedia.org/wiki/Swimming_at_the_2004_Summer_Olympics_%E2%80%93_Men%27s_4_%C3%97_100_metre_freestyle_relay,Q3879581,906321,946
Q3879564,Swimming at the 2004 Summer Olympics – Women's 100 metre breaststroke,https://en.wikipedia.org/wiki/Swimming_at_the_2004_Summer_Olympics_%E2%80%93_Women%27s_100_metre_breaststroke,Q3879564,906810,1031
Q128838,Football at the 2004 Summer Olympics – Women's tournament,https://en.wikipedia.org/wiki/Football_at_the_2004_Summer_Olympics_%E2%80%93_Women%27s_tournament,Q128838,9737195,1150
Q1408869,Athletics at the 1992 Summer Olympics – Women's 100 metres,https://en.wikipedia.org/wiki/Athletics_at_the_1992_Summer_Olympics_%E2%80%93_Women%27s_100_metres,Q1408869,13822866,1655
Q1408852,Athletics at the 1992 Summer Olympics – Men's 400 metres,https://en.wikipedia.org/wiki/Athletics_at_the_1992_Summer_Olympics_%E2%80%93_Men%27s_400_metres,Q1408852,13808864,2224
Q3628679,"Athletics at the 1988 Summer Olympics – Women's 10,000 metres",https://en.wikipedia.org/wiki/Athletics_at_the_1988_Summer_Olympics_%E2%80%93_Women%27s_10%2C000_metres,Q3628679,8435970,889
Q10706346,Boxing at the 1988 Summer Olympics – Heavyweight,https://en.wikipedia.org/wiki/Boxing_at_the_1988_Summer_Olympics_%E2%80%93_Heavyweight,Q10706346,59590464,522
Q8037929,Wrestling at the 1996 Summer Olympics – Men's freestyle 57 kg,https://en.wikipedia.org/wiki/Wrestling_at_the_1996_Summer_Olympics_%E2%80%93_Men%27s_freestyle_57_kg,Q8037929,17211300,623
Q1141105,Swimming at the 2004 Summer Olympics – Men's 400 metre individual medley,https://en.wikipedia.org/wiki/Swimming_at_the_2004_Summer_Olympics_%E2%80%93_Men%27s_400_metre_individual_medley,Q1141105,906308,675
Q1005157,Speed skating at the 1992 Winter Olympics – Men's 5000 metres,https://en.wikipedia.org/wiki/Speed_skating_at_the_1992_Winter_Olympics_%E2%80%93_Men%27s_5000_metres,Q1005157,41834821,557
Q1408920,Athletics at the 1992 Summer Olympics – Women's 100 metres hurdles,https://en.wikipedia.org/wiki/Athletics_at_the_1992_Summer_Olympics_%E2%80%93_Women%27s_100_metres_hurdles,Q1408920,13580558,1154
Q1004870,Short-track speed skating at the 1994 Winter Olympics – Men's 1000 metres,https://en.wikipedia.org/wiki/Short-track_speed_skating_at_the_1994_Winter_Olympics_%E2%80%93_Men%27s_1000_metres,Q1004870,41666498,809
Q3837497,Wrestling at the 2004 Summer Olympics – Men's Greco-Roman 60 kg,https://en.wikipedia.org/wiki/Wrestling_at_the_2004_Summer_Olympics_%E2%80%93_Men%27s_Greco-Roman_60_kg,Q3837497,1130666,657
Q3837499,Wrestling at the 2004 Summer Olympics – Men's Greco-Roman 66 kg,https://en.wikipedia.org/wiki/Wrestling_at_the_2004_Summer_Olympics_%E2%80%93_Men%27s_Greco-Roman_66_kg,Q3837499,1131384,752
Q3837505,Wrestling at the 2004 Summer Olympics – Men's freestyle 120 kg,https://en.wikipedia.org/wiki/Wrestling_at_the_2004_Summer_Olympics_%E2%80%93_Men%27s_freestyle_120_kg,Q3837505,1197253,666
Q3879627,Swimming at the 1996 Summer Olympics – Men's 400 metre individual medley,https://en.wikipedia.org/wiki/Swimming_at_the_1996_Summer_Olympics_%E2%80%93_Men%27s_400_metre_individual_medley,Q3879627,7646051,583
Q824919,Cross-country skiing at the 2006 Winter Olympics – Women's 10 kilometre classical,https://en.wikipedia.org/wiki/Cross-country_skiing_at_the_2006_Winter_Olympics_%E2%80%93_Women%27s_10_kilometre_classical,Q824919,23182082,942
Q8037932,Wrestling at the 1996 Summer Olympics – Men's freestyle 68 kg,https://en.wikipedia.org/wiki/Wrestling_at_the_1996_Summer_Olympics_%E2%80%93_Men%27s_freestyle_68_kg,Q8037932,17226027,563
Q8037918,Wrestling at the 1996 Summer Olympics – Men's Greco-Roman 62 kg,https://en.wikipedia.org/wiki/Wrestling_at_the_1996_Summer_Olympics_%E2%80%93_Men%27s_Greco-Roman_62_kg,Q8037918,17274098,597
Q541316,Speed skating at the 1988 Winter Olympics – Men's 1000 metres,https://en.wikipedia.org/wiki/Speed_skating_at_the_1988_Winter_Olympics_%E2%80%93_Men%27s_1000_metres,Q541316,41835405,613
Q2311887,Athletics at the 2000 Summer Olympics – Women's hammer throw,https://en.wikipedia.org/wiki/Athletics_at_the_2000_Summer_Olympics_%E2%80%93_Women%27s_hammer_throw,Q2311887,24798502,1278
Q4160927,Judo at the 2000 Summer Olympics – Men's 73 kg,https://en.wikipedia.org/wiki/Judo_at_the_2000_Summer_Olympics_%E2%80%93_Men%27s_73_kg,Q4160927,15254868,479
Q1005292,Alpine skiing at the 1994 Winter Olympics – Men's combined,https://en.wikipedia.org/wiki/Alpine_skiing_at_the_1994_Winter_Olympics_%E2%80%93_Men%27s_combined,Q1005292,41144347,989
Q3879580,Swimming at the 2004 Summer Olympics – Men's 4 × 100 metre medley relay,https://en.wikipedia.org/wiki/Swimming_at_the_2004_Summer_Olympics_%E2%80%93_Men%27s_4_%C3%97_100_metre_medley_relay,Q3879580,914748,949
Q3879561,Swimming at the 2004 Summer Olympics – Women's 100 metre backstroke,https://en.wikipedia.org/wiki/Swimming_at_the_2004_Summer_Olympics_%E2%80%93_Women%27s_100_metre_backstroke,Q3879561,906364,966
Q7500758,Shooting at the 1992 Summer Olympics – Men's 10 metre air rifle,https://en.wikipedia.org/wiki/Shooting_at_the_1992_Summer_Olympics_%E2%80%93_Men%27s_10_metre_air_rifle,Q7500758,19378821,510
Q824803,Cross-country skiing at the 2006 Winter Olympics – Men's 30 kilometre pursuit,https://en.wikipedia.org/wiki/Cross-country_skiing_at_the_2006_Winter_Olympics_%E2%80%93_Men%27s_30_kilometre_pursuit,Q824803,23146677,1448
Q1005214,Cross-country skiing at the 1998 Winter Olympics – Men's 50 kilometre freestyle,https://en.wikipedia.org/wiki/Cross-country_skiing_at_the_1998_Winter_Olympics_%E2%80%93_Men%27s_50_kilometre_freestyle,Q1005214,56475494,844
Q10522594,Judo at the 1996 Summer Olympics – Men's +95 kg,https://en.wikipedia.org/wiki/Judo_at_the_1996_Summer_Olympics_%E2%80%93_Men%27s_%2B95_kg,Q10522594,50713256,437
Q4354615,Shooting at the 2004 Summer Olympics – Men's 10 metre air pistol,https://en.wikipedia.org/wiki/Shooting_at_the_2004_Summer_Olympics_%E2%80%93_Men%27s_10_metre_air_pistol,Q4354615,2482304,1347
Q7979985,Weightlifting at the 1996 Summer Olympics – Men's 64 kg,https://en.wikipedia.org/wiki/Weightlifting_at_the_1996_Summer_Olympics_%E2%80%93_Men%27s_64_kg,Q7979985,16926542,1011
Q1423968,Athletics at the 1996 Summer Olympics – Men's long jump,https://en.wikipedia.org/wiki/Athletics_at_the_1996_Summer_Olympics_%E2%80%93_Men%27s_long_jump,Q1423968,10757790,1930
Q2426715,Cycling at the 2000 Summer Olympics – Women's cross-country,https://en.wikipedia.org/wiki/Cycling_at_the_2000_Summer_Olympics_%E2%80%93_Women%27s_cross-country,Q2426715,11186899,454
Q7979988,Weightlifting at the 1996 Summer Olympics – Men's 76 kg,https://en.wikipedia.org/wiki/Weightlifting_at_the_1996_Summer_Olympics_%E2%80%93_Men%27s_76_kg,Q7979988,16996267,732
Q3811004,Judo at the 2004 Summer Olympics – Women's 52 kg,https://en.wikipedia.org/wiki/Judo_at_the_2004_Summer_Olympics_%E2%80%93_Women%27s_52_kg,Q3811004,11241388,572
Q1004928,Biathlon at the 1994 Winter Olympics – Men's sprint,https://en.wikipedia.org/wiki/Biathlon_at_the_1994_Winter_Olympics_%E2%80%93_Men%27s_sprint,Q1004928,38489340,957
Q988351,Ski jumping at the 2002 Winter Olympics – Normal hill individual,https://en.wikipedia.org/wiki/Ski_jumping_at_the_2002_Winter_Olympics_%E2%80%93_Normal_hill_individual,Q988351,29724055,1361
Q3879629,Swimming at the 1996 Summer Olympics – Men's 200 metre freestyle,https://en.wikipedia.org/wiki/Swimming_at_the_1996_Summer_Olympics_%E2%80%93_Men%27s_200_metre_freestyle,Q3879629,7627287,1504
Q2312939,Athletics at the 2004 Summer Olympics – Men's 800 metres,https://en.wikipedia.org/wiki/Athletics_at_the_2004_Summer_Olympics_%E2%80%93_Men%27s_800_metres,Q2312939,913282,2348
Q3811006,Judo at the 2004 Summer Olympics – Men's 60 kg,https://en.wikipedia.org/wiki/Judo_at_the_2004_Summer_Olympics_%E2%80%93_Men%27s_60_kg,Q3811006,11228183,418
Q38605,Fencing at the 1992 Summer Olympics – Men's team foil,https://en.wikipedia.org/wiki/Fencing_at_the_1992_Summer_Olympics_%E2%80%93_Men%27s_team_foil,Q38605,34148536,565
Q1004924,Biathlon at the 2006 Winter Olympics – Men's sprint,https://en.wikipedia.org/wiki/Biathlon_at_the_2006_Winter_Olympics_%E2%80%93_Men%27s_sprint,Q1004924,4107019,1084
Q2310230,Cycling at the 2004 Summer Olympics – Women's cross-country,https://en.wikipedia.org/wiki/Cycling_at_the_2004_Summer_Olympics_%E2%80%93_Women%27s_cross-country,Q2310230,1639237,507
Q3879642,Swimming at the 1992 Summer Olympics – Women's 100 metre backstroke,https://en.wikipedia.org/wiki/Swimming_at_the_1992_Summer_Olympics_%E2%80%93_Women%27s_100_metre_backstroke,Q3879642,5346785,804
Q25784,Fencing at the 1996 Summer Olympics – Women's foil,https://en.wikipedia.org/wiki/Fencing_at_the_1996_Summer_Olympics_%E2%80%93_Women%27s_foil,Q25784,34602895,446
Q10466389,Judo at the 1992 Summer Olympics – Women's 56 kg,https://en.wikipedia.org/wiki/Judo_at_the_1992_Summer_Olympics_%E2%80%93_Women%27s_56_kg,Q10466389,57562411,265
Q1471937,Saathiya (film),https://en.wikipedia.org/wiki/Saathiya_%28film%29,Q1471937,1634239,2942
Q1005557,Alpine skiing at the 2002 Winter Olympics – Men's downhill,https://en.wikipedia.org/wiki/Alpine_skiing_at_the_2002_Winter_Olympics_%E2%80%93_Men%27s_downhill,Q1005557,26166698,964
Q3925471,Boxing at the 2004 Summer Olympics – Light welterweight,https://en.wikipedia.org/wiki/Boxing_at_the_2004_Summer_Olympics_%E2%80%93_Light_welterweight,Q3925471,4258610,672
Q826487,Speed skating at the 2002 Winter Olympics – Men's 1500 metres,https://en.wikipedia.org/wiki/Speed_skating_at_the_2002_Winter_Olympics_%E2%80%93_Men%27s_1500_metres,Q826487,26087628,820
Q3879613,Swimming at the 1996 Summer Olympics – Women's 100 metre breaststroke,https://en.wikipedia.org/wiki/Swimming_at_the_1996_Summer_Olympics_%E2%80%93_Women%27s_100_metre_breaststroke,Q3879613,7647199,787
Q825058,Cross-country skiing at the 2006 Winter Olympics – Men's 15 kilometre classical,https://en.wikipedia.org/wiki/Cross-country_skiing_at_the_2006_Winter_Olympics_%E2%80%93_Men%27s_15_kilometre_classical,Q825058,23145773,978
Q3879574,Swimming at the 2004 Summer Olympics – Men's 200 metre individual medley,https://en.wikipedia.org/wiki/Swimming_at_the_2004_Summer_Olympics_%E2%80%93_Men%27s_200_metre_individual_medley,Q3879574,909344,1110
Q3980074,Taekwondo at the 2004 Summer Olympics – Men's 58 kg,https://en.wikipedia.org/wiki/Taekwondo_at_the_2004_Summer_Olympics_%E2%80%93_Men%27s_58_kg,Q3980074,11258435,393
Q3879656,Swimming at the 1992 Summer Olympics – Men's 200 metre breaststroke,https://en.wikipedia.org/wiki/Swimming_at_the_1992_Summer_Olympics_%E2%80%93_Men%27s_200_metre_breaststroke,Q3879656,5345871,871
Q5443145,Fencing at the 1988 Summer Olympics – Women's team foil,https://en.wikipedia.org/wiki/Fencing_at_the_1988_Summer_Olympics_%E2%80%93_Women%27s_team_foil,Q5443145,32424846,677
Q3811007,Judo at the 2004 Summer Olympics – Women's 63 kg,https://en.wikipedia.org/wiki/Judo_at_the_2004_Summer_Olympics_%E2%80%93_Women%27s_63_kg,Q3811007,11243124,552
Q10522575,Judo at the 1992 Summer Olympics – Men's 86 kg,https://en.wikipedia.org/wiki/Judo_at_the_1992_Summer_Olympics_%E2%80%93_Men%27s_86_kg,Q10522575,57542183,298
Q3951952,Fencing at the 2004 Summer Olympics – Men's foil,https://en.wikipedia.org/wiki/Fencing_at_the_2004_Summer_Olympics_%E2%80%93_Men%27s_foil,Q3951952,11597271,911
Q3628699,Athletics at the 1988 Summer Olympics – Men's marathon,https://en.wikipedia.org/wiki/Athletics_at_the_1988_Summer_Olympics_%E2%80%93_Men%27s_marathon,Q3628699,8088263,1106
Q3628759,Athletics at the 2000 Summer Olympics – Women's 100 metres hurdles,https://en.wikipedia.org/wiki/Athletics_at_the_2000_Summer_Olympics_%E2%80%93_Women%27s_100_metres_hurdles,Q3628759,26712271,2672
Q1408856,"Athletics at the 1992 Summer Olympics – Men's 10,000 metres",https://en.wikipedia.org/wiki/Athletics_at_the_1992_Summer_Olympics_%E2%80%93_Men%27s_10%2C000_metres,Q1408856,13461089,1098
Q10522548,Judo at the 1992 Summer Olympics – Men's 78 kg,https://en.wikipedia.org/wiki/Judo_at_the_1992_Summer_Olympics_%E2%80%93_Men%27s_78_kg,Q10522548,57533927,362
Q25782,Fencing at the 1996 Summer Olympics – Women's team épée,https://en.wikipedia.org/wiki/Fencing_at_the_1996_Summer_Olympics_%E2%80%93_Women%27s_team_%C3%A9p%C3%A9e,Q25782,34602701,364
Q10572432,Boxing at the 1988 Summer Olympics – Light heavyweight,https://en.wikipedia.org/wiki/Boxing_at_the_1988_Summer_Olympics_%E2%80%93_Light_heavyweight,Q10572432,59590039,682
Q2558983,Athletics at the 2004 Summer Olympics – Men's 1500 metres,https://en.wikipedia.org/wiki/Athletics_at_the_2004_Summer_Olympics_%E2%80%93_Men%27s_1500_metres,Q2558983,913284,2122
Q3879565,Swimming at the 2004 Summer Olympics – Men's 100 metre breaststroke,https://en.wikipedia.org/wiki/Swimming_at_the_2004_Summer_Olympics_%E2%80%93_Men%27s_100_metre_breaststroke,Q3879565,905696,1217
Q10466371,Judo at the 1992 Summer Olympics – Women's 48 kg,https://en.wikipedia.org/wiki/Judo_at_the_1992_Summer_Olympics_%E2%80%93_Women%27s_48_kg,Q10466371,57550458,245
Q2313443,"Athletics at the 2004 Summer Olympics – Women's 10,000 metres",https://en.wikipedia.org/wiki/Athletics_at_the_2004_Summer_Olympics_%E2%80%93_Women%27s_10%2C000_metres,Q2313443,913295,689
Q1334948,Robin Hood: Men in Tights,https://en.wikipedia.org/wiki/Robin_Hood%3A_Men_in_Tights,Q1334948,556241,2652
Q376518,Cross-country skiing at the 2002 Winter Olympics – Men's 30 kilometre freestyle mass start,https://en.wikipedia.org/wiki/Cross-country_skiing_at_the_2002_Winter_Olympics_%E2%80%93_Men%27s_30_kilometre_freestyle_mass_start,Q376518,30759778,723
Q2557129,Athletics at the 2004 Summer Olympics – Women's 800 metres,https://en.wikipedia.org/wiki/Athletics_at_the_2004_Summer_Olympics_%E2%80%93_Women%27s_800_metres,Q2557129,913283,1449
Q1005643,Alpine skiing at the 1998 Winter Olympics – Men's slalom,https://en.wikipedia.org/wiki/Alpine_skiing_at_the_1998_Winter_Olympics_%E2%80%93_Men%27s_slalom,Q1005643,41141304,835
Q1005782,Alpine skiing at the 2002 Winter Olympics – Men's giant slalom,https://en.wikipedia.org/wiki/Alpine_skiing_at_the_2002_Winter_Olympics_%E2%80%93_Men%27s_giant_slalom,Q1005782,26180953,941
Q579346,Archery at the 2000 Summer Olympics – Women's team,https://en.wikipedia.org/wiki/Archery_at_the_2000_Summer_Olympics_%E2%80%93_Women%27s_team,Q579346,15711378,384
Q3998587,Triathlon at the 2004 Summer Olympics – Men's,https://en.wikipedia.org/wiki/Triathlon_at_the_2004_Summer_Olympics_%E2%80%93_Men%27s,Q3998587,37067974,1218
Q25780,Fencing at the 1996 Summer Olympics – Men's sabre,https://en.wikipedia.org/wiki/Fencing_at_the_1996_Summer_Olympics_%E2%80%93_Men%27s_sabre,Q25780,34603047,827
Q8037962,Wrestling at the 2000 Summer Olympics – Men's Greco-Roman 97 kg,https://en.wikipedia.org/wiki/Wrestling_at_the_2000_Summer_Olympics_%E2%80%93_Men%27s_Greco-Roman_97_kg,Q8037962,17195497,695
Q3628776,Athletics at the 2000 Summer Olympics – Women's discus throw,https://en.wikipedia.org/wiki/Athletics_at_the_2000_Summer_Olympics_%E2%80%93_Women%27s_discus_throw,Q3628776,25046046,1080
Q3925462,Boxing at the 2004 Summer Olympics – Heavyweight,https://en.wikipedia.org/wiki/Boxing_at_the_2004_Summer_Olympics_%E2%80%93_Heavyweight,Q3925462,4248399,512
Q8037914,Wrestling at the 1996 Summer Olympics – Men's Greco-Roman 130 kg,https://en.wikipedia.org/wiki/Wrestling_at_the_1996_Summer_Olympics_%E2%80%93_Men%27s_Greco-Roman_130_kg,Q8037914,17309937,583
Q8037957,Wrestling at the 2000 Summer Olympics – Men's Greco-Roman 54 kg,https://en.wikipedia.org/wiki/Wrestling_at_the_2000_Summer_Olympics_%E2%80%93_Men%27s_Greco-Roman_54_kg,Q8037957,17147438,692
Q7500762,Shooting at the 1992 Summer Olympics – Men's 10 metre running target,https://en.wikipedia.org/wiki/Shooting_at_the_1992_Summer_Olympics_%E2%80%93_Men%27s_10_metre_running_target,Q7500762,19443024,476
Q3837510,Wrestling at the 2004 Summer Olympics – Men's freestyle 66 kg,https://en.wikipedia.org/wiki/Wrestling_at_the_2004_Summer_Olympics_%E2%80%93_Men%27s_freestyle_66_kg,Q3837510,1171620,600
Q1222713,Alpine skiing at the 1988 Winter Olympics – Women's giant slalom,https://en.wikipedia.org/wiki/Alpine_skiing_at_the_1988_Winter_Olympics_%E2%80%93_Women%27s_giant_slalom,Q1222713,41540845,891
Q823194,Snowboarding at the 2006 Winter Olympics – Men's snowboard cross,https://en.wikipedia.org/wiki/Snowboarding_at_the_2006_Winter_Olympics_%E2%80%93_Men%27s_snowboard_cross,Q823194,22891605,1141
Q10522593,Judo at the 1992 Summer Olympics – Men's +95 kg,https://en.wikipedia.org/wiki/Judo_at_the_1992_Summer_Olympics_%E2%80%93_Men%27s_%2B95_kg,Q10522593,57550019,300
Q3628688,Athletics at the 1988 Summer Olympics – Women's 400 metres,https://en.wikipedia.org/wiki/Athletics_at_the_1988_Summer_Olympics_%E2%80%93_Women%27s_400_metres,Q3628688,8096791,1108
Q25793,Fencing at the 1996 Summer Olympics – Men's épée,https://en.wikipedia.org/wiki/Fencing_at_the_1996_Summer_Olympics_%E2%80%93_Men%27s_%C3%A9p%C3%A9e,Q25793,34602352,902
Q1005374,Snowboarding at the 1998 Winter Olympics – Men's halfpipe,https://en.wikipedia.org/wiki/Snowboarding_at_the_1998_Winter_Olympics_%E2%80%93_Men%27s_halfpipe,Q1005374,41667111,763
Q1004937,Cross-country skiing at the 1998 Winter Olympics – Men's 10 kilometre classical,https://en.wikipedia.org/wiki/Cross-country_skiing_at_the_1998_Winter_Olympics_%E2%80%93_Men%27s_10_kilometre_classical,Q1004937,56468147,887
Q1110152,Athletics at the 2004 Summer Olympics – Women's 100 metres hurdles,https://en.wikipedia.org/wiki/Athletics_at_the_2004_Summer_Olympics_%E2%80%93_Women%27s_100_metres_hurdles,Q1110152,913259,1383
Q8037928,Wrestling at the 1996 Summer Olympics – Men's freestyle 52 kg,https://en.wikipedia.org/wiki/Wrestling_at_the_1996_Summer_Olympics_%E2%80%93_Men%27s_freestyle_52_kg,Q8037928,17210552,621
Q1424018,"Athletics at the 1996 Summer Olympics – Men's 10,000 metres",https://en.wikipedia.org/wiki/Athletics_at_the_1996_Summer_Olympics_%E2%80%93_Men%27s_10%2C000_metres,Q1424018,10686854,1043
Q13583141,Boxing at the 2004 Summer Olympics – Middleweight,https://en.wikipedia.org/wiki/Boxing_at_the_2004_Summer_Olympics_%E2%80%93_Middleweight,Q13583141,4248877,631
Q1005047,Biathlon at the 1998 Winter Olympics – Men's individual,https://en.wikipedia.org/wiki/Biathlon_at_the_1998_Winter_Olympics_%E2%80%93_Men%27s_individual,Q1005047,38489289,1065
Q1005741,Alpine skiing at the 2002 Winter Olympics – Men's super-G,https://en.wikipedia.org/wiki/Alpine_skiing_at_the_2002_Winter_Olympics_%E2%80%93_Men%27s_super-G,Q1005741,26288551,727
Q10495988,Boxing at the 1988 Summer Olympics – Featherweight,https://en.wikipedia.org/wiki/Boxing_at_the_1988_Summer_Olympics_%E2%80%93_Featherweight,Q10495988,59565843,1055
Q1304082,Badminton at the 2000 Summer Olympics – Women's singles,https://en.wikipedia.org/wiki/Badminton_at_the_2000_Summer_Olympics_%E2%80%93_Women%27s_singles,Q1304082,47426124,475
Q1074357,Swimming at the 2000 Summer Olympics – Men's 100 metre backstroke,https://en.wikipedia.org/wiki/Swimming_at_the_2000_Summer_Olympics_%E2%80%93_Men%27s_100_metre_backstroke,Q1074357,12386451,1103
Q3879634,Swimming at the 1996 Summer Olympics – Men's 50 metre freestyle,https://en.wikipedia.org/wiki/Swimming_at_the_1996_Summer_Olympics_%E2%80%93_Men%27s_50_metre_freestyle,Q3879634,7627075,925
Q8037916,Wrestling at the 1996 Summer Olympics – Men's Greco-Roman 48 kg,https://en.wikipedia.org/wiki/Wrestling_at_the_1996_Summer_Olympics_%E2%80%93_Men%27s_Greco-Roman_48_kg,Q8037916,17242355,585
Q10719575,Boxing at the 1996 Summer Olympics – Welterweight,https://en.wikipedia.org/wiki/Boxing_at_the_1996_Summer_Olympics_%E2%80%93_Welterweight,Q10719575,39851554,187
Q377600,Football at the 2000 Summer Olympics – Men's tournament,https://en.wikipedia.org/wiki/Football_at_the_2000_Summer_Olympics_%E2%80%93_Men%27s_tournament,Q377600,638972,1660
Q10581227,Boxing at the 1996 Summer Olympics – Middleweight,https://en.wikipedia.org/wiki/Boxing_at_the_1996_Summer_Olympics_%E2%80%93_Middleweight,Q10581227,40136834,188
Q2558493,Athletics at the 2004 Summer Olympics – Women's triple jump,https://en.wikipedia.org/wiki/Athletics_at_the_2004_Summer_Olympics_%E2%80%93_Women%27s_triple_jump,Q2558493,913327,1650
Q1005041,Biathlon at the 1988 Winter Olympics – Individual,https://en.wikipedia.org/wiki/Biathlon_at_the_1988_Winter_Olympics_%E2%80%93_Individual,Q1005041,40595766,1257
Q8037903,Wrestling at the 1988 Summer Olympics – Men's freestyle 57 kg,https://en.wikipedia.org/wiki/Wrestling_at_the_1988_Summer_Olympics_%E2%80%93_Men%27s_freestyle_57_kg,Q8037903,18247185,722
Q22964455,Rowing at the 1996 Summer Olympics – Men's double sculls,https://en.wikipedia.org/wiki/Rowing_at_the_1996_Summer_Olympics_%E2%80%93_Men%27s_double_sculls,Q22964455,35882442,1936
Q591555,Cross-country skiing at the 2002 Winter Olympics – Men's 4 × 10 kilometre relay,https://en.wikipedia.org/wiki/Cross-country_skiing_at_the_2002_Winter_Olympics_%E2%80%93_Men%27s_4_%C3%97_10_kilometre_relay,Q591555,29888881,511
Q3628779,Athletics at the 2000 Summer Olympics – Women's marathon,https://en.wikipedia.org/wiki/Athletics_at_the_2000_Summer_Olympics_%E2%80%93_Women%27s_marathon,Q3628779,9148650,1544
Q3628697,Athletics at the 1988 Summer Olympics – Women's marathon,https://en.wikipedia.org/wiki/Athletics_at_the_1988_Summer_Olympics_%E2%80%93_Women%27s_marathon,Q3628697,8090367,702
Q3628684,Athletics at the 1988 Summer Olympics – Women's 200 metres,https://en.wikipedia.org/wiki/Athletics_at_the_1988_Summer_Olympics_%E2%80%93_Women%27s_200_metres,Q3628684,8144996,1657
Q2443986,Athletics at the 2004 Summer Olympics – Men's marathon,https://en.wikipedia.org/wiki/Athletics_at_the_2004_Summer_Olympics_%E2%80%93_Men%27s_marathon,Q2443986,913304,1779
Q4443767,Shooting at the 2000 Summer Olympics – Men's trap,https://en.wikipedia.org/wiki/Shooting_at_the_2000_Summer_Olympics_%E2%80%93_Men%27s_trap,Q4443767,19208357,1107
Q11883936,Shooting at the 1988 Summer Olympics – Women's 25 metre pistol,https://en.wikipedia.org/wiki/Shooting_at_the_1988_Summer_Olympics_%E2%80%93_Women%27s_25_metre_pistol,Q11883936,19611666,603
Q3925466,Boxing at the 2004 Summer Olympics – Flyweight,https://en.wikipedia.org/wiki/Boxing_at_the_2004_Summer_Olympics_%E2%80%93_Flyweight,Q3925466,4262978,645
Q370863,Swimming at the 2004 Summer Olympics – Women's 200 metre freestyle,https://en.wikipedia.org/wiki/Swimming_at_the_2004_Summer_Olympics_%E2%80%93_Women%27s_200_metre_freestyle,Q370863,907274,963
Q3991750,Archery at the 2004 Summer Olympics – Women's team,https://en.wikipedia.org/wiki/Archery_at_the_2004_Summer_Olympics_%E2%80%93_Women%27s_team,Q3991750,9335437,334
Q10706347,Boxing at the 1992 Summer Olympics – Heavyweight,https://en.wikipedia.org/wiki/Boxing_at_the_1992_Summer_Olympics_%E2%80%93_Heavyweight,Q10706347,59642373,660
Q8037970,Wrestling at the 2000 Summer Olympics – Men's freestyle 85 kg,https://en.wikipedia.org/wiki/Wrestling_at_the_2000_Summer_Olympics_%E2%80%93_Men%27s_freestyle_85_kg,Q8037970,17111576,681
Q55615395,Judo at the 1988 Summer Olympics – Men's 65 kg,https://en.wikipedia.org/wiki/Judo_at_the_1988_Summer_Olympics_%E2%80%93_Men%27s_65_kg,Q55615395,57503419,321
Q8037909,Wrestling at the 1992 Summer Olympics – Men's Greco-Roman 90 kg,https://en.wikipedia.org/wiki/Wrestling_at_the_1992_Summer_Olympics_%E2%80%93_Men%27s_Greco-Roman_90_kg,Q8037909,18109406,947
Q10572462,Boxing at the 1988 Summer Olympics – Lightweight,https://en.wikipedia.org/wiki/Boxing_at_the_1988_Summer_Olympics_%E2%80%93_Lightweight,Q10572462,59572809,893
Q3879587,Swimming at the 2000 Summer Olympics – Men's 100 metre butterfly,https://en.wikipedia.org/wiki/Swimming_at_the_2000_Summer_Olympics_%E2%80%93_Men%27s_100_metre_butterfly,Q3879587,12446342,1184
Q38407,Fencing at the 1992 Summer Olympics – Men's team sabre,https://en.wikipedia.org/wiki/Fencing_at_the_1992_Summer_Olympics_%E2%80%93_Men%27s_team_sabre,Q38407,34148689,547
Q605663,Figure skating at the 2006 Winter Olympics – Pair skating,https://en.wikipedia.org/wiki/Figure_skating_at_the_2006_Winter_Olympics_%E2%80%93_Pair_skating,Q605663,9651107,2118
Q988348,Ski jumping at the 1998 Winter Olympics – Large hill individual,https://en.wikipedia.org/wiki/Ski_jumping_at_the_1998_Winter_Olympics_%E2%80%93_Large_hill_individual,Q988348,41785551,1038
Q38599,Fencing at the 1992 Summer Olympics – Men's foil,https://en.wikipedia.org/wiki/Fencing_at_the_1992_Summer_Olympics_%E2%80%93_Men%27s_foil,Q38599,34148453,3242
Q3811013,Judo at the 2004 Summer Olympics – Men's 90 kg,https://en.wikipedia.org/wiki/Judo_at_the_2004_Summer_Olympics_%E2%80%93_Men%27s_90_kg,Q3811013,11229971,619
Q1405425,Athletics at the 1988 Summer Olympics – Men's long jump,https://en.wikipedia.org/wiki/Athletics_at_the_1988_Summer_Olympics_%E2%80%93_Men%27s_long_jump,Q1405425,8451513,1536
Q1005042,Biathlon at the 1992 Winter Olympics – Men's individual,https://en.wikipedia.org/wiki/Biathlon_at_the_1992_Winter_Olympics_%E2%80%93_Men%27s_individual,Q1005042,38514442,913
Q1005124,Biathlon at the 1994 Winter Olympics – Men's relay,https://en.wikipedia.org/wiki/Biathlon_at_the_1994_Winter_Olympics_%E2%80%93_Men%27s_relay,Q1005124,36685676,521
Q1005133,Biathlon at the 1998 Winter Olympics – Men's relay,https://en.wikipedia.org/wiki/Biathlon_at_the_1998_Winter_Olympics_%E2%80%93_Men%27s_relay,Q1005133,38489298,691
Q25795,Fencing at the 1996 Summer Olympics – Women's épée,https://en.wikipedia.org/wiki/Fencing_at_the_1996_Summer_Olympics_%E2%80%93_Women%27s_%C3%A9p%C3%A9e,Q25795,34602607,487
Q4357642,Shooting at the 2004 Summer Olympics – Men's double trap,https://en.wikipedia.org/wiki/Shooting_at_the_2004_Summer_Olympics_%E2%80%93_Men%27s_double_trap,Q4357642,2630794,853
Q2308435,Athletics at the 1996 Summer Olympics – Men's 400 metres,https://en.wikipedia.org/wiki/Athletics_at_the_1996_Summer_Olympics_%E2%80%93_Men%27s_400_metres,Q2308435,10961674,2534
Q3837506,Wrestling at the 2004 Summer Olympics – Women's freestyle 55 kg,https://en.wikipedia.org/wiki/Wrestling_at_the_2004_Summer_Olympics_%E2%80%93_Women%27s_freestyle_55_kg,Q3837506,1126691,460
Q4160923,Judo at the 2000 Summer Olympics – Women's 57 kg,https://en.wikipedia.org/wiki/Judo_at_the_2000_Summer_Olympics_%E2%80%93_Women%27s_57_kg,Q4160923,16195166,402
Q1005213,Cross-country skiing at the 1992 Winter Olympics – Men's 50 kilometre freestyle,https://en.wikipedia.org/wiki/Cross-country_skiing_at_the_1992_Winter_Olympics_%E2%80%93_Men%27s_50_kilometre_freestyle,Q1005213,59853435,730
Q10572439,Boxing at the 1992 Summer Olympics – Light welterweight,https://en.wikipedia.org/wiki/Boxing_at_the_1992_Summer_Olympics_%E2%80%93_Light_welterweight,Q10572439,59618650,732
Q7979998,Weightlifting at the 2000 Summer Olympics – Men's 69 kg,https://en.wikipedia.org/wiki/Weightlifting_at_the_2000_Summer_Olympics_%E2%80%93_Men%27s_69_kg,Q7979998,25087449,668
Q10572421,Boxing at the 1988 Summer Olympics – Light middleweight,https://en.wikipedia.org/wiki/Boxing_at_the_1988_Summer_Olympics_%E2%80%93_Light_middleweight,Q10572421,59583054,1060
Q7500782,Shooting at the 1996 Summer Olympics – Men's 10 metre air pistol,https://en.wikipedia.org/wiki/Shooting_at_the_1996_Summer_Olympics_%E2%80%93_Men%27s_10_metre_air_pistol,Q7500782,19278316,600
Q495513,Outbreak (1995 film),https://en.wikipedia.org/wiki/Outbreak_%281995_film%29,Q495513,733927,2695
Q3879669,Swimming at the 1992 Summer Olympics – Women's 800 metre freestyle,https://en.wikipedia.org/wiki/Swimming_at_the_1992_Summer_Olympics_%E2%80%93_Women%27s_800_metre_freestyle,Q3879669,5334470,467
Q826529,Speed skating at the 2002 Winter Olympics – Men's 5000 metres,https://en.wikipedia.org/wiki/Speed_skating_at_the_2002_Winter_Olympics_%E2%80%93_Men%27s_5000_metres,Q826529,26087612,607
Q1005639,Alpine skiing at the 1988 Winter Olympics – Men's slalom,https://en.wikipedia.org/wiki/Alpine_skiing_at_the_1988_Winter_Olympics_%E2%80%93_Men%27s_slalom,Q1005639,41540681,998
Q3998589,Triathlon at the 2004 Summer Olympics – Women's,https://en.wikipedia.org/wiki/Triathlon_at_the_2004_Summer_Olympics_%E2%80%93_Women%27s,Q3998589,37067993,1139
Q3561232,Cycling at the 1996 Summer Olympics – Men's sprint,https://en.wikipedia.org/wiki/Cycling_at_the_1996_Summer_Olympics_%E2%80%93_Men%27s_sprint,Q3561232,40915443,3712
Q1005103,Cross-country skiing at the 1998 Winter Olympics – Men's 4 × 10 kilometre relay,https://en.wikipedia.org/wiki/Cross-country_skiing_at_the_1998_Winter_Olympics_%E2%80%93_Men%27s_4_%C3%97_10_kilometre_relay,Q1005103,56506109,779
Q8037955,Wrestling at the 2000 Summer Olympics – Men's Greco-Roman 130 kg,https://en.wikipedia.org/wiki/Wrestling_at_the_2000_Summer_Olympics_%E2%80%93_Men%27s_Greco-Roman_130_kg,Q8037955,17196409,724
Q3837504,Wrestling at the 2004 Summer Olympics – Women's freestyle 48 kg,https://en.wikipedia.org/wiki/Wrestling_at_the_2004_Summer_Olympics_%E2%80%93_Women%27s_freestyle_48_kg,Q3837504,1120530,553
Q10522553,Judo at the 1992 Summer Olympics – Men's 95 kg,https://en.wikipedia.org/wiki/Judo_at_the_1992_Summer_Olympics_%E2%80%93_Men%27s_95_kg,Q10522553,57542627,302
Q3879622,Swimming at the 1996 Summer Olympics – Women's 200 metre butterfly,https://en.wikipedia.org/wiki/Swimming_at_the_1996_Summer_Olympics_%E2%80%93_Women%27s_200_metre_butterfly,Q3879622,7647134,642
Q10609400,Sailing at the 2004 Summer Olympics – Women's 470,https://en.wikipedia.org/wiki/Sailing_at_the_2004_Summer_Olympics_%E2%80%93_Women%27s_470,Q10609400,6709513,220
Q2311149,Athletics at the 2000 Summer Olympics – Men's javelin throw,https://en.wikipedia.org/wiki/Athletics_at_the_2000_Summer_Olympics_%E2%80%93_Men%27s_javelin_throw,Q2311149,15504746,1080
Q3811000,Judo at the 2004 Summer Olympics – Men's +100 kg,https://en.wikipedia.org/wiki/Judo_at_the_2004_Summer_Olympics_%E2%80%93_Men%27s_%2B100_kg,Q3811000,11240071,630
Q7500768,Shooting at the 1992 Summer Olympics – Men's 50 metre rifle prone,https://en.wikipedia.org/wiki/Shooting_at_the_1992_Summer_Olympics_%E2%80%93_Men%27s_50_metre_rifle_prone,Q7500768,19378307,677
Q1005172,Speed skating at the 2006 Winter Olympics – Men's 500 metres,https://en.wikipedia.org/wiki/Speed_skating_at_the_2006_Winter_Olympics_%E2%80%93_Men%27s_500_metres,Q1005172,4105642,1466
Q25798,Fencing at the 1996 Summer Olympics – Men's team épée,https://en.wikipedia.org/wiki/Fencing_at_the_1996_Summer_Olympics_%E2%80%93_Men%27s_team_%C3%A9p%C3%A9e,Q25798,34602500,359
Q3628791,Athletics at the 1996 Summer Olympics – Women's 100 metres hurdles,https://en.wikipedia.org/wiki/Athletics_at_the_1996_Summer_Olympics_%E2%80%93_Women%27s_100_metres_hurdles,Q3628791,10849440,1006
Q3628780,Athletics at the 2000 Summer Olympics – Men's marathon,https://en.wikipedia.org/wiki/Athletics_at_the_2000_Summer_Olympics_%E2%80%93_Men%27s_marathon,Q3628780,18695962,1286
Q3879563,Swimming at the 2004 Summer Olympics – Men's 100 metre butterfly,https://en.wikipedia.org/wiki/Swimming_at_the_2004_Summer_Olympics_%E2%80%93_Men%27s_100_metre_butterfly,Q3879563,906388,1082
Q5443139,Fencing at the 1988 Summer Olympics – Men's team sabre,https://en.wikipedia.org/wiki/Fencing_at_the_1988_Summer_Olympics_%E2%80%93_Men%27s_team_sabre,Q5443139,32424733,474
Q1408906,Athletics at the 1992 Summer Olympics – Women's 1500 metres,https://en.wikipedia.org/wiki/Athletics_at_the_1992_Summer_Olympics_%E2%80%93_Women%27s_1500_metres,Q1408906,13666682,1554
Q13424670,Fencing at the 2000 Summer Olympics – Women's épée,https://en.wikipedia.org/wiki/Fencing_at_the_2000_Summer_Olympics_%E2%80%93_Women%27s_%C3%A9p%C3%A9e,Q13424670,34881600,475
Q3879641,Swimming at the 1992 Summer Olympics – Men's 100 metre backstroke,https://en.wikipedia.org/wiki/Swimming_at_the_1992_Summer_Olympics_%E2%80%93_Men%27s_100_metre_backstroke,Q3879641,5335622,801
Q2526348,Cycling at the 2000 Summer Olympics – Men's road time trial,https://en.wikipedia.org/wiki/Cycling_at_the_2000_Summer_Olympics_%E2%80%93_Men%27s_road_time_trial,Q2526348,31216781,552
Q1408846,Athletics at the 1992 Summer Olympics – Women's 200 metres,https://en.wikipedia.org/wiki/Athletics_at_the_1992_Summer_Olympics_%E2%80%93_Women%27s_200_metres,Q1408846,13822934,1076
Q1076288,Swimming at the 2000 Summer Olympics – Men's 200 metre freestyle,https://en.wikipedia.org/wiki/Swimming_at_the_2000_Summer_Olympics_%E2%80%93_Men%27s_200_metre_freestyle,Q1076288,12386295,1952
Q7500760,Shooting at the 1988 Summer Olympics – Women's 50 metre rifle three positions,https://en.wikipedia.org/wiki/Shooting_at_the_1988_Summer_Olympics_%E2%80%93_Women%27s_50_metre_rifle_three_positions,Q7500760,19609437,594
Q582514,Athletics at the 2004 Summer Olympics – Men's decathlon,https://en.wikipedia.org/wiki/Athletics_at_the_2004_Summer_Olympics_%E2%80%93_Men%27s_decathlon,Q582514,913346,1353
Q7500776,Shooting at the 1992 Summer Olympics – Women's 25 metre pistol,https://en.wikipedia.org/wiki/Shooting_at_the_1992_Summer_Olympics_%E2%80%93_Women%27s_25_metre_pistol,Q7500776,19472511,617
Q1005212,Cross-country skiing at the 1994 Winter Olympics – Men's 50 kilometre classical,https://en.wikipedia.org/wiki/Cross-country_skiing_at_the_1994_Winter_Olympics_%E2%80%93_Men%27s_50_kilometre_classical,Q1005212,56603764,725
Q3811002,Judo at the 2004 Summer Olympics – Men's 100 kg,https://en.wikipedia.org/wiki/Judo_at_the_2004_Summer_Olympics_%E2%80%93_Men%27s_100_kg,Q3811002,11230349,566
Q7500756,Shooting at the 1992 Summer Olympics – Men's 10 metre air pistol,https://en.wikipedia.org/wiki/Shooting_at_the_1992_Summer_Olympics_%E2%80%93_Men%27s_10_metre_air_pistol,Q7500756,19403377,521
Q7500764,Shooting at the 1992 Summer Olympics – Men's 25 metre rapid fire pistol,https://en.wikipedia.org/wiki/Shooting_at_the_1992_Summer_Olympics_%E2%80%93_Men%27s_25_metre_rapid_fire_pistol,Q7500764,19402061,1812
Q8037905,Wrestling at the 1988 Summer Olympics – Men's freestyle 62 kg,https://en.wikipedia.org/wiki/Wrestling_at_the_1988_Summer_Olympics_%E2%80%93_Men%27s_freestyle_62_kg,Q8037905,18252706,766
Q8037920,Wrestling at the 1996 Summer Olympics – Men's Greco-Roman 74 kg,https://en.wikipedia.org/wiki/Wrestling_at_the_1996_Summer_Olympics_%E2%80%93_Men%27s_Greco-Roman_74_kg,Q8037920,17293673,624
Q10719573,Boxing at the 1988 Summer Olympics – Welterweight,https://en.wikipedia.org/wiki/Boxing_at_the_1988_Summer_Olympics_%E2%80%93_Welterweight,Q10719573,59581236,1002
Q10572440,Boxing at the 1988 Summer Olympics – Light welterweight,https://en.wikipedia.org/wiki/Boxing_at_the_1988_Summer_Olympics_%E2%80%93_Light_welterweight,Q10572440,59573811,1090
Q1004985,Cross-country skiing at the 1988 Winter Olympics – Men's 15 kilometre classical,https://en.wikipedia.org/wiki/Cross-country_skiing_at_the_1988_Winter_Olympics_%E2%80%93_Men%27s_15_kilometre_classical,Q1004985,59872783,702
Q10466375,Judo at the 1992 Summer Olympics – Women's 52 kg,https://en.wikipedia.org/wiki/Judo_at_the_1992_Summer_Olympics_%E2%80%93_Women%27s_52_kg,Q10466375,57558554,273
Q3879570,Swimming at the 2004 Summer Olympics – Men's 200 metre butterfly,https://en.wikipedia.org/wiki/Swimming_at_the_2004_Summer_Olympics_%E2%80%93_Men%27s_200_metre_butterfly,Q3879570,907352,969
Q3811010,Judo at the 2004 Summer Olympics – Men's 73 kg,https://en.wikipedia.org/wiki/Judo_at_the_2004_Summer_Olympics_%E2%80%93_Men%27s_73_kg,Q3811010,11229167,635
Q252584,Speed skating at the 1994 Winter Olympics – Women's 1500 metres,https://en.wikipedia.org/wiki/Speed_skating_at_the_1994_Winter_Olympics_%E2%80%93_Women%27s_1500_metres,Q252584,31440754,488
Q8037963,Wrestling at the 2000 Summer Olympics – Men's freestyle 130 kg,https://en.wikipedia.org/wiki/Wrestling_at_the_2000_Summer_Olympics_%E2%80%93_Men%27s_freestyle_130_kg,Q8037963,17113365,586
Q10522571,Judo at the 1992 Summer Olympics – Men's 71 kg,https://en.wikipedia.org/wiki/Judo_at_the_1992_Summer_Olympics_%E2%80%93_Men%27s_71_kg,Q10522571,57532141,355
Q3628767,Athletics at the 2000 Summer Olympics – Women's 400 metres,https://en.wikipedia.org/wiki/Athletics_at_the_2000_Summer_Olympics_%E2%80%93_Women%27s_400_metres,Q3628767,21015619,3304
Q1433549,Pyaar Kiya To Darna Kya (1998 film),https://en.wikipedia.org/wiki/Pyaar_Kiya_To_Darna_Kya_%281998_film%29,Q1433549,3202945,1262
Q988369,Nordic combined at the 1988 Winter Olympics – Team,https://en.wikipedia.org/wiki/Nordic_combined_at_the_1988_Winter_Olympics_%E2%80%93_Team,Q988369,41784649,533
Q726294,Almost Famous,https://en.wikipedia.org/wiki/Almost_Famous,Q726294,431562,4981
Q1409616,Athletics at the 1992 Summer Olympics – Women's javelin throw,https://en.wikipedia.org/wiki/Athletics_at_the_1992_Summer_Olympics_%E2%80%93_Women%27s_javelin_throw,Q1409616,13836405,762
Q1221778,Speed skating at the 1988 Winter Olympics – Women's 1000 metres,https://en.wikipedia.org/wiki/Speed_skating_at_the_1988_Winter_Olympics_%E2%80%93_Women%27s_1000_metres,Q1221778,41835492,469
Q310379,John Irving,https://en.wikipedia.org/wiki/John_Irving,Q310379,16021,4003
Q2306535,"Athletics at the 1992 Summer Olympics – Women's 10,000 metres",https://en.wikipedia.org/wiki/Athletics_at_the_1992_Summer_Olympics_%E2%80%93_Women%27s_10%2C000_metres,Q2306535,13408121,1118
Q1480747,Taking Lives (film),https://en.wikipedia.org/wiki/Taking_Lives_%28film%29,Q1480747,772732,2443
Q3879618,Swimming at the 1996 Summer Olympics – Women's 200 metre backstroke,https://en.wikipedia.org/wiki/Swimming_at_the_1996_Summer_Olympics_%E2%80%93_Women%27s_200_metre_backstroke,Q3879618,7646194,628
Q7500791,Shooting at the 1996 Summer Olympics – Men's double trap,https://en.wikipedia.org/wiki/Shooting_at_the_1996_Summer_Olympics_%E2%80%93_Men%27s_double_trap,Q7500791,19290929,535
Q3980075,Taekwondo at the 2004 Summer Olympics – Men's 80 kg,https://en.wikipedia.org/wiki/Taekwondo_at_the_2004_Summer_Olympics_%E2%80%93_Men%27s_80_kg,Q3980075,11262951,363
Q161087,Pirates of the Caribbean: Dead Man's Chest,https://en.wikipedia.org/wiki/Pirates_of_the_Caribbean%3A_Dead_Man%27s_Chest,Q161087,999394,7430
Q1004952,Speed skating at the 2006 Winter Olympics – Men's 1500 metres,https://en.wikipedia.org/wiki/Speed_skating_at_the_2006_Winter_Olympics_%E2%80%93_Men%27s_1500_metres,Q1004952,4157122,598
Q10581231,Wrestling at the 2000 Summer Olympics – Men's Greco-Roman 85 kg,https://en.wikipedia.org/wiki/Wrestling_at_the_2000_Summer_Olympics_%E2%80%93_Men%27s_Greco-Roman_85_kg,Q10581231,17194454,720
Q499371,Backdraft (film),https://en.wikipedia.org/wiki/Backdraft_%28film%29,Q499371,592766,2868
Q4000244,Diving at the 1992 Summer Olympics – Women's 10 metre platform,https://en.wikipedia.org/wiki/Diving_at_the_1992_Summer_Olympics_%E2%80%93_Women%27s_10_metre_platform,Q4000244,8883326,454
Q826519,Speed skating at the 2002 Winter Olympics – Women's 1000 metres,https://en.wikipedia.org/wiki/Speed_skating_at_the_2002_Winter_Olympics_%E2%80%93_Women%27s_1000_metres,Q826519,26087733,636
Q1027135,Gymnastics at the 1992 Summer Olympics – Men's artistic individual all-around,https://en.wikipedia.org/wiki/Gymnastics_at_the_1992_Summer_Olympics_%E2%80%93_Men%27s_artistic_individual_all-around,Q1027135,24062892,1723
Q1408797,Athletics at the 1992 Summer Olympics – Women's 400 metres,https://en.wikipedia.org/wiki/Athletics_at_the_1992_Summer_Olympics_%E2%80%93_Women%27s_400_metres,Q1408797,13823017,1029
Q3879649,Swimming at the 1992 Summer Olympics – Men's 1500 metre freestyle,https://en.wikipedia.org/wiki/Swimming_at_the_1992_Summer_Olympics_%E2%80%93_Men%27s_1500_metre_freestyle,Q3879649,5334426,541
Q3879644,Swimming at the 1992 Summer Olympics – Men's 100 metre breaststroke,https://en.wikipedia.org/wiki/Swimming_at_the_1992_Summer_Olympics_%E2%80%93_Men%27s_100_metre_breaststroke,Q3879644,5345756,884
Q988364,Nordic combined at the 2002 Winter Olympics – Sprint,https://en.wikipedia.org/wiki/Nordic_combined_at_the_2002_Winter_Olympics_%E2%80%93_Sprint,Q988364,41712118,1053
Q4354069,Shooting at the 2000 Summer Olympics – Women's 10 metre air rifle,https://en.wikipedia.org/wiki/Shooting_at_the_2000_Summer_Olympics_%E2%80%93_Women%27s_10_metre_air_rifle,Q4354069,19234274,656
Q10522576,Judo at the 1988 Summer Olympics – Men's 86 kg,https://en.wikipedia.org/wiki/Judo_at_the_1988_Summer_Olympics_%E2%80%93_Men%27s_86_kg,Q10522576,57517404,325
Q1005757,Freestyle skiing at the 1998 Winter Olympics – Men's aerials,https://en.wikipedia.org/wiki/Freestyle_skiing_at_the_1998_Winter_Olympics_%E2%80%93_Men%27s_aerials,Q1005757,41618115,549
Q3837509,Wrestling at the 2004 Summer Olympics – Women's freestyle 63 kg,https://en.wikipedia.org/wiki/Wrestling_at_the_2004_Summer_Olympics_%E2%80%93_Women%27s_freestyle_63_kg,Q3837509,1128785,443
Q3628681,Athletics at the 1988 Summer Olympics – Women's 1500 metres,https://en.wikipedia.org/wiki/Athletics_at_the_1988_Summer_Olympics_%E2%80%93_Women%27s_1500_metres,Q3628681,8127760,910
Q1005618,Freestyle skiing at the 1998 Winter Olympics – Men's moguls,https://en.wikipedia.org/wiki/Freestyle_skiing_at_the_1998_Winter_Olympics_%E2%80%93_Men%27s_moguls,Q1005618,41618102,453
Q5448040,Figure skating at the 1994 Winter Olympics – Ladies' singles,https://en.wikipedia.org/wiki/Figure_skating_at_the_1994_Winter_Olympics_%E2%80%93_Ladies%27_singles,Q5448040,36814933,585
Q38412,Fencing at the 1992 Summer Olympics – Men's sabre,https://en.wikipedia.org/wiki/Fencing_at_the_1992_Summer_Olympics_%E2%80%93_Men%27s_sabre,Q38412,34148596,2664
Q1004991,Cross-country skiing at the 1998 Winter Olympics – Men's 15 kilometre freestyle pursuit,https://en.wikipedia.org/wiki/Cross-country_skiing_at_the_1998_Winter_Olympics_%E2%80%93_Men%27s_15_kilometre_freestyle_pursuit,Q1004991,56475108,1046
Q988347,Ski jumping at the 1992 Winter Olympics – Large hill individual,https://en.wikipedia.org/wiki/Ski_jumping_at_the_1992_Winter_Olympics_%E2%80%93_Large_hill_individual,Q988347,34119388,791
Q5443155,Fencing at the 2000 Summer Olympics – Women's team foil,https://en.wikipedia.org/wiki/Fencing_at_the_2000_Summer_Olympics_%E2%80%93_Women%27s_team_foil,Q5443155,34881967,339
Q1408897,Athletics at the 1992 Summer Olympics – Men's 200 metres,https://en.wikipedia.org/wiki/Athletics_at_the_1992_Summer_Olympics_%E2%80%93_Men%27s_200_metres,Q1408897,13809184,2199
Q10706348,Boxing at the 1996 Summer Olympics – Heavyweight,https://en.wikipedia.org/wiki/Boxing_at_the_1996_Summer_Olympics_%E2%80%93_Heavyweight,Q10706348,40482093,183
Q126744,Football at the 1996 Summer Olympics – Women's tournament,https://en.wikipedia.org/wiki/Football_at_the_1996_Summer_Olympics_%E2%80%93_Women%27s_tournament,Q126744,13223550,861
Q3565760,Wrestling at the 1988 Summer Olympics – Men's Greco-Roman 82 kg,https://en.wikipedia.org/wiki/Wrestling_at_the_1988_Summer_Olympics_%E2%80%93_Men%27s_Greco-Roman_82_kg,Q3565760,18558525,658
Q596754,Cross-country skiing at the 2006 Winter Olympics – Men's team sprint,https://en.wikipedia.org/wiki/Cross-country_skiing_at_the_2006_Winter_Olympics_%E2%80%93_Men%27s_team_sprint,Q596754,23344947,743
Q10497008,Boxing at the 1992 Summer Olympics – Flyweight,https://en.wikipedia.org/wiki/Boxing_at_the_1992_Summer_Olympics_%E2%80%93_Flyweight,Q10497008,59593417,732
Q3628701,Athletics at the 1988 Summer Olympics – Men's 50 kilometres walk,https://en.wikipedia.org/wiki/Athletics_at_the_1988_Summer_Olympics_%E2%80%93_Men%27s_50_kilometres_walk,Q3628701,8450534,407
Q3879647,Swimming at the 1992 Summer Olympics – Women's 100 metre freestyle,https://en.wikipedia.org/wiki/Swimming_at_the_1992_Summer_Olympics_%E2%80%93_Women%27s_100_metre_freestyle,Q3879647,5321624,792
Q3628778,Athletics at the 2000 Summer Olympics – Men's hammer throw,https://en.wikipedia.org/wiki/Athletics_at_the_2000_Summer_Olympics_%E2%80%93_Men%27s_hammer_throw,Q3628778,24527017,1620
Q3561228,Cycling at the 1996 Summer Olympics – Women's sprint,https://en.wikipedia.org/wiki/Cycling_at_the_1996_Summer_Olympics_%E2%80%93_Women%27s_sprint,Q3561228,42096975,1450
Q2552272,Athletics at the 2004 Summer Olympics – Women's marathon,https://en.wikipedia.org/wiki/Athletics_at_the_2004_Summer_Olympics_%E2%80%93_Women%27s_marathon,Q2552272,913306,1258
Q3879655,Swimming at the 1992 Summer Olympics – Women's 200 metre breaststroke,https://en.wikipedia.org/wiki/Swimming_at_the_1992_Summer_Olympics_%E2%80%93_Women%27s_200_metre_breaststroke,Q3879655,5346898,501
Q1005753,Freestyle skiing at the 2002 Winter Olympics – Men's aerials,https://en.wikipedia.org/wiki/Freestyle_skiing_at_the_2002_Winter_Olympics_%E2%80%93_Men%27s_aerials,Q1005753,29950823,524
Q988362,Ski jumping at the 1998 Winter Olympics – Normal hill individual,https://en.wikipedia.org/wiki/Ski_jumping_at_the_1998_Winter_Olympics_%E2%80%93_Normal_hill_individual,Q988362,41785548,1067
Q4000234,Diving at the 2000 Summer Olympics – Men's synchronized 10 metre platform,https://en.wikipedia.org/wiki/Diving_at_the_2000_Summer_Olympics_%E2%80%93_Men%27s_synchronized_10_metre_platform,Q4000234,9048865,350
Q1005296,Alpine skiing at the 1998 Winter Olympics – Men's combined,https://en.wikipedia.org/wiki/Alpine_skiing_at_the_1998_Winter_Olympics_%E2%80%93_Men%27s_combined,Q1005296,41141347,662
Q1005066,Cross-country skiing at the 1994 Winter Olympics – Men's 30 kilometre freestyle,https://en.wikipedia.org/wiki/Cross-country_skiing_at_the_1994_Winter_Olympics_%E2%80%93_Men%27s_30_kilometre_freestyle,Q1005066,59853966,675
Q3879576,Swimming at the 2004 Summer Olympics – Women's 400 metre freestyle,https://en.wikipedia.org/wiki/Swimming_at_the_2004_Summer_Olympics_%E2%80%93_Women%27s_400_metre_freestyle,Q3879576,906334,703
Q7979991,Weightlifting at the 1996 Summer Olympics – Men's 91 kg,https://en.wikipedia.org/wiki/Weightlifting_at_the_1996_Summer_Olympics_%E2%80%93_Men%27s_91_kg,Q7979991,17043192,767
Q3998591,Triathlon at the 2000 Summer Olympics – Men's,https://en.wikipedia.org/wiki/Triathlon_at_the_2000_Summer_Olympics_%E2%80%93_Men%27s,Q3998591,37587216,1305
Q1004915,"Speed skating at the 1998 Winter Olympics – Men's 10,000 metres",https://en.wikipedia.org/wiki/Speed_skating_at_the_1998_Winter_Olympics_%E2%80%93_Men%27s_10%2C000_metres,Q1004915,41833559,360
Q1415848,Cycling at the 2004 Summer Olympics – Men's sprint,https://en.wikipedia.org/wiki/Cycling_at_the_2004_Summer_Olympics_%E2%80%93_Men%27s_sprint,Q1415848,1639905,3159
Q3879572,Swimming at the 2004 Summer Olympics – Women's 200 metre butterfly,https://en.wikipedia.org/wiki/Swimming_at_the_2004_Summer_Olympics_%E2%80%93_Women%27s_200_metre_butterfly,Q3879572,908913,791
Q8037940,Wrestling at the 1996 Summer Olympics – Men's freestyle 90 kg,https://en.wikipedia.org/wiki/Wrestling_at_the_1996_Summer_Olympics_%E2%80%93_Men%27s_freestyle_90_kg,Q8037940,17228392,622
Q8037966,Wrestling at the 2000 Summer Olympics – Men's freestyle 63 kg,https://en.wikipedia.org/wiki/Wrestling_at_the_2000_Summer_Olympics_%E2%80%93_Men%27s_freestyle_63_kg,Q8037966,17103734,621
Q10522550,Judo at the 2000 Summer Olympics – Men's 81 kg,https://en.wikipedia.org/wiki/Judo_at_the_2000_Summer_Olympics_%E2%80%93_Men%27s_81_kg,Q10522550,15533439,474
Q3628695,Athletics at the 1988 Summer Olympics – Men's shot put,https://en.wikipedia.org/wiki/Athletics_at_the_1988_Summer_Olympics_%E2%80%93_Men%27s_shot_put,Q3628695,14497279,1352
Q3879660,Swimming at the 1992 Summer Olympics – Men's 200 metre freestyle,https://en.wikipedia.org/wiki/Swimming_at_the_1992_Summer_Olympics_%E2%80%93_Men%27s_200_metre_freestyle,Q3879660,5332024,1545
Q3628700,Athletics at the 1988 Summer Olympics – Men's 20 kilometres walk,https://en.wikipedia.org/wiki/Athletics_at_the_1988_Summer_Olympics_%E2%80%93_Men%27s_20_kilometres_walk,Q3628700,8450051,576
Q3628760,Athletics at the 2000 Summer Olympics – Women's 1500 metres,https://en.wikipedia.org/wiki/Athletics_at_the_2000_Summer_Olympics_%E2%80%93_Women%27s_1500_metres,Q3628760,27333344,2500
Q1005063,Cross-country skiing at the 1988 Winter Olympics – Men's 30 kilometre classical,https://en.wikipedia.org/wiki/Cross-country_skiing_at_the_1988_Winter_Olympics_%E2%80%93_Men%27s_30_kilometre_classical,Q1005063,60025924,793
Q26860,Athletics at the 1996 Summer Olympics – Men's 100 metres,https://en.wikipedia.org/wiki/Athletics_at_the_1996_Summer_Olympics_%E2%80%93_Men%27s_100_metres,Q26860,17524092,3315
Q3879659,Swimming at the 1992 Summer Olympics – Women's 200 metre freestyle,https://en.wikipedia.org/wiki/Swimming_at_the_1992_Summer_Olympics_%E2%80%93_Women%27s_200_metre_freestyle,Q3879659,5332129,685
Q1141034,Swimming at the 2004 Summer Olympics – Women's 400 metre individual medley,https://en.wikipedia.org/wiki/Swimming_at_the_2004_Summer_Olympics_%E2%80%93_Women%27s_400_metre_individual_medley,Q1141034,906346,662
Q1005333,Luge at the 1994 Winter Olympics – Men's singles,https://en.wikipedia.org/wiki/Luge_at_the_1994_Winter_Olympics_%E2%80%93_Men%27s_singles,Q1005333,41712382,766
Q3925470,Boxing at the 2004 Summer Olympics – Welterweight,https://en.wikipedia.org/wiki/Boxing_at_the_2004_Summer_Olympics_%E2%80%93_Welterweight,Q3925470,4250770,713
Q1004888,Cross-country skiing at the 2002 Winter Olympics – Men's 2 × 10 kilometre pursuit,https://en.wikipedia.org/wiki/Cross-country_skiing_at_the_2002_Winter_Olympics_%E2%80%93_Men%27s_2_%C3%97_10_kilometre_pursuit,Q1004888,54078745,1481
Q1005044,Biathlon at the 1994 Winter Olympics – Men's individual,https://en.wikipedia.org/wiki/Biathlon_at_the_1994_Winter_Olympics_%E2%80%93_Men%27s_individual,Q1005044,38489344,1156
Q10572463,Boxing at the 1992 Summer Olympics – Lightweight,https://en.wikipedia.org/wiki/Boxing_at_the_1992_Summer_Olympics_%E2%80%93_Lightweight,Q10572463,59611116,728
Q4467904,Weightlifting at the 2000 Summer Olympics – Women's 48 kg,https://en.wikipedia.org/wiki/Weightlifting_at_the_2000_Summer_Olympics_%E2%80%93_Women%27s_48_kg,Q4467904,25076952,536
Q1005576,Alpine skiing at the 1998 Winter Olympics – Men's downhill,https://en.wikipedia.org/wiki/Alpine_skiing_at_the_1998_Winter_Olympics_%E2%80%93_Men%27s_downhill,Q1005576,41140995,1004
Q12808144,Weightlifting at the 2000 Summer Olympics – Women's 75 kg,https://en.wikipedia.org/wiki/Weightlifting_at_the_2000_Summer_Olympics_%E2%80%93_Women%27s_75_kg,Q12808144,25077363,496
Q55615399,Judo at the 1988 Summer Olympics – Men's 78 kg,https://en.wikipedia.org/wiki/Judo_at_the_1988_Summer_Olympics_%E2%80%93_Men%27s_78_kg,Q55615399,57516981,346
Q7979987,Weightlifting at the 1996 Summer Olympics – Men's 70 kg,https://en.wikipedia.org/wiki/Weightlifting_at_the_1996_Summer_Olympics_%E2%80%93_Men%27s_70_kg,Q7979987,16934355,806
Q25239317,Weightlifting at the 1988 Summer Olympics – Men's +110 kg,https://en.wikipedia.org/wiki/Weightlifting_at_the_1988_Summer_Olympics_%E2%80%93_Men%27s_%2B110_kg,Q25239317,47639949,579
Q3879597,Swimming at the 2000 Summer Olympics – Men's 200 metre breaststroke,https://en.wikipedia.org/wiki/Swimming_at_the_2000_Summer_Olympics_%E2%80%93_Men%27s_200_metre_breaststroke,Q3879597,12386570,1224
Q1042644,Alpine skiing at the 2006 Winter Olympics – Women's slalom,https://en.wikipedia.org/wiki/Alpine_skiing_at_the_2006_Winter_Olympics_%E2%80%93_Women%27s_slalom,Q1042644,4175540,855
Q1004935,Cross-country skiing at the 1992 Winter Olympics – Men's 10 kilometre classical,https://en.wikipedia.org/wiki/Cross-country_skiing_at_the_1992_Winter_Olympics_%E2%80%93_Men%27s_10_kilometre_classical,Q1004935,60005822,675
Q3811012,Judo at the 2004 Summer Olympics – Men's 81 kg,https://en.wikipedia.org/wiki/Judo_at_the_2004_Summer_Olympics_%E2%80%93_Men%27s_81_kg,Q3811012,11229671,641
Q1408876,Athletics at the 1992 Summer Olympics – Men's 110 metres hurdles,https://en.wikipedia.org/wiki/Athletics_at_the_1992_Summer_Olympics_%E2%80%93_Men%27s_110_metres_hurdles,Q1408876,13554056,1912
Q5481589,Shooting at the 2004 Summer Olympics – Women's 10 metre air pistol,https://en.wikipedia.org/wiki/Shooting_at_the_2004_Summer_Olympics_%E2%80%93_Women%27s_10_metre_air_pistol,Q5481589,2482917,1136
Q3500383,Wrestling at the 1988 Summer Olympics – Men's Greco-Roman 57 kg,https://en.wikipedia.org/wiki/Wrestling_at_the_1988_Summer_Olympics_%E2%80%93_Men%27s_Greco-Roman_57_kg,Q3500383,18543503,650
Q372925,Ski jumping at the 2006 Winter Olympics – Normal hill individual,https://en.wikipedia.org/wiki/Ski_jumping_at_the_2006_Winter_Olympics_%E2%80%93_Normal_hill_individual,Q372925,4191180,1577
Q3879657,Swimming at the 1992 Summer Olympics – Men's 400 metre individual medley,https://en.wikipedia.org/wiki/Swimming_at_the_1992_Summer_Olympics_%E2%80%93_Men%27s_400_metre_individual_medley,Q3879657,5332968,662
Q2306561,Athletics at the 1992 Summer Olympics – Women's high jump,https://en.wikipedia.org/wiki/Athletics_at_the_1992_Summer_Olympics_%E2%80%93_Women%27s_high_jump,Q2306561,13597823,1149
Q4443766,Shooting at the 2000 Summer Olympics – Women's trap,https://en.wikipedia.org/wiki/Shooting_at_the_2000_Summer_Olympics_%E2%80%93_Women%27s_trap,Q4443766,19262829,308
Q615345,Alpine skiing at the 2006 Winter Olympics – Women's combined,https://en.wikipedia.org/wiki/Alpine_skiing_at_the_2006_Winter_Olympics_%E2%80%93_Women%27s_combined,Q615345,4131099,728
Q576599,Freestyle skiing at the 2006 Winter Olympics – Men's aerials,https://en.wikipedia.org/wiki/Freestyle_skiing_at_the_2006_Winter_Olympics_%E2%80%93_Men%27s_aerials,Q576599,23134849,646
Q7979999,Weightlifting at the 2000 Summer Olympics – Men's 85 kg,https://en.wikipedia.org/wiki/Weightlifting_at_the_2000_Summer_Olympics_%E2%80%93_Men%27s_85_kg,Q7979999,25087559,699
Q1005805,Alpine skiing at the 1992 Winter Olympics – Men's giant slalom,https://en.wikipedia.org/wiki/Alpine_skiing_at_the_1992_Winter_Olympics_%E2%80%93_Men%27s_giant_slalom,Q1005805,41539989,1019
Q55615398,Judo at the 1988 Summer Olympics – Men's 71 kg,https://en.wikipedia.org/wiki/Judo_at_the_1988_Summer_Olympics_%E2%80%93_Men%27s_71_kg,Q55615398,57512372,383
Q3879648,Swimming at the 1992 Summer Olympics – Men's 100 metre freestyle,https://en.wikipedia.org/wiki/Swimming_at_the_1992_Summer_Olympics_%E2%80%93_Men%27s_100_metre_freestyle,Q3879648,5331945,1582
Q3811008,Judo at the 2004 Summer Olympics – Men's 66 kg,https://en.wikipedia.org/wiki/Judo_at_the_2004_Summer_Olympics_%E2%80%93_Men%27s_66_kg,Q3811008,11228865,412
Q1421727,Cycling at the 2004 Summer Olympics – Men's points race,https://en.wikipedia.org/wiki/Cycling_at_the_2004_Summer_Olympics_%E2%80%93_Men%27s_points_race,Q1421727,1639167,1096
Q1004863,Speed skating at the 1992 Winter Olympics – Men's 1000 metres,https://en.wikipedia.org/wiki/Speed_skating_at_the_1992_Winter_Olympics_%E2%80%93_Men%27s_1000_metres,Q1004863,41834755,634
Q128040,Cycling at the 1996 Summer Olympics – Women's individual road race,https://en.wikipedia.org/wiki/Cycling_at_the_1996_Summer_Olympics_%E2%80%93_Women%27s_individual_road_race,Q128040,11436344,634
Q1005192,Short-track speed skating at the 1994 Winter Olympics – Men's 500 metres,https://en.wikipedia.org/wiki/Short-track_speed_skating_at_the_1994_Winter_Olympics_%E2%80%93_Men%27s_500_metres,Q1005192,41666497,677
Q4160926,Judo at the 2000 Summer Olympics – Men's 66 kg,https://en.wikipedia.org/wiki/Judo_at_the_2000_Summer_Olympics_%E2%80%93_Men%27s_66_kg,Q4160926,15251134,480
Q823675,Snowboarding at the 2006 Winter Olympics – Women's snowboard cross,https://en.wikipedia.org/wiki/Snowboarding_at_the_2006_Winter_Olympics_%E2%80%93_Women%27s_snowboard_cross,Q823675,22892294,868
Q3628773,Athletics at the 2000 Summer Olympics – Men's 800 metres,https://en.wikipedia.org/wiki/Athletics_at_the_2000_Summer_Olympics_%E2%80%93_Men%27s_800_metres,Q3628773,14852169,3076
Q3879603,Swimming at the 2000 Summer Olympics – Women's 800 metre freestyle,https://en.wikipedia.org/wiki/Swimming_at_the_2000_Summer_Olympics_%E2%80%93_Women%27s_800_metre_freestyle,Q3879603,12383165,827
Q780886,Gadar: Ek Prem Katha,https://en.wikipedia.org/wiki/Gadar%3A_Ek_Prem_Katha,Q780886,5204875,3474
Q314688,Chadli Bendjedid,https://en.wikipedia.org/wiki/Chadli_Bendjedid,Q314688,410339,1404
Q838154,My Cousin Vinny,https://en.wikipedia.org/wiki/My_Cousin_Vinny,Q838154,324616,4623
Q498442,Spaceballs,https://en.wikipedia.org/wiki/Spaceballs,Q498442,75222,4010
Q748614,Freddy's Dead: The Final Nightmare,https://en.wikipedia.org/wiki/Freddy%27s_Dead%3A_The_Final_Nightmare,Q748614,2933385,3533
Q162225,Fallen (1998 film),https://en.wikipedia.org/wiki/Fallen_%281998_film%29,Q162225,1151458,1578
Q165817,Saving Private Ryan,https://en.wikipedia.org/wiki/Saving_Private_Ryan,Q165817,28269,16124
Q1216898,A Little Princess (1995 film),https://en.wikipedia.org/wiki/A_Little_Princess_%281995_film%29,Q1216898,3343617,2614
Q161400,Resident Evil: Apocalypse,https://en.wikipedia.org/wiki/Resident_Evil%3A_Apocalypse,Q161400,797798,5528
Q165325,Kill Bill: Volume 1,https://en.wikipedia.org/wiki/Kill_Bill%3A_Volume_1,Q165325,301314,5951
Q164963,The Lord of the Rings: The Two Towers,https://en.wikipedia.org/wiki/The_Lord_of_the_Rings%3A_The_Two_Towers,Q164963,173944,9194
Q1326725,Hum Dil De Chuke Sanam,https://en.wikipedia.org/wiki/Hum_Dil_De_Chuke_Sanam,Q1326725,1765978,2665
Q836821,The Hitchhiker's Guide to the Galaxy (film),https://en.wikipedia.org/wiki/The_Hitchhiker%27s_Guide_to_the_Galaxy_%28film%29,Q836821,982874,4750
Q839434,What Dreams May Come (film),https://en.wikipedia.org/wiki/What_Dreams_May_Come_%28film%29,Q839434,689611,2981
Q163549,Black Book (film),https://en.wikipedia.org/wiki/Black_Book_%28film%29,Q163549,3866194,5605
Q1407627,Athletics at the 1992 Summer Olympics – Men's marathon,https://en.wikipedia.org/wiki/Athletics_at_the_1992_Summer_Olympics_%E2%80%93_Men%27s_marathon,Q1407627,8466745,1253
Q498867,A Time to Kill (1996 film),https://en.wikipedia.org/wiki/A_Time_to_Kill_%281996_film%29,Q498867,3600824,2996
Q1127184,Splash (film),https://en.wikipedia.org/wiki/Splash_%28film%29,Q1127184,338962,4587
Q740528,Wild Wild West,https://en.wikipedia.org/wiki/Wild_Wild_West,Q740528,244610,5257
Q841515,Road Trip (2000 film),https://en.wikipedia.org/wiki/Road_Trip_%282000_film%29,Q841515,1164535,2650
Q1140085,Crimson Tide (film),https://en.wikipedia.org/wiki/Crimson_Tide_%28film%29,Q1140085,1317604,3767
Q1125451,My Own Private Idaho,https://en.wikipedia.org/wiki/My_Own_Private_Idaho,Q1125451,605198,5122
Q746574,My Left Foot,https://en.wikipedia.org/wiki/My_Left_Foot,Q746574,129542,1928
Q303862,Waiting... (film),https://en.wikipedia.org/wiki/Waiting..._%28film%29,Q303862,2377503,1368
Q913440,The Man Who Wasn't There (2001 film),https://en.wikipedia.org/wiki/The_Man_Who_Wasn%27t_There_%282001_film%29,Q913440,241052,6464
Q498109,Rush Hour 3,https://en.wikipedia.org/wiki/Rush_Hour_3,Q498109,2222699,2954
Q1199323,Lean on Me (film),https://en.wikipedia.org/wiki/Lean_on_Me_%28film%29,Q1199323,1496622,2188
Q1408300,Archery at the 2004 Summer Olympics – Men's team,https://en.wikipedia.org/wiki/Archery_at_the_2004_Summer_Olympics_%E2%80%93_Men%27s_team,Q1408300,9335365,571
Q760266,Hey Ram,https://en.wikipedia.org/wiki/Hey_Ram,Q760266,2566991,4680
Q478212,Sunshine (2007 film),https://en.wikipedia.org/wiki/Sunshine_%282007_film%29,Q478212,3252860,9480
Q1141111,Bring It On (film),https://en.wikipedia.org/wiki/Bring_It_On_%28film%29,Q1141111,766887,4469
Q918380,My Best Friend's Wedding,https://en.wikipedia.org/wiki/My_Best_Friend%27s_Wedding,Q918380,277148,3430
Q499535,U.S. Marshals (film),https://en.wikipedia.org/wiki/U.S._Marshals_%28film%29,Q499535,2144178,3562
Q1336107,Moonstruck,https://en.wikipedia.org/wiki/Moonstruck,Q1336107,129331,4080
Q1519049,Accepted (film),https://en.wikipedia.org/wiki/Accepted_%28film%29,Q1519049,5444611,2366
Q1129069,Johnny Mnemonic (film),https://en.wikipedia.org/wiki/Johnny_Mnemonic_%28film%29,Q1129069,80405,6473
Q164813,Perfume: The Story of a Murderer (film),https://en.wikipedia.org/wiki/Perfume%3A_The_Story_of_a_Murderer_%28film%29,Q164813,7031132,7738
Q498910,Austin Powers in Goldmember,https://en.wikipedia.org/wiki/Austin_Powers_in_Goldmember,Q498910,151461,4595
Q841203,Little Children (film),https://en.wikipedia.org/wiki/Little_Children_%28film%29,Q841203,2295405,2272
Q475693,Oldboy (2003 film),https://en.wikipedia.org/wiki/Oldboy_%282003_film%29,Q475693,734207,5103
Q165394,Bowling for Columbine,https://en.wikipedia.org/wiki/Bowling_for_Columbine,Q165394,145663,5440
Q741196,Heartbreak Ridge,https://en.wikipedia.org/wiki/Heartbreak_Ridge,Q741196,1596524,4091
Q841476,Hard Candy (film),https://en.wikipedia.org/wiki/Hard_Candy_%28film%29,Q841476,4538840,3405
Q851095,"Lock, Stock and Two Smoking Barrels",https://en.wikipedia.org/wiki/Lock%2C_Stock_and_Two_Smoking_Barrels,Q851095,210151,3304
Q1123621,What a Girl Wants (film),https://en.wikipedia.org/wiki/What_a_Girl_Wants_%28film%29,Q1123621,1126572,2491
Q159638,Blade II,https://en.wikipedia.org/wiki/Blade_II,Q159638,479757,3390
Q1035093,Captain America (1990 film),https://en.wikipedia.org/wiki/Captain_America_%281990_film%29,Q1035093,4557151,3378
Q833566,The Break-Up,https://en.wikipedia.org/wiki/The_Break-Up,Q833566,2385928,1865
Q1124875,Monster's Ball,https://en.wikipedia.org/wiki/Monster%27s_Ball,Q1124875,703687,2921
Q1140578,Twin Peaks: Fire Walk with Me,https://en.wikipedia.org/wiki/Twin_Peaks%3A_Fire_Walk_with_Me,Q1140578,245515,10785
Q162277,Alexander (2004 film),https://en.wikipedia.org/wiki/Alexander_%282004_film%29,Q162277,1138675,3473
Q885601,Robert D. Orr,https://en.wikipedia.org/wiki/Robert_D._Orr,Q885601,522949,1982
Q263460,The Dead Pool,https://en.wikipedia.org/wiki/The_Dead_Pool,Q263460,1179278,2927
Q164804,Underworld (2003 film),https://en.wikipedia.org/wiki/Underworld_%282003_film%29,Q164804,452767,3518
Q166272,Geoffrey Rush,https://en.wikipedia.org/wiki/Geoffrey_Rush,Q166272,171515,7309
Q164417,Corpse Bride,https://en.wikipedia.org/wiki/Corpse_Bride,Q164417,1430396,5136
Q858467,Big (film),https://en.wikipedia.org/wiki/Big_%28film%29,Q858467,38444154,3546
Q1141252,Do the Right Thing,https://en.wikipedia.org/wiki/Do_the_Right_Thing,Q1141252,73428,6182
Q167437,The Jackal (1997 film),https://en.wikipedia.org/wiki/The_Jackal_%281997_film%29,Q167437,1321819,2604
Q294641,Martin Landau,https://en.wikipedia.org/wiki/Martin_Landau,Q294641,261053,3635
Q1140439,Finding Forrester,https://en.wikipedia.org/wiki/Finding_Forrester,Q1140439,11414473,2424
Q34414,Rear Window,https://en.wikipedia.org/wiki/Rear_Window,Q34414,74577,5928
Q483118,Ben Affleck,https://en.wikipedia.org/wiki/Ben_Affleck,Q483118,159599,15269
Q165392,Gosford Park,https://en.wikipedia.org/wiki/Gosford_Park,Q165392,142476,5596
Q157044,The Hours (film),https://en.wikipedia.org/wiki/The_Hours_%28film%29,Q157044,3326435,3101
Q162729,Braveheart,https://en.wikipedia.org/wiki/Braveheart,Q162729,4560,8151
Q833299,My Girl (film),https://en.wikipedia.org/wiki/My_Girl_%28film%29,Q833299,673407,2532
Q241218,Star Trek V: The Final Frontier,https://en.wikipedia.org/wiki/Star_Trek_V%3A_The_Final_Frontier,Q241218,145359,11710
Q182763,Forest Whitaker,https://en.wikipedia.org/wiki/Forest_Whitaker,Q182763,634431,6713
Q499633,The Time Machine (2002 film),https://en.wikipedia.org/wiki/The_Time_Machine_%282002_film%29,Q499633,3759215,3435
Q1130395,Come and See,https://en.wikipedia.org/wiki/Come_and_See,Q1130395,4492505,5388
Q160560,The Da Vinci Code (film),https://en.wikipedia.org/wiki/The_Da_Vinci_Code_%28film%29,Q160560,1908238,8009
Q168010,City of Angels (film),https://en.wikipedia.org/wiki/City_of_Angels_%28film%29,Q168010,159171,4680
Q156911,Wings of Desire,https://en.wikipedia.org/wiki/Wings_of_Desire,Q156911,33121,7834
Q1129227,About a Boy (film),https://en.wikipedia.org/wiki/About_a_Boy_%28film%29,Q1129227,4205606,2518
Q160215,King Kong (2005 film),https://en.wikipedia.org/wiki/King_Kong_%282005_film%29,Q160215,473086,8523
Q159690,The Piano Teacher (film),https://en.wikipedia.org/wiki/The_Piano_Teacher_%28film%29,Q159690,846828,2571
Q267018,Stepmom (1998 film),https://en.wikipedia.org/wiki/Stepmom_%281998_film%29,Q267018,1632580,2064
Q263663,Lisa Blount,https://en.wikipedia.org/wiki/Lisa_Blount,Q263663,3722526,1510
Q1043614,Taare Zameen Par,https://en.wikipedia.org/wiki/Taare_Zameen_Par,Q1043614,8843403,9584
Q1127281,Dark City (1998 film),https://en.wikipedia.org/wiki/Dark_City_%281998_film%29,Q1127281,1884712,6717
Q842720,Hostel (2005 film),https://en.wikipedia.org/wiki/Hostel_%282005_film%29,Q842720,2331662,4195
Q842073,Awakenings,https://en.wikipedia.org/wiki/Awakenings,Q842073,129602,3224
Q854589,The Whole Nine Yards (film),https://en.wikipedia.org/wiki/The_Whole_Nine_Yards_%28film%29,Q854589,6446995,1871
Q311161,Jesse Ventura,https://en.wikipedia.org/wiki/Jesse_Ventura,Q311161,65521,15115
Q166262,Batman Begins,https://en.wikipedia.org/wiki/Batman_Begins,Q166262,481605,11646
Q267866,Little Nicky,https://en.wikipedia.org/wiki/Little_Nicky,Q267866,1011854,3287
Q720357,Predator 2,https://en.wikipedia.org/wiki/Predator_2,Q720357,620034,4701
Q169082,10 Things I Hate About You,https://en.wikipedia.org/wiki/10_Things_I_Hate_About_You,Q169082,398934,4490
Q271006,Enemy at the Gates,https://en.wikipedia.org/wiki/Enemy_at_the_Gates,Q271006,375183,3012
Q855222,Patriot Games (film),https://en.wikipedia.org/wiki/Patriot_Games_%28film%29,Q855222,3499096,3730
Q1139794,The 40-Year-Old Virgin,https://en.wikipedia.org/wiki/The_40-Year-Old_Virgin,Q1139794,2021400,6002
Q156608,The Bourne Supremacy (film),https://en.wikipedia.org/wiki/The_Bourne_Supremacy_%28film%29,Q156608,870946,2811
Q849656,End of Days (film),https://en.wikipedia.org/wiki/End_of_Days_%28film%29,Q849656,2837025,3123
Q328723,Andrew Stanton,https://en.wikipedia.org/wiki/Andrew_Stanton,Q328723,1832761,2931
Q1138936,Soldier (1998 American film),https://en.wikipedia.org/wiki/Soldier_%281998_American_film%29,Q1138936,730819,2684
Q844506,"Me, Myself & Irene",https://en.wikipedia.org/wiki/Me%2C_Myself_%26_Irene,Q844506,1145800,2988
Q844068,Glengarry Glen Ross (film),https://en.wikipedia.org/wiki/Glengarry_Glen_Ross_%28film%29,Q844068,2000074,4587
Q471720,Grumpy Old Men (film),https://en.wikipedia.org/wiki/Grumpy_Old_Men_%28film%29,Q471720,1934018,2107
Q168862,Wonder Boys (film),https://en.wikipedia.org/wiki/Wonder_Boys_%28film%29,Q168862,10206962,5114
Q249288,Three Amigos,https://en.wikipedia.org/wiki/Three_Amigos,Q249288,905971,2757
Q471976,The Chronicles of Riddick,https://en.wikipedia.org/wiki/The_Chronicles_of_Riddick,Q471976,670226,3213
Q849475,Shanghai Noon,https://en.wikipedia.org/wiki/Shanghai_Noon,Q849475,213149,1928
Q241085,Bugsy,https://en.wikipedia.org/wiki/Bugsy,Q241085,133480,3387
Q167726,Jurassic Park,https://en.wikipedia.org/wiki/Jurassic_Park,Q167726,68485,26874
Q1141457,John Q.,https://en.wikipedia.org/wiki/John_Q.,Q1141457,100700,2298
Q718524,"Lust, Caution",https://en.wikipedia.org/wiki/Lust%2C_Caution,Q718524,5631382,5494
Q250912,The Crow (1994 film),https://en.wikipedia.org/wiki/The_Crow_%281994_film%29,Q250912,406339,5878
Q472165,Secret Window,https://en.wikipedia.org/wiki/Secret_Window,Q472165,518928,1847
Q228936,Failure to Launch,https://en.wikipedia.org/wiki/Failure_to_Launch,Q228936,3978163,1236
Q842770,The Fountain,https://en.wikipedia.org/wiki/The_Fountain,Q842770,2450308,9681
Q173585,Jessica Lange,https://en.wikipedia.org/wiki/Jessica_Lange,Q173585,67763,8961
Q232219,40 Days and 40 Nights,https://en.wikipedia.org/wiki/40_Days_and_40_Nights,Q232219,887457,2080
Q1140762,Sister Act 2: Back in the Habit,https://en.wikipedia.org/wiki/Sister_Act_2%3A_Back_in_the_Habit,Q1140762,949131,4483
Q483941,Schindler's List,https://en.wikipedia.org/wiki/Schindler%27s_List,Q483941,65834,10803
Q270410,Saw II,https://en.wikipedia.org/wiki/Saw_II,Q270410,1640736,5391
Q1127709,True Romance,https://en.wikipedia.org/wiki/True_Romance,Q1127709,441315,3617
Q336018,Julian Fellowes,https://en.wikipedia.org/wiki/Julian_Fellowes,Q336018,1673691,4777
Q270215,Contact (1997 American film),https://en.wikipedia.org/wiki/Contact_%281997_American_film%29,Q270215,422269,9143
Q1129381,The X-Files (film),https://en.wikipedia.org/wiki/The_X-Files_%28film%29,Q1129381,1078863,5371
Q1129534,Norbit,https://en.wikipedia.org/wiki/Norbit,Q1129534,7261333,4393
Q472361,Amistad (film),https://en.wikipedia.org/wiki/Amistad_%28film%29,Q472361,418110,4636
Q1124980,"Six Days, Seven Nights",https://en.wikipedia.org/wiki/Six_Days%2C_Seven_Nights,Q1124980,365039,2169
Q272064,The Living Daylights,https://en.wikipedia.org/wiki/The_Living_Daylights,Q272064,566713,7579
Q229599,Charlie's Angels (2000 film),https://en.wikipedia.org/wiki/Charlie%27s_Angels_%282000_film%29,Q229599,342692,3928
Q1124080,Hide and Seek (2005 film),https://en.wikipedia.org/wiki/Hide_and_Seek_%282005_film%29,Q1124080,1190594,2251
Q229603,Charlie's Angels: Full Throttle,https://en.wikipedia.org/wiki/Charlie%27s_Angels%3A_Full_Throttle,Q229603,256337,3637
Q478748,The Holiday,https://en.wikipedia.org/wiki/The_Holiday,Q478748,2793610,4845
Q848785,Jarhead (film),https://en.wikipedia.org/wiki/Jarhead_%28film%29,Q848785,2510385,2968
Q852075,Bewafaa (2005 film),https://en.wikipedia.org/wiki/Bewafaa_%282005_film%29,Q852075,2279228,1379
Q834021,RoboCop 2,https://en.wikipedia.org/wiki/RoboCop_2,Q834021,1330220,8123
Q844883,Seven Years in Tibet (1997 film),https://en.wikipedia.org/wiki/Seven_Years_in_Tibet_%281997_film%29,Q844883,9796711,3140
Q478626,Starship Troopers (film),https://en.wikipedia.org/wiki/Starship_Troopers_%28film%29,Q478626,203841,16128
Q269912,Into the Wild (film),https://en.wikipedia.org/wiki/Into_the_Wild_%28film%29,Q269912,11893755,3622
Q483166,My Sassy Girl,https://en.wikipedia.org/wiki/My_Sassy_Girl,Q483166,1560455,4677
Q170035,Ratatouille (film),https://en.wikipedia.org/wiki/Ratatouille_%28film%29,Q170035,14941280,9476
Q270351,American Gangster (film),https://en.wikipedia.org/wiki/American_Gangster_%28film%29,Q270351,5017604,7435
Q1141460,Striptease (film),https://en.wikipedia.org/wiki/Striptease_%28film%29,Q1141460,18943833,4979
Q3018583,David Parfitt,https://en.wikipedia.org/wiki/David_Parfitt,Q3018583,1639960,1138
