event_id,name,sport,competitors_count,nations_count,date_str,win_value
event_Q303623,Canoeing at the 2012 Summer Olympics – Men's K-2 1000 metres,Canoeing,24,12,6 to 8 August,3:09.646
event_Q607635,Speed skating at the 2010 Winter Olympics – Men's 5000 metres,Speed skating,28,16,13 February 2010,6:14.60 speed skating
event_Q939000,Cycling at the 2012 Summer Olympics – Women's road time trial,Cycling,24,16,1 August,37:34.82
event_Q26233801,Gymnastics at the 2016 Summer Olympics – Women's artistic individual all-around,Gymnastics,24,14,11 August,62.198 points
event_Q743905,Athletics at the 2008 Summer Olympics – Men's 110 metres hurdles,Athletics,43,33,August 18 (heats)August 20 (semifinals)August 21 (final),12.93
event_Q1433269,Athletics at the 2004 Summer Olympics – Men's 400 metres hurdles,Athletics,35,24,23–26 August,47.63
event_Q1005784,Athletics at the 2008 Summer Olympics – Men's decathlon,Athletics,40,27,August 21–22,8791
event_Q1005641,Alpine skiing at the 1992 Winter Olympics – Men's slalom,Alpine skiing,119,44,"February 22, 1992",1:44.39
event_Q3628768,Athletics at the 2000 Summer Olympics – Men's 400 metres,Athletics,68,44,22–25 September,
event_Q7400295,Sailing at the 1988 Summer Olympics – Women's 470,Sailing,42,21,20–27 September,
event_Q15506518,Short-track speed skating at the 2014 Winter Olympics – Men's 5000 metre relay,Short-track speed skating,32,8,13 February 2014 (semifinal) 21 February 2014 (final),6:42.100
event_Q4951829,Boxing at the 1996 Summer Olympics – Bantamweight,Boxing,31,31,20 July – 3 August 1996,
event_Q26212143,Weightlifting at the 2016 Summer Olympics – Men's +105 kg,Weightlifting,23,19,16 August 2016,473 kg Olympic weightlifting
event_Q250187,Swimming at the 2008 Summer Olympics – Men's 200 metre breaststroke,Swimming,53,39,"August 12, 2008 (heats)August 13, 2008 (semifinals)August 14, 2008 (final)",2:07.64 swimming
event_Q1221945,Cross-country skiing at the 1994 Winter Olympics – Women's 15 kilometre freestyle,Cross-country skiing,54,19,13 February 1994,39:44.5
event_Q3879591,Swimming at the 2000 Summer Olympics – Women's 200 metre backstroke,Swimming,36,29,"September 21, 2000 (heats &semifinals)September 22, 2000 (final)",2:08.16
event_Q25239321,Weightlifting at the 1988 Summer Olympics – Men's 56 kg,Weightlifting,23,17,19 September 1988,
event_Q1205250,Shooting at the 2008 Summer Olympics – Men's 50 metre pistol,Shooting,45,32,"August 12, 2008",660.4
event_Q766586,Speed skating at the 2002 Winter Olympics – Women's 3000 metres,Speed skating,32,16,"February 10, 2002",3:57.70 WR
event_Q850246,Short-track speed skating at the 2006 Winter Olympics – Women's 500 metres,Short-track speed skating,28,17,12–15 February 2006,
event_Q2071152,Swimming at the 2012 Summer Olympics – Women's 200 metre freestyle,Swimming,37,31,"July 30, 2012 (heats &semifinals)July 31, 2012 (final)",1:53.61 swimming
event_Q2071160,Swimming at the 2012 Summer Olympics – Men's 200 metre backstroke,Swimming,35,27,"August 1, 2012 (heats & semifinals)August 2, 2012 (final)",1:53.41 swimming
event_Q1204722,Shooting at the 2008 Summer Olympics – Women's 10 metre air rifle,Shooting,47,31,"August 9, 2008",503.5 (OR)
event_Q26208755,Athletics at the 2016 Summer Olympics – Men's javelin throw,Athletics,37,23,17 August 2016 (qualifications)20 August 2016 (final),90.30 m
event_Q2500292,Sailing at the 2012 Summer Olympics – Star,Sailing,32,16,29 July – 5 August,
event_Q870647,Nordic combined at the 1992 Winter Olympics – Team,Nordic combined,33,11,17–18 February,Team jump: 645.1Ski time: 1:23:36.5Final time: 1:23:36.5
event_Q7662173,Synchronized swimming at the 2000 Summer Olympics – Women's duet,Synchronized swimming,48,24,24–26 September,99.580
event_Q15619183,Figure skating at the 2014 Winter Olympics – Women's singles,Figure skating,30,20,19–20 February 2014,224.59 points
event_Q25239533,Weightlifting at the 1988 Summer Olympics – Men's 67.5 kg,Weightlifting,30,25,21 September 1988,
event_Q4951830,Boxing at the 1996 Summer Olympics – Featherweight,Boxing,31,31,22 July – 4 August 1996,
event_Q1005783,Taekwondo at the 2008 Summer Olympics – Men's 80 kg,Taekwondo,16,16,22 August 2008,
event_Q7372012,Rowing at the 2000 Summer Olympics – Women's single sculls,Rowing,19,19,17–23 September 2000,7:28.14
event_Q3879590,Swimming at the 2000 Summer Olympics – Men's 1500 metre freestyle,Swimming,41,32,"September 22, 2000 (heats)September 23, 2000 (final)",14:48.33
event_Q1221969,Cross-country skiing at the 1988 Winter Olympics – Women's 20 kilometre freestyle,Cross-country skiing,55,18,25 February 1988,55:53.6
event_Q3628769,Athletics at the 2000 Summer Olympics – Women's 5000 metres,Athletics,49,31,22 September 2000 (heats)25 September 2000 (final),14:40.79 athletics
event_Q1005640,Alpine skiing at the 1994 Winter Olympics – Men's slalom,Alpine skiing,57,25,"February 27, 1994",2:02.02
event_Q744487,Athletics at the 2008 Summer Olympics – Men's high jump,Athletics,40,28,17 August 2008 (qualifying)19 August 2008 (final),2.36
event_Q26233821,Athletics at the 2016 Summer Olympics – Women's high jump,Athletics,36,27,18 August 2016 (qualification)20 August 2016 (final),1.97 m
event_Q1433109,Athletics at the 2004 Summer Olympics – Men's pole vault,Athletics,39,25,25–27 August,5.95 athletics
event_Q1049551,Athletics at the 2012 Summer Olympics – Men's 800 metres,Athletics,55,43,6–9 August,1:40.91 athletics
event_Q2071129,Athletics at the 2012 Summer Olympics – Women's 1500 metres,Athletics,46,26,6–10 August 2012,4:10.23
event_Q2071135,Athletics at the 2012 Summer Olympics – Women's 800 metres,Athletics,45,35,8–11 August,1:56.19
event_Q2090641,Athletics at the 2012 Summer Olympics – Women's 5000 metres,Athletics,36,22,"Aug 7 (prelim), Aug 10 (final)",15:04.25
event_Q26219843,Athletics at the 2016 Summer Olympics – Women's 1500 metres,Athletics,42,25,12 August 2016 (heats)14 August 2016 (semifinals)16 August 2016 (final),4:08.92
event_Q26208467,Athletics at the 2016 Summer Olympics – Men's 3000 metres steeplechase,Athletics,45,25,15 August 2016 (heats)17 August 2016 (final),8:03.28 OR
event_Q2001009,Athletics at the 2012 Summer Olympics – Women's 3000 metres steeplechase,Athletics,44,26,4–6 August,9:08.37
event_Q65242144,Athletics at the 2020 Summer Olympics – Women's shot put,Athletics,32,22,30 July 2021 (qualifying)1 August 2021(final),20.58 m
event_Q1799275,"Athletics at the 2012 Summer Olympics – Women's 10,000 metres",Athletics,22,13,3 August,30:20.75
event_Q1771990,Athletics at the 2012 Summer Olympics – Men's 3000 metres steeplechase,Athletics,39,27,3–5 August,8:18.56
event_Q2194130,Cycling at the 2012 Summer Olympics – Women's omnium,Cycling,18,18,6–7 August 2012,
event_Q26219851,Taekwondo at the 2016 Summer Olympics – Women's 49 kg,Taekwondo,16,16,17 August 2016,
event_Q1043342,Athletics at the 2008 Summer Olympics – Women's 1500 metres,Athletics,33,18,21 August 2008 (heats)23 August 2008 (final),4:00.23
event_Q1063589,Cycling at the 2008 Summer Olympics – Men's individual road race,Cycling,143,55,August 9,6:23:4938.36
event_Q26212188,Weightlifting at the 2016 Summer Olympics – Women's 75 kg,Weightlifting,15,15,12 August 2016,274 kg
event_Q26219850,Taekwondo at the 2016 Summer Olympics – Men's 80 kg,Taekwondo,16,16,19 August 2016,
event_Q256559,Swimming at the 2008 Summer Olympics – Men's 400 metre freestyle,Swimming,37,27,"August 9, 2008 (heats)August 10, 2008 (final)",3:41.86
event_Q1185004,Swimming at the 2008 Summer Olympics – Women's 200 metre backstroke,Swimming,35,24,"August 14, 2008 (heats)August 15, 2008 (semifinals)August 16, 2008 (final)",2:05.24 swimming
event_Q657467,Athletics at the 2008 Summer Olympics – Women's discus throw,Athletics,38,24,15 August 2008 (qualification)18 August 2008 (final),64.74
event_Q754412,Cycling at the 2012 Summer Olympics – Men's individual road race,Cycling,144,63,28 July 2012,5:45:57
event_Q15056220,Speed skating at the 2014 Winter Olympics – Men's 1000 metres,Speed skating,40,19,12 February 2014,1:08.39
event_Q24760634,Cycling at the 2016 Summer Olympics – Men's individual road race,Cycling,144,63,6 August 2016,6:10:05
event_Q25386275,Fencing at the 2016 Summer Olympics – Women's foil,Fencing,35,27,10 August 2016,
event_Q950563,Swimming at the 2008 Summer Olympics – Women's 200 metre breaststroke,Swimming,41,34,"August 13, 2008 (heats)August 14, 2008 (semifinals)August 15, 2008 (final)",2:20.22 swimming
event_Q47296499,Figure skating at the 2018 Winter Olympics – Team event,Figure skating,70,10,9–12 February 2018,73 points
event_Q26242953,Diving at the 2016 Summer Olympics – Men's 3 metre springboard,Diving,29,20,15–16 August 2016,547.60 points
event_Q26235881,Diving at the 2016 Summer Olympics – Men's synchronized 10 metre platform,Diving,16,8,8 August 2016,496.98 points
event_Q26237528,Diving at the 2016 Summer Olympics – Women's synchronized 10 metre platform,Diving,16,8,9 August 2016,367.00 points
event_Q26237418,Shooting at the 2016 Summer Olympics – Men's 50 metre rifle three positions,Shooting,44,31,14 August 2016,458.8
event_Q26243423,Diving at the 2016 Summer Olympics – Women's 3 metre springboard,Diving,29,18,12–14 August 2016,406.05 points
event_Q26234145,Athletics at the 2016 Summer Olympics – Women's heptathlon,Athletics,31,21,12–13 August 2016,6810 NR Belgian
event_Q26261258,Gymnastics at the 2016 Summer Olympics – Men's trampoline,Gymnastics,16,13,13 August 2016,61.745
event_Q26262523,Cycling at the 2016 Summer Olympics – Women's team sprint,Cycling,18,9,12 August,32.107
event_Q26259596,Cycling at the 2016 Summer Olympics – Men's team sprint,Cycling,27,9,11 August 2016,42.440 OR
event_Q26261256,Gymnastics at the 2016 Summer Olympics – Women's trampoline,Gymnastics,16,13,12 August 2016,56.465
event_Q26265815,Cycling at the 2016 Summer Olympics – Women's sprint,Cycling,27,17,14–16 August 2016,
event_Q26262252,Cycling at the 2016 Summer Olympics – Men's sprint,Cycling,27,16,12–14 August 2016,
event_Q26273359,Athletics at the 2016 Summer Olympics – Women's 100 metres hurdles,Athletics,48,34,16 August 2016 (heats)17 August 2016 (semifinals & final),12.48
event_Q26263572,Cycling at the 2016 Summer Olympics – Women's keirin,Cycling,,,13 August,11.217
event_Q26260960,Cycling at the 2016 Summer Olympics – Women's team pursuit,Cycling,39,9,11–13 August 2016,"4:10.236 WR, OR"
event_Q26234144,Athletics at the 2016 Summer Olympics – Women's javelin throw,Athletics,31,20,16–18 August 2016,66.18 m NR
event_Q26234119,Athletics at the 2016 Summer Olympics – Women's hammer throw,Athletics,32,19,12–15 August 2016,82.29 m WR Women's hammer throw
event_Q26291516,Cycling at the 2016 Summer Olympics – Men's keirin,Cycling,27,18,16 August,
event_Q26234051,Athletics at the 2016 Summer Olympics – Women's shot put,Athletics,36,25,12 August 2016,20.63 m
event_Q26233995,Athletics at the 2016 Summer Olympics – Women's triple jump,Athletics,37,25,13 August 2016 (qualification)14 August 2016 (final),15.17 m
event_Q26430868,Diving at the 2016 Summer Olympics – Men's 10 metre platform,Diving,28,18,19–20 August 2016,585.30 points
event_Q284413,Gymnastics at the 2012 Summer Olympics – Women's trampoline,Gymnastics,16,14,4 August,
event_Q3223718,Ice hockey at the 2014 Winter Olympics – Women's tournament,Ice hockey,168,8,8–20 February 2014,
event_Q26233317,Athletics at the 2016 Summer Olympics – Women's 3000 metres steeplechase,Athletics,53,32,13–15 August 2016,8:59.75 AR
event_Q26233122,Athletics at the 2016 Summer Olympics – Men's 20 kilometres walk,Athletics,74,40,12 August 2016,1:19:14
event_Q3082710,Sailing at the 2012 Summer Olympics – Laser Radial,Sailing,41,41,30 July – 6 August,
event_Q26229077,Diving at the 2016 Summer Olympics – Women's synchronized 3 metre springboard,Diving,16,8,7 August 2016,345.60 points
event_Q26233320,Athletics at the 2016 Summer Olympics – Women's 20 kilometres walk,Athletics,74,31,19 August 2016,1:28:35
event_Q284936,Gymnastics at the 2012 Summer Olympics – Women's rhythmic individual all-around,Gymnastics,24,21,9–11 August,116.900
event_Q26233297,"Athletics at the 2016 Summer Olympics – Women's 10,000 metres",Athletics,37,24,12 August,"29:17.45 WR 10,000 metres"
event_Q26233103,Athletics at the 2016 Summer Olympics – Men's 400 metres hurdles,Athletics,47,33,15 August 2016 (quarterfinals)16 August 2016 (semifinals)18 August 2016 (final),47.73
event_Q284423,Gymnastics at the 2012 Summer Olympics – Men's trampoline,Gymnastics,16,13,3 August,
event_Q326112,Gymnastics at the 2012 Summer Olympics – Women's rhythmic group all-around,Gymnastics,72,12,9–12 August,57.000
event_Q26233319,Athletics at the 2016 Summer Olympics – Women's 400 metres hurdles,Athletics,48,33,15 August 2016 (heats)16 August 2016 (semifinals)18 August 2016 (final),53.13
event_Q1064016,Judo at the 2012 Summer Olympics – Women's 57 kg,Judo,25,25,30 July 2012,100-
event_Q1055931,Athletics at the 2012 Summer Olympics – Men's long jump,Athletics,42,30,3–4 August,8.31
event_Q26219862,Athletics at the 2016 Summer Olympics – Women's 5000 metres,Athletics,,,16 August 2016 (heats)19 August 2016 (final),14:26.17 OR
event_Q26225492,Athletics at the 2016 Summer Olympics – Women's long jump,Athletics,38,26,16 August 2016 (qualifications)17 August 2016 (final),7.17 m
event_Q1064728,Cycling at the 2008 Summer Olympics – Women's individual road race,Cycling,66,33,2008-08-10,3:32:2435.71
event_Q26212225,Athletics at the 2016 Summer Olympics – Men's 800 metres,Athletics,58,39,12 August 2016 (heats)13 August 2016 (semifinals)15 August 2016 (final),1:42.15
event_Q26224939,Athletics at the 2016 Summer Olympics – Women's pole vault,Athletics,38,24,16–19 August 2016,4.85 m
event_Q26219861,Athletics at the 2016 Summer Olympics – Men's 5000 metres,Athletics,,,17 August 2016 (heats)20 August 2016 (final),13:03.30
event_Q369846,Swimming at the 2008 Summer Olympics – Men's 100 metre backstroke,Swimming,45,35,"August 10, 2008 (heats)August 11, 2008 (semifinals)August 12, 2008 (final)",52.54 swimming
event_Q26225938,Athletics at the 2016 Summer Olympics – Men's 50 kilometres walk,Athletics,63,35,19 August 2016,3:40:58
event_Q326384,Boxing at the 2012 Summer Olympics – Men's heavyweight,Boxing,15,15,1–11 August 2012,
event_Q26212202,Athletics at the 2016 Summer Olympics – Men's long jump,Athletics,32,23,12–13 August 2016,8.38
event_Q1005787,Judo at the 2012 Summer Olympics – Men's 81 kg,Judo,34,34,31 July 2012,
event_Q26223026,"Athletics at the 2016 Summer Olympics – Men's 10,000 metres",Athletics,34,16,13 August 2016 (final),27:05.17
event_Q26219858,Athletics at the 2016 Summer Olympics – Men's 400 metres,Athletics,53,35,12 August 2016 (Heats)13 August 2016 (semi-final)14 August 2016 (final),43.03 WR
event_Q26221551,Triathlon at the 2016 Summer Olympics – Men's,Triathlon,55,31,18 August 2016,1:45.01
event_Q26219856,Athletics at the 2016 Summer Olympics – Men's 200 metres,Athletics,77,48,16 August 2016 (quarterfinals)17 August 2016 (semifinals)18 August 2016 (final),19.78
event_Q1050909,Athletics at the 2012 Summer Olympics – Men's 20 kilometres walk,Athletics,56,34,4 August 2012,1:18:46 OR
event_Q1064358,Diving at the 2012 Summer Olympics – Women's synchronized 10 metre platform,Diving,16,8,31 July,
event_Q1064845,Marathon swimming at the 2012 Summer Olympics – Women's 10 kilometre,Marathon swimming,25,25,"August 9, 2012",1:57:38.2
event_Q1140736,Badminton at the 2012 Summer Olympics – Men's singles,Badminton,40,34,28 July to 5 August 2012,
event_Q62020022,Rowing at the 2020 Summer Olympics – Men's single sculls,Rowing,32,32,23–30 July 2021,6:40.45
event_Q65235520,Judo at the 2020 Summer Olympics – Men's 81 kg,Judo,,,27 July 2021,
event_Q26219821,Shooting at the 2016 Summer Olympics – Women's 50 metre rifle three positions,Shooting,37,27,11 August 2016,458.6 shooting
event_Q26219841,Athletics at the 2016 Summer Olympics – Women's 100 metres,Athletics,80,56,12 August 2016 (Preliminary round & heats)13 August 2016 (semi-final & final),10.71
event_Q110316274,Figure skating at the 2022 Winter Olympics – Ice dance,Figure skating,23,17,12 and 14 February 2022,226.98 points
event_Q65243912,Skateboarding at the 2020 Summer Olympics – Men's street,Skateboarding,20,12,25 July 2021,37.18
event_Q65235537,Judo at the 2020 Summer Olympics – Women's 48 kg,Judo,,,24 July 2021,
event_Q1076273,Badminton at the 2008 Summer Olympics – Men's singles,Badminton,41,35,9 August to 17 August 2008,
event_Q2070009,Athletics at the 2012 Summer Olympics – Men's 50 kilometres walk,Athletics,63,35,11 August,3:36:53 OR
event_Q65235488,Judo at the 2020 Summer Olympics – Men's 100 kg,Judo,,,29 July 2021,
event_Q1188476,Rowing at the 2012 Summer Olympics – Women's quadruple sculls,Rowing,32,8,28 July – 3 August 2012,6:35.93
event_Q65235512,Judo at the 2020 Summer Olympics – Men's 73 kg,Judo,,,26 July 2021,
event_Q47295256,Figure skating at the 2018 Winter Olympics – Women's singles,Figure skating,30,20,21 and 23 February 2018,239.57 points
event_Q65235562,Judo at the 2020 Summer Olympics – Women's 70 kg,Judo,,,28 July 2021,
event_Q2000949,Athletics at the 2012 Summer Olympics – Men's high jump,Athletics,35,27,5–7 August,2.33
event_Q2000999,Athletics at the 2012 Summer Olympics – Men's 110 metres hurdles,Athletics,53,33,7–8 August,12.92
event_Q65235574,Judo at the 2020 Summer Olympics – Women's +78 kg,Judo,,,30 July 2021,
event_Q2000988,Athletics at the 2012 Summer Olympics – Women's marathon,Athletics,118,67,5 August 2012,2:23:07 OR
event_Q1094662,Judo at the 2008 Summer Olympics – Women's +78 kg,Judo,21,21,"August 15, 2008",1001
event_Q110316264,Figure skating at the 2022 Winter Olympics – Pair skating,Figure skating,19,13,18–19 February 2022,239.88 points
event_Q627905,Judo at the 2012 Summer Olympics – Women's 48 kg,Judo,19,19,28 July 2012,
event_Q65243916,Skateboarding at the 2020 Summer Olympics – Women's street,Skateboarding,20,13,26 July 2021,15.26
event_Q590226,Judo at the 2008 Summer Olympics – Women's 78 kg,Judo,21,21,"August 14, 2008",0000
event_Q1193963,Judo at the 2008 Summer Olympics – Women's 57 kg,Judo,22,22,"August 11, 2008",0011
event_Q26219839,Athletics at the 2016 Summer Olympics – Women's 400 metres,Athletics,57,36,13 August 2016 (heats)14 August 2016 (semifinals)15 August 2016 (final),49.44
event_Q65235568,Judo at the 2020 Summer Olympics – Women's 78 kg,Judo,,,29 July 2021,
event_Q2000979,Athletics at the 2012 Summer Olympics – Men's triple jump,Athletics,27,21,7–9 August,17.81
event_Q65242281,Gymnastics at the 2020 Summer Olympics – Women's rhythmic individual all-around,Gymnastics,26,18,6 August 2021 (qualification)7 August 2021 (final),107.800
event_Q110264101,Bobsleigh at the 2022 Winter Olympics – Two-man,Bobsleigh,61,19,"14, 15 February 2022",3:56.89
event_Q62020023,Rowing at the 2020 Summer Olympics – Men's coxless pair,Rowing,27,13,24–29 July 2021,6:15.29
event_Q645932,Athletics at the 2012 Summer Olympics – Women's long jump,Athletics,32,24,7–8 August,7.12 m
event_Q370500,Rowing at the 2012 Summer Olympics – Women's eight,Rowing,56,7,29 July – 2 August 2012,6:10.59
event_Q1065654,Beach volleyball at the 2012 Summer Olympics – Women's tournament,Beach volleyball,48,19,28 July – 8 August,
event_Q110264143,Bobsleigh at the 2022 Winter Olympics – Four-man,Bobsleigh,112,17,"19, 20 February 2022",3:54.30
event_Q26214545,Athletics at the 2016 Summer Olympics – Men's discus throw,Athletics,35,24,12–13 August 2016,68.37
event_Q2070547,Athletics at the 2012 Summer Olympics – Women's high jump,Athletics,35,28,9–11 August,2.05
event_Q2071171,Athletics at the 2012 Summer Olympics – Men's 5000 metres,Athletics,43,26,8–11 August,13:41.66
event_Q62020027,Rowing at the 2020 Summer Olympics – Men's coxless four,Rowing,40,10,24–28 July 2021,5:42.76
event_Q26208357,Archery at the 2016 Summer Olympics – Men's team,Archery,36,12,6 August 2016,
event_Q62020029,Rowing at the 2020 Summer Olympics – Men's quadruple sculls,Rowing,40,10,23–28 July 2021,5:32.03
event_Q1144277,Badminton at the 2008 Summer Olympics – Women's doubles,Badminton,32,12,10 August to 15 August 2012,
event_Q1193975,Judo at the 2008 Summer Olympics – Women's 63 kg,Judo,25,25,"August 12, 2008",1000
event_Q531436,Swimming at the 2012 Summer Olympics – Women's 800 metre freestyle,Swimming,36,30,"August 2, 2012 (heats)August 3, 2012 (final)",8:14.63 AM
event_Q47155555,Biathlon at the 2018 Winter Olympics – Mixed relay,Biathlon,80,20,20 February 2018,1:08:34.3
event_Q26086643,Athletics at the 2016 Summer Olympics – Men's decathlon,Athletics,32,21,17–18 August 2016,8893 OR
event_Q62020033,Rowing at the 2020 Summer Olympics – Women's single sculls,Rowing,32,32,23–30 July 2021,7:13.97
event_Q1076798,Judo at the 2012 Summer Olympics – Women's 78 kg,Judo,21,21,2 August 2012,
event_Q47296003,Figure skating at the 2018 Winter Olympics – Ice dance,Figure skating,24,17,19–20 February 2018,206.07 points
event_Q65242368,Triathlon at the 2020 Summer Olympics – Mixed relay,Triathlon,64,16,31 July 2021,1:23:41
event_Q591384,Athletics at the 2012 Summer Olympics – Men's 1500 metres,Athletics,43,29,3–7 August,3:34.08
event_Q62020025,Rowing at the 2020 Summer Olympics – Men's double sculls,Rowing,26,13,23–28 July 2021,6:00.33
event_Q1076967,Judo at the 2012 Summer Olympics – Women's 63 kg,Judo,24,24,31 July 2012,
event_Q47263008,Figure skating at the 2018 Winter Olympics – Pair skating,Figure skating,22,14,14–15 February 2018,235.90 points
event_Q2000968,Athletics at the 2012 Summer Olympics – Men's pole vault,Athletics,32,23,8–10 August,5.97 athletics
event_Q1067177,Freestyle skiing at the 2010 Winter Olympics – Women's ski cross,Freestyle skiing,35,17,23 February,
event_Q62020035,Rowing at the 2020 Summer Olympics – Women's coxless four,Rowing,40,10,24–28 July 2021,6:15.37
event_Q26208442,Athletics at the 2016 Summer Olympics – Men's high jump,Athletics,44,28,14–16 August 2016,2.38
event_Q62020026,Rowing at the 2020 Summer Olympics – Men's lightweight double sculls,Rowing,36,18,24–29 July 2021,6:06.43
event_Q47455933,Short-track speed skating at the 2018 Winter Olympics – Men's 1000 metres,Short-track speed skating,32,14,"13 February 2018 (heats)17 February 2018 (quarterfinals, semifinals, final)",1:24.650
event_Q2069991,Athletics at the 2012 Summer Olympics – Women's hammer throw,Athletics,37,25,8–10 August,77.60 OR
event_Q110316174,Figure skating at the 2022 Winter Olympics – Men's singles,Figure skating,29,20,8 and 10 February 2022,332.60 points
event_Q62020030,Rowing at the 2020 Summer Olympics – Women's quadruple sculls,Rowing,40,10,23–28 July 2021,6:05.13
event_Q65235495,Judo at the 2020 Summer Olympics – Men's 60 kg,Judo,,,24 July 2021,
event_Q47310015,Short-track speed skating at the 2018 Winter Olympics – Women's 1000 metres,Short-track speed skating,32,15,"20 February 2018 (heats)22 February 2018 (quarterfinals, semifinals, final)",1:29.778
event_Q586832,Figure skating at the 2010 Winter Olympics – Ice dance,Figure skating,23,15,19–22 February 2010,221.57 points
event_Q62020031,Rowing at the 2020 Summer Olympics – Women's double sculls,Rowing,26,13,23–28 July 2021,
event_Q110324226,Figure skating at the 2022 Winter Olympics – Women's singles,Figure skating,30,18,15 and 17 February 2022,255.95 points
event_Q25991470,Marathon swimming at the 2016 Summer Olympics – Women's 10 kilometre,Marathon swimming,26,24,15 August 2016,1:56:32
event_Q2000939,Athletics at the 2012 Summer Olympics – Women's javelin throw,Athletics,42,29,7–9 August,69.55
event_Q603519,Judo at the 2012 Summer Olympics – Women's +78 kg,Judo,20,20,3 August 2012,
event_Q26219842,Athletics at the 2016 Summer Olympics – Women's 200 metres,Athletics,72,45,15 August 2016 (heats)16 August 2016 (semifinals)17 August 2016 (final),21.78
event_Q65235505,Judo at the 2020 Summer Olympics – Men's 66 kg,Judo,,,25 July 2021,
event_Q2036655,Cycling at the 2012 Summer Olympics – Men's cross-country,Cycling,47,31,12 August,1:29:07
event_Q110264144,Bobsleigh at the 2022 Winter Olympics – Women's monobob,Bobsleigh,20,16,"13, 14 February 2022",4:19.27
event_Q26215594,Athletics at the 2016 Summer Olympics – Men's hammer throw,Athletics,32,24,17–19 August 2016,78.68
event_Q62020028,Rowing at the 2020 Summer Olympics – Men's eight,Rowing,63,7,24–30 July 2021,
event_Q536380,Rowing at the 2012 Summer Olympics – Men's lightweight coxless four,Rowing,52,13,28 July – 2 August 2012,6:02.84
event_Q585714,Judo at the 2012 Summer Olympics – Men's 60 kg,Judo,37,37,28 July 2012,
event_Q26037158,Tennis at the 2016 Summer Olympics – Women's singles,Tennis,64,36,6–13 August 2016,
event_Q47155815,Biathlon at the 2018 Winter Olympics – Men's mass start,Biathlon,30,13,18 February 2018,35:47.3
event_Q26208457,Athletics at the 2016 Summer Olympics – Men's pole vault,Athletics,31,16,13–15 August 2016,"6.03 athletics, AR"
event_Q25991460,Marathon swimming at the 2016 Summer Olympics – Men's 10 kilometre,Marathon swimming,25,23,16 August 2016,1:52:59.8
event_Q65235542,Judo at the 2020 Summer Olympics – Women's 52 kg,Judo,,,25 July 2021,
event_Q65243918,Skateboarding at the 2020 Summer Olympics – Women's park,Skateboarding,20,13,4 August 2021,60.09
event_Q26203840,Athletics at the 2016 Summer Olympics – Men's 110 metres hurdles,Athletics,40,27,15 August 2016 (heats)16 August 2016 (semi-final & final),13.05
event_Q26208447,Athletics at the 2016 Summer Olympics – Men's shot put,Athletics,34,24,18 August 2016,22.52 athletics
event_Q25991453,Swimming at the 2016 Summer Olympics – Men's 200 metre butterfly,Swimming,29,21,8 August 2016 (heats &semifinals)9 August 2016 (final),1:53.36
event_Q62020036,Rowing at the 2020 Summer Olympics – Women's lightweight double sculls,Rowing,36,18,24–29 July 2021,6:47.54
event_Q2001050,Swimming at the 2012 Summer Olympics – Men's 100 metre freestyle,Swimming,56,49,"July 31, 2012 (heats &semifinals)August 1, 2012 (final)",47.52
event_Q62020024,Rowing at the 2020 Summer Olympics – Women's coxless pair,Rowing,26,13,24–29 July 2021,6:50.19
event_Q62020034,Rowing at the 2020 Summer Olympics – Women's eight,Rowing,63,7,24–30 July 2021,5:59.13
event_Q57083855,Badminton at the 2020 Summer Olympics – Men's doubles,Badminton,32,14,24–31 July 2021,
event_Q47295100,Figure skating at the 2018 Winter Olympics – Men's singles,Figure skating,30,21,16–17 February 2018,317.85 points
event_Q1068773,Rowing at the 2012 Summer Olympics – Women's double sculls,Rowing,20,10,30 July – 3 August 2012,6:55.82
event_Q110264107,Bobsleigh at the 2022 Winter Olympics – Two-woman,Bobsleigh,40,12,"18, 19 February 2022",4:03.96
event_Q21858018,Athletics at the 2016 Summer Olympics – Men's marathon,Athletics,155,79,21 August 2016,2:08:44
event_Q22968982,Rowing at the 2016 Summer Olympics – Men's single sculls,Rowing,32,32,6–13 August 2016,6:41.34
event_Q47155505,Biathlon at the 2018 Winter Olympics – Women's relay,Biathlon,72,18,22 February 2018,1:12:03.4
event_Q1772012,Athletics at the 2012 Summer Olympics – Men's 400 metres hurdles,Athletics,49,33,3–6 August,47.63
event_Q1798905,Swimming at the 2012 Summer Olympics – Men's 400 metre individual medley,Swimming,37,29,"July 28, 2012 (heats & final)",4:05.18
event_Q24906828,Diving at the 2016 Summer Olympics – Men's synchronized 3 metre springboard,Diving,16,8,10 August 2016,454.32 points
event_Q942500,Bobsleigh at the 2010 Winter Olympics – Two-woman,Bobsleigh,21,13,23–24 February 2010,3:32.28
event_Q938805,Cycling at the 2008 Summer Olympics – Women's cross-country,Cycling,30,21,"August 23, 2008",1:45:11
event_Q28209,Diving at the 2012 Summer Olympics – Women's 10 metre platform,Diving,26,19,8–9 August,422.30
event_Q25476845,Cycling at the 2016 Summer Olympics – Men's cross-country,Cycling,49,32,21 August,"1h 33' 28"""
event_Q25476835,Cycling at the 2016 Summer Olympics – Women's cross-country,Cycling,29,23,20 August,"1h 30' 15"""
event_Q24995398,Beach volleyball at the 2016 Summer Olympics – Women's tournament,Beach volleyball,48,17,6–17 August 2016,
event_Q1798873,Athletics at the 2012 Summer Olympics – Women's pole vault,Athletics,39,25,4–6 August 2012,4.75 m
event_Q666951,Alpine skiing at the 2010 Winter Olympics – Men's super-G,Alpine skiing,64,28,"February 19, 2010",1:30.34
event_Q25301754,Badminton at the 2016 Summer Olympics – Women's doubles,Badminton,32,14,11–18 August 2016,
event_Q1649415,Athletics at the 2012 Summer Olympics – Men's 200 metres,Athletics,54,40,7–9 August,19.32
event_Q1827915,Athletics at the 2012 Summer Olympics – Women's 100 metres hurdles,Athletics,50,36,6–7 August,12.35 OR
event_Q21858030,Athletics at the 2016 Summer Olympics – Women's marathon,Athletics,157,80,14 August 2016,2:24:04
event_Q25301787,Badminton at the 2016 Summer Olympics – Men's doubles,Badminton,32,14,11–20 August 2016,
event_Q739527,Marathon swimming at the 2008 Summer Olympics – Women's 10 kilometre,Marathon swimming,25,23,"August 20, 2008",1:59:27.7
event_Q47091419,Biathlon at the 2018 Winter Olympics – Women's sprint,Biathlon,87,27,10 February 2018,21:06.2
event_Q15055975,Bobsleigh at the 2014 Winter Olympics – Two-woman,Bobsleigh,38,13,18–19 February 2014,3:50.61
event_Q938130,Judo at the 2012 Summer Olympics – Women's 52 kg,Judo,23,23,29 July 2012,
event_Q247273,Judo at the 2008 Summer Olympics – Women's 70 kg,Judo,22,22,"August 13, 2008",1000
event_Q25396697,Archery at the 2016 Summer Olympics – Women's individual,Archery,64,40,5–11 August 2016,
event_Q47155365,Biathlon at the 2018 Winter Olympics – Women's pursuit,Biathlon,58,24,12 February 2018,30:35.3
event_Q1798983,Athletics at the 2012 Summer Olympics – Men's marathon,Athletics,105,67,12 August,2:08:01
event_Q25397537,Athletics at the 2016 Summer Olympics – Men's 100 metres,Athletics,84,57,13 August 2016 (Preliminary round & heats)14 August 2016 (semi-final & final),9.81
event_Q693595,Athletics at the 2008 Summer Olympics – Men's marathon,Athletics,95,56,August 24,2:06:32 athletics
event_Q843287,Cycling at the 2012 Summer Olympics – Women's individual road race,Cycling,66,36,29 July 2012,3:35:29
event_Q960100,Judo at the 2012 Summer Olympics – Men's 100 kg,Judo,30,30,2 August 2012,
event_Q24825467,Beach volleyball at the 2016 Summer Olympics – Men's tournament,Beach volleyball,48,16,6–18 August 2016,
event_Q2437166,Cycling at the 2012 Summer Olympics – Men's omnium,Cycling,18,18,4 to 5 August,27
event_Q1753402,"Athletics at the 2012 Summer Olympics – Men's 10,000 metres",Athletics,29,18,4 August,27:30.42
event_Q956242,Athletics at the 2012 Summer Olympics – Women's 20 kilometres walk,Athletics,61,33,11 August 2012,1:25:16 athletics
event_Q1345726,Badminton at the 2012 Summer Olympics – Women's singles,Badminton,46,42,28 July to 4 August 2012,
event_Q22968981,Rowing at the 2016 Summer Olympics – Men's lightweight coxless four,Rowing,52,13,6–11 August 2016,6:20.51
event_Q1222270,Rowing at the 2012 Summer Olympics – Women's single sculls,Rowing,28,28,28 July – 4 August 2012,7:54.37
event_Q932145,Judo at the 2012 Summer Olympics – Men's 66 kg,Judo,36,36,29 July 2012,
event_Q22968972,Rowing at the 2016 Summer Olympics – Women's lightweight double sculls,Rowing,40,20,8–12 August 2016,7:04.73
event_Q1005337,Rowing at the 2012 Summer Olympics – Men's single sculls,Rowing,33,33,28 July – 3 August 2012,6:57.82
event_Q1005506,Rowing at the 2012 Summer Olympics – Men's coxless four,Rowing,52,13,30 July – 4 August 2012,6:03.97
event_Q782396,Badminton at the 2008 Summer Olympics – Mixed doubles,Badminton,32,12,12 August to 17 August 2008,
event_Q25476761,Cycling at the 2016 Summer Olympics – Women's BMX,Cycling,16,13,17–19 August 2016,34.093 s
event_Q1337276,Badminton at the 2012 Summer Olympics – Men's doubles,Badminton,32,14,28 July to 5 August 2012,
event_Q25301916,Badminton at the 2016 Summer Olympics – Mixed doubles,Badminton,32,14,11–17 August,
event_Q47105341,Biathlon at the 2018 Winter Olympics – Men's sprint,Biathlon,87,26,11 February 2018,23:38.8
event_Q938833,Cycling at the 2008 Summer Olympics – Men's cross-country,Cycling,50,33,"August 23, 2008",1:55:59
event_Q1986718,Athletics at the 2012 Summer Olympics – Men's javelin throw,Athletics,44,31,8–11 August,84.58
event_Q937510,Diving at the 2012 Summer Olympics – Men's synchronized 3 metre springboard,Diving,16,8,1 August,
event_Q15056097,Freestyle skiing at the 2014 Winter Olympics – Women's halfpipe,Freestyle skiing,23,13,20 February 2014,89.00
event_Q2268451,Marathon swimming at the 2012 Summer Olympics – Men's 10 kilometre,Marathon swimming,25,23,"August 10, 2012",1:49:55.1
event_Q25396702,Archery at the 2016 Summer Olympics – Women's team,Archery,36,12,7 August 2016,
event_Q31850,Boxing at the 2012 Summer Olympics – Men's light welterweight,Boxing,28,28,31 July to 11 August 2012,
event_Q1798882,Athletics at the 2012 Summer Olympics – Women's 400 metres,Athletics,49,40,3–5 August,49.55
event_Q764131,Diving at the 2012 Summer Olympics – Men's 3 metre springboard,Diving,29,17,6–7 August,555.90
event_Q916735,Figure skating at the 2010 Winter Olympics – Women's singles,Figure skating,30,23,23 and 25 February 2010,228.56 points
event_Q937526,Diving at the 2012 Summer Olympics – Men's synchronized 10 metre platform,Diving,16,8,30 July,
event_Q25301472,Badminton at the 2016 Summer Olympics – Men's singles,Badminton,41,37,11–20 August 2016,
event_Q658077,Figure skating at the 2010 Winter Olympics – Pair skating,Figure skating,20,12,14–15 February 2010,216.57 points
event_Q24761058,Cycling at the 2016 Summer Olympics – Women's individual road race,Cycling,68,39,7 August 2016,3:51:27
event_Q22968977,Rowing at the 2016 Summer Olympics – Women's coxless pair,Rowing,30,15,6–11 August 2016,7:18.29
event_Q15056098,Freestyle skiing at the 2014 Winter Olympics – Men's halfpipe,Freestyle skiing,29,13,18 February 2014,92.00
event_Q1005551,Judo at the 2012 Summer Olympics – Men's 73 kg,Judo,34,34,30 July 2012,
event_Q1636766,Athletics at the 2012 Summer Olympics – Men's 400 metres,Athletics,49,38,4–6 August,43.94
event_Q22968980,Rowing at the 2016 Summer Olympics – Men's lightweight double sculls,Rowing,40,20,8–12 August 2016,6:30.70
event_Q25476545,Cycling at the 2016 Summer Olympics – Women's omnium,Cycling,18,18,15–16 August 2016,230
event_Q732985,Freestyle skiing at the 2010 Winter Olympics – Men's ski cross,Freestyle skiing,33,15,21 February,
event_Q843436,Athletics at the 2012 Summer Olympics – Women's heptathlon,Athletics,39,25,3–4 August,6955
event_Q1799251,Athletics at the 2012 Summer Olympics – Women's shot put,Athletics,32,21,6 August,20.70 (originally 21.36)
event_Q22968985,Rowing at the 2016 Summer Olympics – Men's coxless pair,Rowing,26,13,6–11 August 2016,6:59.71
event_Q733756,Athletics at the 2012 Summer Olympics – Women's triple jump,Athletics,35,24,3–5 August,14.98
event_Q15620701,Figure skating at the 2014 Winter Olympics – Ice dance,Figure skating,24,15,16–17 February 2014,195.52 points
event_Q1005683,Rowing at the 2012 Summer Olympics – Men's quadruple sculls,Rowing,52,13,28 July – 3 August 2012,5:42.48
event_Q15620726,Figure skating at the 2014 Winter Olympics – Pair skating,Figure skating,20,12,11–12 February 2014,236.86 points
event_Q15054997,Alpine skiing at the 2014 Winter Olympics – Men's downhill,Alpine skiing,49,24,9 February 2014,2:06.23
event_Q47155425,Biathlon at the 2018 Winter Olympics – Women's individual,Biathlon,87,27,15 February 2018,41:07.2
event_Q22968983,Rowing at the 2016 Summer Olympics – Men's double sculls,Rowing,26,13,6–11 August 2016,6:50.28
event_Q1772017,Athletics at the 2012 Summer Olympics – Women's 100 metres,Athletics,79,67,3–4 August,10.75
event_Q945090,Rowing at the 2012 Summer Olympics – Men's lightweight double sculls,Rowing,40,20,29 July – 4 August 2012,6:37.17
event_Q1798867,Athletics at the 2012 Summer Olympics – Women's 200 metres,Athletics,54,39,6–8 August,21.88
event_Q47155541,Biathlon at the 2018 Winter Olympics – Men's relay,Biathlon,73,19,23 February 2018,1:15:16.5
event_Q22968979,Rowing at the 2016 Summer Olympics – Women's eight,Rowing,56,7,8–13 August 2016,6:01.49
event_Q767351,Rowing at the 2012 Summer Olympics – Men's coxless pair,Rowing,26,13,28 July – 3 August 2012,6:16.65
event_Q1799157,Athletics at the 2012 Summer Olympics – Women's 400 metres hurdles,Athletics,43,35,5–8 August,52.77
event_Q1771958,Athletics at the 2012 Summer Olympics – Women's discus throw,Athletics,36,23,3–4 August,69.11
event_Q1005508,Rowing at the 2012 Summer Olympics – Men's double sculls,Rowing,26,13,28 July – 2 August 2012,6:31.67
event_Q25396694,Archery at the 2016 Summer Olympics – Men's individual,Archery,64,40,5–12 August 2016,
event_Q22968974,Rowing at the 2016 Summer Olympics – Women's double sculls,Rowing,26,13,6–11 August 2016,7:40.10
event_Q22968986,Rowing at the 2016 Summer Olympics – Men's coxless four,Rowing,52,13,8–12 August 2016,5:58.61
event_Q15052026,Biathlon at the 2014 Winter Olympics – Mixed relay,Biathlon,64,16,19 February 2014,1:09:17.0
event_Q15056101,Freestyle skiing at the 2014 Winter Olympics – Women's ski cross,Freestyle skiing,28,12,21 February 2014,
event_Q47155408,Biathlon at the 2018 Winter Olympics – Men's individual,Biathlon,86,26,15 February 2018,48:03.8
event_Q1005554,Judo at the 2012 Summer Olympics – Men's 90 kg,Judo,30,30,1 August 2012,
event_Q947750,Athletics at the 2008 Summer Olympics – Women's 3000 metres steeplechase,Athletics,50,30,15 August 2008 (heats)17 August 2008 (final),8:58.81 athletics
event_Q1005379,Diving at the 2012 Summer Olympics – Men's 10 metre platform,Diving,32,19,10–11 August,568.65 points
event_Q2269155,Cycling at the 2012 Summer Olympics – Women's cross-country,Cycling,30,24,11 August 2012,
event_Q22968973,Rowing at the 2016 Summer Olympics – Women's single sculls,Rowing,32,32,6–13 August 2016,7:21.54
event_Q1005663,Judo at the 2012 Summer Olympics – Men's +100 kg,Judo,32,32,3 August 2012,
event_Q28166,Diving at the 2012 Summer Olympics – Women's synchronized 3 metre springboard,Diving,16,8,29 July,
event_Q143007,Badminton at the 2008 Summer Olympics – Men's doubles,Badminton,32,10,12–16 August 2008,
event_Q1414502,Badminton at the 2012 Summer Olympics – Mixed doubles,Badminton,32,14,28 July to 3 August,
event_Q15055978,Bobsleigh at the 2014 Winter Olympics – Two-man,Bobsleigh,60,20,16–17 February 2014,3:46.05
event_Q734020,Athletics at the 2012 Summer Olympics – Men's 100 metres,Athletics,74,61,4–5 August 2012,9.63 s OR
event_Q25476541,Cycling at the 2016 Summer Olympics – Men's omnium,Cycling,18,18,14–15 August 2016,207
event_Q15620700,Figure skating at the 2014 Winter Olympics – Team event,Figure skating,75,10,6–9 February 2014,75 points
event_Q22968984,Rowing at the 2016 Summer Olympics – Men's quadruple sculls,Rowing,40,10,6–11 August 2016,6:06.81
event_Q1004931,Marathon swimming at the 2008 Summer Olympics – Men's 10 kilometre,Marathon swimming,25,24,"August 21, 2008",1:51:51.6
event_Q15292539,Figure skating at the 2014 Winter Olympics – Men's singles,Figure skating,30,21,13–14 February 2014,280.09 points
event_Q47155467,Biathlon at the 2018 Winter Olympics – Women's mass start,Biathlon,30,13,17 February 2018,35:23.0
event_Q1754221,Synchronized swimming at the 2012 Summer Olympics – Women's duet,Synchronized swimming,48,24,5–7 August,197.100
event_Q779173,Judo at the 2012 Summer Olympics – Women's 70 kg,Judo,22,22,1 August 2012,
event_Q225969,Biathlon at the 2010 Winter Olympics – Men's pursuit,Biathlon,60,24,"February 16, 2010",33:38.4
event_Q23747965,Tennis at the 2016 Summer Olympics – Men's singles,Tennis,64,34,6–14 August 2016,
event_Q427022,Rowing at the 2012 Summer Olympics – Women's coxless pair,Rowing,20,10,28 July – 1 August 2012,7:27.13
event_Q765839,Athletics at the 2012 Summer Olympics – Men's discus throw,Athletics,41,24,6–7 August,68.27
event_Q25301483,Badminton at the 2016 Summer Olympics – Women's singles,Badminton,40,35,11–19 August,
event_Q14643120,Biathlon at the 2014 Winter Olympics – Men's pursuit,Biathlon,59,21,10 February 2014,33:48.6
event_Q841530,Athletics at the 2012 Summer Olympics – Men's hammer throw,Athletics,41,32,3–5 August,80.59
event_Q22968976,Rowing at the 2016 Summer Olympics – Women's quadruple sculls,Rowing,28,7,6–11 August 2016,6:49:39
event_Q832282,Alpine skiing at the 2010 Winter Olympics – Men's downhill,Alpine skiing,64,28,"February 15, 2010",1:54.31
event_Q918063,Beach volleyball at the 2012 Summer Olympics – Men's tournament,Beach volleyball,48,19,28 July – 9 August,
event_Q15056102,Freestyle skiing at the 2014 Winter Olympics – Men's ski cross,Freestyle skiing,31,13,20 February 2014,
event_Q47155371,Biathlon at the 2018 Winter Olympics – Men's pursuit,Biathlon,60,25,12 February 2018,32:51.7
event_Q769542,Figure skating at the 2010 Winter Olympics – Men's singles,Figure skating,30,20,16 and 18 February 2010,257.67 points
event_Q1464256,Badminton at the 2012 Summer Olympics – Women's doubles,Badminton,32,13,28 July to 4 August 2012,
event_Q28163,Diving at the 2012 Summer Olympics – Women's 3 metre springboard,Diving,30,17,3–5 August,
event_Q1222420,Rowing at the 2012 Summer Olympics – Women's lightweight double sculls,Rowing,34,17,29 July – 4 August 2012,7:09.30
event_Q15056279,Skeleton at the 2014 Winter Olympics – Men's,Skeleton,27,16,14–15 February 2014,3:44.29
event_Q26237421,Shooting at the 2016 Summer Olympics – Men's 50 metre pistol,Shooting,41,29,10 August 2016,193.7 shooting
event_Q26242954,Sailing at the 2016 Summer Olympics – Laser,Sailing,46,46,8–16 August 2016,73.0 points
event_Q26237420,Shooting at the 2016 Summer Olympics – Men's 50 metre rifle prone,Shooting,47,31,12 August 2016,209.5 shooting
event_Q26237423,Shooting at the 2016 Summer Olympics – Men's double trap,Shooting,22,15,10 August 2016,26/30 (in the gold medal match)
event_Q26237427,Shooting at the 2016 Summer Olympics – Women's skeet,Shooting,21,17,12 August 2016,15/16 (in the gold medal match)
event_Q26245392,Gymnastics at the 2016 Summer Olympics – Women's artistic team all-around,Gymnastics,40,8,9 August 2016,184.897 points
event_Q26254891,Sailing at the 2016 Summer Olympics – Women's RS:X,Sailing,26,26,8–14 August 2016,64 points
event_Q26250761,Sailing at the 2016 Summer Olympics – Men's RS:X,Sailing,36,36,8–14 August,25.0 points
event_Q26235041,Shooting at the 2016 Summer Olympics – Women's 25 metre pistol,Shooting,40,30,9 August 2016,8 points (in the gold medal match)
event_Q26237425,Shooting at the 2016 Summer Olympics – Men's skeet,Shooting,32,23,12–13 August 2016,16/16 (in the gold medal match)
event_Q26241858,Sailing at the 2016 Summer Olympics – Laser Radial,Sailing,37,37,8–16 August 2016,61 points
event_Q26237636,Swimming at the 2016 Summer Olympics – Women's 200 metre individual medley,Swimming,40,27,8 August 2016 (heats &semifinals)9 August 2016 (final),2:06.58 swimming
event_Q26254912,Gymnastics at the 2016 Summer Olympics – Women's rhythmic individual all-around,Gymnastics,26,24,19 August 2016 (qualification)20 August 2016 (final),76.483 points
event_Q26271841,Wrestling at the 2016 Summer Olympics – Men's Greco-Roman 98 kg,Wrestling,19,19,16 August 2016,
event_Q26265496,Gymnastics at the 2016 Summer Olympics – Women's floor,Gymnastics,14,8,16 August 2016,15.966
event_Q26262259,Sailing at the 2016 Summer Olympics – 49er,Sailing,40,20,12–18 August,35 points
event_Q26269194,Canoeing at the 2016 Summer Olympics – Men's C-1 1000 metres,Canoeing,19,19,15–16 August 2016,3:56.926
event_Q26263222,Wrestling at the 2016 Summer Olympics – Men's Greco-Roman 75 kg,Wrestling,20,20,14 August 2016,
event_Q26262262,Sailing at the 2016 Summer Olympics – Nacra 17,Sailing,40,20,10–16 August,77 points
event_Q26262295,Sailing at the 2016 Summer Olympics – Finn,Sailing,23,23,9–16 August 2016,36.0 points
event_Q26268459,Wrestling at the 2016 Summer Olympics – Men's Greco-Roman 130 kg,Wrestling,19,19,15 August 2016,
event_Q26265678,Gymnastics at the 2016 Summer Olympics – Women's rhythmic group all-around,Gymnastics,70,14,20 August 2016 (qualification)21 August 2016 (final),36.233 points
event_Q26260943,Cycling at the 2016 Summer Olympics – Men's team pursuit,Cycling,40,9,11–12 August 2016,"3:50.265 WR, OR"
event_Q26269219,Canoeing at the 2016 Summer Olympics – Women's K-2 500 metres,Canoeing,30,15,15–16 August 2016,1:43.687
event_Q26263261,Sailing at the 2016 Summer Olympics – Men's 470,Sailing,52,26,10–17 August,43 points
event_Q26256610,Synchronized swimming at the 2016 Summer Olympics – Women's duet,Synchronized swimming,48,24,14−16 August,194.9910 points
event_Q26269232,Canoeing at the 2016 Summer Olympics – Women's K-1 200 metres,Canoeing,28,28,15–16 August 2016,39.864
event_Q26256651,Synchronized swimming at the 2016 Summer Olympics – Women's team,Synchronized swimming,64,8,18–19 August 2016,196.1439 points
event_Q26271817,Wrestling at the 2016 Summer Olympics – Men's Greco-Roman 66 kg,Wrestling,18,18,16 August 2016,
event_Q26265754,Sailing at the 2016 Summer Olympics – Women's 470,Sailing,40,20,10–17 August,44 points
event_Q26262261,Sailing at the 2016 Summer Olympics – 49er FX,Sailing,40,20,12–18 August,48 points
event_Q26268456,Wrestling at the 2016 Summer Olympics – Men's Greco-Roman 85 kg,Wrestling,21,21,15 August 2016,
event_Q2732034,Rowing at the 2008 Summer Olympics – Men's lightweight double sculls,Rowing,,,,
event_Q26389812,Equestrian at the 2016 Summer Olympics – Individual jumping,Equestrian,74,27,14–19 August 2016,"0 penalties, 42.82 s in the jump off"
event_Q2718015,Cycling at the 2012 Summer Olympics – Men's sprint,Cycling,17,17,4 to 6 August,
event_Q26419091,Wrestling at the 2016 Summer Olympics – Men's freestyle 97 kg,Wrestling,19,19,21 August 2016,
event_Q26308744,Canoeing at the 2016 Summer Olympics – Men's C-2 1000 metres,Canoeing,22,11,19–20 August 2016,3:43.912
event_Q26406504,Modern pentathlon at the 2016 Summer Olympics – Women's,Modern pentathlon,36,26,18–19 August 2016,1372 OR
event_Q2648878,Canoeing at the 2012 Summer Olympics – Men's K-1 1000 metres,Canoeing,22,22,6 to 8 August,3:26.462
event_Q26404105,Wrestling at the 2016 Summer Olympics – Men's freestyle 86 kg,Wrestling,19,19,20 August 2016,
event_Q2726820,Fencing at the 2008 Summer Olympics – Women's team foil,Fencing,29,8,16 August 2008,
event_Q26334986,Canoeing at the 2016 Summer Olympics – Men's K-1 200 metres,Canoeing,22,22,19–20 August 2016,35.197
event_Q2726788,Fencing at the 2008 Summer Olympics – Men's team sabre,Fencing,25,8,17 August 2008,
event_Q26334232,Canoeing at the 2016 Summer Olympics – Women's K-1 500 metres,Canoeing,27,27,17–18 August,1:52.494
event_Q26305911,Canoeing at the 2016 Summer Olympics – Men's K-2 200 metres,Canoeing,26,13,17–18 August 2016,32.075
event_Q26320658,Wrestling at the 2016 Summer Olympics – Women's freestyle 53 kg,Wrestling,19,19,18 August 2016,
event_Q2726746,Fencing at the 2008 Summer Olympics – Women's foil,Fencing,41,24,11 August 2008,
event_Q26308566,Equestrian at the 2016 Summer Olympics – Team jumping,Equestrian,75,15,14–17 August 2016,
event_Q269521,Weightlifting at the 2008 Summer Olympics – Women's 48 kg,Weightlifting,14,11,9 August 2008,
event_Q26404138,Wrestling at the 2016 Summer Olympics – Men's freestyle 125 kg,Wrestling,20,20,20 August 2016,
event_Q26406514,Modern pentathlon at the 2016 Summer Olympics – Men's,Modern pentathlon,36,25,18–20 August 2016,1479 points OR
event_Q26328066,Wrestling at the 2016 Summer Olympics – Women's freestyle 75 kg,Wrestling,18,18,18 August 2016,
event_Q26334713,Diving at the 2016 Summer Olympics – Women's 10 metre platform,Diving,28,19,17–18 August 2016,439.25 points
event_Q2726750,Fencing at the 2008 Summer Olympics – Men's team épée,Fencing,32,9,15 August 2008,
event_Q263926,Snowboarding at the 2010 Winter Olympics – Women's halfpipe,Snowboarding,30,14,"February 18, 2010",45.0
event_Q26339635,Wrestling at the 2016 Summer Olympics – Men's freestyle 74 kg,Wrestling,20,20,19 August 2016,
event_Q26334907,Canoeing at the 2016 Summer Olympics – Men's K-4 1000 metres,Canoeing,56,14,19–20 August 2016,3:02.143
event_Q2687405,Sailing at the 2012 Summer Olympics – Laser,Sailing,49,49,30 July – 6 August,
event_Q2634280,Sailing at the 2008 Summer Olympics – Yngling,Sailing,45,15,First race: 2008-08-09Last race: 2008-08-17,
event_Q2715839,Weightlifting at the 2012 Summer Olympics – Men's 69 kg,Weightlifting,24,18,31 July 2012,
event_Q26280676,Wrestling at the 2016 Summer Olympics – Women's freestyle 69 kg,Wrestling,18,18,17 August 2016,
event_Q26294065,Wrestling at the 2016 Summer Olympics – Women's freestyle 48 kg,Wrestling,18,18,17 August 2016,
event_Q26339577,Wrestling at the 2016 Summer Olympics – Men's freestyle 57 kg,Wrestling,20,20,19 August 2016,
event_Q2732321,Rowing at the 2008 Summer Olympics – Women's lightweight double sculls,Rowing,,,,
event_Q2731531,Rowing at the 2008 Summer Olympics – Men's quadruple sculls,Rowing,,,,
event_Q2731998,Rowing at the 2008 Summer Olympics – Men's lightweight coxless four,Rowing,,,,
event_Q26294109,Wrestling at the 2016 Summer Olympics – Women's freestyle 58 kg,Wrestling,20,20,17 August 2016,
event_Q2718019,Cycling at the 2012 Summer Olympics – Women's sprint,Cycling,18,18,5 to 7 August,11.218/11.348
event_Q26333692,Canoeing at the 2016 Summer Olympics – Men's C-1 200 metres,Canoeing,25,25,17–18 August,39.279
event_Q26401684,Triathlon at the 2016 Summer Olympics – Women's,Triathlon,55,31,20 August 2016,1:56:16
event_Q26419030,Wrestling at the 2016 Summer Olympics – Men's freestyle 65 kg,Wrestling,21,21,21 August 2016,
event_Q26335055,Canoeing at the 2016 Summer Olympics – Women's K-4 500 metres,Canoeing,56,14,19–20 August 2016,1:34.482
event_Q26234091,Athletics at the 2016 Summer Olympics – Women's discus throw,Athletics,34,23,15–16 August 2016,69.21 m
event_Q26328052,Wrestling at the 2016 Summer Olympics – Women's freestyle 63 kg,Wrestling,19,19,18 August 2016,
event_Q2732386,Sailing at the 2008 Summer Olympics – Laser,Sailing,43,43,First race: 2008-08-12Last race: 2008-08-19,
event_Q26233790,Gymnastics at the 2016 Summer Olympics – Men's floor,Gymnastics,12,8,14 August 2016,15.633
event_Q26233786,Gymnastics at the 2016 Summer Olympics – Men's artistic individual all-around,Gymnastics,49,31,6–10 August 2016,92.365 points
event_Q26233793,Gymnastics at the 2016 Summer Olympics – Men's rings,Gymnastics,70,34,6 August (qualifying)15 August (final),16.000
event_Q26233796,Gymnastics at the 2016 Summer Olympics – Women's balance beam,Gymnastics,13,9,15 August 2016,15.466
event_Q26233794,Gymnastics at the 2016 Summer Olympics – Men's parallel bars,Gymnastics,67,33,6 August (qualifying)16 August 2016 (final),16.041
event_Q26233798,Gymnastics at the 2016 Summer Olympics – Women's vault,Gymnastics,8,8,14 August 2016,15.966
event_Q288549,Athletics at the 2008 Summer Olympics – Women's javelin throw,Athletics,54,40,19 August 2008 (qualification)21 August 2008 (final),71.42
event_Q305439,Wrestling at the 2012 Summer Olympics – Men's Greco-Roman 84 kg,Wrestling,20,20,6 August 2012,
event_Q3039134,Sailing at the 2012 Summer Olympics – Women's RS:X,Sailing,27,27,31 July – 7 August,
event_Q303268,Nordic combined at the 2010 Winter Olympics – Individual normal hill/10 km,Nordic combined,45,14,14 February 2010,25:47.1
event_Q26233791,Gymnastics at the 2016 Summer Olympics – Men's pommel horse,Gymnastics,71,36,6 August (qualifying)14 August 2016 (final),15.966
event_Q26233478,Shooting at the 2016 Summer Olympics – Men's trap,Shooting,33,24,7–8 August 2016,13/15 (in the gold medal match)
event_Q2936542,Canoeing at the 2012 Summer Olympics – Men's K-2 200 metres,Canoeing,28,14,10 to 11 August,33.507
event_Q2740554,Weightlifting at the 2012 Summer Olympics – Men's 77 kg,Weightlifting,12,11,1 August 2012,
event_Q26233783,Gymnastics at the 2016 Summer Olympics – Men's artistic team all-around,Gymnastics,40,8,8 August 2016,274.094 points
event_Q26233795,Gymnastics at the 2016 Summer Olympics – Men's horizontal bar,Gymnastics,71,34,6 August (qualifying)16 August (final),15.766
event_Q3082335,Equestrian at the 2012 Summer Olympics – Team dressage,Equestrian,30,10,2–7 August 2012,
event_Q305171,Swimming at the 2012 Summer Olympics – Women's 100 metre butterfly,Swimming,42,37,"July 28, 2012 (heats & semifinals)July 29, 2012 (final)",55.98 swimming
event_Q26233789,Gymnastics at the 2016 Summer Olympics – Men's vault,Gymnastics,17,14,6 August (qualifying)15 August (final),15.691
event_Q26233797,Gymnastics at the 2016 Summer Olympics – Women's uneven bars,Gymnastics,12,7,14 August 2016,15.900
event_Q326382,Boxing at the 2012 Summer Olympics – Men's super heavyweight,Boxing,16,16,1–12 August 2012,
event_Q26228283,Shooting at the 2016 Summer Olympics – Women's trap,Shooting,21,17,7 August 2016,12/15 (in the gold medal match)
event_Q1043354,Athletics at the 2008 Summer Olympics – Women's 800 metres,Athletics,40,33,15 August 2008 (heats)16 August 2008 (semi-finals)18 August 2008 (final),1:54.87
event_Q1042705,Canoeing at the 2012 Summer Olympics – Women's K-4 500 metres,Canoeing,44,11,6 to 8 August,1:30.827
event_Q26212366,Table tennis at the 2016 Summer Olympics – Men's singles,Table tennis,70,46,6–11 August 2016,
event_Q26212190,Weightlifting at the 2016 Summer Olympics – Women's 69 kg,Weightlifting,17,16,10 August 2016,261 kg
event_Q1043361,Athletics at the 2008 Summer Olympics – Women's 100 metres hurdles,Athletics,40,31,17 August 2008 (heats)18 August 2008 (semi-finals)19 August 2008 (final),12.54 s
event_Q1043405,Swimming at the 2012 Summer Olympics – Men's 400 metre freestyle,Swimming,28,23,"July 28, 2012 (heats & final)",3:40.14 swimming
event_Q348720,Boxing at the 2012 Summer Olympics – Men's light heavyweight,Boxing,26,26,30 July to 12 August 2012,
event_Q1043347,Athletics at the 2008 Summer Olympics – Women's 5000 metres,Athletics,32,20,19 August 2008 (heats)22 August 2008 (final),15:41.40
event_Q3513763,Taekwondo at the 2012 Summer Olympics – Women's 49 kg,Taekwondo,16,16,8 August,
event_Q348714,Boxing at the 2012 Summer Olympics – Men's welterweight,Boxing,28,28,29 July to 12 August 2012,
event_Q26220718,Shooting at the 2016 Summer Olympics – Women's 10 metre air pistol,Shooting,44,33,7 August 2016,199.4 swimming
event_Q1005771,Triathlon at the 2008 Summer Olympics – Men's,Triathlon,55,31,19 August,1:48:53.28
event_Q26219852,Taekwondo at the 2016 Summer Olympics – Men's +80 kg,Taekwondo,16,16,20 August 2016,
event_Q1064571,Cycling at the 2008 Summer Olympics – Women's sprint,Cycling,12,11,August 17 (preliminaries—1st round)August 18 (quarterfinals—final),11.363/11.118
event_Q26212275,Canoeing at the 2016 Summer Olympics – Men's slalom C-1,Canoeing,19,19,7–9 August 2016,94.17 s
event_Q26212310,Weightlifting at the 2016 Summer Olympics – Women's +75 kg,Weightlifting,16,14,14 August 2016,307 kg
event_Q26219853,Taekwondo at the 2016 Summer Olympics – Women's 57 kg,Taekwondo,16,16,18 August 2016,
event_Q1064381,Cycling at the 2008 Summer Olympics – Women's BMX,Cycling,16,13,"August 20, 2008 (seeding)August 22, 2008 (semifinals and final)",35.976
event_Q334901,Shooting at the 2012 Summer Olympics – Men's 50 metre rifle three positions,Shooting,41,28,6 August 2012,1278.5
event_Q332673,Boxing at the 2012 Summer Olympics – Men's flyweight,Boxing,26,26,30 July to 12 August 2012,
event_Q1005722,Shooting at the 2008 Summer Olympics – Men's 50 metre rifle prone,Shooting,56,36,"August 15, 2008",702.7
event_Q1042441,Synchronized swimming at the 2008 Summer Olympics – Women's duet,Synchronized swimming,48,24,18–20 August 2008,99.251
event_Q26219865,Equestrian at the 2016 Summer Olympics – Team dressage,Equestrian,36,9,10–12 August 2016,81.936%
event_Q1064410,Snowboarding at the 2010 Winter Olympics – Women's parallel giant slalom,Snowboarding,30,16,"February 26, 2010",
event_Q26219855,Taekwondo at the 2016 Summer Olympics – Women's +67 kg,Taekwondo,16,16,20 August 2016,
event_Q1051974,Fencing at the 2008 Summer Olympics – Women's épée,Fencing,25,20,13 August 2008,
event_Q26212177,Weightlifting at the 2016 Summer Olympics – Women's 63 kg,Weightlifting,14,14,9 August 2016,262 kg Olympic weightlifting
event_Q26213159,Canoeing at the 2016 Summer Olympics – Women's slalom K-1,Canoeing,21,21,8–11 August 2016,98.65 s
event_Q368950,Sailing at the 2008 Summer Olympics – Tornado,Sailing,30,15,First race: 2008-08-15Last race: 2008-08-21,
event_Q1005719,Shooting at the 2008 Summer Olympics – Men's skeet,Shooting,41,30,"August 15, 2008August 16, 2008",145 (OR)
event_Q1750589,Weightlifting at the 2004 Summer Olympics – Men's 77 kg,Weightlifting,25,22,19 August 2004,
event_Q25991462,Swimming at the 2016 Summer Olympics – Women's 200 metre breaststroke,Swimming,30,22,10 August 2016 (heats &semifinals)11 August 2016 (final),2:20.30
event_Q1077323,Cycling at the 2008 Summer Olympics – Women's points race,Cycling,22,22,August 18,
event_Q497491,Sailing at the 2012 Summer Olympics – Women's 470,Sailing,40,20,3–10 August,
event_Q1565131,Badminton at the 2004 Summer Olympics – Men's doubles,Badminton,22,14,14–20 August 2004,
event_Q2171151,Wrestling at the 2012 Summer Olympics – Men's Greco-Roman 66 kg,Wrestling,19,19,7 August 2012,
event_Q107861717,Biathlon at the 2022 Winter Olympics – Men's mass start,Biathlon,30,13,18 February 2022,38:14.4
event_Q544177,Athletics at the 2008 Summer Olympics – Men's 3000 metres steeplechase,Athletics,40,27,August 16 (heats)August 18 (final),
event_Q539696,Canoeing at the 2012 Summer Olympics – Men's K-4 1000 metres,Canoeing,40,10,7 to 9 August,2:55.085
event_Q26218171,Shooting at the 2016 Summer Olympics – Women's 10 metre air rifle,Shooting,51,37,6 August 2016,208.0 shooting
event_Q656724,Nordic combined at the 2010 Winter Olympics – Team large hill/4 × 5 km,Nordic combined,40,10,23 February 2010,Team jump: 479.9Ski time: 48:55.6Final time: 49:31.6
event_Q7372006,Rowing at the 2000 Summer Olympics – Men's single sculls,Rowing,24,24,17–23 September 2000,6:48.90
event_Q370708,Wrestling at the 2008 Summer Olympics – Women's freestyle 55 kg,Wrestling,16,16,16 August 2008,
event_Q2570052,Fencing at the 2008 Summer Olympics – Men's épée,Fencing,41000000,23,10 August 2008,
event_Q7400301,Sailing at the 1988 Summer Olympics – Star,Sailing,43,21,20–27 September,
event_Q2070431,Boxing at the 2012 Summer Olympics – Women's middleweight,Boxing,12,12,5 to 9 August 2012,
event_Q1573389,Cycling at the 1992 Summer Olympics – Women's individual road race,Cycling,57,26,26 July,2:04:42
event_Q2563908,Sailing at the 2008 Summer Olympics – Star,Sailing,32,16,First race: 2008-08-15Last race: 2008-08-21,
event_Q18391270,Rowing at the 1988 Summer Olympics – Men's single sculls,Rowing,22,22,19–24 September 1988,6:58.65
event_Q22964432,Rowing at the 1992 Summer Olympics – Women's double sculls,Rowing,26,13,27 July – 1 August 1992,
event_Q25991452,Swimming at the 2016 Summer Olympics – Men's 100 metre butterfly,Swimming,43,32,11 August 2016 (heats &semifinals)12 August 2016 (final),50.39 swimming
event_Q7400304,Sailing at the 1992 Summer Olympics – Flying Dutchman,Sailing,46,23,27 July to 2 August,
event_Q7372003,Rowing at the 2000 Summer Olympics – Men's quadruple sculls,Rowing,52,13,17–23 September 2000,5:45.56
event_Q1439757,Athletics at the 1988 Summer Olympics – Women's 100 metres,Athletics,64,41,"24 September 1988 (heats, quarter-finals)25 September 1988 (semi-finals, final)",10.54
event_Q1573400,Cycling at the 1988 Summer Olympics – Women's individual road race,Cycling,53,23,26 September,2:00.52
event_Q526367,Canoeing at the 2012 Summer Olympics – Men's C-1 1000 metres,Canoeing,17,17,6 to 8 August,3:47.176
event_Q1066796,Taekwondo at the 2008 Summer Olympics – Women's 57 kg,Taekwondo,16,16,21 August 2008,
event_Q25932069,Swimming at the 2016 Summer Olympics – Women's 200 metre freestyle,Swimming,43,28,8 August 2016 (heats &semifinals)9 August 2016 (final),1:53.73
event_Q602540,Swimming at the 2008 Summer Olympics – Women's 800 metre freestyle,Swimming,36,29,"August 14, 2008 (heats)August 16, 2008 (final)",8:14.10 swimming
event_Q25863642,Swimming at the 2016 Summer Olympics – Women's 50 metre freestyle,Swimming,91,76,12 August 2016 (heats &semifinals)13 August 2016 (final),24.07
event_Q2570149,Fencing at the 2008 Summer Olympics – Men's sabre,Fencing,40,21,12 August 2008,
event_Q47309900,Short-track speed skating at the 2018 Winter Olympics – Men's 1500 metres,Short-track speed skating,37,18,10 February 2018,2:10.485
event_Q22964430,Rowing at the 1988 Summer Olympics – Men's coxless pair,Rowing,37,18,19–24 September 1988,
event_Q1560063,Badminton at the 2000 Summer Olympics – Men's singles,Badminton,35,22,17 – 23 September 2000,
event_Q7400296,Sailing at the 1988 Summer Olympics – Men's 470,Sailing,58,29,20–27 September,
event_Q7372011,Rowing at the 2000 Summer Olympics – Women's lightweight double sculls,Rowing,36,18,18–24 September 2000,7:02.64
event_Q26212154,Boxing at the 2016 Summer Olympics – Men's middleweight,Boxing,28,28,8–20 August 2016,
event_Q2070029,Swimming at the 2012 Summer Olympics – Women's 50 metre freestyle,Swimming,73,64,"August 3, 2012 (heats &semifinals)August 4, 2012 (final)",24.05 swimming
event_Q17063531,Swimming at the 1988 Summer Olympics – Women's 100 metre backstroke,Swimming,41,30,22 September 1988 (heats & finals),1:00.89
event_Q47309816,Short-track speed skating at the 2018 Winter Olympics – Men's 500 metres,Short-track speed skating,33,16,"20 February 2018 (heats)22 February 2018 (quarterfinals, semifinals, finals)",39.584
event_Q26155833,Golf at the 2016 Summer Olympics – Men's individual,Golf,60,34,11–14 August 2016,268 (−16)
event_Q522820,Weightlifting at the 2008 Summer Olympics – Men's 62 kg,Weightlifting,17,15,11 August 2008,
event_Q26212159,Judo at the 2016 Summer Olympics – Men's 60 kg,Judo,35,35,6 August 2016,
event_Q2070048,Boxing at the 2012 Summer Olympics – Women's lightweight,Boxing,12,12,5 to 9 August 2012,
event_Q2071238,Canoeing at the 2012 Summer Olympics – Men's slalom C-1,Canoeing,17,17,29 July – 31 July,97.06
event_Q107802331,Biathlon at the 2022 Winter Olympics – Mixed relay,Biathlon,80,20,5 February 2022,1:06:45.6
event_Q1067796,Swimming at the 2012 Summer Olympics – Men's 1500 metre freestyle,Swimming,31,25,"August 3, 2012 (heats)August 4, 2012 (final)",14:31.02 swimming
event_Q26212148,Weightlifting at the 2016 Summer Olympics – Men's 69 kg,Weightlifting,21,19,9 August 2016,352 kg
event_Q2022105,Badminton at the 1996 Summer Olympics – Women's singles,Badminton,48,31,24 July – 1 August 1996,
event_Q603505,Swimming at the 2008 Summer Olympics – Women's 200 metre butterfly,Swimming,36,28,"August 12, 2008 (heats)August 13, 2008 (semifinals)August 14, 2008 (final)",2:04.18 swimming
event_Q2566720,Sailing at the 2008 Summer Olympics – 49er,Sailing,38,19,First race: 2008-08-09Last race: 2008-08-17,
event_Q526698,Swimming at the 2008 Summer Olympics – Men's 200 metre backstroke,Swimming,40,31,"August 13, 2008 (heats)August 14, 2008 (semifinals)August 15, 2008 (final)",1:53.94 swimming
event_Q1997551,Weightlifting at the 2012 Summer Olympics – Men's 56 kg,Weightlifting,18,15,29 July 2012,
event_Q383513,Biathlon at the 2010 Winter Olympics – Women's sprint,Biathlon,89,31,13 February 2010,19:55.6
event_Q2026292,Swimming at the 2012 Summer Olympics – Women's 100 metre freestyle,Swimming,50,44,"1 August 1, 2012 (heats &semifinals)2 August 2012 (final)",53.00 swimming
event_Q1192124,Weightlifting at the 2008 Summer Olympics – Women's 58 kg,Weightlifting,12,11,11 August 2008,
event_Q1856784,Cycling at the 2000 Summer Olympics – Men's cross-country,Cycling,49,26,24 September,2:09:02
event_Q508776,Weightlifting at the 2008 Summer Olympics – Men's 85 kg,Weightlifting,21,19,15 August 2008,
event_Q65242336,Tennis at the 2020 Summer Olympics – Women's singles,Tennis,64,35,24–31 July 2021,
event_Q26212150,Weightlifting at the 2016 Summer Olympics – Men's 56 kg,Weightlifting,19,17,7 August 2016,307 kg WR
event_Q2065523,Cycling at the 2004 Summer Olympics – Women's individual road race,Cycling,67,27,15 August 2004,3:24:24
event_Q580474,Cycling at the 2012 Summer Olympics – Men's keirin,Cycling,18,18,7 August,
event_Q578012,Ski jumping at the 2010 Winter Olympics – Normal hill individual,Ski jumping,61,18,12–13 February 2010,276.5
event_Q1444605,Athletics at the 1992 Summer Olympics – Women's marathon,Athletics,47,31,August 1,2:32:41
event_Q2071266,Swimming at the 2012 Summer Olympics – Women's 200 metre butterfly,Swimming,28,21,"July 31, 2012 (heats &semifinals)August 1, 2012 (final)",2:04.06 swimming
event_Q17033536,Shooting at the 1996 Summer Olympics – Men's skeet,Shooting,54,34,26 July 1996,149 (OR)
event_Q379473,Short-track speed skating at the 2010 Winter Olympics – Men's 500 metres,Short-track speed skating,32,16,"February 24, 2010 (qualifying heats) February 26, 2010 (quarterfinal, semifinal, and final)",40.981
event_Q727674,Swimming at the 2004 Summer Olympics – Women's 200 metre breaststroke,Swimming,33,28,"August 18, 2004 (heats & semifinals)August 19, 2004 (final)",2:23.37 swimming
event_Q15056263,Boxing at the 2004 Summer Olympics – Bantamweight,Boxing,27,27,17–29 August 2004,
event_Q7400300,Sailing at the 1988 Summer Olympics – Flying Dutchman,Sailing,44,22,20–27 September,
event_Q65242164,Athletics at the 2020 Summer Olympics – Women's heptathlon,Athletics,24,17,4 August 20215 August 2021,6791
event_Q734628,Snowboarding at the 2002 Winter Olympics – Men's parallel giant slalom,Snowboarding,32,10,14–15 February 2002,
event_Q26212147,Weightlifting at the 2016 Summer Olympics – Men's 77 kg,Weightlifting,13,13,10 August 2016,379 kg
event_Q2212666,Cycling at the 2004 Summer Olympics – Men's cross-country,Cycling,49,32,28 August,2:15:02
event_Q609985,Cycling at the 2008 Summer Olympics – Women's road time trial,Cycling,25,17,13 August 2008,34:51.72
event_Q727687,Swimming at the 2004 Summer Olympics – Men's 100 metre freestyle,Swimming,69,62,"August 17, 2004 (heats &semifinals)August 18, 2004 (final)",48.17
event_Q107802335,Biathlon at the 2022 Winter Olympics – Men's individual,Biathlon,92,28,8 February 2022,48:47.4
event_Q2133123,Cycling at the 2000 Summer Olympics – Women's individual road race,Cycling,57,23,26 September,3:06:31
event_Q26218913,Equestrian at the 2016 Summer Olympics – Individual dressage,Equestrian,60,25,10–15 August 2016,93.857%
event_Q22964428,Rowing at the 1988 Summer Olympics – Men's quadruple sculls,Rowing,52,13,20–25 September 1988,
event_Q22964421,Rowing at the 1988 Summer Olympics – Women's quadruple sculls,Rowing,41,10,20–25 September 1988,
event_Q22964427,Rowing at the 1988 Summer Olympics – Men's coxless four,Rowing,61,15,20–25 September 1988,
event_Q635304,Cycling at the 2008 Summer Olympics – Men's team pursuit,Cycling,44,10,August 17 (opening rounds)August 18 (final),3:53.314 track cycling
event_Q25927636,Swimming at the 2016 Summer Olympics – Men's 400 metre freestyle,Swimming,50,39,6 August 2016 (heats & final),3:41.55
event_Q25991454,Swimming at the 2016 Summer Olympics – Men's 200 metre individual medley,Swimming,30,23,10 August 2016 (heats &semifinals)11 August 2016 (final),1:54.66
event_Q7372004,Rowing at the 2000 Summer Olympics – Women's coxless pair,Rowing,20,10,17–23 September 2000,7:11.00
event_Q684586,Athletics at the 2000 Summer Olympics – Men's 110 metres hurdles,Athletics,44,31,24 & 25 September,13.00
event_Q25932068,Swimming at the 2016 Summer Olympics – Women's 400 metre freestyle,Swimming,32,25,7 August 2016,3:56.46 swimming
event_Q22964424,Rowing at the 1988 Summer Olympics – Women's eight,Rowing,63,7,20–25 September 1988,
event_Q1184283,Equestrian at the 2008 Summer Olympics – Individual eventing,Equestrian,74,,9–12 August,
event_Q1067970,Taekwondo at the 2008 Summer Olympics – Women's +67 kg,Taekwondo,16,16,23 August 2008,
event_Q26208276,Boxing at the 2016 Summer Olympics – Men's lightweight,Boxing,28,28,6–16 August 2016,
event_Q26218605,Boxing at the 2016 Summer Olympics – Women's middleweight,Boxing,12,12,14–21 August 2016,
event_Q17018014,Cycling at the 1996 Summer Olympics – Men's track time trial,Cycling,20,20,24 July,1:02.712 track cycling
event_Q65235550,Judo at the 2020 Summer Olympics – Women's 57 kg,Judo,,,26 July 2021,
event_Q7400311,Sailing at the 1992 Summer Olympics – Men's 470,Sailing,74,37,27 July to 3 August,
event_Q1095367,Weightlifting at the 2008 Summer Olympics – Women's 69 kg,Weightlifting,10,9,13 August 2008,
event_Q574129,Badminton at the 2008 Summer Olympics – Women's singles,Badminton,47,42,9 August to 16 August 2008,
event_Q7372002,Rowing at the 2000 Summer Olympics – Men's lightweight double sculls,Rowing,38,19,18–24 September 2000,6:21.75
event_Q22964423,Rowing at the 1988 Summer Olympics – Women's coxless pair,Rowing,20,10,19–24 September 1988,7:28.13
event_Q26217722,Table tennis at the 2016 Summer Olympics – Men's team,Table tennis,48,16,12–17 August 2016,
event_Q1194001,Swimming at the 2008 Summer Olympics – Women's 400 metre freestyle,Swimming,42,35,"August 10, 2008 (heats)August 11, 2008 (final)",4:03.22
event_Q2025976,Table tennis at the 2012 Summer Olympics – Men's team,Table tennis,48,16,3 August to 8 August,
event_Q1139399,Weightlifting at the 2012 Summer Olympics – Men's 62 kg,Weightlifting,15,13,30 July 2012,
event_Q600157,Wrestling at the 2008 Summer Olympics – Men's Greco-Roman 120 kg,Wrestling,20,20,14 August 2008,
event_Q257545,Athletics at the 2008 Summer Olympics – Men's 400 metres,Athletics,55,40,18 August 21 August (final),43.75
event_Q25932666,Swimming at the 2016 Summer Olympics – Women's 200 metre backstroke,Swimming,28,20,11 August 2016 (heats &semifinals)12 August 2016 (final),2:05.99
event_Q17063534,Swimming at the 1988 Summer Olympics – Women's 200 metre freestyle,Swimming,45,30,20 September 1988 (heats)21 September 1988 (finals),1:57.65 swimming
event_Q1750582,Weightlifting at the 2004 Summer Olympics – Women's 48 kg,Weightlifting,15,14,14 August 2004,
event_Q17515791,Rowing at the 1996 Summer Olympics – Men's single sculls,Rowing,21,21,21–27 July,6:44.85
event_Q26218947,Swimming at the 2016 Summer Olympics – Men's 100 metre breaststroke,Swimming,46,38,6 August 2016 (heats &semifinals)7 August 2016 (final),57.13 swimming
event_Q2563992,Table tennis at the 2008 Summer Olympics – Women's singles,Table tennis,78,42,"August 18 to August 22, 2008",
event_Q7372009,Rowing at the 2000 Summer Olympics – Women's eight,Rowing,63,7,18–24 September 2000,6:06.44
event_Q374871,Archery at the 2012 Summer Olympics – Women's individual,Archery,64,40,27 July – 2 August 2012,
event_Q2022221,Badminton at the 2000 Summer Olympics – Men's doubles,Badminton,23,15,16–21 September 2000,
event_Q26212176,Weightlifting at the 2016 Summer Olympics – Women's 58 kg,Weightlifting,16,15,8 August 2016,240 kg
event_Q571174,Wrestling at the 2008 Summer Olympics – Men's Greco-Roman 66 kg,Wrestling,20,20,13 August 2008,
event_Q2022115,Badminton at the 1996 Summer Olympics – Men's singles,Badminton,49,31,24 July – 1 August 1996,
event_Q65242363,Triathlon at the 2020 Summer Olympics – Men's,Triathlon,51,29,26 July 2021,1:45:04
event_Q1750592,Weightlifting at the 2004 Summer Olympics – Men's 62 kg,Weightlifting,20,18,16 August 2004,
event_Q571263,Cross-country skiing at the 2010 Winter Olympics – Women's team sprint,Cross-country skiing,36,18,22 February 2010,18:03.7
event_Q15703663,Nordic combined at the 1988 Winter Olympics – Individual,Nordic combined,43,13,27–28 February,39:27.5
event_Q613571,Biathlon at the 2010 Winter Olympics – Men's mass start,Biathlon,30,16,"February 21, 2010",35:35.7
event_Q22964422,Rowing at the 1988 Summer Olympics – Women's single sculls,Rowing,13,13,20–25 September 1988,
event_Q2051400,Swimming at the 2012 Summer Olympics – Women's 200 metre backstroke,Swimming,37,31,"August 2, 2012 (heats &semifinals)August 3, 2012 (final)",2:04.06 swimming
event_Q595972,"Speed skating at the 2010 Winter Olympics – Men's 10,000 metres",Speed skating,15,9,23 February 2010,12:58.55
event_Q17515790,Rowing at the 1996 Summer Olympics – Men's lightweight double sculls,Rowing,38,19,22–28 July 1996,6:23.47
event_Q593761,Athletics at the 2012 Summer Olympics – Men's shot put,Athletics,40,34,3 August,21.89
event_Q65242200,Athletics at the 2020 Summer Olympics – Men's decathlon,Athletics,23,15,4 August 20215 August 2021,9018 athletics
event_Q47309929,Short-track speed skating at the 2018 Winter Olympics – Women's 1500 metres,Short-track speed skating,36,17,17 February 2018,2:24.948
event_Q26208602,Boxing at the 2016 Summer Olympics – Men's heavyweight,Boxing,18,18,6–15 August 2016,
event_Q737066,Badminton at the 2004 Summer Olympics – Men's singles,Badminton,32,21,14–21 August 2004,
event_Q22964434,Rowing at the 1992 Summer Olympics – Women's coxless four,Rowing,36,9,27 July – 1 August 1992,
event_Q628945,Cycling at the 2008 Summer Olympics – Men's BMX,Cycling,32,20,"August 20, 2008 (seeding andquarterfinals)August 22, 2008 (semifinals andfinal)",36.190
event_Q2570068,Fencing at the 2008 Summer Olympics – Women's sabre,Fencing,39,20,9 August 2008,
event_Q26212144,Weightlifting at the 2016 Summer Olympics – Men's 105 kg,Weightlifting,16,14,15 August 2016,431 kg
event_Q107861723,Biathlon at the 2022 Winter Olympics – Women's individual,Biathlon,87,29,7 February 2022,44:12.7
event_Q1066390,Athletics at the 2008 Summer Olympics – Women's heptathlon,Athletics,43,28,August 15–16,6733
event_Q7400298,Sailing at the 1988 Summer Olympics – Finn,Sailing,33,33,20–27 September,
event_Q26212146,Weightlifting at the 2016 Summer Olympics – Men's 85 kg,Weightlifting,24,22,12 August 2016,396 kg WR
event_Q26219832,Judo at the 2016 Summer Olympics – Men's 81 kg,Judo,33,33,9 August 2016,
event_Q17088224,Shooting at the 1992 Summer Olympics – Men's 50 metre rifle three positions,Shooting,42,24,31 July 1992,1267.4 (OR)
event_Q47309958,Short-track speed skating at the 2018 Winter Olympics – Women's 3000 metre relay,Short-track speed skating,37,8,10 February 2018 (semifinals)20 February 2018 (finals),4:07.361 short-track speed skating
event_Q198766,Athletics at the 1988 Summer Olympics – Men's 200 metres,Athletics,72,59,26 September 1988 (heats and quarterfinals)28 September 1988 (semifinals and final),19.75 athletics
event_Q1067077,Taekwondo at the 2008 Summer Olympics – Women's 49 kg,Taekwondo,16,16,20 August 2008,
event_Q25991451,Swimming at the 2016 Summer Olympics – Men's 200 metre breaststroke,Swimming,39,30,9 August 2016 (heats &semifinals)10 August 2016 (final),2:07.46 NR
event_Q584030,Modern pentathlon at the 2012 Summer Olympics – Women's,Modern pentathlon,36,22,12 August,5408 OR
event_Q7371998,Rowing at the 2000 Summer Olympics – Men's coxless four,Rowing,52,13,17–23 September 2000,5:56.24
event_Q595962,Cross-country skiing at the 2010 Winter Olympics – Women's 10 kilometre freestyle,Cross-country skiing,78,36,15 February 2010,24:58.4
event_Q581364,Wrestling at the 2008 Summer Olympics – Men's freestyle 120 kg,Wrestling,20,20,21 August 2008,
event_Q26217871,Judo at the 2016 Summer Olympics – Women's 70 kg,Judo,24,24,10 August 2016,
event_Q20948675,Canoeing at the 2016 Summer Olympics – Men's K-2 1000 metres,Canoeing,24,12,17–18 August 2016,3:10.781
event_Q25927635,Swimming at the 2016 Summer Olympics – Men's 200 metre freestyle,Swimming,47,36,7 August 2016 (heats &semifinals)8 August 2016 (final),1:44.65
event_Q7400299,Sailing at the 1988 Summer Olympics – Soling,Sailing,63,20,20–27 September,
event_Q1137721,Shooting at the 2012 Summer Olympics – Women's 10 metre air rifle,Shooting,56,41,28 July 2012,502.9
event_Q26218607,Boxing at the 2016 Summer Olympics – Women's lightweight,Boxing,12,12,12–19 August 2016,
event_Q547331,Rowing at the 2008 Summer Olympics – Women's double sculls,Rowing,,,,
event_Q26219824,Shooting at the 2016 Summer Olympics – Men's 25 metre rapid fire pistol,Shooting,26,20,12–13 August 2016,34
event_Q1440658,Athletics at the 2004 Summer Olympics – Women's discus throw,Athletics,42,27,20–21 August,67.02
event_Q18449954,Synchronized swimming at the 1992 Summer Olympics – Women's duet,Synchronized swimming,36,18,3–5 August,192.175
event_Q2142977,Taekwondo at the 2012 Summer Olympics – Men's 68 kg,Taekwondo,16,16,9 August,
event_Q7400307,Sailing at the 1992 Summer Olympics – Soling,Sailing,72,24,27 July to 4 August,
event_Q2048869,Wrestling at the 2012 Summer Olympics – Men's freestyle 74 kg,Wrestling,19,19,10 August 2012,
event_Q25991449,Swimming at the 2016 Summer Olympics – Men's 200 metre backstroke,Swimming,26,19,10 August 2016 (heats & semifinals)11 August 2016 (final),1:53.62
event_Q1156695,Fencing at the 2012 Summer Olympics – Women's épée,Fencing,37,20,30 July,
event_Q2198226,Athletics at the 2004 Summer Olympics – Men's triple jump,Athletics,47,35,20–22 August,17.79
event_Q1143843,Fencing at the 2012 Summer Olympics – Men's épée,Fencing,30,24,1 August,
event_Q16968702,Rowing at the 2000 Summer Olympics – Women's quadruple sculls,Rowing,36,9,18–24 September 2000,6:19.58
event_Q1750576,Weightlifting at the 2004 Summer Olympics – Men's 56 kg,Weightlifting,17,14,15 August 2004,
event_Q1193987,Swimming at the 2008 Summer Olympics – Women's 100 metre freestyle,Swimming,49,41,"August 13, 2008 (heats)August 14, 2008 (semifinals)August 15, 2008 (final)",53.12 swimming
event_Q679870,Weightlifting at the 2004 Summer Olympics – Men's 69 kg,Weightlifting,17,16,18 August 2004,
event_Q374383,Tennis at the 2012 Summer Olympics – Men's doubles,Tennis,64,25,28 July – 4 August 2012,
event_Q735286,Rowing at the 2004 Summer Olympics – Men's double sculls,Rowing,28,14,,
event_Q2563962,Sailing at the 2008 Summer Olympics – Women's 470,Sailing,38,19,First race: 2008-08-11Last race: 2008-08-18,
event_Q1089565,Swimming at the 2008 Summer Olympics – Women's 200 metre freestyle,Swimming,46,37,"August 11, 2008 (heats)August 12, 2008(semifinals)August 13, 2008 (final)",1:54.82 swimming
event_Q1439323,Athletics at the 2004 Summer Olympics – Women's javelin throw,Athletics,45,31,25–27 August,71.53 athletics
event_Q2563927,Sailing at the 2008 Summer Olympics – Men's RS:X,Sailing,35,35,First race: 2008-08-11Last race: 2008-08-20,
event_Q26212160,Judo at the 2016 Summer Olympics – Men's 66 kg,Judo,34,34,7 August 2016,
event_Q577260,Cycling at the 2008 Summer Olympics – Men's keirin,Cycling,25,17,August 16,
event_Q26219830,Judo at the 2016 Summer Olympics – Men's 73 kg,Judo,36,36,8 August 2016,
event_Q2091137,Wrestling at the 2012 Summer Olympics – Men's Greco-Roman 55 kg,Wrestling,19,19,5 August 2012,
event_Q220855,Athletics at the 2004 Summer Olympics – Men's 100 metres,Athletics,82,62,21–22 August,9.85 s
event_Q26213161,Canoeing at the 2016 Summer Olympics – Men's slalom C-2,Canoeing,24,12,8–11 August 2016,101.58 s
event_Q2618235,Equestrian at the 2012 Summer Olympics – Individual eventing,Equestrian,74,22,28–31 July 2012,
event_Q1075752,Modern pentathlon at the 2008 Summer Olympics – Men's,Modern pentathlon,36,22,21 August,5632
event_Q1439338,Athletics at the 2004 Summer Olympics – Women's 200 metres,Athletics,44,32,23–25 August,22.05
event_Q25991466,Swimming at the 2016 Summer Olympics – Women's 400 metre individual medley,Swimming,33,23,6 August 2016,4:26.36 swimming
event_Q656634,Athletics at the 2008 Summer Olympics – Men's triple jump,Athletics,39,27,18 August 2008 (qualifying)21 August 2008 (final),17.67
event_Q579227,Swimming at the 2008 Summer Olympics – Men's 100 metre butterfly,Swimming,66,51,14 August (heats)15 August (semifinals)16 August (final),50.58 swimming
event_Q25991463,Swimming at the 2016 Summer Olympics – Women's 100 metre butterfly,Swimming,45,35,6 August 2016 (heats &semifinals)7 August 2016 (final),55.48 swimming
event_Q221335,Cross-country skiing at the 2006 Winter Olympics – Men's 50 kilometre freestyle,Cross-country skiing,82,32,"February 26, 2006",2:06:11.8
event_Q613470,Nordic combined at the 2010 Winter Olympics – Individual large hill/10 km,Nordic combined,46,14,25 February 2010,25:32.9
event_Q1156706,Fencing at the 2012 Summer Olympics – Women's team épée,Fencing,31,8,4 August 2012,
event_Q1156710,Fencing at the 2012 Summer Olympics – Men's team foil,Fencing,35,9,5 August,
event_Q25932055,Swimming at the 2016 Summer Olympics – Women's 100 metre freestyle,Swimming,48,37,10 August 2016 (heats &semifinals)11 August 2016 (final),52.70 swimming
event_Q65235579,Judo at the 2020 Summer Olympics – Mixed team,Judo,,,31 July 2021,
event_Q1156700,Fencing at the 2012 Summer Olympics – Men's foil,Fencing,38,20,31 July,
event_Q607576,Weightlifting at the 2008 Summer Olympics – Men's 77 kg,Weightlifting,28,25,13 August 2008,
event_Q2157561,Taekwondo at the 2012 Summer Olympics – Women's +67 kg,Taekwondo,16,16,11 August,
event_Q65242174,Athletics at the 2020 Summer Olympics – Men's javelin throw,Athletics,32,22,4 August 2021 (qualifying)7 August 2021 (final),87.58 m
event_Q2112865,Cycling at the 1996 Summer Olympics – Women's cross-country,Cycling,29,12,30 July,1:50:51
event_Q1575430,Badminton at the 2004 Summer Olympics – Women's singles,Badminton,32,21,14–19 August 2004,
event_Q596094,Swimming at the 2008 Summer Olympics – Men's 1500 metre freestyle,Swimming,37,29,"August 15, 2008 (heats) August 17, 2008 (final)",14:40.84 AF
event_Q107861696,Biathlon at the 2022 Winter Olympics – Men's relay,Biathlon,84,21,15 February 2022,1:19:50.2
event_Q2070832,Cycling at the 2012 Summer Olympics – Men's team sprint,Cycling,30,10,2 August 2012,"42.600 WR, OR"
event_Q107861714,Biathlon at the 2022 Winter Olympics – Women's pursuit,Biathlon,57,25,13 February 2022,34:46.9
event_Q47309836,Short-track speed skating at the 2018 Winter Olympics – Women's 500 metres,Short-track speed skating,32,14,"10 February 2018 (heats)13 February 2018 (quarterfinals, semifinals, final)",42.569
event_Q584005,Sailing at the 2012 Summer Olympics – Men's RS:X,Sailing,38,38,31 July – 7 August,
event_Q517035,Athletics at the 2008 Summer Olympics – Men's discus throw,Athletics,37,29,16 August 2008 (qualifying)19 August 2008 (final),68.82
event_Q1750716,Weightlifting at the 2004 Summer Olympics – Women's 58 kg,Weightlifting,14,13,16 August 2004,
event_Q26212152,Boxing at the 2016 Summer Olympics – Men's bantamweight,Boxing,28,28,10–20 August 2016,
event_Q1604222,Short-track speed skating at the 2006 Winter Olympics – Women's 1000 metres,Short-track speed skating,29,20,22–25 February 2006,
event_Q162056,Badminton at the 2000 Summer Olympics – Mixed doubles,Badminton,27,14,16 – 21 September 2000,
event_Q107861706,Biathlon at the 2022 Winter Olympics – Women's relay,Biathlon,80,20,16 February 2022,1:11:03.9
event_Q7400306,Sailing at the 1992 Summer Olympics – Europe,Sailing,24,24,27 July to 4 August,
event_Q1084677,Athletics at the 2008 Summer Olympics – Women's 400 metres hurdles,Athletics,27,21,17 August 2008 (heats)18 August 2008 (semi-finals)20 August 2008 (final),52.64 s athletics
event_Q22964420,Rowing at the 1988 Summer Olympics – Women's coxed four,Rowing,55,10,19–24 September 1988,
event_Q107861726,Biathlon at the 2022 Winter Olympics – Women's mass start,Biathlon,30,15,18 February 2022,40:18.0
event_Q733026,Athletics at the 1992 Summer Olympics – Men's 1500 metres,Athletics,51,40,August 3–8,3:40.12
event_Q1534918,Alpine skiing at the 1992 Winter Olympics – Men's super-G,Alpine skiing,118,43,16 February 1992,1:13.04
event_Q25863624,Swimming at the 2016 Summer Olympics – Men's 50 metre freestyle,Swimming,85,72,11 August 2016 (heats &semifinals)12 August 2016 (final),21.40
event_Q259965,Ski jumping at the 2010 Winter Olympics – Large hill individual,Ski jumping,61,18,19–20 February 2010,283.6
event_Q7400309,Sailing at the 1992 Summer Olympics – Men's Lechner A-390,Sailing,45,45,27 July to 2 August,
event_Q16953154,Boxing at the 1996 Summer Olympics – Light heavyweight,Boxing,31,31,24 July – 4 August 1996,
event_Q2072744,Wrestling at the 1992 Summer Olympics – Men's freestyle 48 kg,Wrestling,19,19,4–6 August 1992,
event_Q609385,Rowing at the 2008 Summer Olympics – Women's coxless pair,Rowing,,,,
event_Q26217896,Judo at the 2016 Summer Olympics – Women's 78 kg,Judo,18,18,11 August 2016,
event_Q19819174,Equestrian at the 1992 Summer Olympics – Individual eventing,Equestrian,82,25,28–30 July,
event_Q47309990,Short-track speed skating at the 2018 Winter Olympics – Men's 5000 metre relay,Short-track speed skating,34,8,13 February 2018 (semifinals)22 February 2018 (finals),6:31.971
event_Q25991461,Swimming at the 2016 Summer Olympics – Women's 100 metre breaststroke,Swimming,44,35,7 August 2016 (heats &semifinals)8 August 2016 (final),1:04.93 swimming
event_Q1094686,Swimming at the 2008 Summer Olympics – Women's 100 metre breaststroke,Swimming,49,39,"August 10, 2008 (heats)August 11, 2008 (semifinals)August 12, 2008 (final)",1:05.17 swimming
event_Q2096231,Wrestling at the 2012 Summer Olympics – Women's freestyle 55 kg,Wrestling,19,19,9 August 2012,
event_Q26155830,Weightlifting at the 2016 Summer Olympics – Women's 53 kg,Weightlifting,13,13,7 August 2016,212 kg
event_Q26218598,Judo at the 2016 Summer Olympics – Women's 63 kg,Judo,26,26,9 August 2016,
event_Q26212155,Boxing at the 2016 Summer Olympics – Men's super heavyweight,Boxing,18,18,9-21 August 2016,
event_Q26155834,Golf at the 2016 Summer Olympics – Women's individual,Golf,60,34,17–20 August 2016,268 (−16)
event_Q2570158,Fencing at the 2008 Summer Olympics – Men's foil,Fencing,26,21,13 August 2008,
event_Q25991459,Swimming at the 2016 Summer Olympics – Women's 100 metre backstroke,Swimming,34,28,7 August 2016 (heats &semifinals)8 August 2016 (final),58.45
event_Q7400308,Sailing at the 1992 Summer Olympics – Finn,Sailing,29,29,27 July to 3 August,
event_Q1067772,Swimming at the 2012 Summer Olympics – Women's 400 metre individual medley,Swimming,36,29,"July 28, 2012 (heats & final)",4:28.43 swimming
event_Q1750578,Weightlifting at the 2004 Summer Olympics – Women's 53 kg,Weightlifting,8,8,15 August 2004,
event_Q107861699,Biathlon at the 2022 Winter Olympics – Men's sprint,Biathlon,94,28,12 February 2022,24:00.4
event_Q107861710,Biathlon at the 2022 Winter Olympics – Women's sprint,Biathlon,89,29,11 February 2022,20:44.3
event_Q26212161,Judo at the 2016 Summer Olympics – Women's 52 kg,Judo,22,22,7 August 2016,
event_Q1193982,Swimming at the 2008 Summer Olympics – Women's 100 metre backstroke,Swimming,49,38,"August 10, 2008 (heats)August 11, 2008(semifinals)August 12, 2008 (final)",58.96 AM
event_Q635823,Snowboarding at the 2010 Winter Olympics – Men's parallel giant slalom,Snowboarding,30,15,"February 27, 2010",
event_Q2201769,Athletics at the 2004 Summer Olympics – Men's long jump,Athletics,40,30,24–26 August,8.59
event_Q7371997,Rowing at the 2000 Summer Olympics – Men's coxless pair,Rowing,30,15,17–23 September 2000,6:32.97
event_Q1005685,Taekwondo at the 2008 Summer Olympics – Men's 68 kg,Taekwondo,16,16,21 August 2008,
event_Q2564420,Sailing at the 2008 Summer Olympics – Men's 470,Sailing,58,29,First race: 2008-08-11Last race: 2008-08-18,
event_Q586729,Speed skating at the 2010 Winter Olympics – Women's 1500 metres,Speed skating,36,14,21 February 2010,1:56.89
event_Q22964419,Rowing at the 1988 Summer Olympics – Women's double sculls,Rowing,21,10,19–24 September 1988,
event_Q26218466,Judo at the 2016 Summer Olympics – Men's +100 kg,Judo,31,31,12 August 2016,
event_Q22964425,Rowing at the 1988 Summer Olympics – Men's double sculls,Rowing,34,17,19–24 September 1988,
event_Q26215191,Athletics at the 2016 Summer Olympics – Men's triple jump,Athletics,48,34,15 August 2016 (qualifying)16 August 2016 (final),17.86
event_Q26155829,Weightlifting at the 2016 Summer Olympics – Women's 48 kg,Weightlifting,12,12,6 August 2016,200 kg
event_Q1075735,Modern pentathlon at the 2008 Summer Olympics – Women's,Modern pentathlon,32,20,22 August,5792
event_Q1193966,Swimming at the 2008 Summer Olympics – Women's 100 metre butterfly,Swimming,49,38,"August 9, 2008 (heats)August 10, 2008 (semifinals)August 11, 2008 (final)",56.73 OC
event_Q26217865,Judo at the 2016 Summer Olympics – Women's 57 kg,Judo,23,23,8 August 2016,
event_Q1156715,Fencing at the 2012 Summer Olympics – Women's sabre,Fencing,32,24,1 August,
event_Q662887,Freestyle skiing at the 2006 Winter Olympics – Women's aerials,Freestyle skiing,23,9,21 February (qualification)22 February (final),202.55
event_Q1439291,Athletics at the 2004 Summer Olympics – Men's 5000 metres,Athletics,36,22,25–28 August,13:14.39
event_Q580481,Speed skating at the 2010 Winter Olympics – Women's 3000 metres,Speed skating,28,13,14 February 2010,4:02.53
event_Q1131387,Equestrian at the 2008 Summer Olympics – Individual jumping,Equestrian,77,29,15–21 August,0 faults
event_Q2070058,Boxing at the 2012 Summer Olympics – Women's flyweight,Boxing,12,12,5 to 9 August 2012,
event_Q65235532,Judo at the 2020 Summer Olympics – Men's +100 kg,Judo,,,30 July 2021,
event_Q7400302,Sailing at the 1988 Summer Olympics – Tornado,Sailing,47,23,20–27 September,
event_Q1997032,Weightlifting at the 2012 Summer Olympics – Women's 75 kg,Weightlifting,13,12,3 August 2012,
event_Q7372007,Rowing at the 2000 Summer Olympics – Women's double sculls,Rowing,20,10,17–23 September 2000,6:55.44
event_Q1750591,Weightlifting at the 2004 Summer Olympics – Women's 75 kg,Weightlifting,16,15,19–20 August 2004,
event_Q26212162,Judo at the 2016 Summer Olympics – Women's 48 kg,Judo,23,23,6 August 2016,
event_Q610603,Biathlon at the 2010 Winter Olympics – Men's sprint,Biathlon,88,32,"February 14, 2010",24:07.8
event_Q26218320,Equestrian at the 2016 Summer Olympics – Team eventing,Equestrian,51,13,6–9 August 2016,169.00
event_Q2022215,Badminton at the 2000 Summer Olympics – Women's doubles,Badminton,26,17,16 – 21 September 2000,
event_Q1750587,Weightlifting at the 2004 Summer Olympics – Women's 69 kg,Weightlifting,11,10,19 August 2004,
event_Q664418,Speed skating at the 2006 Winter Olympics – Women's 5000 metres,Speed skating,16,10,25 February 2006,6:59.07
event_Q634029,Rowing at the 2008 Summer Olympics – Men's coxless four,Rowing,,,,
event_Q1067383,Archery at the 2012 Summer Olympics – Women's team,Archery,36,12,27–29 July 2012,
event_Q25932075,Swimming at the 2016 Summer Olympics – Women's 800 metre freestyle,Swimming,30,21,11 August 2016 (heats)12 August 2016 (final),8:04.79 swimming
event_Q26212145,Weightlifting at the 2016 Summer Olympics – Men's 94 kg,Weightlifting,20,17,13 August 2016,403 kg
event_Q20670790,Synchronized swimming at the 1992 Summer Olympics – Women's solo,Synchronized swimming,53,22,2 to 6 August,191.848
event_Q26212151,Boxing at the 2016 Summer Olympics – Men's light welterweight,Boxing,28,28,10–21 August 2016,
event_Q26218274,Equestrian at the 2016 Summer Olympics – Individual eventing,Equestrian,65,24,6–9 August 2016,40.90 points
event_Q1750595,Weightlifting at the 2004 Summer Olympics – Men's 85 kg,Weightlifting,21,19,21 August 2004,
event_Q26219847,Judo at the 2016 Summer Olympics – Men's 100 kg,Judo,34,34,11 August 2016,
event_Q651065,Wrestling at the 2008 Summer Olympics – Women's freestyle 72 kg,Wrestling,16,16,17 August 2008,
event_Q107861704,Biathlon at the 2022 Winter Olympics – Men's pursuit,Biathlon,59,22,13 February 2022,39:07.5
event_Q1439276,Athletics at the 2004 Summer Olympics – Men's javelin throw,Athletics,34,23,26–28 August,86.50
event_Q25991448,Swimming at the 2016 Summer Olympics – Men's 1500 metre freestyle,Swimming,46,32,12 August 2016 (heats)13 August 2016 (final),14:34.57
event_Q7400297,Sailing at the 1988 Summer Olympics – Men's Division II,Sailing,45,45,20–27 September,
event_Q1137646,Fencing at the 2012 Summer Olympics – Women's foil,Fencing,38,20,28 July,
event_Q735299,Nordic combined at the 2002 Winter Olympics – Team,Nordic combined,40,10,"February 16–17, 2002",48:42.2
event_Q22964429,Rowing at the 1988 Summer Olympics – Men's coxed pair,Rowing,42,14,20–25 September 1988,6:58.79
event_Q26219831,Judo at the 2016 Summer Olympics – Men's 90 kg,Judo,35,35,10 August 2016,
event_Q25927634,Swimming at the 2016 Summer Olympics – Men's 100 metre freestyle,Swimming,59,46,9 August 2016 (heats &semifinals)10 August 2016 (final),47.58 WJ
event_Q15056264,Boxing at the 2004 Summer Olympics – Featherweight,Boxing,28,28,16–28 August 2004,
event_Q1092809,Weightlifting at the 2008 Summer Olympics – Women's 53 kg,Weightlifting,9,9,10 August 2008,
event_Q65242345,Tennis at the 2020 Summer Olympics – Men's singles,Tennis,64,31,24 July – 1 August 2021,
event_Q25991456,Swimming at the 2016 Summer Olympics – Men's 4 × 100 metre freestyle relay,Swimming,73,16,7 August 2016 (heats & final),3:09.92
event_Q2562124,Table tennis at the 2008 Summer Olympics – Men's singles,Table tennis,77,44,"August 19 to August 23, 2008",
event_Q26205999,Boxing at the 2016 Summer Olympics – Men's flyweight,Boxing,26,26,13–21 August 2016,
event_Q26213160,Canoeing at the 2016 Summer Olympics – Men's slalom K-1,Canoeing,21,21,7–10 August 2016,88.53 s
event_Q1065640,Weightlifting at the 2008 Summer Olympics – Women's +75 kg,Weightlifting,11,10,16 August 2008,
event_Q26212149,Weightlifting at the 2016 Summer Olympics – Men's 62 kg,Weightlifting,17,15,8 August 2016,318 kg
event_Q1094667,Swimming at the 2008 Summer Olympics – Women's 50 metre freestyle,Swimming,92,83,"August 15, 2008 (heats)August 16, 2008(semifinals)August 17, 2008 (final)",24.06 swimming
event_Q722895,Shooting at the 2004 Summer Olympics – Men's 10 metre running target,Shooting,19,12,18 August 2004 (slow)19 August 2004 (fast),682.4
event_Q65242359,Triathlon at the 2020 Summer Olympics – Women's,Triathlon,55,31,27 July 2021,1:55:36
event_Q26037184,Boxing at the 2016 Summer Olympics – Men's light flyweight,Boxing,22,22,6–14 August 2016,
event_Q7400305,Sailing at the 1992 Summer Olympics – Star,Sailing,52,26,27 July to 2 August,
event_Q548072,Snowboarding at the 2010 Winter Olympics – Women's snowboard cross,Snowboarding,24,13,"February 16, 2010",
event_Q730927,Cross-country skiing at the 2006 Winter Olympics – Women's team sprint,Cross-country skiing,32,16,"February 14, 2006",16:36.9
event_Q65235526,Judo at the 2020 Summer Olympics – Men's 90 kg,Judo,,,28 July 2021,
event_Q26218608,Boxing at the 2016 Summer Olympics – Women's flyweight,Boxing,12,12,12–20 August 2016,
event_Q65242331,Tennis at the 2020 Summer Olympics – Women's doubles,Tennis,32,23,24 July – 1 August 2021,
event_Q1570183,Badminton at the 1992 Summer Olympics – Men's singles,Badminton,56,32,28 July – 4 August 1992,
event_Q1750579,Weightlifting at the 2004 Summer Olympics – Men's 94 kg,Weightlifting,25,18,23 August 2004,
event_Q65235557,Judo at the 2020 Summer Olympics – Women's 63 kg,Judo,,,27 July 2021,
event_Q22964435,Rowing at the 1992 Summer Olympics – Women's quadruple sculls,Rowing,36,9,28 July – 2 August 1992,
event_Q26208316,Boxing at the 2016 Summer Olympics – Men's welterweight,Boxing,28,28,7–17 August 2016,
event_Q734997,Tennis at the 2004 Summer Olympics – Men's singles,Tennis,64,32,15–22 August 2004,
event_Q614894,Short-track speed skating at the 2010 Winter Olympics – Women's 1000 metres,Short-track speed skating,32,18,"February 24, 26, 2010",
event_Q1750583,Weightlifting at the 2004 Summer Olympics – Men's 105 kg,Weightlifting,22,19,24 August 2004,
event_Q26208513,Boxing at the 2016 Summer Olympics – Men's light heavyweight,Boxing,26,26,6–18 August 2016,
event_Q599412,Fencing at the 2012 Summer Olympics – Men's sabre,Fencing,37,21,29 July,
event_Q25991447,Swimming at the 2016 Summer Olympics – Men's 100 metre backstroke,Swimming,39,32,7 August 2016 (heats &semifinals)8 August 2016 (final),51.97 swimming
event_Q26219849,Taekwondo at the 2016 Summer Olympics – Men's 68 kg,Taekwondo,16,16,18 August 2016,
event_Q25991455,Swimming at the 2016 Summer Olympics – Men's 400 metre individual medley,Swimming,27,20,6 August 2016 (heats & final),4:06.05 AS
event_Q17063526,Swimming at the 1988 Summer Olympics – Men's 100 metre breaststroke,Swimming,62,47,18 September 1988 (heats)19 September 1988 (finals),1:02.04 NR
event_Q581788,Tennis at the 2012 Summer Olympics – Men's singles,Tennis,64,34,28 July–5 August 2012,
event_Q588440,Equestrian at the 2012 Summer Olympics – Team jumping,Equestrian,60,15,4–6 August 2012,
event_Q260204,Taekwondo at the 2008 Summer Olympics – Women's 67 kg,Taekwondo,16,16,22 August 2008,
event_Q25991464,Swimming at the 2016 Summer Olympics – Women's 200 metre butterfly,Swimming,28,20,9 August 2016 (heats &semifinals)10 August 2016 (final),2:04.85
event_Q7371994,Rowing at the 1992 Summer Olympics – Men's single sculls,Rowing,22,22,27 July – 1 August 1992,6:51.40
event_Q26217860,Table tennis at the 2016 Summer Olympics – Women's team,Table tennis,48,16,12–16 August 2016,
event_Q26218599,Judo at the 2016 Summer Olympics – Women's +78 kg,Judo,17,17,12 August 2016,
event_Q2174649,Triathlon at the 2012 Summer Olympics – Women's,Triathlon,55,31,2012-08-04,1:59:48
event_Q7371999,Rowing at the 2000 Summer Olympics – Men's double sculls,Rowing,32,16,17–23 September 2000,6:16.33
event_Q2000524,Boxing at the 2012 Summer Olympics – Men's light flyweight,Boxing,26,26,31 July to 12 August 2012,
event_Q662184,Luge at the 2002 Winter Olympics – Doubles,Luge,38,12,15 February 2002,
event_Q26219848,Taekwondo at the 2016 Summer Olympics – Men's 58 kg,Taekwondo,16,16,17 August 2016,
event_Q7372001,Rowing at the 2000 Summer Olympics – Men's lightweight coxless four,Rowing,57,14,18–24 September 2000,6:01.68
event_Q1194982,Wrestling at the 2008 Summer Olympics – Women's freestyle 63 kg,Wrestling,17,17,17 August 2008,
event_Q384953,Cross-country skiing at the 2010 Winter Olympics – Men's 15 kilometre freestyle,Cross-country skiing,96,50,15 February 2010,33:36.3
event_Q1439249,Athletics at the 2004 Summer Olympics – Men's 110 metres hurdles,Athletics,47,34,24–27 August,12.91 athletics
event_Q22964437,Rowing at the 1992 Summer Olympics – Women's single sculls,Rowing,15,15,28 July – 2 August 1992,
event_Q7400312,Sailing at the 1992 Summer Olympics – Women's Lechner A-390,Sailing,24,34,27 July to 11 September 2001,
event_Q1222467,Alpine skiing at the 1992 Winter Olympics – Women's downhill,Alpine skiing,30,12,"February 15, 1992",1:52.55
event_Q22964445,Rowing at the 1992 Summer Olympics – Men's coxless pair,Rowing,38,19,27 July – 1 August 1992,
event_Q1222171,Cross-country skiing at the 1998 Winter Olympics – Women's 5 kilometre classical,Cross-country skiing,79,26,10 February 1998,17:37.9
event_Q826852,Speed skating at the 1994 Winter Olympics – Men's 500 metres,Speed skating,40,16,14 February 1994,36.33 OR
event_Q1221935,Biathlon at the 1998 Winter Olympics – Women's individual,Biathlon,64,24,9 February 1998,54:52.0
event_Q31844,Boxing at the 2012 Summer Olympics – Men's lightweight,Boxing,28,28,29 July to 12 August 2012,
event_Q1222146,Cross-country skiing at the 2002 Winter Olympics – Women's 2 × 5 kilometre pursuit,Cross-country skiing,73,27,15 February 2002,25:09.9
event_Q917323,Athletics at the 2008 Summer Olympics – Men's long jump,Athletics,38,32,16 August 2008 (qualifying)18 August 2008 (final),8.34
event_Q7500747,Shooting at the 1988 Summer Olympics – Men's 50 metre rifle prone,Shooting,55,33,19 September 1988,703.9 (OR)
event_Q1222543,Rowing at the 2008 Summer Olympics – Women's eight,Rowing,,,,
event_Q22964449,Rowing at the 1996 Summer Olympics – Women's lightweight double sculls,Rowing,33,16,22–28 July 1996,
event_Q3001407,Cycling at the 1992 Summer Olympics – Men's points race,Cycling,38,38,28–31 July,44 (0 laps behind)
event_Q2550697,Wrestling at the 2012 Summer Olympics – Men's Greco-Roman 120 kg,Wrestling,20,20,6 August 2012,
event_Q748648,Cross-country skiing at the 2006 Winter Olympics – Men's 4 × 10 kilometre relay,Cross-country skiing,64,16,19 February 2006,1:43:45.7
event_Q14643126,Biathlon at the 2014 Winter Olympics – Men's sprint,Biathlon,87,31,8 February 2014,24:33.5
event_Q7656687,Swimming at the 1988 Summer Olympics – Men's 200 metre backstroke,Swimming,44,32,22 September 1988 (heats & finals),1:59.37
event_Q7500819,Shooting at the 2000 Summer Olympics – Women's 50 metre rifle three positions,Shooting,42,28,20 September 2000,684.6
event_Q4786035,Archery at the 1988 Summer Olympics – Men's individual,Archery,84,34,27–30 September 1988,
event_Q2299006,Wrestling at the 2012 Summer Olympics – Men's freestyle 66 kg,Wrestling,19,19,12 August 2012,
event_Q2494175,Canoeing at the 2012 Summer Olympics – Men's C-2 1000 metres,Canoeing,24,12,7 to 9 August,3:33.804
event_Q2358274,Wrestling at the 2012 Summer Olympics – Men's Greco-Roman 60 kg,Wrestling,19,19,6 August 2012,
event_Q8979743,Equestrian at the 2012 Summer Olympics – Individual jumping,Equestrian,75,26,4–8 August 2012,0 faults
event_Q782429,Speed skating at the 2010 Winter Olympics – Men's 1500 metres,Speed skating,37,14,20 February 2010,1:45.57
event_Q15056068,Nordic combined at the 2014 Winter Olympics – Individual normal hill/10 km,Nordic combined,46,15,12 February 2014,23:50.2
event_Q905472,Freestyle skiing at the 2010 Winter Olympics – Men's moguls,Freestyle skiing,30,10,14 February,26.75
event_Q2521962,Wrestling at the 2012 Summer Olympics – Women's freestyle 63 kg,Wrestling,20,20,8 August 2012,
event_Q848666,Speed skating at the 2010 Winter Olympics – Women's 500 metres,Speed skating,36,14,16 February 2010,76.09
event_Q27961940,Judo at the 1996 Summer Olympics – Women's 66 kg,Judo,20,20,22 July 1996,
event_Q826539,"Speed skating at the 2002 Winter Olympics – Men's 10,000 metres",Speed skating,16,10,"February 22, 2002",12:58.92 WR
event_Q25397018,Table tennis at the 2016 Summer Olympics – Women's singles,Table tennis,70,43,6–10 August 2016,
event_Q769467,Swimming at the 1992 Summer Olympics – Men's 200 metre backstroke,Swimming,44,34,28 July 1992 (heats & finals),1:58.47 swimming
event_Q1005322,Cycling at the 2008 Summer Olympics – Men's team sprint,Cycling,39,13,August 15,43.128
event_Q1222469,Alpine skiing at the 1994 Winter Olympics – Women's downhill,Alpine skiing,48,19,"February 19, 1994",1:35.93
event_Q7979982,Weightlifting at the 1996 Summer Olympics – Men's 108 kg,Weightlifting,24,18,29 July 1996,430.0 kg
event_Q15055009,Alpine skiing at the 2014 Winter Olympics – Men's combined,Alpine skiing,50,35,14 February 2014,2:45.20
event_Q15055028,Cross-country skiing at the 2014 Winter Olympics – Women's 30 kilometre freestyle,Cross-country skiing,57,24,22 February 2014,1:11:05.2
event_Q15055033,Cross-country skiing at the 2014 Winter Olympics – Women's team sprint,Cross-country skiing,34,17,19 February 2014,16:04.05
event_Q886732,Gymnastics at the 2000 Summer Olympics – Men's artistic individual all-around,Gymnastics,97,32,16–20 September 2000,58.474
event_Q1433101,Athletics at the 2004 Summer Olympics – Men's shot put,Athletics,39,26,18 August,21.16
event_Q7979974,Weightlifting at the 1992 Summer Olympics – Men's 67.5 kg,Weightlifting,18,16,29 July 1992,337.5 kg
event_Q3499001,Wrestling at the 1992 Summer Olympics – Men's freestyle 90 kg,Wrestling,17,17,5–7 August 1992,
event_Q1432187,Athletics at the 2000 Summer Olympics – Men's high jump,Athletics,35,24,22 September 2000 (qualifying) 24 September 2000 (final),2.35
event_Q1005244,Weightlifting at the 2008 Summer Olympics – Men's 69 kg,Weightlifting,30,26,11–12 August 2008,
event_Q7500847,Shooting at the 2004 Summer Olympics – Women's skeet,Shooting,12,11,"August 19, 2004",97
event_Q781406,Cross-country skiing at the 2002 Winter Olympics – Men's 50 kilometre classical,Cross-country skiing,61,24,23 February 2002,2:06:20.8
event_Q906128,Biathlon at the 2010 Winter Olympics – Women's mass start,Biathlon,30,12,21 February 2010,35:19.6
event_Q1221939,Cross-country skiing at the 1998 Winter Olympics – Women's 15 kilometre classical,Cross-country skiing,65,24,8 February 1998,46:55.4
event_Q848696,Speed skating at the 2010 Winter Olympics – Men's 1000 metres,Speed skating,38,13,17 February 2010,1:08.94
event_Q22964443,Rowing at the 1992 Summer Olympics – Men's quadruple sculls,Rowing,60,15,28 July – 2 August 1992,
event_Q963859,Gymnastics at the 1996 Summer Olympics – Men's artistic individual all-around,Gymnastics,111,31,20–24 July 1996,58.423
event_Q1222533,Alpine skiing at the 1998 Winter Olympics – Women's slalom,Alpine skiing,57,27,"February 19, 1998",1:32.40
event_Q7979972,Weightlifting at the 1992 Summer Olympics – Men's 56 kg,Weightlifting,22,17,27 July 1992,287.5 kg
event_Q3001455,Cycling at the 1992 Summer Olympics – Men's individual road race,Cycling,154,61,2 August,4:35:21
event_Q685266,Rowing at the 2008 Summer Olympics – Women's single sculls,Rowing,,,,
event_Q7979977,Weightlifting at the 1992 Summer Olympics – Men's 82.5 kg,Weightlifting,31,25,31 July 1992,370.0 kg
event_Q765657,Speed skating at the 2006 Winter Olympics – Women's 500 metres,Speed skating,30,10,14 February 2006,76.57
event_Q7500737,Shooting at the 1988 Summer Olympics – Men's 10 metre air rifle,Shooting,46,30,20 September 1988,695.6 (OR)
event_Q1005423,Shooting at the 2008 Summer Olympics – Men's 25 metre rapid fire pistol,Shooting,19,14,"August 15, 2008August 16, 2008",780.2 shooting
event_Q61539,Wrestling at the 2008 Summer Olympics – Men's freestyle 60 kg,Wrestling,19,19,19 August 2008,
event_Q899312,Athletics at the 2008 Summer Olympics – Men's hammer throw,Athletics,33,26,15 August 2008 (qualifying)17 August 2008 (final),82.02
event_Q22964442,Rowing at the 1992 Summer Olympics – Men's coxless four,Rowing,56,14,28 July – 2 August 1992,
event_Q7400314,Sailing at the 1992 Summer Olympics – Women's 470,Sailing,34,17,27 July to 3 August,
event_Q1222168,Cross-country skiing at the 1988 Winter Olympics – Women's 5 kilometre classical,Cross-country skiing,55,17,17 February 1988,15:04.0
event_Q15056105,Freestyle skiing at the 2014 Winter Olympics – Men's slopestyle,Freestyle skiing,32,15,13 February 2014,95.80
event_Q7674783,Taekwondo at the 2000 Summer Olympics – Women's 67 kg,Taekwondo,12,12,29 September,
event_Q4951839,Boxing at the 2000 Summer Olympics – Flyweight,Boxing,28,28,19 September to 1 October 2000,
event_Q15056067,Nordic combined at the 2014 Winter Olympics – Individual large hill/10 km,Nordic combined,46,15,18 February 2014,23:27.5
event_Q2353351,Canoeing at the 2012 Summer Olympics – Women's slalom K-1,Canoeing,21,21,30 July – 2 August,105.90
event_Q932865,Athletics at the 2008 Summer Olympics – Women's 400 metres,Athletics,50,40,16 August 2008 (heats) 17 August 2008 (semi-finals) 19 August 2008 (final),49.62 s
event_Q906859,Weightlifting at the 2004 Summer Olympics – Women's 63 kg,Weightlifting,9,8,18 August 2004,
event_Q3498676,Wrestling at the 1988 Summer Olympics – Men's freestyle 100 kg,Wrestling,22,22,28–30 September 1988,
event_Q677063,Wrestling at the 2012 Summer Olympics – Men's freestyle 120 kg,Wrestling,18,18,11 August 2012,
event_Q846788,Biathlon at the 2006 Winter Olympics – Men's individual,Biathlon,88,34,11 February 2006,54:23.0
event_Q247070,Athletics at the 2008 Summer Olympics – Men's 50 kilometres walk,Athletics,61,32,August 22,3:37:09 athletics
event_Q691742,Snowboarding at the 2010 Winter Olympics – Men's halfpipe,Snowboarding,40,17,"February 17, 2010",48.4
event_Q7400334,Sailing at the 2000 Summer Olympics – Star,Sailing,32,16,First race: 23 September 2000Last race: 30 September 2000,
event_Q7500748,Shooting at the 1988 Summer Olympics – Mixed skeet,Shooting,52,31,24 September 1988,222 (OR)
event_Q1222651,Freestyle skiing at the 2002 Winter Olympics – Women's aerials,Freestyle skiing,21,10,16 February (qualification)18 February (final),193.47
event_Q7656712,Swimming at the 1988 Summer Olympics – Women's 100 metre butterfly,Swimming,40,28,23 September 1988 (heats & finals),59.00 swimming
event_Q1222109,Speed skating at the 1994 Winter Olympics – Women's 5000 metres,Speed skating,16,9,"February 25, 1994",7:14.37
event_Q240257,Swimming at the 2008 Summer Olympics – Women's 400 metre individual medley,Swimming,38,28,"August 9, 2008 (heats)August 10, 2008 (final)",4:29.45 swimming
event_Q15056095,Freestyle skiing at the 2014 Winter Olympics – Women's moguls,Freestyle skiing,30,13,6 February 2014 (qualification)8 February 2014 (final),22.44
event_Q7656705,Swimming at the 1988 Summer Olympics – Women's 100 metre breaststroke,Swimming,44,28,23 September 1988 (heats & finals),1:07.95 swimming
event_Q5280017,Figure skating at the 1994 Winter Olympics – Men's singles,Figure skating,25,17,17–19 February 1994,
event_Q1222524,Alpine skiing at the 1988 Winter Olympics – Women's slalom,Alpine skiing,57,37,"February 26, 1988",1:36.69
event_Q22964439,Rowing at the 1992 Summer Olympics – Women's eight,Rowing,72,8,28 July – 2 August 1992,
event_Q1221810,Short-track speed skating at the 1994 Winter Olympics – Women's 1000 metres,Short-track speed skating,30,15,26 February 1994,1:36.87
event_Q15055034,Cross-country skiing at the 2014 Winter Olympics – Men's team sprint,Cross-country skiing,46,23,19 February 2014,23:14.89
event_Q638285,Speed skating at the 1998 Winter Olympics – Women's 1000 metres,Speed skating,40,14,"February 19, 1998",1:16.51
event_Q15054994,Alpine skiing at the 2014 Winter Olympics – Women's downhill,Alpine skiing,41,23,12 February,1:41.57
event_Q4786049,Archery at the 1996 Summer Olympics – Men's individual,Archery,64,,28 July – 1 August 1996,
event_Q917752,Alpine skiing at the 2006 Winter Olympics – Men's downhill,Alpine skiing,55,25,"February 12, 2006",1:48.80
event_Q7656695,Swimming at the 1988 Summer Olympics – Men's 400 metre freestyle,Swimming,49,33,23 September 1988 (heats & finals),3:46.95 swimming
event_Q3498940,Wrestling at the 1988 Summer Olympics – Men's freestyle 74 kg,Wrestling,30,30,28–30 September 1988,
event_Q2724464,Athletics at the 2004 Summer Olympics – Men's high jump,Athletics,38,27,20–22 August,2.36
event_Q847288,Biathlon at the 2006 Winter Olympics – Men's pursuit,Biathlon,57,23,18 February 2006,35:20.2
event_Q1222212,Alpine skiing at the 1994 Winter Olympics – Women's combined,Alpine skiing,41,20,"February 20–21, 1994",3:05.16
event_Q870649,Nordic combined at the 1994 Winter Olympics – Team,Nordic combined,36,12,23–24 February 1994,Team jump: 733.5Ski time: 1:22:51.8Final time: 1:22:51.8
event_Q775967,Shooting at the 2008 Summer Olympics – Men's trap,Shooting,35,25,"August 9, 2008August 10, 2008",146 shooting
event_Q917348,Athletics at the 2008 Summer Olympics – Women's 200 metres,Athletics,46,36,August 19 August 20August 21 (final),21.74 s
event_Q3498987,Wrestling at the 1992 Summer Olympics – Men's freestyle 100 kg,Wrestling,18,18,3–5 August 1992,
event_Q4951834,Boxing at the 1996 Summer Olympics – Light flyweight,Boxing,30,30,20 July – 3 August 1996,
event_Q1202526,Cycling at the 2008 Summer Olympics – Women's individual pursuit,Cycling,13,11,August 15 (preliminaries)August 16 (semifinals)August 17 (final),3:28.321
event_Q1222025,Cross-country skiing at the 1998 Winter Olympics – Women's 30 kilometre freestyle,Cross-country skiing,68,25,20 February 1998,1:22:01.5
event_Q15052012,Biathlon at the 2014 Winter Olympics – Men's mass start,Biathlon,30,13,18 February 2014,42:29.1
event_Q1222529,Alpine skiing at the 1994 Winter Olympics – Women's slalom,Alpine skiing,55,25,26 February 1994,1:56.01
event_Q7500840,Shooting at the 2004 Summer Olympics – Women's 50 metre rifle three positions,Shooting,32,22,"August 20, 2004",689.4 shooting
event_Q1221864,Cross-country skiing at the 1988 Winter Olympics – Women's 10 kilometre classical,Cross-country skiing,52,17,14 February 1988,30:08.3
event_Q15056096,Freestyle skiing at the 2014 Winter Olympics – Men's moguls,Freestyle skiing,29,11,10 February 2014,26.31
event_Q7400342,Sailing at the 2004 Summer Olympics – Laser,Sailing,42,42,First race: 2004-08-15Last race: 2004-08-22,
event_Q1337042,Archery at the 2012 Summer Olympics – Men's team,Archery,36,12,27–28 July 2012,219
event_Q25386274,Fencing at the 2016 Summer Olympics – Women's épée,Fencing,37,19,6 August 2016,
event_Q7656689,Swimming at the 1988 Summer Olympics – Men's 200 metre breaststroke,Swimming,54,40,23 September 1988 (heats & finals),2:13.52 EU
event_Q841897,Alpine skiing at the 2010 Winter Olympics – Women's combined,Alpine skiing,35,19,"February 18, 2010",2:09.14
event_Q1432476,"Athletics at the 2000 Summer Olympics – Men's 10,000 metres",Athletics,34,19,22 September (heats)25 September (final),27:18.20
event_Q7500739,Shooting at the 1988 Summer Olympics – Men's 25 metre rapid fire pistol,Shooting,32,23,23 September 1988,698 shooting
event_Q2557145,Weightlifting at the 2012 Summer Olympics – Men's +105 kg,Weightlifting,19,17,7 August 2012,
event_Q15055073,Snowboarding at the 2014 Winter Olympics – Men's snowboard cross,Snowboarding,39,15,18 February 2014,
event_Q3400664,Cycling at the 1996 Summer Olympics – Women's pursuit,Cycling,12,12,25 July 1996 (qualifying round & quarterfinals)27 July 1996 (semifinals)28 July 1996 (final),
event_Q7400341,Sailing at the 2004 Summer Olympics – Finn,Sailing,25,25,First race: 2004-08-14Last race: 2004-08-21,
event_Q7500816,Shooting at the 2000 Summer Olympics – Men's skeet,Shooting,49,36,22 September 200023 September 2000,150 (=WR)
event_Q762663,Gymnastics at the 2008 Summer Olympics – Men's artistic individual all-around,Gymnastics,98,35,9–14 August,94.575
event_Q15055013,Alpine skiing at the 2014 Winter Olympics – Men's super-G,Alpine skiing,63,28,16 February,1:18.14
event_Q15055074,Snowboarding at the 2014 Winter Olympics – Women's slopestyle,Snowboarding,23,11,6 February 2014 (qualification)9 February 2014 (semi-finals & final),95.25
event_Q906865,Weightlifting at the 2004 Summer Olympics – Women's +75 kg,Weightlifting,12,11,21 August 2004,
event_Q853003,Athletics at the 2008 Summer Olympics – Men's 200 metres,Athletics,63,53,August 18 August 20 (final),19.30 athletics
event_Q3001409,Cycling at the 2000 Summer Olympics – Men's points race,Cycling,23,23,20 September,14 (0 laps behind)
event_Q7979978,Weightlifting at the 1992 Summer Olympics – Men's 90 kg,Weightlifting,23,19,1 August 1992,412.5 kg
event_Q7979968,Weightlifting at the 1992 Summer Olympics – Men's 100 kg,Weightlifting,25,21,2 August 1992,410.0 kg
event_Q771886,Weightlifting at the 2008 Summer Olympics – Men's 56 kg,Weightlifting,19,16,10 August 2008,
event_Q4951846,Boxing at the 2000 Summer Olympics – Middleweight,Boxing,27,27,18 September to 30 September 2000,
event_Q2364389,Weightlifting at the 2012 Summer Olympics – Men's 105 kg,Weightlifting,17,14,6 August 2012,
event_Q1433079,Athletics at the 2004 Summer Olympics – Women's long jump,Athletics,39,27,25–27 August,7.07
event_Q15056100,Freestyle skiing at the 2014 Winter Olympics – Men's aerials,Freestyle skiing,21,9,17 February 2014,
event_Q7400319,Sailing at the 1996 Summer Olympics – Men's 470,Sailing,72,36,24 July to 1 August,
event_Q7656686,Swimming at the 1988 Summer Olympics – Men's 100 metre butterfly,Swimming,55,38,20 September 1988 (heats)21 September 1988 (finals),53.00 swimming
event_Q3498597,Wrestling at the 1992 Summer Olympics – Men's freestyle 82 kg,Wrestling,19,19,5–7 August 1992,
event_Q3498966,Wrestling at the 1992 Summer Olympics – Men's freestyle 57 kg,Wrestling,18,18,5–7 August 1992,
event_Q1360895,Shooting at the 2008 Summer Olympics – Women's 25 metre pistol,Shooting,41,28,"August 13, 2008",793.4 (OR)
event_Q1222466,Alpine skiing at the 1988 Winter Olympics – Women's downhill,Alpine skiing,35,14,"February 19, 1988",1:25.86
event_Q24906829,Wrestling at the 2016 Summer Olympics – Men's Greco-Roman 59 kg,Wrestling,19,19,14 August 2016,
event_Q7400328,Sailing at the 2000 Summer Olympics – Finn,Sailing,25,25,First race: 23 September 2000Last race: 30 September 2000,
event_Q3001459,Cycling at the 2000 Summer Olympics – Men's individual road race,Cycling,154,41,27 September,5:29:08
event_Q7400320,Sailing at the 1996 Summer Olympics – Men's Mistral One Design,Sailing,46,46,22 July to 2 August,
event_Q279295,Skeleton at the 2002 Winter Olympics – Women's,Skeleton,13,10,"February 20, 2002",
event_Q841946,Alpine skiing at the 2010 Winter Olympics – Women's downhill,Alpine skiing,45,22,"February 17, 2010",1:44.19
event_Q14643199,Biathlon at the 2014 Winter Olympics – Women's pursuit,Biathlon,57,23,11 February 2014,29:30.7
event_Q1222632,Skeleton at the 2006 Winter Olympics – Women's,Skeleton,15,12,16 February 2006,
event_Q1005235,Wrestling at the 2008 Summer Olympics – Men's Greco-Roman 55 kg,Wrestling,19,19,12 August 2008,
event_Q923513,Wrestling at the 2008 Summer Olympics – Men's freestyle 84 kg,Wrestling,20,20,21 August 2008,
event_Q704595,Taekwondo at the 2008 Summer Olympics – Men's 58 kg,Taekwondo,16,16,20 August 2008,
event_Q942244,Tennis at the 2000 Summer Olympics – Women's singles,Tennis,64,33,19–27 September 2000,
event_Q15056104,Freestyle skiing at the 2014 Winter Olympics – Women's slopestyle,Freestyle skiing,22,15,11 February 2014,94.20
event_Q1432289,"Athletics at the 2000 Summer Olympics – Women's 10,000 metres",Athletics,41,27,27 September 2000 (heats)30 September 2000 (final),30:17.49 athletics
event_Q2297621,Cycling at the 2012 Summer Olympics – Men's team pursuit,Cycling,44,10,2 to 3 August 2012,"3:51.659 WR, OR"
event_Q917333,Athletics at the 2008 Summer Olympics – Women's long jump,Athletics,42,33,19 August 2008 (qualification)22 August 2008 (final),7.04
event_Q1372090,Weightlifting at the 2012 Summer Olympics – Men's 94 kg,Weightlifting,21,18,4 August 2012,
event_Q488601,Athletics at the 1988 Summer Olympics – Men's 100 metres,Athletics,102,69,23 & 24 September,9.92 athletics
event_Q1222644,Alpine skiing at the 1994 Winter Olympics – Women's super-G,Alpine skiing,55,23,15 February 1994,1:22.15
event_Q3498626,Wrestling at the 1988 Summer Olympics – Men's freestyle 90 kg,Wrestling,28,28,27–29 September 1988,
event_Q1222474,Alpine skiing at the 1998 Winter Olympics – Women's downhill,Alpine skiing,39,16,"February 16, 1998",1:28.89
event_Q15055083,Snowboarding at the 2014 Winter Olympics – Women's parallel giant slalom,Snowboarding,32,15,19 February 2014,
event_Q681571,Shooting at the 2012 Summer Olympics – Men's trap,Shooting,34,27,5 August 20126 August 2012,146 shooting
event_Q523492,Ski jumping at the 1994 Winter Olympics – Large hill individual,Ski jumping,58,19,"February 20, 1994",274.5
event_Q15055007,Alpine skiing at the 2014 Winter Olympics – Women's combined,Alpine skiing,36,20,10 February 2014,2:34.62
event_Q936086,Swimming at the 2008 Summer Olympics – Men's 100 metre freestyle,Swimming,64,55,"August 12, 2008 (heats)August 13, 2008 (semifinals)August 14, 2008 (final)",47.21
event_Q2430785,Table tennis at the 2012 Summer Olympics – Women's team,Table tennis,49,16,3 August to 7 August 2012,
event_Q1221869,Cross-country skiing at the 1992 Winter Olympics – Women's 10 kilometre freestyle pursuit,Cross-country skiing,58,21,15 February 1992,25:53.7
event_Q1222299,Snowboarding at the 2002 Winter Olympics – Women's halfpipe,Snowboarding,23,12,10 February 2002,47.9
event_Q7500827,Shooting at the 2004 Summer Olympics – Men's 50 metre pistol,Shooting,42,31,17 August 2004,663.3
event_Q917747,Alpine skiing at the 2006 Winter Olympics – Men's combined,Alpine skiing,60,27,"February 14, 2006",3:09.35
event_Q1222092,Biathlon at the 2002 Winter Olympics – Women's relay,Biathlon,60,15,18 February 2002,1:27:55.0
event_Q905493,Weightlifting at the 2012 Summer Olympics – Women's 48 kg,Weightlifting,14,12,28 July 2012,
event_Q3499032,Wrestling at the 1988 Summer Olympics – Men's freestyle 68 kg,Wrestling,30,30,29 September–1 October 1988,
event_Q7500842,Shooting at the 2004 Summer Olympics – Women's double trap,Shooting,15,12,"August 18, 2004",146
event_Q780808,Speed skating at the 1992 Winter Olympics – Women's 5000 metres,Speed skating,24,11,"February 17, 1992",7:31.57
event_Q1005260,Wrestling at the 2008 Summer Olympics – Men's Greco-Roman 74 kg,Wrestling,20,20,13 August 2008,
event_Q15055036,Cross-country skiing at the 2014 Winter Olympics – Men's sprint,Cross-country skiing,86,40,11 February 2014,3:38.39
event_Q917217,Biathlon at the 2010 Winter Olympics – Women's individual,Biathlon,87,31,18 February 2010,40:52.8
event_Q7979967,Weightlifting at the 1992 Summer Olympics – Men's +110 kg,Weightlifting,20,16,4 August 1992,450 kg
event_Q7500813,Shooting at the 2000 Summer Olympics – Men's 50 metre rifle three positions,Shooting,44,29,23 September 2000,1275.1 (OR)
event_Q1222023,Cross-country skiing at the 1994 Winter Olympics – Women's 30 kilometre classical,Cross-country skiing,53,19,24 February 1994,1:25:41.6
event_Q1221915,Speed skating at the 1998 Winter Olympics – Women's 1500 metres,Speed skating,35,15,"February 16, 1998",1:57.58 WR
event_Q7656694,Swimming at the 1988 Summer Olympics – Men's 200 metre individual medley,Swimming,58,36,25 September 1988 (heats & finals),2:00.17 swimming
event_Q15056225,Speed skating at the 2014 Winter Olympics – Men's 500 metres,Speed skating,40,16,10 February 2014,69.31 (34.63 & 34.67)
event_Q2308161,Modern pentathlon at the 2012 Summer Olympics – Men's,Modern pentathlon,36,24,11 August,5928 OR
event_Q4786036,Archery at the 1988 Summer Olympics – Men's team,Archery,66,22,27 September – 1 October 1988,
event_Q1198508,Swimming at the 2012 Summer Olympics – Women's 200 metre individual medley,Swimming,34,28,"July 30, 2012 (heats &semifinals)July 31, 2012 (final)",2:07.57 swimming
event_Q1005486,Bobsleigh at the 2010 Winter Olympics – Two-man,Bobsleigh,27,18,20–21 February 2010,3:27.51
event_Q679802,Wrestling at the 2008 Summer Olympics – Men's freestyle 66 kg,Wrestling,21,21,20 August 2008,
event_Q1426735,Athletics at the 1996 Summer Olympics – Women's 100 metres,Athletics,56,42,"26 July 1996 (heats, quarter-finals)27 July 1996 (semi-finals, finals)",10.94
event_Q15052025,Biathlon at the 2014 Winter Olympics – Women's relay,Biathlon,68,17,21 February 2014,1:10:02.5
event_Q1222497,Alpine skiing at the 2002 Winter Olympics – Women's slalom,Alpine skiing,70,35,"February 20, 2002",1:46.10
event_Q7979984,Weightlifting at the 1996 Summer Olympics – Men's 59 kg,Weightlifting,20,19,21 July 1996,307.5 kg
event_Q918076,Skeleton at the 2010 Winter Olympics – Men's,Skeleton,28,17,18–19 February 2010,3:29.73
event_Q1222232,Biathlon at the 1992 Winter Olympics – Women's sprint,Biathlon,69,20,"February 11, 1992",24:29.2
event_Q3499929,Wrestling at the 1988 Summer Olympics – Men's Greco-Roman 68 kg,Wrestling,31,31,20–22 September 1988,
event_Q263070,Alpine skiing at the 2002 Winter Olympics – Women's combined,Alpine skiing,31,14,"February 14, 2002",2:43.28
event_Q7674782,Taekwondo at the 2000 Summer Olympics – Women's 57 kg,Taekwondo,12,12,28 September,
event_Q761318,Gymnastics at the 2008 Summer Olympics – Women's balance beam,Gymnastics,8,5,August 19,
event_Q3400667,Cycling at the 1996 Summer Olympics – Men's individual pursuit,Cycling,18,18,24 July 1996 (qualifying round & quarterfinals)25 July 1996 (semifinals)26 July 1996 (final),
event_Q15054999,Alpine skiing at the 2014 Winter Olympics – Women's giant slalom,Alpine skiing,90,48,18 February 2014,2:36.87
event_Q841622,Tennis at the 2012 Summer Olympics – Women's doubles,Tennis,62,21,28 July to 5 August 2012,
event_Q904345,Athletics at the 2008 Summer Olympics – Women's high jump,Athletics,31,24,21 August 2008 (qualification)23 August 2008 (final),2.05
event_Q1432202,Athletics at the 2000 Summer Olympics – Women's high jump,Athletics,37,27,28 September 2000 (qualifications) 30 September 2000 (final),2.01
event_Q22964447,Rowing at the 1996 Summer Olympics – Women's double sculls,Rowing,28,14,21–27 July 1996,
event_Q1222127,Speed skating at the 1998 Winter Olympics – Women's 500 metres,Speed skating,38,14,"February 13–14, 1998",1:16.60
event_Q15055004,Alpine skiing at the 2014 Winter Olympics – Men's slalom,Alpine skiing,115,61,22 February 2014,1:41.84
event_Q4786041,Archery at the 1992 Summer Olympics – Men's team,Archery,60,20,31 July – 4 August 1992,
event_Q975449,Badminton at the 2004 Summer Olympics – Mixed doubles,Badminton,23,17,14 August to 19 August 2004,
event_Q429621,Alpine skiing at the 2010 Winter Olympics – Women's slalom,Alpine skiing,87,47,"February 26, 2010",1:42.89
event_Q915092,Biathlon at the 2006 Winter Olympics – Women's relay,Biathlon,72,18,23 February 2006,1:16:12.5
event_Q942805,Tennis at the 2004 Summer Olympics – Women's doubles,Tennis,64,22,15 to 22 August 2004,
event_Q1221917,Short-track speed skating at the 2002 Winter Olympics – Women's 1500 metres,Short-track speed skating,28,17,13 February 2002,2:31.581
event_Q2329168,Cycling at the 2012 Summer Olympics – Women's keirin,Cycling,18,18,3 August,
event_Q15056099,Freestyle skiing at the 2014 Winter Olympics – Women's aerials,Freestyle skiing,22,9,14 February 2014,98.01
event_Q7500743,Shooting at the 1988 Summer Olympics – Men's 50 metre pistol,Shooting,43,31,18 September 1988,660 shooting
event_Q1222187,Biathlon at the 1998 Winter Olympics – Women's sprint,Biathlon,64,24,15 February 1998,23:08.0
event_Q1222124,Short-track speed skating at the 2002 Winter Olympics – Women's 500 metres,Short-track speed skating,29,17,16 February 2002,44.187
event_Q2460802,Rowing at the 2008 Summer Olympics – Men's single sculls,Rowing,32,32,9–16 August 2008,6:59.83
event_Q2358214,Wrestling at the 2012 Summer Olympics – Men's freestyle 55 kg,Wrestling,19,19,10 August 2012,
event_Q637365,Athletics at the 1996 Summer Olympics – Men's decathlon,Athletics,40,25,July 31-August 1,8824
event_Q7674793,Taekwondo at the 2004 Summer Olympics – Women's 67 kg,Taekwondo,15,15,28 August,
event_Q22964450,Rowing at the 1996 Summer Olympics – Women's quadruple sculls,Rowing,40,10,22–28 July 1996,
event_Q2521899,Equestrian at the 2012 Summer Olympics – Team eventing,Equestrian,62,13,28–31 July 2012,
event_Q970610,"Speed skating at the 1988 Winter Olympics – Men's 10,000 metres",Speed skating,32,19,21 February 1988,13:48.20 speed skating
event_Q6303884,Judo at the 2000 Summer Olympics – Women's +78 kg,Judo,24,24,22 September 2000,
event_Q827175,Cross-country skiing at the 2006 Winter Olympics – Women's 4 × 5 kilometre relay,Cross-country skiing,68,17,18 February 2006,54:47.7
event_Q7500822,Shooting at the 2000 Summer Olympics – Women's double trap,Shooting,17,12,19 September 2000,148 (OR)
event_Q3499038,Wrestling at the 1992 Summer Olympics – Men's freestyle 68 kg,Wrestling,21,21,3–5 August 1992,
event_Q956359,Cross-country skiing at the 2002 Winter Olympics – Men's 15 kilometre classical,Cross-country skiing,67,26,12 February 2002,37:07.4
event_Q1222186,Biathlon at the 1994 Winter Olympics – Women's sprint,Biathlon,69,28,23 February 1994,26:08.8
event_Q906117,Alpine skiing at the 2010 Winter Olympics – Men's slalom,Alpine skiing,102,56,"February 27, 2010",1:39.32
event_Q1222259,Luge at the 1998 Winter Olympics – Women's singles,Luge,29,15,10–11 February 1998,3:18.436
event_Q955688,Speed skating at the 1988 Winter Olympics – Men's 500 metres,Speed skating,37,15,14 February 1988,36.45 WR
event_Q7656707,Swimming at the 1988 Summer Olympics – Women's 100 metre freestyle,Swimming,58,36,18 September 1988 (heats)19 September 1988 (finals),54.93
event_Q1222137,Short-track speed skating at the 1998 Winter Olympics – Women's 500 metres,Short-track speed skating,32,13,19 February 1998,46.568
event_Q7500809,Shooting at the 2000 Summer Olympics – Men's 50 metre pistol,Shooting,36,27,19 September 2000,666.0
event_Q1222492,Freestyle skiing at the 1994 Winter Olympics – Women's moguls,Freestyle skiing,24,13,15–16 February 1994,25.97
event_Q1222654,Freestyle skiing at the 1994 Winter Olympics – Women's aerials,Freestyle skiing,24,14,21–24 February 1994,166.84
event_Q2358254,Wrestling at the 2012 Summer Olympics – Men's Greco-Roman 96 kg,Wrestling,19,19,7 August 2012,
event_Q922361,Athletics at the 2008 Summer Olympics – Women's hammer throw,Athletics,50,34,18 August 2008 (qualification)20 August 2008 (final),76.34 athletics
event_Q870651,Nordic combined at the 1998 Winter Olympics – Team,Nordic combined,44,11,19–20 February 1998,Team jump: 901.0Ski time: 54:03.5Final time: 54:11.5
event_Q25384916,Fencing at the 2016 Summer Olympics – Men's team foil,Fencing,31,8,12 August 2016,
event_Q6303861,Judo at the 1996 Summer Olympics – Men's 60 kg,Judo,34,34,26 July 1996,
event_Q914969,Triathlon at the 2008 Summer Olympics – Women's,Triathlon,55,30,18 August,1:58:27.66
event_Q1222101,Biathlon at the 1998 Winter Olympics – Women's relay,Biathlon,68,17,19 February 1998,1:40:13.6
event_Q1438466,Athletics at the 1996 Summer Olympics – Men's pole vault,Athletics,37,24,31 July 1996 (qualifying)2 August 1996 (final),5.92 athletics
event_Q5198393,Cycling at the 2000 Summer Olympics – Women's sprint,Cycling,12,12,18–20 September 2000,
event_Q840683,Tennis at the 2012 Summer Olympics – Mixed doubles,Tennis,32,13,1 August to 5 August 2012,
event_Q632742,Fencing at the 2000 Summer Olympics – Men's épée,Fencing,42,22,16 September,
event_Q1221912,Speed skating at the 1992 Winter Olympics – Women's 1500 metres,Speed skating,33,14,"February 12, 1992",2:05.87
event_Q1222549,Rowing at the 2008 Summer Olympics – Women's quadruple sculls,Rowing,,,,
event_Q752428,Tennis at the 2008 Summer Olympics – Men's singles,Tennis,,,10–17 August 2008,
event_Q7500741,Shooting at the 1988 Summer Olympics – Men's 10 metre air pistol,Shooting,44,29,"September 24, 1988",687.9 (OR)
event_Q1222437,Alpine skiing at the 2002 Winter Olympics – Women's downhill,Alpine skiing,39,17,"February 12, 2002",1:39.56
event_Q7656701,Swimming at the 1988 Summer Olympics – Men's 50 metre freestyle,Swimming,71,44,24 September 1988 (heats & finals),22.14 swimming
event_Q3499009,Wrestling at the 1988 Summer Olympics – Men's freestyle 130 kg,Wrestling,15,15,29 September–1 October 1988,
event_Q1005036,Swimming at the 2008 Summer Olympics – Men's 200 metre butterfly,Swimming,44,39,"August 11, 2008 (heats)August 12, 2008 (semifinals)August 13, 2008 (final)",1:52.03 swimming
event_Q15055029,Cross-country skiing at the 2014 Winter Olympics – Men's 50 kilometre freestyle,Cross-country skiing,64,26,23 February 2014,1:46:55.2
event_Q3001452,Cycling at the 1988 Summer Olympics – Men's individual road race,Cycling,136,54,September 27,4:32:22
event_Q7500830,Shooting at the 2004 Summer Olympics – Men's 25 metre rapid fire pistol,Shooting,17,14,21 August 2004,694.9
event_Q15055018,Cross-country skiing at the 2014 Winter Olympics – Women's 10 kilometre classical,Cross-country skiing,76,40,13 February 2014,28:17.8
event_Q910720,Alpine skiing at the 2010 Winter Olympics – Men's combined,Alpine skiing,52,22,"February 21, 2010",2:44.92
event_Q962650,Equestrian at the 2012 Summer Olympics – Individual dressage,Equestrian,50,23,2–9 August 2012,
event_Q7500802,Shooting at the 1996 Summer Olympics – Women's 50 metre rifle three positions,Shooting,38,21,24 July 1996,686.1 (OR)
event_Q526793,Speed skating at the 1988 Winter Olympics – Women's 1500 metres,Speed skating,28,13,"February 27, 1988",2:00.68
event_Q31843483,Equestrian at the 1988 Summer Olympics – Team jumping,Equestrian,64,16,28 September,
event_Q1222018,Cross-country skiing at the 1992 Winter Olympics – Women's 30 kilometre freestyle,Cross-country skiing,57,19,21 February 1992,1:22:30.1
event_Q7400345,Sailing at the 2004 Summer Olympics – Men's Mistral One Design,Sailing,34,34,First race: 2004-08-15Last race: 2004-08-25,
event_Q940196,Shooting at the 2008 Summer Olympics – Men's 10 metre air pistol,Shooting,48,35,"August 9, 2008",688.2
event_Q7500810,Shooting at the 2000 Summer Olympics – Men's 25 metre rapid fire pistol,Shooting,20,17,20 September 200021 September 2000,687.6
event_Q4903025,Figure skating at the 2002 Winter Olympics – Pair skating,Figure skating,20,12,"February 9 & 11, 2002",
event_Q30680431,Equestrian at the 1992 Summer Olympics – Individual dressage,Equestrian,48,18,2–5 August,
event_Q7400325,Sailing at the 1996 Summer Olympics – Women's 470,Sailing,44,22,24 July to 1 August,
event_Q746397,Snowboarding at the 2006 Winter Olympics – Men's parallel giant slalom,Snowboarding,36,14,22 February 2006,
event_Q1426854,Athletics at the 1996 Summer Olympics – Men's 800 metres,Athletics,56,40,28 to 31 July,1:42.58 athletics
event_Q7400340,Sailing at the 2004 Summer Olympics – Europe,Sailing,25,25,First race: 2004-08-15Last race: 2004-08-22,
event_Q848641,Luge at the 2010 Winter Olympics – Men's singles,Luge,38,22,13–14 February 2010,3:13.085
event_Q829370,Tennis at the 2012 Summer Olympics – Women's singles,Tennis,64,33,28 July to 4 August 2012,
event_Q635603,Speed skating at the 2002 Winter Olympics – Women's 5000 metres,Speed skating,16,7,"February 23, 2002",6:49.91 WR
event_Q3499066,Wrestling at the 1988 Summer Olympics – Men's freestyle 82 kg,Wrestling,29,29,29 September–1 October 1988,
event_Q782385,Figure skating at the 2006 Winter Olympics – Ice dance,Figure skating,24,16,"February 17, 2006 February 19, 2006 February 20, 2006",200.64
event_Q7500832,Shooting at the 2004 Summer Olympics – Men's 50 metre rifle prone,Shooting,46,34,"August 20, 2004",703.3
event_Q1222251,Luge at the 1992 Winter Olympics – Women's singles,Luge,24,12,11–12 February 1992,3:06.049
event_Q6303859,Judo at the 1996 Summer Olympics – Men's 65 kg,Judo,36,36,25 July 1996,
event_Q2558792,Sailing at the 2008 Summer Olympics – Women's RS:X,Sailing,27,27,First race: 2008-08-11Last race: 2008-08-20,
event_Q18728,Curling at the 2010 Winter Olympics – Men's tournament,Curling,,,"February 16–27, 2010",
event_Q736527,Shooting at the 2008 Summer Olympics – Women's 10 metre air pistol,Shooting,44,30,"August 10, 2008",492.3 (OR)
event_Q24906792,Cycling at the 2016 Summer Olympics – Women's road time trial,Cycling,25,18,10 August 2016,44:26.42
event_Q7400344,Sailing at the 2004 Summer Olympics – Men's 470,Sailing,54,27,First race: 2004-08-14Last race: 2004-08-21,
event_Q3390067,Weightlifting at the 1996 Summer Olympics – Men's 54 kg,Weightlifting,22,19,20 July 1996,287.5 kg
event_Q22964444,Rowing at the 1992 Summer Olympics – Men's coxed pair,Rowing,49,16,28 July – 2 August 1992,6:49.83
event_Q4951843,Boxing at the 2000 Summer Olympics – Light middleweight,Boxing,28,28,19 September to 1 October 2000,
event_Q1005262,Wrestling at the 2008 Summer Olympics – Men's freestyle 74 kg,Wrestling,21,21,20 August 2008,
event_Q2269694,Cycling at the 2012 Summer Olympics – Women's team sprint,Cycling,20,10,2 August,32.798
event_Q30680433,Equestrian at the 1988 Summer Olympics – Individual dressage,Equestrian,53,18,24–27 September,
event_Q2410252,Sailing at the 2012 Summer Olympics – Finn,Sailing,24,24,29 July – 5 August,
event_Q847592,Athletics at the 2008 Summer Olympics – Women's pole vault,Athletics,36,24,16 August 2008 (qualification)18 August 2008 (final),5.05 m athletics
event_Q1222641,Alpine skiing at the 1988 Winter Olympics – Women's super-G,Alpine skiing,46,20,"February 22, 1988",1:19.03
event_Q2269716,Swimming at the 2012 Summer Olympics – Women's 200 metre breaststroke,Swimming,34,27,"August 1, 2012 (heats &semifinals)August 2, 2012 (final)",2:19.59 swimming
event_Q2634499,"Athletics at the 2004 Summer Olympics – Men's 10,000 metres",Athletics,24,14,20 August,27:05.10 athletics
event_Q905715,Alpine skiing at the 2010 Winter Olympics – Women's giant slalom,Alpine skiing,86,47,"February 24 – 25, 2010",2:27.11
event_Q936622,Athletics at the 2004 Summer Olympics – Men's 20 kilometres walk,Athletics,48,28,20 August,1:19:40
event_Q7400317,Sailing at the 1996 Summer Olympics – Europe,Sailing,28,28,22 July to 2 August,
event_Q7400350,Sailing at the 2004 Summer Olympics – Yngling,Sailing,48,16,First race: 2004-08-14Last race: 2004-08-20,
event_Q15052022,Biathlon at the 2014 Winter Olympics – Women's mass start,Biathlon,30,15,17 February 2014,35:25.6
event_Q1426826,Athletics at the 2000 Summer Olympics – Men's decathlon,Athletics,36,23,27–28 September,8641
event_Q919242,Canoeing at the 2012 Summer Olympics – Women's K-1 200 metres,Canoeing,29,29,10 to 11 August,44.638
event_Q901754,Tennis at the 1992 Summer Olympics – Men's singles,Tennis,64,35,28 July–8 August 1992,
event_Q853040,Athletics at the 2008 Summer Olympics – Women's 100 metres,Athletics,85,69,August 16 (heats)August 17 (semifinal and final),10.78 s
event_Q1222257,Luge at the 1994 Winter Olympics – Women's singles,Luge,25,14,15–16 February 1994,3:15.517
event_Q919388,Canoeing at the 2012 Summer Olympics – Women's K-1 500 metres,Canoeing,25,25,7 to 9 August,1:51.456
event_Q15056224,Speed skating at the 2014 Winter Olympics – Women's 500 metres,Speed skating,35,12,11 February 2014,74.70
event_Q1005237,Wrestling at the 2008 Summer Olympics – Men's Greco-Roman 60 kg,Wrestling,20,20,12 August 2008,
event_Q15055037,Cross-country skiing at the 2014 Winter Olympics – Women's 4 × 5 kilometre relay,Cross-country skiing,56,14,15 February 2014,53:02.7
event_Q7500798,Shooting at the 1996 Summer Olympics – Women's 10 metre air pistol,Shooting,41,26,21 July 1996,490.1 (OR)
event_Q901122,Tennis at the 1992 Summer Olympics – Women's singles,Tennis,64,30,28 July–7 August 1992,
event_Q2303578,Taekwondo at the 2012 Summer Olympics – Women's 67 kg,Taekwondo,16,16,10 August,
event_Q1222203,Alpine skiing at the 1988 Winter Olympics – Women's combined,Alpine skiing,39,14,"February 20–21, 1988",29.25
event_Q853023,Athletics at the 2008 Summer Olympics – Men's 20 kilometres walk,Athletics,51,30,August 16,1:19:01
event_Q4786038,Archery at the 1988 Summer Olympics – Women's team,Archery,45,15,27 September – 1 October 1988,
event_Q15055081,Snowboarding at the 2014 Winter Olympics – Men's halfpipe,Snowboarding,39,16,11 February 2014,94.75
event_Q7674779,Taekwondo at the 2000 Summer Olympics – Men's 68 kg,Taekwondo,14,14,28 September,
event_Q2451718,Table tennis at the 2012 Summer Olympics – Women's singles,Table tennis,70,45,28 July – 1 August,
event_Q7656727,Swimming at the 1988 Summer Olympics – Women's 50 metre freestyle,Swimming,50,33,25 September 1988 (heats & finals),25.49 swimming
event_Q25396733,Shooting at the 2016 Summer Olympics – Men's 10 metre air pistol,Shooting,46,35,6 August 2016,202.5 shooting
event_Q1005660,Taekwondo at the 2008 Summer Olympics – Men's +80 kg,Taekwondo,16,16,23 August 2008,
event_Q7500799,Shooting at the 1996 Summer Olympics – Women's 10 metre air rifle,Shooting,49,31,20 July 1996,497.6
event_Q916724,Cross-country skiing at the 2010 Winter Olympics – Men's 50 kilometre classical,Cross-country skiing,55,22,28 February 2010,2:05:35.5
event_Q1001497,Sailing at the 2008 Summer Olympics – Finn,Sailing,26,26,First race: 2008-08-09Last race: 2008-08-17,
event_Q2268100,Shooting at the 2012 Summer Olympics – Men's skeet,Shooting,36,26,30 July 201231 July 2012,148
event_Q1005434,Canoeing at the 2012 Summer Olympics – Men's K-1 200 metres,Canoeing,20,20,10 to 11 August,36.246
event_Q917743,Alpine skiing at the 2006 Winter Olympics – Men's slalom,Alpine skiing,97,49,"February 25, 2006",1:43.14
event_Q15055079,Snowboarding at the 2014 Winter Olympics – Women's halfpipe,Snowboarding,28,13,12 February 2014,91.75
event_Q1360804,Archery at the 2008 Summer Olympics – Women's individual,Archery,64,35,9–15 August 2008,110
event_Q1222176,Biathlon at the 2002 Winter Olympics – Women's sprint,Biathlon,74,27,"February 13, 2002",20:41.4
event_Q2723756,Athletics at the 2004 Summer Olympics – Women's 5000 metres,Athletics,41,28,20–23 August,14:45.65
event_Q963453,Gymnastics at the 1996 Summer Olympics – Women's artistic team all-around,Gymnastics,82,12,"July 21-23, 1996",
event_Q1222165,Cross-country skiing at the 1992 Winter Olympics – Women's 5 kilometre classical,Cross-country skiing,62,21,13 February 1992,14:13.8
event_Q2390636,Canoeing at the 2012 Summer Olympics – Men's C-1 200 metres,Canoeing,25,25,10 to 11 August,42.291
event_Q767959,Wrestling at the 2012 Summer Olympics – Men's freestyle 96 kg,Wrestling,19,19,12 August 2012,
event_Q683164,Swimming at the 2008 Summer Olympics – Men's 400 metre individual medley,Swimming,29,22,August 9 (heats)August 10 (final),4:03.84 swimming
event_Q2380135,Weightlifting at the 2012 Summer Olympics – Women's 63 kg,Weightlifting,10,10,31 July 2012,
event_Q339188,Speed skating at the 1992 Winter Olympics – Women's 500 metres,Speed skating,34,12,"February 10, 1992",40.33
event_Q3499941,Wrestling at the 1988 Summer Olympics – Men's Greco-Roman 62 kg,Wrestling,17,17,18–20 September 1988,
event_Q241789,Weightlifting at the 2012 Summer Olympics – Women's 53 kg,Weightlifting,18,17,29 July 2012,
event_Q1222108,Speed skating at the 1998 Winter Olympics – Women's 5000 metres,Speed skating,16,9,"February 20th, 1998",6:59.61 WR
event_Q7656716,Swimming at the 1988 Summer Olympics – Women's 200 metre butterfly,Swimming,28,21,25 September 1988 (heats & finals),2:09.51
event_Q15055001,Alpine skiing at the 2014 Winter Olympics – Men's giant slalom,Alpine skiing,109,62,19 February 2014,2:45.29
event_Q947678,Athletics at the 2008 Summer Olympics – Women's 20 kilometres walk,Athletics,48,30,21 August 2008,1:26:31 athletics
event_Q1005606,Shooting at the 2008 Summer Olympics – Men's 10 metre air rifle,Shooting,51,37,"August 11, 2008",700.5
event_Q7656720,Swimming at the 1988 Summer Olympics – Women's 400 metre freestyle,Swimming,30,21,22 September 1988 (heats & finals),4:03.85 swimming
event_Q782722,Sailing at the 2012 Summer Olympics – 49er,Sailing,40,20,30 July – 8 August,
event_Q3498614,Wrestling at the 1992 Summer Olympics – Men's freestyle 62 kg,Wrestling,21,21,5–7 August 1992,
event_Q275887,Cycling at the 1996 Summer Olympics – Men's time trial,Cycling,38,23,,1:04:05
event_Q15021060,Biathlon at the 2014 Winter Olympics – Men's individual,Biathlon,89,31,13 February 2014,49:31.7
event_Q7656713,Swimming at the 1988 Summer Olympics – Women's 200 metre backstroke,Swimming,34,25,25 September 1988 (heats & finals),2:09.29 swimming
event_Q1221812,Short-track speed skating at the 1998 Winter Olympics – Women's 1000 metres,Short-track speed skating,31,13,21 February 1998,1:42.776
event_Q6303882,Judo at the 2000 Summer Olympics – Men's 90 kg,Judo,32,32,20 September 2000,
event_Q220386,Cross-country skiing at the 2010 Winter Olympics – Women's 15 kilometre pursuit,Cross-country skiing,68,25,19 February 2010,39:58.1
event_Q938791,Short-track speed skating at the 2010 Winter Olympics – Men's 1000 metres,Short-track speed skating,32,18,"February 20, 2010",1:23.747
event_Q1005363,Cycling at the 2008 Summer Olympics – Men's sprint,Cycling,21,15,August 17 (preliminaries—2nd round)August 18 (quarterfinals)August 19 (semifinals and finals),10.228/10.216
event_Q7400316,Sailing at the 1996 Summer Olympics – Finn,Sailing,31,31,22 July to 2 August,
event_Q1005614,Cycling at the 2008 Summer Olympics – Men's Madison,Cycling,32,16,August 19,
event_Q7500834,Shooting at the 2004 Summer Olympics – Men's skeet,Shooting,41,32,"August 21, 2004August 22, 2004",149
event_Q927660,Tennis at the 1996 Summer Olympics – Men's singles,Tennis,64,36,23 July–3 August 1996,
event_Q629871,Nordic combined at the 2006 Winter Olympics – Individual Gundersen,Nordic combined,50,15,"February 11, 2006",39:44.6
event_Q848278,Athletics at the 2008 Summer Olympics – Women's shot put,Athletics,35,22,16 August 2008,20.56
event_Q916711,Cross-country skiing at the 2010 Winter Olympics – Men's team sprint,Cross-country skiing,44,22,22 February 2010,19:01.0
event_Q2196657,Weightlifting at the 2012 Summer Olympics – Men's 85 kg,Weightlifting,23,20,3 August 2012,
event_Q15056222,Speed skating at the 2014 Winter Olympics – Men's 1500 metres,Speed skating,40,18,15 February 2014,1:45.00
event_Q1222134,Short-track speed skating at the 1992 Winter Olympics – Women's 500 metres,Short-track speed skating,27,14,18–22 February 1992,47.04
event_Q1346374,Shooting at the 2008 Summer Olympics – Men's 50 metre rifle three positions,Shooting,49,31,"August 17, 2008",1272.5
event_Q903439,Athletics at the 2008 Summer Olympics – Men's pole vault,Athletics,38,25,20 August 2008 (qualifying)22 August 2008 (final),5.96 athletics
event_Q25455359,Canoeing at the 2016 Summer Olympics – Men's K-1 1000 metres,Canoeing,21,21,15–16 August 2016,3:31.447
event_Q905555,Swimming at the 2012 Summer Olympics – Men's 200 metre breaststroke,Swimming,34,28,"July 31, 2012 (heats &semifinals)August 1, 2012 (final)",2:07.28 swimming
event_Q727488,Cycling at the 2008 Summer Olympics – Men's road time trial,Cycling,39,29,August 13,1:02:1146.05
event_Q1222209,Alpine skiing at the 1992 Winter Olympics – Women's combined,Alpine skiing,40,18,"February 12–13, 1992",2.55
event_Q2353509,Shooting at the 2012 Summer Olympics – Women's trap,Shooting,22,21,4 August 2012,99
event_Q15052019,Biathlon at the 2014 Winter Olympics – Women's individual,Biathlon,82,32,14 February 2014,43:19.6
event_Q531844,Nordic combined at the 2006 Winter Olympics – Sprint,Nordic combined,49,15,"February 21, 2006",18:38.6
event_Q1004896,Weightlifting at the 2008 Summer Olympics – Men's 105 kg,Weightlifting,20,16,18 August 2008,
event_Q1222646,Alpine skiing at the 1998 Winter Olympics – Women's super-G,Alpine skiing,43,19,"February 11, 1998",1:18.02
event_Q916771,Speed skating at the 2010 Winter Olympics – Women's 5000 metres,Speed skating,16,9,24 February 2010,6:50.92
event_Q276040,Cycling at the 1996 Summer Olympics – Women's time trial,Cycling,24,16,3 August 1996,36:40
event_Q905659,Biathlon at the 2010 Winter Olympics – Men's individual,Biathlon,88,32,"February 18, 2010",
event_Q1222066,Cross-country skiing at the 2002 Winter Olympics – Women's 4 × 5 kilometre relay,Cross-country skiing,52,13,21 February 2002,49:30.6
event_Q7979973,Weightlifting at the 1992 Summer Olympics – Men's 60 kg,Weightlifting,31,26,28 July 1992,320.0 kg
event_Q25386262,Fencing at the 2016 Summer Olympics – Men's épée,Fencing,38,20,9 August 2016,
event_Q31843481,Equestrian at the 1988 Summer Olympics – Individual eventing,Equestrian,50,16,19–22 September,
event_Q7500753,Shooting at the 1988 Summer Olympics – Women's 10 metre air rifle,Shooting,45,29,18 September 1988,498.5 (OR)
event_Q938779,Short-track speed skating at the 2010 Winter Olympics – Women's 500 metres,Short-track speed skating,32,17,"February 13, 17, 2010",43.048
event_Q7400318,Sailing at the 1996 Summer Olympics – Laser,Sailing,56,56,23 July to 31 July,
event_Q7656726,Swimming at the 1988 Summer Olympics – Women's 800 metre freestyle,Swimming,27,19,23 September 1988 (heats)24 September 1988 (final),
event_Q3498949,Wrestling at the 1992 Summer Olympics – Men's Greco-Roman 62 kg,Wrestling,21,21,28–30 July 1992,
event_Q1426670,Athletics at the 1996 Summer Olympics – Men's javelin throw,Athletics,34,21,2 August (qualification)3 August (final),88.16
event_Q1433072,Athletics at the 2004 Summer Olympics – Men's discus throw,Athletics,39,26,21–23 August,69.89 athletics
event_Q280553,Biathlon at the 2002 Winter Olympics – Men's pursuit,Biathlon,57,25,16 February 2002,32:34.6
event_Q15052014,Biathlon at the 2014 Winter Olympics – Men's relay,Biathlon,76,19,22 February 2014,1:12:15.9
event_Q7500838,Shooting at the 2004 Summer Olympics – Women's 25 metre pistol,Shooting,37,26,"August 18, 2004",688.2 shooting
event_Q1432033,Athletics at the 2000 Summer Olympics – Women's pole vault,Athletics,29,19,23 – 25 September,4.60 athletics
event_Q7500750,Shooting at the 1988 Summer Olympics – Mixed trap,Shooting,49,28,20 September 1988,222 shooting
event_Q850209,Short-track speed skating at the 2006 Winter Olympics – Men's 500 metres,Short-track speed skating,27,16,22–25 February 2006,
event_Q7500804,Shooting at the 1996 Summer Olympics – Women's double trap,Shooting,21,14,23 July 1996,141 (OR)
event_Q7400335,Sailing at the 2000 Summer Olympics – Tornado,Sailing,32,16,First race: 17 September 2000Last race: 24 September 2000,
event_Q7674778,Taekwondo at the 2000 Summer Olympics – Men's 80 kg,Taekwondo,14,14,29 September,
event_Q917760,Alpine skiing at the 2006 Winter Olympics – Women's super-G,Alpine skiing,56,24,"February 20, 2006",1:32.47
event_Q7400322,Sailing at the 1996 Summer Olympics – Soling,Sailing,66,22,22 July to 2 August,
event_Q15055011,Alpine skiing at the 2014 Winter Olympics – Women's super-G,Alpine skiing,50,25,15 February 2014,1:25.52
event_Q750803,Freestyle skiing at the 2002 Winter Olympics – Men's moguls,Freestyle skiing,30,12,12 February,"27,97"
event_Q942846,Athletics at the 1996 Summer Olympics – Women's 400 metres,Athletics,49,35,26 July 1996 (heats)27 July 1996 (quarter-finals)28 July 1996 (semi-finals)29 July 1996 (final),48.25 athletics
event_Q7674788,Taekwondo at the 2004 Summer Olympics – Men's +80 kg,Taekwondo,16,16,29 August,
event_Q4951837,Boxing at the 2000 Summer Olympics – Bantamweight,Boxing,28,28,16 September to 30 September 2000,
event_Q1202903,Archery at the 2008 Summer Olympics – Men's individual,Archery,64,37,9–15 August 2008,113
event_Q4786045,Archery at the 1992 Summer Olympics – Women's team,Archery,51,17,31 July – 4 August 1992,
event_Q850196,Freestyle skiing at the 2006 Winter Olympics – Women's moguls,Freestyle skiing,30,15,11 February,
event_Q15055087,Snowboarding at the 2014 Winter Olympics – Men's parallel slalom,Snowboarding,32,12,22 February 2014,
event_Q302701,Figure skating at the 2006 Winter Olympics – Ladies' singles,Figure skating,29,19,"February 21, 2006 February 23, 2006",191.34
event_Q7979969,Weightlifting at the 1992 Summer Olympics – Men's 110 kg,Weightlifting,24,20,3 August 1992,432.5 kg
event_Q776835,Biathlon at the 2010 Winter Olympics – Women's relay,Biathlon,19,19,23 February 2010,1:09:36.3
event_Q6303889,Judo at the 2000 Summer Olympics – Women's 78 kg,Judo,23,23,21 September 2000,
event_Q7500807,Shooting at the 2000 Summer Olympics – Men's 10 metre running target,Shooting,18,12,21 September 2000 (slow)22 September 2000 (fast),681.1
event_Q4951842,Boxing at the 2000 Summer Olympics – Light heavyweight,Boxing,28,28,20 September to 1 October 2000,
event_Q1339098,Taekwondo at the 2012 Summer Olympics – Men's +80 kg,Taekwondo,16,16,11 August,
event_Q946243,Ski jumping at the 2002 Winter Olympics – Large hill individual,Ski jumping,66,21,"February 12 & 13, 2002",281.4
event_Q7500814,Shooting at the 2000 Summer Olympics – Men's double trap,Shooting,25,20,20 September 2000,187
event_Q843860,Biathlon at the 2010 Winter Olympics – Women's pursuit,Biathlon,60,24,16 February 2010,30:16.0
event_Q220866,Tennis at the 2008 Summer Olympics – Women's doubles,Tennis,64,21,10 to 17 August 2008,
event_Q1222238,Luge at the 2002 Winter Olympics – Women's singles,Luge,29,15,12–13 February 2002,
event_Q830711,"Athletics at the 2008 Summer Olympics – Men's 10,000 metres",Athletics,39,21,August 17,27:01.17 athletics
event_Q25384919,Fencing at the 2016 Summer Olympics – Women's team sabre,Fencing,30,8,13 August 2016,
event_Q1426809,Athletics at the 2000 Summer Olympics – Women's javelin throw,Athletics,35,28,29 September 2000 (qualifications) 30 September 2000 (finals),68.91 athletics
event_Q905561,Freestyle skiing at the 2010 Winter Olympics – Women's moguls,Freestyle skiing,27,12,13 February,26.63
event_Q3499898,Wrestling at the 1988 Summer Olympics – Men's freestyle 52 kg,Wrestling,30,30,28–30 September 1988,
event_Q4471528,Beach volleyball at the 2008 Summer Olympics – Men's tournament,Beach volleyball,48,18,August 9–22,
event_Q853049,"Athletics at the 2008 Summer Olympics – Women's 10,000 metres",Athletics,29,18,15 August,29:54.66 athletics
event_Q2362858,Cycling at the 2012 Summer Olympics – Women's BMX,Cycling,16,12,8 to 10 August,37.706 s
event_Q784131,Swimming at the 2008 Summer Olympics – Women's 200 metre individual medley,Swimming,39,30,"August 11, 2008 (heats)August 12, 2008 (semifinals)August 13, 2008 (final)",2:08.45 swimming
event_Q1202770,Cycling at the 2008 Summer Olympics – Men's individual pursuit,Cycling,18,11,August 15 (opening rounds)August 16 (final),4:15.977
event_Q7400332,Sailing at the 2000 Summer Olympics – Women's Mistral One Design,Sailing,29,29,First race: 2000-09-17Last race: 2000-09-24,
event_Q853072,Athletics at the 2008 Summer Olympics – Men's 5000 metres,Athletics,43,25,August 20 (heats)August 23 (final),
event_Q1222080,Cross-country skiing at the 1988 Winter Olympics – Women's 4 × 5 kilometre relay,Cross-country skiing,48,12,21 February 1988,59:51.1
event_Q1004892,Swimming at the 2008 Summer Olympics – Men's 100 metre breaststroke,Swimming,65,54,"August 9, 2008 (heats)August 10, 2008 (semifinals)August 11, 2008 (final)",58.91 swimming
event_Q1005294,Wrestling at the 2008 Summer Olympics – Men's Greco-Roman 96 kg,Wrestling,20,20,14 August 2008,
event_Q1222173,Cross-country skiing at the 1994 Winter Olympics – Women's 5 kilometre classical,Cross-country skiing,62,19,15 February 1994,14:08.8
event_Q4951841,Boxing at the 2000 Summer Olympics – Light flyweight,Boxing,27,27,17 September to 30 September 2000,
event_Q1222255,Luge at the 1988 Winter Olympics – Women's singles,Luge,24,12,16–18 February 1988,3:03.973
event_Q962842,Shooting at the 2008 Summer Olympics – Women's trap,Shooting,20,20,"August 11, 2008",91 (OR)
event_Q977229,Beach volleyball at the 2008 Summer Olympics – Women's tournament,Beach volleyball,48,17,August 9–21,
event_Q1222483,Freestyle skiing at the 2002 Winter Olympics – Women's moguls,Freestyle skiing,29,14,9 February,"25,94"
event_Q963481,Gymnastics at the 1996 Summer Olympics – Women's artistic individual all-around,Gymnastics,105,36,"July 25, 1996",
event_Q1221867,Biathlon at the 2002 Winter Olympics – Women's pursuit,Biathlon,52,21,16 February 2002,31:07.7
event_Q5198382,Cycling at the 1992 Summer Olympics – Men's track time trial,Cycling,32,32,27 July,1:03.342
event_Q7656719,Swimming at the 1988 Summer Olympics – Women's 200 metre individual medley,Swimming,37,25,24 September 1988 (heats & finals),2:12.59 swimming
event_Q1222287,Cross-country skiing at the 2002 Winter Olympics – Women's sprint,Cross-country skiing,58,24,19 February 2002,
event_Q7400349,Sailing at the 2004 Summer Olympics – Women's Mistral One Design,Sailing,26,26,First race: 2004-08-15Last race: 2004-08-25,
event_Q532360,Speed skating at the 1994 Winter Olympics – Men's 5000 metres,Speed skating,32,17,13 February 1994,6:34.96 WR
event_Q826846,Speed skating at the 2002 Winter Olympics – Women's 1500 metres,Speed skating,39,17,"February 20, 2002",1:54.02 WR
event_Q15055072,Snowboarding at the 2014 Winter Olympics – Women's snowboard cross,Snowboarding,24,14,16 February 2014,
event_Q766954,Athletics at the 2008 Summer Olympics – Men's 400 metres hurdles,Athletics,26,19,August 15 (quarterfinals)August 16 (semifinals)August 18 (final),47.25
event_Q527985,Athletics at the 2000 Summer Olympics – Women's triple jump,Athletics,27,22,22–24 September,15.20
event_Q4951845,Boxing at the 2000 Summer Olympics – Lightweight,Boxing,28,28,17 September to 30 September 2000,
event_Q1005040,Swimming at the 2008 Summer Olympics – Men's 200 metre individual medley,Swimming,47,42,"August 13, 2008 (heats)August 14, 2008 (semifinals)August 15, 2008 (final)",1:54.23 swimming
event_Q757054,Tennis at the 2008 Summer Olympics – Men's doubles,Tennis,64,24,10–16 August 2008,
event_Q1005230,Wrestling at the 2008 Summer Olympics – Men's freestyle 55 kg,Wrestling,19,19,19 August 2008,
event_Q2521952,Wrestling at the 2012 Summer Olympics – Women's freestyle 48 kg,Wrestling,19,19,8 August 2012,
event_Q7979975,Weightlifting at the 1992 Summer Olympics – Men's 75 kg,Weightlifting,34,27,30 July 1992,357.5 kg
event_Q28402472,Judo at the 1996 Summer Olympics – Women's 61 kg,Judo,24,24,23 July 1996,
event_Q754844,Athletics at the 2008 Summer Olympics – Men's 100 metres,Athletics,80,64,"15 August (heats and quarterfinals), 16 August (semifinals and final)",9.69 WR
event_Q7674780,Taekwondo at the 2000 Summer Olympics – Women's +67 kg,Taekwondo,12,12,30 September,
event_Q934172,Taekwondo at the 2012 Summer Olympics – Men's 80 kg,Taekwondo,16,16,10 August,
event_Q1360866,Archery at the 2008 Summer Olympics – Women's team,Archery,30,10,9–10 August 2008,224
event_Q848689,Cross-country skiing at the 2010 Winter Olympics – Men's 30 kilometre pursuit,Cross-country skiing,64,26,20 February 2010,1:15:11.4
event_Q15055085,Snowboarding at the 2014 Winter Olympics – Women's parallel slalom,Snowboarding,32,15,22 February 2014,
event_Q1222526,Alpine skiing at the 1992 Winter Olympics – Women's slalom,Alpine skiing,63,44,"February 20, 1992",1:44.39
event_Q15055980,Bobsleigh at the 2014 Winter Olympics – Four-man,Bobsleigh,124,19,22–23 February 2014,
event_Q3498926,Wrestling at the 1992 Summer Olympics – Men's freestyle 130 kg,Wrestling,15,15,4–6 August 1992,
event_Q972253,Taekwondo at the 2012 Summer Olympics – Women's 57 kg,Taekwondo,16,16,9 August,
event_Q647742,Fencing at the 2000 Summer Olympics – Men's sabre,Fencing,39,20,21 September 2000,
event_Q15055031,Cross-country skiing at the 2014 Winter Olympics – Women's 15 kilometre skiathlon,Cross-country skiing,61,24,8 February 2014,38:33.6
event_Q1005298,Cycling at the 2012 Summer Olympics – Men's BMX,Cycling,32,19,8 to 10 August,37.576 s
event_Q2322860,Rowing at the 2008 Summer Olympics – Men's double sculls,Rowing,,,,
event_Q952970,Snowboarding at the 2002 Winter Olympics – Women's parallel giant slalom,Snowboarding,30,12,14–15 February 2002,
event_Q7674777,Taekwondo at the 2000 Summer Olympics – Men's 58 kg,Taekwondo,14,14,27 September,
event_Q4786042,Archery at the 1992 Summer Olympics – Men's individual,Archery,75,34,31 July – 3 August 1992,
event_Q765044,Figure skating at the 2006 Winter Olympics – Men's singles,Figure skating,30,22,"February 14, 2006 February 16, 2006",258.33
event_Q841942,Speed skating at the 2010 Winter Olympics – Men's 500 metres,Speed skating,39,12,15 February 2010,69.82
event_Q7400346,Sailing at the 2004 Summer Olympics – Tornado,Sailing,35,17,First race: 2004-08-21Last race: 2004-08-28,
event_Q647750,Fencing at the 2000 Summer Olympics – Men's team foil,Fencing,28,8,22 September 2000,
event_Q7500821,Shooting at the 2000 Summer Olympics – Women's skeet,Shooting,13,11,21 September 2000,98 (OR)
event_Q7400333,Sailing at the 2000 Summer Olympics – Soling,Sailing,48,16,First race: 17 September 2000Last race: 30 September 2000,
event_Q1222639,Alpine skiing at the 1992 Winter Olympics – Women's super-G,Alpine skiing,59,26,"February 18, 1992",1:21.22
event_Q4786037,Archery at the 1988 Summer Olympics – Women's individual,Archery,62,30,27–30 September 1988,
event_Q793973,Gymnastics at the 2000 Summer Olympics – Men's trampoline,Gymnastics,12,12,23 September 2000,
event_Q827019,Luge at the 2006 Winter Olympics – Doubles,Luge,42,13,"February 15, 2006",
event_Q2352412,Canoeing at the 2012 Summer Olympics – Men's slalom K-1,Canoeing,22,22,29 July – 1 August,93.43
event_Q4951844,Boxing at the 2000 Summer Olympics – Light welterweight,Boxing,28,28,20 September to 1 October 2000,
event_Q938164,Freestyle skiing at the 2010 Winter Olympics – Women's aerials,Freestyle skiing,23,10,20 February (qualification)24 February (final),214.74
event_Q763031,Shooting at the 2008 Summer Olympics – Women's skeet,Shooting,19,19,"August 14, 2008",93 (OR)
event_Q3001405,Cycling at the 1996 Summer Olympics – Women's points race,Cycling,23,23,28 July 1996,24 (0 laps behind)
event_Q905485,Short-track speed skating at the 2010 Winter Olympics – Men's 1500 metres,Short-track speed skating,36,16,"February 13, 2010",2:17.611
event_Q25384917,Fencing at the 2016 Summer Olympics – Women's team épée,Fencing,36,9,11 August 2016,
event_Q4786044,Archery at the 1992 Summer Olympics – Women's individual,Archery,61,27,31 July – 2 August 1992,
event_Q1221932,Biathlon at the 1994 Winter Olympics – Women's individual,Biathlon,69,28,18 February 1994,52:06.6
event_Q963420,Weightlifting at the 2008 Summer Olympics – Women's 63 kg,Weightlifting,20,18,12 August 2008,
event_Q2774005,Cycling at the 2000 Summer Olympics – Women's road time trial,Cycling,23,13,30 September 2000,42:00.781
event_Q7674790,Taekwondo at the 2004 Summer Olympics – Women's +67 kg,Taekwondo,15,15,29 August,
event_Q1222098,Biathlon at the 1994 Winter Olympics – Women's relay,Biathlon,68,17,25 February 1994,1:47:19.5
event_Q632472,Fencing at the 2000 Summer Olympics – Men's foil,Fencing,40,22,20 September 2000,
event_Q915058,Biathlon at the 2006 Winter Olympics – Women's pursuit,Biathlon,58,22,18 February,36:43.6
event_Q15056267,Ski jumping at the 2014 Winter Olympics – Men's large hill team,Ski jumping,48,12,17 February 2014,"1,041.1"
event_Q7500745,Shooting at the 1988 Summer Olympics – Men's 50 metre rifle three positions,Shooting,47,25,22 September 1988,1279.3 (OR)
event_Q2361588,Sailing at the 2012 Summer Olympics – Men's 470,Sailing,54,27,2–9 August,
event_Q1203058,Cycling at the 2008 Summer Olympics – Men's points race,Cycling,23,23,August 16,60
event_Q1005018,Swimming at the 2008 Summer Olympics – Men's 200 metre freestyle,Swimming,58,50,"August 10, 2008 (heats)August 11, 2008 (semifinals)August 12, 2008 (final)",1:42.96 swimming
event_Q1371783,Weightlifting at the 2012 Summer Olympics – Women's +75 kg,Weightlifting,14,13,5 August 2012,
event_Q632754,Fencing at the 2000 Summer Olympics – Men's team épée,Fencing,33,11,18 September 2000,
event_Q916916,Cross-country skiing at the 2010 Winter Olympics – Women's 30 kilometre classical,Cross-country skiing,55,21,27 February 2010,1:30:33.7
event_Q7400329,Sailing at the 2000 Summer Olympics – Laser,Sailing,43,43,First race: 20 September 2000Last race: 29 September 2000,
event_Q939181,Skeleton at the 2010 Winter Olympics – Women's,Skeleton,20,12,18–19 February 2010,3:35.64
event_Q18713,Curling at the 2010 Winter Olympics – Women's tournament,Curling,,,"February 16–26, 2010",
event_Q7674781,Taekwondo at the 2000 Summer Olympics – Women's 49 kg,Taekwondo,12,12,27 September,
event_Q7500817,Shooting at the 2000 Summer Olympics – Women's 25 metre pistol,Shooting,42,28,22 September 2000,690.3 (OR)
event_Q6303879,Judo at the 2000 Summer Olympics – Men's +100 kg,Judo,32,32,22 September 2000,
event_Q848681,Alpine skiing at the 2010 Winter Olympics – Women's super-G,Alpine skiing,53,27,"February 20, 2010",1:20.14
event_Q1221793,Speed skating at the 1994 Winter Olympics – Women's 1000 metres,Speed skating,36,12,"February 23, 1994",1:18.74
event_Q6303863,Judo at the 1996 Summer Olympics – Women's 48 kg,Judo,23,23,26 July 1996,
event_Q2353475,Shooting at the 2012 Summer Olympics – Men's 50 metre pistol,Shooting,38,27,5 August 2012,662.0
event_Q385563,Wrestling at the 2008 Summer Olympics – Women's freestyle 48 kg,Wrestling,17,17,16 August 2008,
event_Q1344366,Archery at the 2008 Summer Olympics – Men's team,Archery,36,12,9–11 August 2008,227
event_Q729339,Weightlifting at the 2008 Summer Olympics – Men's 94 kg,Weightlifting,18,14,17 August 2008,
event_Q955943,Athletics at the 1992 Summer Olympics – Men's javelin throw,Athletics,32,21,7 August (qualification)8 August (final),89.66
event_Q659097,Swimming at the 2008 Summer Olympics – Men's 50 metre freestyle,Swimming,97,90,"August 14, 2008 (heats)August 15, 2008 (semifinals)August 16, 2008 (final)",21.30 swimming
event_Q279234,Speed skating at the 1992 Winter Olympics – Women's 3000 metres,Speed skating,26,12,"February 9, 1992",4:19.90
event_Q955487,Weightlifting at the 2008 Summer Olympics – Women's 75 kg,Weightlifting,12,11,15 August 2008,
event_Q786799,Speed skating at the 2006 Winter Olympics – Men's 5000 metres,Speed skating,28,15,11 February 2006,6:14.68
event_Q536083,Tennis at the 1996 Summer Olympics – Women's singles,Tennis,64,34,23 July–2 August 1996,
event_Q22964440,Rowing at the 1992 Summer Olympics – Men's double sculls,Rowing,39,19,27 July – 1 August 1992,
event_Q15056065,Nordic combined at the 2014 Winter Olympics – Team large hill/4 × 5 km,Nordic combined,36,9,20 February 2014,47:13.5
event_Q7674791,Taekwondo at the 2004 Summer Olympics – Women's 57 kg,Taekwondo,15,15,27 August,
event_Q6303877,Judo at the 2000 Summer Olympics – Men's 100 kg,Judo,33,33,21 September 2000,
event_Q249265,Swimming at the 2012 Summer Olympics – Men's 50 metre freestyle,Swimming,58,51,"August 2, 2012 (heats &semifinals)August 3, 2012 (final)",21.34
event_Q7400321,Sailing at the 1996 Summer Olympics – Women's Mistral One Design,Sailing,27,27,22 July to 2 August,
event_Q7656722,Swimming at the 1988 Summer Olympics – Women's 400 metre individual medley,Swimming,31,21,18 September 1988 (heats)19 September 1988 (finals),4:37.76
event_Q2995946,Cycling at the 1992 Summer Olympics – Men's team time trial,Cycling,124,31,26 July,
event_Q25386279,Fencing at the 2016 Summer Olympics – Women's sabre,Fencing,36,20,8 August 2016,
event_Q658704,Fencing at the 2008 Summer Olympics – Women's team sabre,Fencing,30,8,14 August 2008,
event_Q7500812,Shooting at the 2000 Summer Olympics – Men's 50 metre rifle prone,Shooting,53,37,21 September 2000,701.3
event_Q653672,Biathlon at the 2006 Winter Olympics – Women's sprint,Biathlon,84,28,"February 16, 2006",22:31.4
event_Q1426702,Athletics at the 2000 Summer Olympics – Men's 100 metres,Athletics,97,71,22–23 September,9.87
event_Q15055002,Alpine skiing at the 2014 Winter Olympics – Women's slalom,Alpine skiing,85,48,21 February 2014,1:44.54
event_Q7656681,Swimming at the 1988 Summer Olympics – Men's 100 metre backstroke,Swimming,54,42,24 September 1988 (heats & finals),55.05 AS
event_Q886372,Gymnastics at the 2004 Summer Olympics – Women's artistic individual all-around,Gymnastics,98,32,15 August 2004 (qualifying) 19 August 2004 (final),38.387
event_Q7500796,Shooting at the 1996 Summer Olympics – Men's trap,Shooting,58,41,20–21 July,149 shooting
event_Q938765,Fencing at the 2012 Summer Olympics – Men's team sabre,Fencing,31,8,3 August,
event_Q7656697,Swimming at the 1988 Summer Olympics – Men's 400 metre individual medley,Swimming,35,25,20 September 1988 (heats)21 September 1988 (finals),4:14.75 swimming
event_Q140244,Wrestling at the 2008 Summer Olympics – Men's freestyle 96 kg,Wrestling,19,19,21 August 2008,
event_Q7400313,Sailing at the 1992 Summer Olympics – Tornado,Sailing,44,22,27 July to 3 August,
event_Q737732,Table tennis at the 2012 Summer Olympics – Men's singles,Table tennis,69,45,28 July to 2 August,
event_Q4951838,Boxing at the 2000 Summer Olympics – Featherweight,Boxing,28,28,18 September to 1 October 2000,
event_Q7674792,Taekwondo at the 2004 Summer Olympics – Women's 49 kg,Taekwondo,15,15,26 August,
event_Q15056223,Speed skating at the 2014 Winter Olympics – Men's 5000 metres,Speed skating,26,14,8 February 2014,6:10.76 speed skating
event_Q645460,Athletics at the 1988 Summer Olympics – Men's discus throw,Athletics,29,20,30 September 1988 (qualifications) 1 October 1988 (finals),68.82 athletics
event_Q1221934,Cross-country skiing at the 2002 Winter Olympics – Women's 15 kilometre freestyle mass start,Cross-country skiing,60,23,9 February 2002,39:54.4
event_Q6303888,Judo at the 2000 Summer Olympics – Women's 70 kg,Judo,22,22,20 September 2000,
event_Q7400339,Sailing at the 2004 Summer Olympics – 49er,Sailing,38,19,First race: 2004-08-17Last race: 2004-08-26,
event_Q7656684,Swimming at the 1988 Summer Olympics – Men's 100 metre freestyle,Swimming,77,51,22 September 1988 (heats & finals),48.63 swimming
event_Q7656714,Swimming at the 1988 Summer Olympics – Women's 200 metre breaststroke,Swimming,43,27,20 September (heats)21 September (finals),2:26.71 swimming
event_Q2297633,Cycling at the 2012 Summer Olympics – Women's team pursuit,Cycling,32,10,3 to 4 August,"3:14.051 WR, OR"
event_Q771123,Alpine skiing at the 2006 Winter Olympics – Women's downhill,Alpine skiing,45,20,"February 15, 2006",1:56.49
event_Q3498666,Wrestling at the 1992 Summer Olympics – Men's Greco-Roman 52 kg,Wrestling,17,17,26–28 July 1992,
event_Q5124014,Figure skating at the 1994 Winter Olympics – Pair skating,Figure skating,36,10,13–15 February 1994,
event_Q1222498,Freestyle skiing at the 1998 Winter Olympics – Women's moguls,Freestyle skiing,28,16,8–11 February 1998,25.06
event_Q7500801,Shooting at the 1996 Summer Olympics – Women's 25 metre pistol,Shooting,37,24,26 July 1996,687.9 (OR)
event_Q4951848,Boxing at the 2000 Summer Olympics – Welterweight,Boxing,28,28,16 September to 30 September 2000,
event_Q4951847,Boxing at the 2000 Summer Olympics – Super heavyweight,Boxing,16,16,23 September to 1 October 2000,
event_Q15055032,Cross-country skiing at the 2014 Winter Olympics – Men's 30 kilometre skiathlon,Cross-country skiing,68,30,9 February 2014,1:08:15.4
event_Q875653,Swimming at the 2000 Summer Olympics – Men's 100 metre freestyle,Swimming,73,66,"September 19, 2000 (heats &semifinals)September 20, 2000 (final)",48.30
event_Q5395306,Shooting at the 2004 Summer Olympics – Men's 50 metre rifle three positions,Shooting,40,29,22 August 2004,1264.5
event_Q1222301,Snowboarding at the 1998 Winter Olympics – Women's halfpipe,Snowboarding,26,11,12 February 1998,74.6
event_Q7656691,Swimming at the 1988 Summer Olympics – Men's 200 metre butterfly,Swimming,42,31,24 September 1988 (heats & finals),1:56.94 swimming
event_Q916976,Athletics at the 2008 Summer Olympics – Women's triple jump,Athletics,36,26,15 August 2008 (qualification)17 August 2008 (final),15.39 athletics
event_Q916930,Swimming at the 2012 Summer Olympics – Men's 200 metre individual medley,Swimming,36,27,"August 1, 2012 (heats &semifinals)August 2, 2012 (final)",1:54.27
event_Q752413,Tennis at the 2008 Summer Olympics – Women's singles,Tennis,64,33,10 to 17 August 2008,
event_Q900405,Athletics at the 2004 Summer Olympics – Men's 50 kilometres walk,Athletics,54,29,27 August,3:38:46
event_Q31843484,Equestrian at the 1988 Summer Olympics – Individual jumping,Equestrian,74,24,26 September–2 October,1.25 faults
event_Q2268043,Shooting at the 2012 Summer Olympics – Women's 10 metre air pistol,Shooting,49,38,29 July 2012,488.1
event_Q2254560,Shooting at the 2012 Summer Olympics – Men's 10 metre air rifle,Shooting,47,33,30 July 2012,702.1
event_Q1221927,Biathlon at the 1992 Winter Olympics – Women's individual,Biathlon,68,20,19 February 1992,51:47.2
event_Q826560,Luge at the 2006 Winter Olympics – Women's singles,Luge,30,15,"February 13 – 14, 2006",
event_Q1005272,Wrestling at the 2008 Summer Olympics – Men's Greco-Roman 84 kg,Wrestling,20,20,14 August 2008,
event_Q670039,Alpine skiing at the 2010 Winter Olympics – Men's giant slalom,Alpine skiing,103,60,"February 23, 2010",2:37.83
event_Q2332511,Sailing at the 2012 Summer Olympics – Elliott 6m,Sailing,36,12,29 July – 11 August,
event_Q2455198,Rowing at the 2008 Summer Olympics – Men's coxless pair,Rowing,,,,
event_Q7400324,Sailing at the 1996 Summer Olympics – Tornado,Sailing,38,19,22 July to 2 August,
event_Q1221836,Cross-country skiing at the 2002 Winter Olympics – Women's 10 kilometre classical,Cross-country skiing,61,23,12 February 2002,28:05.6
event_Q921100,Shooting at the 2012 Summer Olympics – Men's double trap,Shooting,24,19,2 August 2012,188
event_Q847284,Biathlon at the 2006 Winter Olympics – Women's individual,Biathlon,82,28,13 February 2006,49:24.1
event_Q905540,Speed skating at the 2010 Winter Olympics – Women's 1000 metres,Speed skating,36,15,18 February 2010,1:16.56
event_Q848291,Athletics at the 2008 Summer Olympics – Men's shot put,Athletics,44,34,15 August 2008,21.51
event_Q906854,Weightlifting at the 2004 Summer Olympics – Men's +105 kg,Weightlifting,17,15,25 August 2004,
event_Q7500751,Shooting at the 1988 Summer Olympics – Women's 10 metre air pistol,Shooting,37,26,21 September 1988,489.5 (WR)
event_Q7400347,Sailing at the 2004 Summer Olympics – Star,Sailing,34,17,First race: 2004-08-21Last race: 2004-08-28,
event_Q7674776,Taekwondo at the 2000 Summer Olympics – Men's +80 kg,Taekwondo,13,13,30 September,
event_Q922248,Athletics at the 2008 Summer Olympics – Men's javelin throw,Athletics,38,29,21 August 2008 (qualification)23 August 2008 (final),90.57 athletics
event_Q14643284,Biathlon at the 2014 Winter Olympics – Women's sprint,Biathlon,84,33,9 February 2014,21:06.8
event_Q267771,Swimming at the 2004 Summer Olympics – Men's 200 metre backstroke,Swimming,36,30,"August 18, 2004 (heats & semifinals)August 19, 2004 (final)",1:54.95 swimming
event_Q905503,Snowboarding at the 2010 Winter Olympics – Men's snowboard cross,Snowboarding,35,15,"February 15, 2010",
event_Q25386268,Fencing at the 2016 Summer Olympics – Men's sabre,Fencing,32,25,10 August 2016,
event_Q2353533,Shooting at the 2012 Summer Olympics – Women's 25 metre pistol,Shooting,39,29,29 July 2012,792.4
event_Q6303864,Judo at the 1996 Summer Olympics – Women's 56 kg,Judo,22,22,24 July 1996,
event_Q952458,Speed skating at the 1994 Winter Olympics – Women's 500 metres,Speed skating,34,12,"February 19, 1994",39.25
event_Q15055075,Snowboarding at the 2014 Winter Olympics – Men's slopestyle,Snowboarding,29,13,6 February 2014 (qualification)8 February 2014 (semifinals & final),93.50
event_Q5198390,Cycling at the 2000 Summer Olympics – Men's track time trial,Cycling,16,15,16 September,1:01.609 track cycling
event_Q15055038,Cross-country skiing at the 2014 Winter Olympics – Men's 4 × 10 kilometre relay,Cross-country skiing,64,16,16 February 2014,1:28:42.0
event_Q916174,Cycling at the 2012 Summer Olympics – Men's road time trial,Cycling,37,30,1 August,50:39.54
event_Q4951836,Boxing at the 1996 Summer Olympics – Super heavyweight,Boxing,19,19,23 July – 4 August,
event_Q3498605,Wrestling at the 1992 Summer Olympics – Men's Greco-Roman 57 kg,Wrestling,19,19,28–30 July 1992,
event_Q22964438,Rowing at the 1992 Summer Olympics – Women's coxless pair,Rowing,26,13,27 July – 1 August 1992,
event_Q15055084,Snowboarding at the 2014 Winter Olympics – Men's parallel giant slalom,Snowboarding,32,12,19 February 2014,
event_Q4786048,Archery at the 1996 Summer Olympics – Men's team,Archery,45,15,28 July – 2 August 1996,
event_Q917328,Athletics at the 2008 Summer Olympics – Men's 1500 metres,Athletics,48,30,August 15 (heats)August 17 (semifinals)August 19 (final),3:33.11
event_Q4951840,Boxing at the 2000 Summer Olympics – Heavyweight,Boxing,16,16,21 September to 30 September 2000,
event_Q1221875,Cross-country skiing at the 1998 Winter Olympics – Women's 10 kilometre freestyle pursuit,Cross-country skiing,78,24,12 February 1998,28:29.9
event_Q4786050,Archery at the 1996 Summer Olympics – Women's individual,Archery,64,27,28–31 July 1996,
event_Q1222214,Alpine skiing at the 1998 Winter Olympics – Women's combined,Alpine skiing,29,17,"February 9–13, 1998",2:40.74
event_Q942891,Speed skating at the 1988 Winter Olympics – Men's 1500 metres,Speed skating,40,20,20 February 1988,1:52.06 WR
event_Q776870,Speed skating at the 1988 Winter Olympics – Women's 500 metres,Speed skating,30,15,"February 22, 1988",39.10
event_Q1360834,Shooting at the 2008 Summer Olympics – Men's double trap,Shooting,19,14,"August 12, 2008",190 (OR)
event_Q938848,Fencing at the 2012 Summer Olympics – Women's team foil,Fencing,36,9,2 August,
event_Q1004861,Weightlifting at the 2008 Summer Olympics – Men's +105 kg,Weightlifting,14,12,19 August 2008,
event_Q1221922,Biathlon at the 2002 Winter Olympics – Women's individual,Biathlon,71,26,11 February 2002,47:29.1
event_Q943291,Athletics at the 2000 Summer Olympics – Women's heptathlon,Athletics,33,23,23–24 September,6584
event_Q927998,Cross-country skiing at the 2006 Winter Olympics – Women's 30 kilometre freestyle,Cross-country skiing,62,23,"February 24, 2006",1:22:25.4
event_Q385894,Freestyle skiing at the 2010 Winter Olympics – Men's aerials,Freestyle skiing,24,8,22 February 2010 (qualifying round)25 February 2010 (final),248.41
event_Q677027,Athletics at the 2008 Summer Olympics – Men's 800 metres,Athletics,58,42,20 August 2008 (heats)21 August 2008 (semi-finals)23 August 2008 (final),1:44.65
event_Q843851,Cross-country skiing at the 2010 Winter Olympics – Men's sprint,Cross-country skiing,62,25,17 February 2010,3:36.3
event_Q15055035,Cross-country skiing at the 2014 Winter Olympics – Women's sprint,Cross-country skiing,67,31,11 February 2014,2:35.49
event_Q4820134,Weightlifting at the 2000 Summer Olympics – Men's 62 kg,Weightlifting,21,21,17 September 2000,
event_Q4786051,Archery at the 1996 Summer Olympics – Women's team,Archery,45,15,28 July – 2 August,
event_Q7400330,Sailing at the 2000 Summer Olympics – Men's Mistral One Design,Sailing,36,36,First race: 2000-09-17Last race: 2000-09-24,
event_Q2268082,Shooting at the 2012 Summer Olympics – Women's skeet,Shooting,17,17,29 July 2012,99
event_Q15055025,Cross-country skiing at the 2014 Winter Olympics – Men's 15 kilometre classical,Cross-country skiing,91,45,14 February 2014,38:29.7
event_Q794388,Gymnastics at the 2000 Summer Olympics – Women's trampoline,Gymnastics,12,12,22 September 2000,
event_Q7656692,Swimming at the 1988 Summer Olympics – Men's 200 metre freestyle,Swimming,63,41,18 September 1988 (heats)19 September 1988 (finals),1:47.25 swimming
event_Q776944,Athletics at the 1996 Summer Olympics – Men's 20 kilometres walk,Athletics,53,32,July 26,1:20:07
event_Q7979971,Weightlifting at the 1992 Summer Olympics – Men's 52 kg,Weightlifting,17,13,26 July 1992,265.0 kg
event_Q1222133,Short-track speed skating at the 1994 Winter Olympics – Women's 500 metres,Short-track speed skating,30,13,24 February 1994,45.98
event_Q31843476,Equestrian at the 1992 Summer Olympics – Individual jumping,Equestrian,87,30,4–9 August,0 faults
event_Q7500836,Shooting at the 2004 Summer Olympics – Men's trap,Shooting,35,26,"August 14, 2004August 15, 2004",149 shooting
event_Q1221798,Short-track speed skating at the 2002 Winter Olympics – Women's 1000 metres,Short-track speed skating,28,16,20–23 February 2002,1:36.391
event_Q2574045,Alpine skiing at the 2006 Winter Olympics – Women's giant slalom,Alpine skiing,65,38,"February 24, 2006",2:09.19
event_Q3498697,Wrestling at the 1992 Summer Olympics – Men's freestyle 74 kg,Wrestling,18,18,4–6 August 1992,
event_Q2352927,Canoeing at the 2012 Summer Olympics – Men's slalom C-2,Canoeing,28,12,30 July – 2 August,106.41
event_Q921409,Biathlon at the 2010 Winter Olympics – Men's relay,Biathlon,19,19,"February 26, 2010",1:21:38.1
event_Q256759,Biathlon at the 2002 Winter Olympics – Men's individual,Biathlon,87,34,11 February 2002,49:03.3
event_Q2353523,Shooting at the 2012 Summer Olympics – Men's 25 metre rapid fire pistol,Shooting,18,13,2 August 20123 August 2012,34
event_Q848655,Cross-country skiing at the 2010 Winter Olympics – Women's sprint,Cross-country skiing,54,27,17 February 2010,3:39.2
event_Q903679,Archery at the 2012 Summer Olympics – Men's individual,Archery,64,40,27 July – 3 August 2012,
event_Q2289605,Wrestling at the 2012 Summer Olympics – Women's freestyle 72 kg,Wrestling,18,18,9 August 2012,
event_Q525031,Speed skating at the 1998 Winter Olympics – Women's 3000 metres,Speed skating,31,16,"February 11, 1998",4:07.29 OR
event_Q25386266,Fencing at the 2016 Summer Olympics – Men's foil,Fencing,35,19,7 August 2016,
event_Q25384913,Fencing at the 2016 Summer Olympics – Men's team épée,Fencing,35,9,14 August 2016,
event_Q7979983,Weightlifting at the 1996 Summer Olympics – Men's +108 kg,Weightlifting,19,15,30 July 1996,457.5 kg
event_Q2341653,Sailing at the 2008 Summer Olympics – Laser Radial,Sailing,28,28,First race: 2008-08-12Last race: 2008-08-19,
event_Q905607,Luge at the 2010 Winter Olympics – Women's singles,Luge,29,14,15–16 February 2010,2:46.524
event_Q847280,Biathlon at the 2006 Winter Olympics – Women's mass start,Biathlon,30,14,25 February 2006,40:36.5
event_Q1222635,Alpine skiing at the 2002 Winter Olympics – Women's super-G,Alpine skiing,45,21,"February 17, 2002",1:13.59
event_Q947691,Athletics at the 2008 Summer Olympics – Women's marathon,Athletics,82,42,17 August 2008,2:26:44
event_Q1222014,Cross-country skiing at the 2002 Winter Olympics – Women's 30 kilometre classical,Cross-country skiing,50,17,24 February 2002,1:30:57.1
event_Q4786058,Archery at the 2000 Summer Olympics – Men's team,Archery,42,14,16–22 September 2000,
event_Q1221877,Cross-country skiing at the 1994 Winter Olympics – Women's 10 kilometre freestyle pursuit,Cross-country skiing,55,17,17 February 1994,27:30.1
event_Q1221943,Cross-country skiing at the 1992 Winter Olympics – Women's 15 kilometre classical,Cross-country skiing,53,21,9 February 1992,42:20.8
event_Q826580,Luge at the 2006 Winter Olympics – Men's singles,Luge,36,19,"February 11 – 12, 2006",
event_Q7500829,Shooting at the 2004 Summer Olympics – Men's 10 metre air rifle,Shooting,47,33,16 August 2004,702.7 WR
event_Q3499058,Wrestling at the 1992 Summer Olympics – Men's Greco-Roman 48 kg,Wrestling,19,19,27–29 July 1992,
event_Q916747,Short-track speed skating at the 2010 Winter Olympics – Women's 1500 metres,Short-track speed skating,36,18,"February 20, 2010",2:16.993
event_Q7500849,Shooting at the 2004 Summer Olympics – Women's trap,Shooting,17,16,"August 16, 2004",88
event_Q5198388,Cycling at the 2000 Summer Olympics – Men's sprint,Cycling,19,14,18–20 September,
event_Q3498573,Wrestling at the 1992 Summer Olympics – Men's freestyle 52 kg,Wrestling,18,18,3–5 August 1992,
event_Q1222488,Freestyle skiing at the 1992 Winter Olympics – Women's moguls,Freestyle skiing,24,11,12–13 February 1992,23.69
event_Q919261,Canoeing at the 2012 Summer Olympics – Women's K-2 500 metres,Canoeing,34,17,7 to 9 August,1:42.213
event_Q7400323,Sailing at the 1996 Summer Olympics – Star,Sailing,50,25,22 to 29 July,
event_Q7400327,Sailing at the 2000 Summer Olympics – Europe,Sailing,27,27,First race: 2000-09-20Last race: 2000-09-29,
event_Q886359,Gymnastics at the 2000 Summer Olympics – Women's artistic individual all-around,Gymnastics,97,43,21 September 2000,
event_Q3001408,Cycling at the 1996 Summer Olympics – Men's points race,Cycling,28,28,28 July,37 (0 laps behind)
event_Q3879624,Swimming at the 1996 Summer Olympics – Women's 200 metre breaststroke,Swimming,42,35,23 July 1996 (heats & finals),2:25.41 swimming
event_Q25803,Fencing at the 1996 Summer Olympics – Men's team sabre,Fencing,33,11,"July 24, 1996",
event_Q8037964,Wrestling at the 2000 Summer Olympics – Men's freestyle 54 kg,Wrestling,19,19,28–30 September 2000,
event_Q3879652,Swimming at the 1992 Summer Olympics – Women's 200 metre individual medley,Swimming,44,32,30 July 1992 (heats & finals),2:11.65 swimming
event_Q3811011,Judo at the 2004 Summer Olympics – Women's 78 kg,Judo,21,21,19 August 2004,1010
event_Q5443156,Fencing at the 2000 Summer Olympics – Women's foil,Fencing,40,21,21 September 2000,
event_Q3879619,Swimming at the 1996 Summer Olympics – Women's 200 metre individual medley,Swimming,43,39,24 July 1996 (heats & finals),2:13.93 NR
event_Q1004918,Biathlon at the 2002 Winter Olympics – Men's sprint,Biathlon,87,34,13 February 2002,24:51.3
event_Q1005749,Alpine skiing at the 1998 Winter Olympics – Men's super-G,Alpine skiing,45,22,"February 16, 1998",1:34.82
event_Q3879623,Swimming at the 1996 Summer Olympics – Men's 200 metre butterfly,Swimming,43,37,22 July 1996 (heats & finals),1:56.51
event_Q3998590,Triathlon at the 2000 Summer Olympics – Women's,Triathlon,48,24,16 September,2:00:40.52
event_Q3628689,Athletics at the 1988 Summer Olympics – Men's 400 metres,Athletics,75,55,September 24 (heats)September 25 (quarter-finals)September 26 (semi-finals)September 28 (final),43.87
event_Q3628678,"Athletics at the 1988 Summer Olympics – Men's 10,000 metres",Athletics,51,36,23 September 1988 (heats) 26 September 1988 (final),27:21.48 athletics
event_Q3628682,Athletics at the 1988 Summer Olympics – Men's 110 metres hurdles,Athletics,41,31,25 & 26 September,12.98 athletics
event_Q7500779,Shooting at the 1992 Summer Olympics – Women's 50 metre rifle three positions,Shooting,36,21,,684.3 (OR)
event_Q1004860,Speed skating at the 2006 Winter Olympics – Men's 1000 metres,Speed skating,41,13,18 February 2006,1:08.89
event_Q10572415,Boxing at the 1992 Summer Olympics – Light flyweight,Boxing,30,30,26 July – 8 August,
event_Q3951953,Fencing at the 2004 Summer Olympics – Women's foil,Fencing,25,20,18 August 2004,
event_Q10572416,Boxing at the 1988 Summer Olympics – Light flyweight,Boxing,34,34,17 September – 1 October 1988,
event_Q5443153,Fencing at the 2000 Summer Olympics – Women's team épée,Fencing,26,8,19 September,
event_Q1005277,Alpine skiing at the 2002 Winter Olympics – Men's combined,Alpine skiing,47,19,"February 13, 2002",3:17.56
event_Q3628765,Athletics at the 2000 Summer Olympics – Men's 3000 metres steeplechase,Athletics,40,29,27 September 2000 (heats)29 September 2000 (final),8:21.43
event_Q8037927,Wrestling at the 1996 Summer Olympics – Men's freestyle 48 kg,Wrestling,19,19,29–30 July 1996,
event_Q8037900,Wrestling at the 1988 Summer Olympics – Men's freestyle 48 kg,Wrestling,19,19,27–29 September 1988,
event_Q3879615,Swimming at the 1996 Summer Olympics – Women's 100 metre freestyle,Swimming,48,44,20 July 1996 (heats & finals),54.50 swimming
event_Q10522584,Cycling at the 1988 Summer Olympics – Men's sprint,Cycling,25,25,21–24 September,
event_Q10466379,Judo at the 1992 Summer Olympics – Women's 61 kg,Judo,29,29,30 July 1992,
event_Q10522549,Judo at the 1996 Summer Olympics – Men's 78 kg,Judo,34,34,23 July 1996,
event_Q1005744,Alpine skiing at the 1988 Winter Olympics – Men's super-G,Alpine skiing,94,34,"February 21, 1988",1:39.66
event_Q10522555,Judo at the 1996 Summer Olympics – Men's 95 kg,Judo,32,32,21 July 1996,
event_Q129295,Cycling at the 1996 Summer Olympics – Men's individual road race,Cycling,183,57,July 31,4:53:56
event_Q1422131,"Athletics at the 1996 Summer Olympics – Women's 10,000 metres",Athletics,35,19,27 July 1996 (heats)2 August 1996 (final),31:01.63 athletics
event_Q5443144,Fencing at the 1988 Summer Olympics – Women's foil,Fencing,45,19,21-22 September 1988,
event_Q1028699,Swimming at the 2004 Summer Olympics – Men's 200 metre freestyle,Swimming,59,53,"August 15, 2004 (heats &semifinals)August 16, 2004 (final)",1:44.71 swimming
event_Q3837513,Wrestling at the 2004 Summer Olympics – Men's freestyle 84 kg,Wrestling,22,22,27–28 August 2004,
event_Q3879643,Swimming at the 1992 Summer Olympics – Women's 100 metre breaststroke,Swimming,43,31,29 July 1992 (heats & finals),1:08.00 NR
event_Q1076253,Swimming at the 2000 Summer Olympics – Women's 400 metre freestyle,Swimming,39,32,"September 17, 2000 (heats & final)",4:05.80
event_Q25791,Fencing at the 1996 Summer Olympics – Women's team foil,Fencing,33,11,25 July 1996,
event_Q38591,Fencing at the 1992 Summer Olympics – Women's team foil,Fencing,60,12,3 - 4 August 1992,
event_Q3879653,Swimming at the 1992 Summer Olympics – Men's 200 metre butterfly,Swimming,46,32,30 July 1992 (heats & finals),1:56.26 swimming
event_Q5443138,Fencing at the 1988 Summer Olympics – Men's team foil,Fencing,76,16,26-27 September 1988,
event_Q1004914,"Speed skating at the 1994 Winter Olympics – Men's 10,000 metres",Speed skating,16,10,20 February 1994,13:30.55 speed skating
event_Q1004868,Speed skating at the 1998 Winter Olympics – Men's 1000 metres,Speed skating,43,17,15 February 1998,1:10.64
event_Q10522554,Judo at the 1988 Summer Olympics – Men's 95 kg,Judo,21,21,30 September 1988,
event_Q1409048,Athletics at the 1992 Summer Olympics – Men's 3000 metres steeplechase,Athletics,32,24,3 August 1992 (heats)5 August 1992 (semi-finals)7 August 1992 (final),8:08.84
event_Q3879625,Swimming at the 1996 Summer Olympics – Women's 400 metre individual medley,Swimming,31,24,20 July 1996 (heats & finals),4:39.18 NR
event_Q2297686,Cycling at the 1996 Summer Olympics – Men's cross-country,Cycling,43,26,30 July,2:17.38
event_Q1408913,Athletics at the 1992 Summer Olympics – Men's 20 kilometres walk,Athletics,42,23,July 31,1:21:45
event_Q7500771,Shooting at the 1992 Summer Olympics – Mixed skeet,Shooting,60,38,,223 (OR)
event_Q587012,Modern pentathlon at the 2004 Summer Olympics – Women's,Modern pentathlon,32,21,27 August,5448
event_Q1408709,Athletics at the 1992 Summer Olympics – Women's 10 kilometres walk,Athletics,44,20,August 3,44:32 athletics
event_Q2311876,Athletics at the 1996 Summer Olympics – Women's high jump,Athletics,31,25,1 August 1996 (qualifications) 3 August 1996 (finals),2.05 athletics
event_Q3628696,Athletics at the 1988 Summer Olympics – Women's discus throw,Athletics,22,13,28 September 1988 (qualifications) 29 September 1988 (finals),72.30 athletics
event_Q3837511,Wrestling at the 2004 Summer Olympics – Women's freestyle 72 kg,Wrestling,12,12,22–23 August 2004,
event_Q3879664,Swimming at the 1992 Summer Olympics – Men's 400 metre freestyle,Swimming,47,32,29 July 1992 (heats & finals),3:45.00 swimming
event_Q3879579,Swimming at the 2004 Summer Olympics – Women's 4 × 100 metre medley relay,Swimming,77,16,"August 20, 2004 (heats)August 21, 2004 (final)",3:57.32 swimming
event_Q7500774,Shooting at the 1992 Summer Olympics – Women's 10 metre air pistol,Shooting,47,31,,486.4 (OR)
event_Q1005740,Skeleton at the 2006 Winter Olympics – Men's,Skeleton,27,19,17 February 2006,
event_Q1005810,Alpine skiing at the 1998 Winter Olympics – Men's giant slalom,Alpine skiing,62,28,"February 19, 1998",2:38.51
event_Q5443137,Fencing at the 1988 Summer Olympics – Men's sabre,Fencing,40,18,22–23 September 1988,
event_Q10495989,Boxing at the 1992 Summer Olympics – Featherweight,Boxing,31,31,29 July – 9 August 1992,
event_Q1222684,Alpine skiing at the 2002 Winter Olympics – Women's giant slalom,Alpine skiing,69,35,"February 22, 2002",2:30.01
event_Q3628786,Athletics at the 2000 Summer Olympics – Men's triple jump,Athletics,40,27,23 September 2000 (qualifying) 25 September 2000 (final),17.71
event_Q7980004,Weightlifting at the 2000 Summer Olympics – Women's 63 kg,Weightlifting,9,9,19 September 2000,
event_Q3837512,Wrestling at the 2004 Summer Olympics – Men's freestyle 74 kg,Wrestling,21,21,28–29 August 2004,
event_Q4160921,Judo at the 1988 Summer Olympics – Men's 60 kg,Judo,36,36,25 September 1988,
event_Q13655354,Athletics at the 1988 Summer Olympics – Women's heptathlon,Athletics,30,19,September 23–24,7291 athletics
event_Q3879621,Swimming at the 1996 Summer Olympics – Men's 200 metre individual medley,Swimming,39,31,25 July 1996 (heats & finals),1:59.91 swimming
event_Q3879645,Swimming at the 1992 Summer Olympics – Women's 100 metre butterfly,Swimming,49,34,29 July 1992 (heats & finals),58.62 swimming
event_Q10581226,Boxing at the 1988 Summer Olympics – Middleweight,Boxing,33,33,19 September – 1 October 1988,
event_Q3879650,Swimming at the 1992 Summer Olympics – Women's 200 metre backstroke,Swimming,43,30,31 July 1992 (heats & finals),2:07.06 swimming
event_Q3879610,Swimming at the 1996 Summer Olympics – Women's 100 metre butterfly,Swimming,44,36,21 July 1996 (heats & finals),59.13
event_Q3628781,Athletics at the 2000 Summer Olympics – Men's 20 kilometres walk,Athletics,47,28,22 September,1:18:59 athletics
event_Q7979994,Weightlifting at the 2000 Summer Olympics – Men's +105 kg,Weightlifting,24,21,26 September 2000,
event_Q988363,Ski jumping at the 1994 Winter Olympics – Normal hill individual,Ski jumping,58,19,"February 25, 1994",282.0
event_Q4443763,Shooting at the 2000 Summer Olympics – Men's 10 metre air rifle,Shooting,46,33,18 September 2000,696.4 (OR)
event_Q25239316,Weightlifting at the 1988 Summer Olympics – Men's 60 kg,Weightlifting,17,14,20 September 1988,
event_Q1222715,Alpine skiing at the 1994 Winter Olympics – Women's giant slalom,Alpine skiing,47,19,"February 24, 1994",2:30.97
event_Q3879646,Swimming at the 1992 Summer Olympics – Men's 100 metre butterfly,Swimming,71,59,27 July 1992 (heats & finals),53.32
event_Q3628761,Athletics at the 2000 Summer Olympics – Men's 1500 metres,Athletics,41,26,25 September 2000 (heats)27 September 2000 (semi-finals) 29 September 2000 (final),3:32.07 athletics
event_Q1005069,Cross-country skiing at the 1998 Winter Olympics – Men's 30 kilometre classical,Cross-country skiing,75,28,9 February 1998,1:33:55.8
event_Q8037958,Wrestling at the 2000 Summer Olympics – Men's Greco-Roman 63 kg,Wrestling,20,20,24–26 September 2000,
event_Q4467907,Weightlifting at the 2000 Summer Olympics – Men's 56 kg,Weightlifting,22,19,16 September 2000,
event_Q1004927,Biathlon at the 1992 Winter Olympics – Men's sprint,Biathlon,94,27,"February 12, 1992",26:02.3
event_Q3879658,Swimming at the 1992 Summer Olympics – Women's 400 metre individual medley,Swimming,32,21,26 July 1992 (heats & finals),4:36.54 NR
event_Q1406131,Athletics at the 1988 Summer Olympics – Women's high jump,Athletics,24,15,September 29 (qualifications)September 30 (final),2.03 athletics
event_Q825048,Cross-country skiing at the 2006 Winter Olympics – Women's sprint,Cross-country skiing,66,28,"February 22, 2006",
event_Q3925465,Boxing at the 2004 Summer Olympics – Light heavyweight,Boxing,28,28,14–29 August 2004,
event_Q823754,Speed skating at the 2002 Winter Olympics – Men's 500 metres,Speed skating,38,15,11–12 February 2002,69.23 OR
event_Q3837507,Wrestling at the 2004 Summer Olympics – Men's freestyle 60 kg,Wrestling,19,19,28–29 August 2004,
event_Q613746,Athletics at the 2004 Summer Olympics – Women's shot put,Athletics,38,29,18 August,19.59
event_Q2303728,Athletics at the 1992 Summer Olympics – Men's long jump,Athletics,50,37,5 August (qualifying)6 August (final),8.67
event_Q1133965,Badminton at the 1992 Summer Olympics – Women's singles,Badminton,52,27,28 July – 4 August 1992,
event_Q2303535,Athletics at the 1992 Summer Olympics – Men's 400 metres hurdles,Athletics,47,35,3 August 1992 (quarterfinals)5 August 1992 (semifinals)6 August 1992 (final),46.78 athletics
event_Q2313511,Athletics at the 2004 Summer Olympics – Women's 400 metres,Athletics,42,31,21–24 August,49.42
event_Q1042778,Speed skating at the 2006 Winter Olympics – Women's 1000 metres,Speed skating,36,12,19 February 2006,1:16.05
event_Q7500789,Shooting at the 1996 Summer Olympics – Men's 50 metre rifle prone,Shooting,52,36,25 July 1996,704.8 WR
event_Q1004987,Cross-country skiing at the 1994 Winter Olympics – Men's 15 kilometre freestyle pursuit,Cross-country skiing,88,32,19 February 1994,35:48.8
event_Q4443764,Shooting at the 2000 Summer Olympics – Women's 10 metre air pistol,Shooting,45,32,17 September 2000,488.2
event_Q3565567,Wrestling at the 1988 Summer Olympics – Men's Greco-Roman 130 kg,Wrestling,16,16,20–21 September 1988,
event_Q3628775,Athletics at the 2000 Summer Olympics – Men's shot put,Athletics,37,27,22 September 2000 (qualification and finals),21.29
event_Q1042789,Speed skating at the 2006 Winter Olympics – Women's 1500 metres,Speed skating,35,13,22 February 2006,1:55.27
event_Q2445057,Cycling at the 2004 Summer Olympics – Men's individual road race,Cycling,144,43,14 August 2004,5:41:44
event_Q7980002,Weightlifting at the 2000 Summer Olympics – Women's +75 kg,Weightlifting,11,11,22 September 2000,
event_Q10466402,Judo at the 1996 Summer Olympics – Women's +72 kg,Judo,20,20,20 July 1996,
event_Q7500772,Shooting at the 1992 Summer Olympics – Mixed trap,Shooting,54,36,31 July – 2 August 1992,219
event_Q1005190,Short-track speed skating at the 1998 Winter Olympics – Men's 500 metres,Short-track speed skating,30,16,19–21 February,42.862
event_Q1005188,Speed skating at the 1992 Winter Olympics – Men's 500 metres,Speed skating,43,17,15 February 1992,37.14
event_Q3811003,Judo at the 2004 Summer Olympics – Women's 48 kg,Judo,22,22,14 August 2004,0112
event_Q585893,Alpine skiing at the 2006 Winter Olympics – Men's super-G,Alpine skiing,63,27,"February 18, 2006",1:30.65
event_Q8037907,Wrestling at the 1992 Summer Olympics – Men's Greco-Roman 68 kg,Wrestling,19,19,26–28 July 1992,
event_Q2313481,Athletics at the 2004 Summer Olympics – Women's 100 metres,Athletics,63,56,20–21 August,10.93 s
event_Q7500793,Shooting at the 1996 Summer Olympics – Men's 50 metre rifle three positions,Shooting,45,30,27 July 1996,1273.9 (OR)
event_Q10572441,Boxing at the 1996 Summer Olympics – Light welterweight,Boxing,32,32,24 July – 4 August 1996,
event_Q10719576,Boxing at the 1992 Summer Olympics – Welterweight,Boxing,30,30,26 July – 8 August 1992,
event_Q10466376,Judo at the 1996 Summer Olympics – Women's 52 kg,Judo,21,21,25 July 1996,
event_Q8037959,Wrestling at the 2000 Summer Olympics – Men's Greco-Roman 69 kg,Wrestling,19,19,25–27 September 2000,
event_Q7980001,Weightlifting at the 2000 Summer Olympics – Men's 94 kg,Weightlifting,19,17,24 September 2000,
event_Q10522543,Judo at the 1992 Summer Olympics – Men's 65 kg,Judo,46,46,1 August 1992,
event_Q1005755,Freestyle skiing at the 1994 Winter Olympics – Men's aerials,Freestyle skiing,24,14,21–24 February 1994,234.67
event_Q10466381,Judo at the 2000 Summer Olympics – Women's 63 kg,Judo,22,22,19 September 2000,
event_Q38594,Fencing at the 1992 Summer Olympics – Men's épée,Fencing,70,30,1 August 1992,
event_Q251465,Ski jumping at the 2006 Winter Olympics – Large hill individual,Ski jumping,69,21,"February 17–18, 2006",276.9
event_Q3879620,Swimming at the 1996 Summer Olympics – Men's 200 metre backstroke,Swimming,39,33,26 July 1996 (heats & finals),1:58.54
event_Q7500788,Shooting at the 1996 Summer Olympics – Men's 50 metre pistol,Shooting,45,28,23 July,666.4 shooting
event_Q8037930,Wrestling at the 1996 Summer Olympics – Men's freestyle 62 kg,Wrestling,21,21,31 July – 1 August 1996,
event_Q8037934,Wrestling at the 1996 Summer Olympics – Men's freestyle 74 kg,Wrestling,22,22,1–2 August 1996,
event_Q2377414,Athletics at the 1988 Summer Olympics – Men's decathlon,Athletics,39,26,September 28–29,8488
event_Q3628705,Athletics at the 1988 Summer Olympics – Men's triple jump,Athletics,43,31,23 September 1988 (qualifying)24 September 1988 (final),17.61 athletics
event_Q2318836,Athletics at the 2004 Summer Olympics – Women's 20 kilometres walk,Athletics,57,35,23 August,1:29.12
event_Q3879667,Swimming at the 1992 Summer Olympics – Women's 50 metre freestyle,Swimming,50,35,31 July 1992 (heats & finals),24.79 swimming
event_Q3879614,Swimming at the 1996 Summer Olympics – Men's 100 metre breaststroke,Swimming,45,41,20 July 1996 (heats & finals),1:00.65
event_Q1115025,Swimming at the 2004 Summer Olympics – Men's 100 metre backstroke,Swimming,45,39,"August 15, 2004 (heats &semifinals)August 16, 2004 (final)",54.06
event_Q3879585,Swimming at the 2000 Summer Olympics – Men's 200 metre backstroke,Swimming,45,38,"September 20, 2000 (heats & semifinals)September 21, 2000 (final)",1:56.76 swimming
event_Q58412558,Boxing at the 1992 Summer Olympics – Light middleweight,Boxing,30,30,27 July – 9 August 1992,
event_Q3565575,Wrestling at the 1988 Summer Olympics – Men's Greco-Roman 74 kg,Wrestling,19,19,19–21 September 1988,
event_Q10522535,Judo at the 1992 Summer Olympics – Men's 60 kg,Judo,43,43,2 August 1992,
event_Q22964454,Rowing at the 1996 Summer Olympics – Women's eight,Rowing,72,8,22–28 July 1996,
event_Q825035,Snowboarding at the 2006 Winter Olympics – Women's halfpipe,Snowboarding,34,16,13 February 2006,46.4
event_Q5970589,Swimming at the 1988 Summer Olympics – Men's 1500 metre freestyle,Swimming,35,22,24 September 1988 (heats)25 September 1988 (final),15:00.40
event_Q3980076,Taekwondo at the 2004 Summer Olympics – Men's 68 kg,Taekwondo,16,16,27 August,
event_Q5448039,Figure skating at the 1994 Winter Olympics – Ice dance,Figure skating,42,16,18–21 February 1994,
event_Q1408881,Athletics at the 1992 Summer Olympics – Women's 800 metres,Athletics,36,25,31 July 1992 (heats)1 August 1992 (semi-finals)3 August 1992 (final),1:55.54 min NR Dutch
event_Q589310,Tennis at the 2000 Summer Olympics – Men's singles,Tennis,64,32,19–28 September 2000,
event_Q1005616,Freestyle skiing at the 1992 Winter Olympics – Men's moguls,Freestyle skiing,47,17,12–13 February 1992,25.81
event_Q1222717,Alpine skiing at the 1998 Winter Olympics – Women's giant slalom,Alpine skiing,56,25,"February 20, 1998",2:50.59
event_Q3879598,Swimming at the 2000 Summer Olympics – Women's 200 metre freestyle,Swimming,41,35,18 September 2000 (heats &semi-finals)19 September 2000 (final),1:58.24
event_Q1076376,Swimming at the 2000 Summer Olympics – Women's 400 metre individual medley,Swimming,28,24,"September 16, 2000 (heats & final)",4:33.59 swimming
event_Q1004934,Biathlon at the 1998 Winter Olympics – Men's sprint,Biathlon,73,30,18 February 1998,27:16.2
event_Q3879567,Swimming at the 2004 Summer Olympics – Women's 100 metre freestyle,Swimming,51,45,"August 18, 2004 (heats &semifinals)August 19, 2004 (final)",53.84
event_Q7500786,Shooting at the 1996 Summer Olympics – Men's 25 metre rapid fire pistol,Shooting,23,19,23–24 July,698.0 shooting
event_Q1005334,Luge at the 1998 Winter Olympics – Men's singles,Luge,34,18,8–9 February 1998,3:18.436
event_Q1421749,Cycling at the 2004 Summer Olympics – Men's track time trial,Cycling,17,13,13 August,1:00.711 track cycling
event_Q8037908,Wrestling at the 1992 Summer Olympics – Men's Greco-Roman 74 kg,Wrestling,21,21,27–29 July 1992,
event_Q595055,Athletics at the 2000 Summer Olympics – Men's 400 metres hurdles,Athletics,62,45,24 September 2000 (quarterfinals)25 September 2000 (semifinals)27 September 2000 (final),47.50
event_Q252875,Speed skating at the 1988 Winter Olympics – Women's 3000 metres,Speed skating,29,16,"February 23, 1988",4:11.94 WR
event_Q8037965,Wrestling at the 2000 Summer Olympics – Men's freestyle 58 kg,Wrestling,20,20,29 September – 1 October 2000,
event_Q3879600,Swimming at the 2000 Summer Olympics – Men's 400 metre individual medley,Swimming,45,39,"September 17, 2000 (heats & final)",4:11.76 swimming
event_Q3628692,Athletics at the 1988 Summer Olympics – Men's 800 metres,Athletics,70,53,23 September 1988 (heats)24 September 1988 (quarterfinals)25 September 1888 (semifinals)26 September 1988 (final),1:43.55
event_Q1408936,Athletics at the 1992 Summer Olympics – Women's 3000 metres,Athletics,33,21,31 July 1992 (heats)2 August 1992 (final),8:46.04
event_Q3628764,Athletics at the 2000 Summer Olympics – Men's 200 metres,Athletics,67,50,27–28 September,20.09
event_Q1005746,Alpine skiing at the 1994 Winter Olympics – Men's super-G,Alpine skiing,69,28,"February 17, 1994",1:32.53
event_Q1004871,Short-track speed skating at the 1998 Winter Olympics – Men's 1000 metres,Short-track speed skating,30,16,17 February 1998,1:32.375
event_Q826510,Speed skating at the 2002 Winter Olympics – Men's 1000 metres,Speed skating,44,18,"February 16, 2002",1:07.18 WR
event_Q7500777,Shooting at the 1992 Summer Olympics – Women's 10 metre air rifle,Shooting,45,28,,498.2 (OR)
event_Q1005365,Modern pentathlon at the 2004 Summer Olympics – Men's,Modern pentathlon,32,21,26 August,5480
event_Q1026904,Gymnastics at the 1992 Summer Olympics – Women's artistic individual all-around,Gymnastics,92,24,28 – 30 July 1992,
event_Q25239314,Weightlifting at the 1988 Summer Olympics – Men's 52 kg,Weightlifting,24,18,18 September 1988,
event_Q4160924,Judo at the 2000 Summer Olympics – Men's 60 kg,Judo,34,34,16 September 2000,
event_Q3628782,Athletics at the 2000 Summer Olympics – Men's 50 kilometres walk,Athletics,56,28,29 September,3:42:22
event_Q3561230,Cycling at the 1992 Summer Olympics – Women's sprint,Cycling,12,12,28–31 July 1992,
event_Q570058,Swimming at the 2004 Summer Olympics – Women's 50 metre freestyle,Swimming,75,67,"August 20, 2004 (heats &semifinals)August 21, 2004 (final)",24.58
event_Q478542,Cross-country skiing at the 2006 Winter Olympics – Women's 15 kilometre pursuit,Cross-country skiing,67,28,"February 12, 2006",42:48.7
event_Q3879662,Swimming at the 1992 Summer Olympics – Women's 400 metre freestyle,Swimming,33,24,28 July 1992 (heats & finals),4:07.18
event_Q3879607,Swimming at the 1996 Summer Olympics – Men's 100 metre backstroke,Swimming,52,44,23 July 1996 (heats & finals),54.10
event_Q3628785,Athletics at the 2000 Summer Olympics – Men's long jump,Athletics,53,38,25 September 2000 (qualifying) 28 September 2000 (final),8.55
event_Q824928,Snowboarding at the 2006 Winter Olympics – Men's halfpipe,Snowboarding,44,17,12 February 2006,
event_Q10466403,Judo at the 1992 Summer Olympics – Women's +72 kg,Judo,21,21,27 July 1992,
event_Q1130659,Swimming at the 2004 Summer Olympics – Men's 50 metre freestyle,Swimming,86,78,"August 19, 2004 (heats &semifinals)August 20, 2004 (final)",21.93
event_Q5644525,Figure skating at the 2002 Winter Olympics – Men's singles,Figure skating,28,20,"February 12, 2002 February 14, 2002",1.5
event_Q1183979,Tennis at the 2004 Summer Olympics – Women's singles,Tennis,64,32,15–21 August 2004,
event_Q10466384,Judo at the 1996 Summer Olympics – Women's 72 kg,Judo,21,21,21 July 1996,
event_Q599322,Swimming at the 2004 Summer Olympics – Men's 400 metre freestyle,Swimming,47,39,"August 14, 2004 (heats & final)",3:43.10
event_Q3879583,Swimming at the 2004 Summer Olympics – Men's 4 × 200 metre freestyle relay,Swimming,75,16,"August 17, 2004 (heats & final)",7:07.33 AM
event_Q3879651,Swimming at the 1992 Summer Olympics – Women's 200 metre butterfly,Swimming,34,24,31 July 1992 (heats & finals),2:08.67
event_Q3879608,Swimming at the 1996 Summer Olympics – Women's 100 metre backstroke,Swimming,36,30,22 July 1996 (heats & finals),1:01.19
event_Q3879593,Swimming at the 2000 Summer Olympics – Men's 200 metre butterfly,Swimming,46,40,"September 18, 2000 (heats &semifinals)September 19, 2000 (final)",1:55.35 swimming
event_Q3628686,Athletics at the 1988 Summer Olympics – Women's 400 metres hurdles,Athletics,35,25,25 September 1988 (heats)27 September 1988 (semi-finals)28 September 1988 (final),53.17 athletics
event_Q4443765,Shooting at the 2000 Summer Olympics – Men's 10 metre air pistol,Shooting,43,30,16 September 2000,688.9 (OR)
event_Q3628680,Athletics at the 1988 Summer Olympics – Women's 100 metres hurdles,Athletics,36,25,28 September 1988 (heats)29 September 1988 (quarter-finals and semi-finals)30 September 1988 (final),12.38 athletics
event_Q3879569,Swimming at the 2004 Summer Olympics – Women's 200 metre backstroke,Swimming,35,27,"August 19, 2004 (heats &semifinals)August 20, 2004 (final)",2:09.19 AF
event_Q3628770,Athletics at the 2000 Summer Olympics – Men's 5000 metres,Athletics,38,22,27 September 2000 (heats)30 September 2000 (final),13:35.49
event_Q1004926,Biathlon at the 1988 Winter Olympics – Sprint,Biathlon,72,22,23 February 1988,25:08.1
event_Q5443136,Fencing at the 1988 Summer Olympics – Men's foil,Fencing,68,29,20–21 September 1988,
event_Q7500785,Shooting at the 1996 Summer Olympics – Men's 10 metre running target,Shooting,20,14,26 July 1996,685.8 (OR)
event_Q8037923,Wrestling at the 1996 Summer Olympics – Men's Greco-Roman 90 kg,Wrestling,23,23,22–23 July 1996,
event_Q1408927,Athletics at the 1992 Summer Olympics – Men's 5000 metres,Athletics,56,41,6 August 1992 (heats)8 August 1992 (final),13:12.52
event_Q8037919,Wrestling at the 1996 Summer Olympics – Men's Greco-Roman 68 kg,Wrestling,22,22,20–21 July 1996,
event_Q2557141,Athletics at the 2004 Summer Olympics – Men's 3000 metres steeplechase,Athletics,41,27,21–24 August,8:05.81
event_Q4160925,Judo at the 2000 Summer Olympics – Women's 52 kg,Judo,24,24,17 September 2000,
event_Q3628703,Athletics at the 1988 Summer Olympics – Men's high jump,Athletics,27,18,25 September,2.38 athletics
event_Q8037924,Wrestling at the 1996 Summer Olympics – Men's freestyle 100 kg,Wrestling,19,19,30–31 July 1996,
event_Q1004869,Short-track speed skating at the 1992 Winter Olympics – Men's 1000 metres,Short-track speed skating,28,16,"February 18–20, 1992",1:30.76
event_Q370917,Wrestling at the 2004 Summer Olympics – Men's Greco-Roman 74 kg,Wrestling,20,20,25–26 August 2004,
event_Q562654,Tennis at the 1988 Summer Olympics – Men's singles,Tennis,64,32,20 September–1 October 1988,
event_Q8037913,Wrestling at the 1996 Summer Olympics – Men's Greco-Roman 100 kg,Wrestling,20,20,20–21 July 1996,
event_Q7500784,Shooting at the 1996 Summer Olympics – Men's 10 metre air rifle,Shooting,44,31,22 July 1996,695.7 (OR)
event_Q8037937,Wrestling at the 1996 Summer Olympics – Men's freestyle 82 kg,Wrestling,21,21,30–31 July 1996,
event_Q8037922,Wrestling at the 1996 Summer Olympics – Men's Greco-Roman 82 kg,Wrestling,19,19,20–21 July 1996,
event_Q1005313,Luge at the 2002 Winter Olympics – Men's singles,Luge,50,23,10–11 February 2002,
event_Q3628704,Athletics at the 1988 Summer Olympics – Women's long jump,Athletics,30,19,28 September (qualification)29 September (final),7.40 athletics
event_Q826500,Speed skating at the 1994 Winter Olympics – Women's 3000 metres,Speed skating,27,14,"February 17, 1994",4:17.43
event_Q10522577,Judo at the 1996 Summer Olympics – Men's 86 kg,Judo,33,33,22 July 1996,
event_Q10522587,Cycling at the 1988 Summer Olympics – Men's track time trial,Cycling,30,30,20 September,1:04.499
event_Q587805,"Speed skating at the 2006 Winter Olympics – Men's 10,000 metres",Speed skating,16,8,24 February 2006,13:01.57
event_Q8037926,Wrestling at the 1996 Summer Olympics – Men's freestyle 130 kg,Wrestling,18,18,1–2 August 1996,
event_Q1005371,Snowboarding at the 2002 Winter Olympics – Men's halfpipe,Snowboarding,34,12,11 February 2002,46.1
event_Q1222712,Alpine skiing at the 1992 Winter Olympics – Women's giant slalom,Alpine skiing,69,32,"February 19, 1992",2:12.74
event_Q4354074,Shooting at the 2004 Summer Olympics – Women's 10 metre air rifle,Shooting,44,31,"August 14, 2004",502.0 shooting
event_Q8037917,Wrestling at the 1996 Summer Olympics – Men's Greco-Roman 57 kg,Wrestling,20,20,20–21 July 1996,
event_Q3879628,Swimming at the 1996 Summer Olympics – Women's 200 metre freestyle,Swimming,42,35,21 July 1996 (heats & finals),1:58.16
event_Q10522589,Judo at the 1988 Summer Olympics – Men's +95 kg,Judo,26,26,1 October 1988,
event_Q25939,Fencing at the 1996 Summer Olympics – Men's foil,Fencing,45,19,22 July 1996,
event_Q1422103,Athletics at the 1996 Summer Olympics – Women's triple jump,Athletics,31,23,29–31 July,15.33 athletics
event_Q3628792,Athletics at the 1996 Summer Olympics – Men's 110 metres hurdles,Athletics,62,39,28 & 29 July,12.95 athletics
event_Q1005284,Alpine skiing at the 1988 Winter Olympics – Men's combined,Alpine skiing,56,20,"February 17, 1988",36.55
event_Q3730943,Equestrian at the 2004 Summer Olympics – Individual jumping,Equestrian,77,27,22–27 August,8 faults
event_Q1076363,Swimming at the 2000 Summer Olympics – Men's 400 metre freestyle,Swimming,46,40,"September 16, 2000 (heats & final)",3:40.59 swimming
event_Q7979997,Weightlifting at the 2000 Summer Olympics – Men's 77 kg,Weightlifting,18,16,22 September 2000,
event_Q3837496,Wrestling at the 2004 Summer Olympics – Men's Greco-Roman 120 kg,Wrestling,20,20,24–25 August 2004,
event_Q1005211,Cross-country skiing at the 1988 Winter Olympics – Men's 50 kilometre freestyle,Cross-country skiing,71,23,27 February 1988,2:04:30.9
event_Q1005811,Snowboarding at the 1998 Winter Olympics – Men's giant slalom,Snowboarding,34,14,8 February 1998,2:03.96
event_Q3565605,Wrestling at the 1988 Summer Olympics – Men's Greco-Roman 48 kg,Wrestling,15,15,18–20 September 1988,
event_Q1005575,Alpine skiing at the 1994 Winter Olympics – Men's downhill,Alpine skiing,55,26,13 February 1994,1:45.75
event_Q1377439,Badminton at the 2004 Summer Olympics – Women's doubles,Badminton,23,16,14–21 August 2004,
event_Q2463752,Athletics at the 2004 Summer Olympics – Men's 400 metres,Athletics,62,48,20–23 August,44.00
event_Q3925468,Boxing at the 2004 Summer Olympics – Light flyweight,Boxing,29,29,18–29 August 2004,
event_Q1005065,Cross-country skiing at the 1992 Winter Olympics – Men's 30 kilometre classical,Cross-country skiing,87,34,10 February 1992,1:22:27.8
event_Q3879761,Synchronized swimming at the 2004 Summer Olympics – Women's duet,Synchronized swimming,48,24,23–25 August 2004,99.334
event_Q13572928,Weightlifting at the 1996 Summer Olympics – Men's 83 kg,Weightlifting,20,18,26 July 1996,392.5 kg
event_Q1005801,Alpine skiing at the 2006 Winter Olympics – Men's giant slalom,Alpine skiing,82,46,"February 20, 2006",2:35.00
event_Q3628772,Athletics at the 2000 Summer Olympics – Women's 800 metres,Athletics,38,30,22 September 2000 (heats)23 September 2000 (semi-finals)25 September 2000 (final),1:56.15
event_Q2318914,Athletics at the 2004 Summer Olympics – Women's hammer throw,Athletics,48,27,23–25 August,75.02 athletics
event_Q1005571,Alpine skiing at the 1988 Winter Olympics – Men's downhill,Alpine skiing,51,18,"February 15, 1988",1:59.63
event_Q5403447,Shooting at the 1988 Summer Olympics – Men's 50 metre running target,Shooting,23,16,23 September 1988,689 (OR)
event_Q1004961,Speed skating at the 1992 Winter Olympics – Men's 1500 metres,Speed skating,46,21,16 February 1992,1:54.81
event_Q3879632,Swimming at the 1996 Summer Olympics – Men's 400 metre freestyle,Swimming,35,31,23 July 1996 (heats & finals),3:47.97 NR
event_Q7979995,Weightlifting at the 2000 Summer Olympics – Men's 105 kg,Weightlifting,21,18,25 September 2000,
event_Q22964453,Rowing at the 1996 Summer Olympics – Women's coxless pair,Rowing,26,13,21–27 July 1996,
event_Q562647,Tennis at the 1988 Summer Olympics – Women's singles,Tennis,48,26,23 September–1 October 1988,
event_Q1074316,Swimming at the 2000 Summer Olympics – Women's 100 metre backstroke,Swimming,47,40,"September 17, 2000 (heats &semifinals)September 18, 2000 (final)",1:00.21 swimming
event_Q3837498,Wrestling at the 2004 Summer Olympics – Men's Greco-Roman 84 kg,Wrestling,20,20,24–25 August 2004,
event_Q8037960,Wrestling at the 2000 Summer Olympics – Men's Greco-Roman 76 kg,Wrestling,20,20,24–26 September 2000,
event_Q256529,Biathlon at the 2006 Winter Olympics – Men's mass start,Biathlon,30,14,25 February 2006,47:20.0
event_Q1005286,Alpine skiing at the 1992 Winter Olympics – Men's combined,Alpine skiing,66,27,"February 10–11, 1992",14.58
event_Q2557677,Athletics at the 2004 Summer Olympics – Women's pole vault,Athletics,35,22,21–24 August,4.91 m athletics
event_Q7500761,Shooting at the 1992 Summer Olympics – Men's 50 metre pistol,Shooting,44,29,26 July 1992,658
event_Q1408888,Athletics at the 1992 Summer Olympics – Men's 50 kilometres walk,Athletics,45,21,August 7,3:50:13
event_Q3879626,Swimming at the 1996 Summer Olympics – Men's 200 metre breaststroke,Swimming,36,31,24 July 1996 (heats & finals),2:12.57
event_Q10572465,Boxing at the 1996 Summer Olympics – Lightweight,Boxing,31,31,21 July – 3 August,
event_Q10426127,Boxing at the 1992 Summer Olympics – Bantamweight,Boxing,31,31,28 July – 8 August 1992,
event_Q3879611,Swimming at the 1996 Summer Olympics – Men's 100 metre butterfly,Swimming,61,56,24 July 1996 (heats & finals),52.27 swimming
event_Q3879617,Swimming at the 1996 Summer Olympics – Men's 1500 metre freestyle,Swimming,34,26,26 July 1996 (heats & final),14:56.40
event_Q3628774,Athletics at the 2000 Summer Olympics – Women's shot put,Athletics,25,18,27 September 2000 (qualifications 28 September 2000 (finals),20.56
event_Q1005731,Skeleton at the 2002 Winter Olympics – Men's,Skeleton,26,18,"February 20, 2002",
event_Q1004964,Speed skating at the 1994 Winter Olympics – Men's 1500 metres,Speed skating,44,17,16 February 1994,1:51.29 WR
event_Q3628783,Athletics at the 2000 Summer Olympics – Men's pole vault,Athletics,36,22,27 September 2000 (qualifying)29 September 2000 (final),5.90
event_Q3628702,Athletics at the 1988 Summer Olympics – Men's pole vault,Athletics,21,13,23 September 1988 (qualifying) 25 September 1988 (final),5.90 athletics
event_Q988370,Nordic combined at the 1998 Winter Olympics – Individual,Nordic combined,45,14,13–14 February,41:21.1
event_Q5443151,Fencing at the 2000 Summer Olympics – Men's team sabre,Fencing,29,9,24 September 2000,
event_Q3879635,Swimming at the 1996 Summer Olympics – Women's 800 metre freestyle,Swimming,29,23,25 July 1996 (heats & final),8:27.89
event_Q3837500,Wrestling at the 2004 Summer Olympics – Men's Greco-Roman 96 kg,Wrestling,22,22,25–26 August 2004,
event_Q1222721,Snowboarding at the 1998 Winter Olympics – Women's giant slalom,Snowboarding,31,14,10 February 1998,2:17.34
event_Q10497007,Boxing at the 1988 Summer Olympics – Flyweight,Boxing,44,44,18 September – 2 October 1988,
event_Q1076295,Swimming at the 2000 Summer Olympics – Men's 100 metre breaststroke,Swimming,66,61,"September 16, 2000 (heats &semifinals)September 17, 2000 (final)",1:00.46 swimming
event_Q12808128,Weightlifting at the 1996 Summer Olympics – Men's 99 kg,Weightlifting,28,25,28 July 1996,420.0 kg
event_Q22964459,Rowing at the 1996 Summer Olympics – Men's coxless pair,Rowing,36,18,17–27 July 1996,6:20.09
event_Q3628752,Athletics at the 2004 Summer Olympics – Women's 400 metres hurdles,Athletics,34,25,21–25 August,52.82
event_Q3879654,Swimming at the 1992 Summer Olympics – Men's 200 metre individual medley,Swimming,60,43,31 July 1992 (heats & finals),2:00.76
event_Q25800,Fencing at the 1996 Summer Olympics – Men's team foil,Fencing,34,11,25 July 1996,
event_Q38601,Fencing at the 1992 Summer Olympics – Men's team épée,Fencing,60,12,5 - 6 August 1992,
event_Q384008,Gymnastics at the 2004 Summer Olympics – Men's artistic individual all-around,Gymnastics,98,31,14–18 August 2004,57.823
event_Q3628691,Athletics at the 1988 Summer Olympics – Women's 800 metres,Athletics,29,19,24 September 1988 (heats)25 September 1988 (semi-finals)26 September 1988 (final),1:56.10
event_Q3628698,Athletics at the 1988 Summer Olympics – Men's hammer throw,Athletics,30,16,1988-09-25 (qualifying)1988-09-26 (final),84.80 athletics
event_Q3565736,Wrestling at the 1988 Summer Olympics – Men's Greco-Roman 90 kg,Wrestling,22,22,18–20 September 1988,
event_Q3879589,Swimming at the 2000 Summer Olympics – Women's 100 metre freestyle,Swimming,56,51,"September 20, 2000 (heats &semifinals)September 21, 2000 (final)",53.83
event_Q2303677,Athletics at the 1992 Summer Olympics – Men's 100 metres,Athletics,81,66,July 31 (heats) August 1 (final),9.96
event_Q988374,Nordic combined at the 1992 Winter Olympics – Individual,Nordic combined,45,12,11–12 February,44:28.1
event_Q3628694,Athletics at the 1988 Summer Olympics – Women's shot put,Athletics,26,14,1988-09-30 (qualifications)1988-10-01 (finals),22.24
event_Q3628754,Athletics at the 2004 Summer Olympics – Men's 4 × 100 metres relay,Athletics,65,16,27–28 August 2004,38.07
event_Q3628710,Athletics at the 1988 Summer Olympics – Men's javelin throw,Athletics,38,22,September 24 (qualifications)September 25 (final),84.28
event_Q1005155,Speed skating at the 1988 Winter Olympics – Men's 5000 metres,Speed skating,38,18,17 February 1988,6:44.63 OR
event_Q3899247,Modern pentathlon at the 2000 Summer Olympics – Men's,Modern pentathlon,24,19,30 September,5376
event_Q3837508,Wrestling at the 2004 Summer Olympics – Men's freestyle 55 kg,Wrestling,22,22,27–28 August 2004,
event_Q3628777,Athletics at the 2000 Summer Olympics – Men's discus throw,Athletics,45,28,24 September 2000 (qualifying) 25 September 2000 (final),69.30
event_Q3628685,Athletics at the 1988 Summer Olympics – Women's 3000 metres,Athletics,35,25,23 September 1988 (heats)25 September 1988 (final),8:26.53 athletics
event_Q8037969,Wrestling at the 2000 Summer Olympics – Men's freestyle 76 kg,Wrestling,20,20,28–30 September 2000,
event_Q1005189,Short-track speed skating at the 2002 Winter Olympics – Men's 500 metres,Short-track speed skating,32,20,23 February 2002,41.802
event_Q4160922,Judo at the 2000 Summer Olympics – Women's 48 kg,Judo,23,23,16 September 2000,
event_Q1004936,Cross-country skiing at the 1994 Winter Olympics – Men's 10 kilometre classical,Cross-country skiing,88,33,17 February 1994,24:20.1
event_Q255955,Speed skating at the 1994 Winter Olympics – Men's 1000 metres,Speed skating,43,17,18 February 1994,1:12.43 WR
event_Q8037967,Wrestling at the 2000 Summer Olympics – Men's freestyle 69 kg,Wrestling,20,20,29 September – 1 October 2000,
event_Q1004968,Short-track speed skating at the 2002 Winter Olympics – Men's 1500 metres,Short-track speed skating,31,19,20 February 2002,2:18.541
event_Q2313564,Athletics at the 2004 Summer Olympics – Men's 200 metres,Athletics,54,41,24–26 August,19.79
event_Q3879588,Swimming at the 2000 Summer Olympics – Women's 200 metre butterfly,Swimming,36,27,"September 19, 2000 (heats &semifinals)September 20, 2000 (final)",2:05.88 swimming
event_Q3561235,Cycling at the 1992 Summer Olympics – Men's sprint,Cycling,23,23,28–31 July,
event_Q823663,Freestyle skiing at the 2006 Winter Olympics – Men's moguls,Freestyle skiing,35,11,15 February,
event_Q3628763,Athletics at the 2000 Summer Olympics – Women's 200 metres,Athletics,52,38,27 September 2000 (heats and quarter-finals)28 September 2000 (semi-finals and final),22.27
event_Q988367,Nordic combined at the 2002 Winter Olympics – Individual,Nordic combined,45,14,9–10 February 2002,39:11.7
event_Q1005804,Alpine skiing at the 1988 Winter Olympics – Men's giant slalom,Alpine skiing,117,38,"February 25, 1988",2:06.37
event_Q7980006,Weightlifting at the 2000 Summer Olympics – Women's 69 kg,Weightlifting,15,13,19 September 2000,
event_Q3879573,Swimming at the 2004 Summer Olympics – Women's 200 metre individual medley,Swimming,30,27,"August 16, 2004 (heats &semifinals)August 17, 2004 (final)",2:11.14
event_Q577507,Speed skating at the 1988 Winter Olympics – Women's 5000 metres,Speed skating,25,15,"February 28, 1988",7:14.13 WR
event_Q3899244,Modern pentathlon at the 1988 Summer Olympics – Men's individual,Modern pentathlon,65,26,September 18–22,
event_Q1421581,Cycling at the 2004 Summer Olympics – Women's sprint,Cycling,12,11,22–24 August 2004,
event_Q8037902,Wrestling at the 1992 Summer Olympics – Men's Greco-Roman 130 kg,Wrestling,16,16,27–29 July 1992,
event_Q1005572,Alpine skiing at the 1992 Winter Olympics – Men's downhill,Alpine skiing,55,24,9 February 1992,1:50.37
event_Q5443140,Fencing at the 1988 Summer Olympics – Men's team épée,Fencing,85,18,29-30 September 1988,
event_Q1409055,Athletics at the 1992 Summer Olympics – Women's 400 metres hurdles,Athletics,27,18,2 August 1992 (heats)3 August 1992 (semi-finals)5 August 1992 (final),53.23
event_Q10466383,Judo at the 1992 Summer Olympics – Women's 72 kg,Judo,22,22,28 July 1992,
event_Q10572431,Boxing at the 1992 Summer Olympics – Light heavyweight,Boxing,26,26,29 July – 9 August 1992,
event_Q3879616,Swimming at the 1996 Summer Olympics – Men's 100 metre freestyle,Swimming,61,45,22 July 1996 (heats & finals),48.74
event_Q3899249,Modern pentathlon at the 1992 Summer Olympics – Men's individual,Modern pentathlon,66,30,July 26–29,
event_Q1005328,Luge at the 1988 Winter Olympics – Men's singles,Luge,38,18,14–15 February 1988,3:05.548
event_Q3879602,Swimming at the 2000 Summer Olympics – Women's 50 metre freestyle,Swimming,74,66,22 September 2000 (heats &semifinals)23 September 2000 (final),24.32
event_Q3879604,Swimming at the 2000 Summer Olympics – Men's 50 metre freestyle,Swimming,80,73,"September 21, 2000 (heats &semifinals)September 22, 2000 (final)",21.98
event_Q3628690,Athletics at the 1988 Summer Olympics – Men's 5000 metres,Athletics,56,39,28 September 1988 (heats)29 September 1988 (semi-finals)1 October 1988 (final),13:11.70
event_Q1005187,Speed skating at the 1998 Winter Olympics – Men's 500 metres,Speed skating,42,16,9–10 February 1998,1:11.35 OR
event_Q825731,Cross-country skiing at the 2006 Winter Olympics – Men's sprint,Cross-country skiing,80,34,22 February 2006,
event_Q2313552,Athletics at the 2004 Summer Olympics – Women's 1500 metres,Athletics,48,25,24–28 August,3:57.90 NR
event_Q3879595,Swimming at the 2000 Summer Olympics – Men's 200 metre individual medley,Swimming,56,49,"September 20, 2000 (heats &semifinals)September 21, 2000 (final)",1:58.98 swimming
event_Q22964458,Rowing at the 1996 Summer Olympics – Men's quadruple sculls,Rowing,56,14,21–28 July 1996,5:56.93
event_Q4467905,Weightlifting at the 2000 Summer Olympics – Women's 53 kg,Weightlifting,10,10,18 September 2000,
event_Q10426128,Boxing at the 1988 Summer Olympics – Bantamweight,Boxing,48,48,17 September – 1 October 1988,
event_Q3628687,Athletics at the 1988 Summer Olympics – Men's 400 metres hurdles,Athletics,38,28,23 September 1988 (quarterfinals)24 September 1988 (semifinals)25 September 1988 (final),47.19 athletics
event_Q8037974,Wrestling at the 2000 Summer Olympics – Men's freestyle 97 kg,Wrestling,19,19,28–30 September 2000,
event_Q2311975,Athletics at the 2004 Summer Olympics – Men's hammer throw,Athletics,35,24,20–22 August,82.91
event_Q1005331,Luge at the 1992 Winter Olympics – Men's singles,Luge,34,18,9–10 February 1992,3:02.363
event_Q3925463,Boxing at the 2004 Summer Olympics – Lightweight,Boxing,28,28,16–29 August 2004,
event_Q825222,Speed skating at the 2002 Winter Olympics – Women's 500 metres,Speed skating,31,12,13–14 February 2002,74.75
event_Q825088,Snowboarding at the 2006 Winter Olympics – Women's parallel giant slalom,Snowboarding,30,16,23 February 2006,
event_Q988361,Ski jumping at the 1992 Winter Olympics – Normal hill individual,Ski jumping,58,16,"February 9, 1992",222.8
event_Q4467910,Weightlifting at the 2000 Summer Olympics – Women's 58 kg,Weightlifting,17,16,18 September 2000,
event_Q1156252,Cycling at the 1900 Summer Olympics – Men's sprint,Cycling,69,6,September 11 (heats and quarterfinals) September 13 (semifinals and final),
event_Q1005158,Speed skating at the 1998 Winter Olympics – Men's 5000 metres,Speed skating,32,19,8 February 1998,6:22.20
event_Q3811001,Judo at the 2004 Summer Olympics – Women's +78 kg,Judo,22,22,20 August 2004,1000
event_Q3925469,Boxing at the 2004 Summer Olympics – Super heavyweight,Boxing,16,16,18–29 August 2004,
event_Q1005808,Alpine skiing at the 1994 Winter Olympics – Men's giant slalom,Alpine skiing,61,29,"February 23, 1994",2:52.46
event_Q10497009,Boxing at the 1996 Summer Olympics – Flyweight,Boxing,32,32,23 July – 4 August 1996,
event_Q1005108,Biathlon at the 2002 Winter Olympics – Men's relay,Biathlon,76,19,20 February 2002,1:23:42.3
event_Q3879562,Swimming at the 2004 Summer Olympics – Women's 100 metre butterfly,Swimming,38,30,"August 14, 2004 (heats & semifinals)August 15, 2004 (final)",57.72
event_Q8037956,Wrestling at the 2000 Summer Olympics – Men's Greco-Roman 58 kg,Wrestling,20,20,25–27 September 2000,
event_Q822588,Wrestling at the 2004 Summer Olympics – Men's Greco-Roman 55 kg,Wrestling,22,22,24–25 August 2004,
event_Q2312004,Athletics at the 2004 Summer Olympics – Women's high jump,Athletics,35,28,26–28 August,2.06 athletics
event_Q3879630,Swimming at the 1996 Summer Olympics – Women's 400 metre freestyle,Swimming,40,35,22 July 1996 (heats & finals),4:07.25 NR
event_Q10684072,Boxing at the 1988 Summer Olympics – Super heavyweight,Boxing,17,17,22 September – 2 October 1988,
event_Q10522572,Judo at the 1996 Summer Olympics – Men's 71 kg,Judo,35,35,24 July 1996,
event_Q1005351,Cross-country skiing at the 2002 Winter Olympics – Men's sprint,Cross-country skiing,72,36,19 February 2002,02:56.9
event_Q5443142,Fencing at the 1988 Summer Olympics – Men's épée,Fencing,79,33,23 - 24 September 1988,
event_Q3879668,Swimming at the 1992 Summer Olympics – Men's 50 metre freestyle,Swimming,76,41,30 July 1992 (heats & finals),21.91 swimming
event_Q10466392,Judo at the 1992 Summer Olympics – Women's 66 kg,Judo,21,21,29 July 1992,
event_Q3837518,Wrestling at the 2004 Summer Olympics – Men's freestyle 96 kg,Wrestling,21,21,28–29 August 2004,
event_Q3879594,Swimming at the 2000 Summer Olympics – Women's 200 metre individual medley,Swimming,36,28,"September 18, 2000 (heats &semifinals)September 19, 2000 (final)",2:10.68 swimming
event_Q3628708,Athletics at the 1988 Summer Olympics – Men's 4 × 400 metres relay,Athletics,99,22,30 September 1988 (heats)1 October 1988 (final),2:56.16 athletics
event_Q1076347,Swimming at the 2000 Summer Olympics – Women's 100 metre butterfly,Swimming,50,40,"September 16, 2000 (heats &semifinals)September 17, 2000 (final)",56.61 swimming
event_Q8037915,Wrestling at the 1996 Summer Olympics – Men's Greco-Roman 52 kg,Wrestling,20,20,22–23 July 1996,
event_Q10466400,Cycling at the 1988 Summer Olympics – Women's sprint,Cycling,12,12,21–24 September 1988,
event_Q3628683,Athletics at the 1988 Summer Olympics – Men's 1500 metres,Athletics,59,46,29 September – 1 October,3:35.96
event_Q1004965,Speed skating at the 1998 Winter Olympics – Men's 1500 metres,Speed skating,45,18,12 February 1998,1:47.87 WR
event_Q1005617,Freestyle skiing at the 1994 Winter Olympics – Men's moguls,Freestyle skiing,29,16,15–16 February 1994,27.24
event_Q2558525,Athletics at the 2004 Summer Olympics – Women's heptathlon,Athletics,34,24,20–21 August,6952
event_Q38410,Fencing at the 1992 Summer Olympics – Women's foil,Fencing,46,19,30 July 1992,
event_Q3811009,Judo at the 2004 Summer Olympics – Women's 70 kg,Judo,23,23,18 August 2004,1000
event_Q1069209,Speed skating at the 2006 Winter Olympics – Women's 3000 metres,Speed skating,28,15,12 February 2006,4:02.43
event_Q1408901,Athletics at the 1992 Summer Olympics – Men's 800 metres,Athletics,59,49,August 1–5,1:43.66
event_Q22964457,Rowing at the 1996 Summer Olympics – Men's lightweight coxless four,Rowing,68,17,22–28 July 1996,
event_Q8037906,Wrestling at the 1992 Summer Olympics – Men's Greco-Roman 82 kg,Wrestling,20,20,28–30 July 1992,
event_Q988372,Nordic combined at the 1994 Winter Olympics – Individual,Nordic combined,53,16,18–19 February 1994,39:07.9
event_Q3628709,Athletics at the 1988 Summer Olympics – Women's javelin throw,Athletics,29,18,September 25 (qualifications)September 26 (finals),74.68 athletics
event_Q3811005,Judo at the 2004 Summer Olympics – Women's 57 kg,Judo,23,23,16 August 2004,0011
event_Q2328217,Archery at the 2000 Summer Olympics – Women's individual,Archery,64,31,16–19 September 2000,
event_Q4088890,Bobsleigh at the 1994 Winter Olympics – Four-man,Bobsleigh,88,12,26–27 February 1994,3:27.78
event_Q3628766,Athletics at the 2000 Summer Olympics – Women's 400 metres hurdles,Athletics,33,21,24 September 2000 (heats)25 September 2000 (semi-finals)27 September 2000 (final),53.02
event_Q8037901,Wrestling at the 1992 Summer Olympics – Men's Greco-Roman 100 kg,Wrestling,16,16,26–28 July 1992,
event_Q3879633,Swimming at the 1996 Summer Olympics – Women's 50 metre freestyle,Swimming,56,48,26 July 1996 (heats & finals),24.87 AM
event_Q10684073,Boxing at the 1992 Summer Olympics – Super heavyweight,Boxing,17,17,27 July – 9 August 1992,
event_Q3879596,Swimming at the 2000 Summer Olympics – Women's 200 metre breaststroke,Swimming,36,30,"September 20, 2000 (heats & semifinals)September 21, 2000 (final)",2:24.35
event_Q2311908,Athletics at the 2000 Summer Olympics – Women's 20 kilometres walk,Athletics,57,30,28 September,1:29:05 athletics
event_Q3500417,Wrestling at the 1988 Summer Olympics – Men's Greco-Roman 52 kg,Wrestling,21,21,19–21 September 1988,
event_Q1004913,"Speed skating at the 1992 Winter Olympics – Men's 10,000 metres",Speed skating,30,14,20 February 1992,14:12.12
event_Q22964456,Rowing at the 1996 Summer Olympics – Men's coxless four,Rowing,56,14,21–27 July 1996,
event_Q4088891,Bobsleigh at the 1994 Winter Olympics – Two-man,Bobsleigh,84,29,19–20 February 1994,3:30.81
event_Q1004989,Cross-country skiing at the 1992 Winter Olympics – Men's 15 kilometre freestyle pursuit,Cross-country skiing,102,25,15 February 1992,38:01.9
event_Q10572423,Boxing at the 1996 Summer Olympics – Light middleweight,Boxing,31,31,23 July – 3 August 1996,
event_Q1076244,Swimming at the 2000 Summer Olympics – Women's 100 metre breaststroke,Swimming,44,37,17 September 2000 (heats &semifinals)18 September 2000 (final),1:07.05 AM
event_Q10581228,Boxing at the 1992 Summer Olympics – Middleweight,Boxing,28,28,28 July – 8 August,
event_Q3899246,Modern pentathlon at the 2000 Summer Olympics – Women's,Modern pentathlon,24,18,1 October,5318
event_Q1005621,Alpine skiing at the 2002 Winter Olympics – Men's slalom,Alpine skiing,78,43,"February 23, 2002",1:41.06
event_Q988359,Ski jumping at the 1988 Winter Olympics – Normal hill individual,Ski jumping,58,19,"February 14, 1988",229.1
event_Q3500407,Wrestling at the 1988 Summer Olympics – Men's Greco-Roman 100 kg,Wrestling,18,18,19–21 September 1988,
event_Q3879581,Swimming at the 2004 Summer Olympics – Men's 4 × 100 metre freestyle relay,Swimming,75,16,"August 15, 2004 (heats & final)",3:13.17 swimming
event_Q3879564,Swimming at the 2004 Summer Olympics – Women's 100 metre breaststroke,Swimming,48,43,"August 15, 2004 (heats &semifinals)August 16, 2004 (final)",1:06.64 swimming
event_Q1408869,Athletics at the 1992 Summer Olympics – Women's 100 metres,Athletics,55,41,"31 July 1992 (heats, quarter-finals)1 August 1992 (semi-finals, finals)",10.82
event_Q1408852,Athletics at the 1992 Summer Olympics – Men's 400 metres,Athletics,69,52,1 August 1992 (heats)2 August 1992 (quarter-finals)3 August 1992 (semi-finals)5 August 1992 (final),43.50 athletics
event_Q3628679,"Athletics at the 1988 Summer Olympics – Women's 10,000 metres",Athletics,42,31,26 September 1988 (heats)30 September 1988 (final),31:05.20 athletics
event_Q10706346,Boxing at the 1988 Summer Olympics – Heavyweight,Boxing,18,18,22 September – 1 October 1988,
event_Q8037929,Wrestling at the 1996 Summer Olympics – Men's freestyle 57 kg,Wrestling,21,21,30–31 July 1996,
event_Q1141105,Swimming at the 2004 Summer Olympics – Men's 400 metre individual medley,Swimming,36,26,"August 14, 2004 (heats & final)",4:08.26 swimming
event_Q1005157,Speed skating at the 1992 Winter Olympics – Men's 5000 metres,Speed skating,36,20,13 February 1992,6:59.97
event_Q1408920,Athletics at the 1992 Summer Olympics – Women's 100 metres hurdles,Athletics,37,22,5 August 1992 (heats and quarter-finals)6 August 1992 (semi-finals and final),12.64
event_Q1004870,Short-track speed skating at the 1994 Winter Olympics – Men's 1000 metres,Short-track speed skating,31,16,22 February 1994,1:34.57
event_Q3837497,Wrestling at the 2004 Summer Olympics – Men's Greco-Roman 60 kg,Wrestling,22,22,25–26 August 2004,
event_Q3837499,Wrestling at the 2004 Summer Olympics – Men's Greco-Roman 66 kg,Wrestling,20,20,24–25 August 2004,
event_Q3837505,Wrestling at the 2004 Summer Olympics – Men's freestyle 120 kg,Wrestling,20,20,27–28 August 2004,
event_Q3879627,Swimming at the 1996 Summer Olympics – Men's 400 metre individual medley,Swimming,27,23,21 July 1996 (heats & finals),4:14.90
event_Q824919,Cross-country skiing at the 2006 Winter Olympics – Women's 10 kilometre classical,Cross-country skiing,72,29,16 February 2006,27:51.4
event_Q8037932,Wrestling at the 1996 Summer Olympics – Men's freestyle 68 kg,Wrestling,19,19,29–30 July 1996,
event_Q8037918,Wrestling at the 1996 Summer Olympics – Men's Greco-Roman 62 kg,Wrestling,19,19,22–23 July 1996,
event_Q541316,Speed skating at the 1988 Winter Olympics – Men's 1000 metres,Speed skating,40,16,18 February 1988,1:13.03 speed skating
event_Q2311887,Athletics at the 2000 Summer Olympics – Women's hammer throw,Athletics,28,20,27 September 2000 (qualification)29 September 2000 (final),71.16 athletics
event_Q4160927,Judo at the 2000 Summer Olympics – Men's 73 kg,Judo,34,34,18 September 2000,
event_Q1005292,Alpine skiing at the 1994 Winter Olympics – Men's combined,Alpine skiing,56,27,"February 14 and 25, 1994",3:17.53
event_Q3879580,Swimming at the 2004 Summer Olympics – Men's 4 × 100 metre medley relay,Swimming,73,16,"August 20, 2004 (heats)August 21, 2004 (final)",3:30.68 swimming
event_Q3879561,Swimming at the 2004 Summer Olympics – Women's 100 metre backstroke,Swimming,41,34,"August 15, 2004 (heats &semifinals)August 16, 2004 (final)",1:00.37
event_Q7500758,Shooting at the 1992 Summer Olympics – Men's 10 metre air rifle,Shooting,44,28,,695.3 (OR)
event_Q824803,Cross-country skiing at the 2006 Winter Olympics – Men's 30 kilometre pursuit,Cross-country skiing,76,27,12 February 2006,1:17:00.8
event_Q1005214,Cross-country skiing at the 1998 Winter Olympics – Men's 50 kilometre freestyle,Cross-country skiing,79,28,22 February 1998,2:05:08.2
event_Q10522594,Judo at the 1996 Summer Olympics – Men's +95 kg,Judo,32,32,20 July 1996,
event_Q4354615,Shooting at the 2004 Summer Olympics – Men's 10 metre air pistol,Shooting,47,35,14 August 2004,690.0 shooting
event_Q7979985,Weightlifting at the 1996 Summer Olympics – Men's 64 kg,Weightlifting,36,26,22 July 1996,335.0 kg
event_Q1423968,Athletics at the 1996 Summer Olympics – Men's long jump,Athletics,52,40,28 July 1996 (qualifying)29 July 1996 (finals),8.50
event_Q2426715,Cycling at the 2000 Summer Olympics – Women's cross-country,Cycling,30,15,23 September,1:49:24
event_Q7979988,Weightlifting at the 1996 Summer Olympics – Men's 76 kg,Weightlifting,24,21,24 July 1996,367.5 kg
event_Q3811004,Judo at the 2004 Summer Olympics – Women's 52 kg,Judo,24,24,15 August 2004,1000
event_Q1004928,Biathlon at the 1994 Winter Olympics – Men's sprint,Biathlon,68,28,23 February 1994,27:16.2
event_Q988351,Ski jumping at the 2002 Winter Olympics – Normal hill individual,Ski jumping,60,21,"February 10, 2002",269.0
event_Q3879629,Swimming at the 1996 Summer Olympics – Men's 200 metre freestyle,Swimming,43,36,20 July 1996 (heats & finals),1:47.63
event_Q2312939,Athletics at the 2004 Summer Olympics – Men's 800 metres,Athletics,72,58,25–28 August,1:44.45
event_Q3811006,Judo at the 2004 Summer Olympics – Men's 60 kg,Judo,33,33,14 August 2004,0100
event_Q38605,Fencing at the 1992 Summer Olympics – Men's team foil,Fencing,59,12,4 - 5 August 1992,
event_Q1004924,Biathlon at the 2006 Winter Olympics – Men's sprint,Biathlon,90,36,14 February 2006,26:11.6
event_Q2310230,Cycling at the 2004 Summer Olympics – Women's cross-country,Cycling,30,22,27 August,1:56:51
event_Q3879642,Swimming at the 1992 Summer Olympics – Women's 100 metre backstroke,Swimming,46,32,28 July 1992 (heats & finals),1:00.68 swimming
event_Q25784,Fencing at the 1996 Summer Olympics – Women's foil,Fencing,40,17,22 July 1996,
event_Q10466389,Judo at the 1992 Summer Olympics – Women's 56 kg,Judo,23,23,31 July 1992,
event_Q1005557,Alpine skiing at the 2002 Winter Olympics – Men's downhill,Alpine skiing,55,22,"February 10, 2002",1:39.13
event_Q3925471,Boxing at the 2004 Summer Olympics – Light welterweight,Boxing,27,27,15–28 August 2004,
event_Q826487,Speed skating at the 2002 Winter Olympics – Men's 1500 metres,Speed skating,48,17,"February 19, 2002",1:43.95 WR
event_Q3879613,Swimming at the 1996 Summer Olympics – Women's 100 metre breaststroke,Swimming,46,38,21 July 1996 (heats & finals),1:07.73
event_Q825058,Cross-country skiing at the 2006 Winter Olympics – Men's 15 kilometre classical,Cross-country skiing,99,46,17 February 2006,38:01.3
event_Q3879574,Swimming at the 2004 Summer Olympics – Men's 200 metre individual medley,Swimming,50,42,"August 18, 2004 (heats &semifinals)August 19, 2004 (final)",1:57.14 swimming
event_Q3980074,Taekwondo at the 2004 Summer Olympics – Men's 58 kg,Taekwondo,16,16,26 August,
event_Q3879656,Swimming at the 1992 Summer Olympics – Men's 200 metre breaststroke,Swimming,54,41,29 July 1992 (heats & finals),2:10.16 swimming
event_Q5443145,Fencing at the 1988 Summer Olympics – Women's team foil,Fencing,60,12,27-28 September 1988,
event_Q3811007,Judo at the 2004 Summer Olympics – Women's 63 kg,Judo,22,22,17 August 2004,0200
event_Q10522575,Judo at the 1992 Summer Olympics – Men's 86 kg,Judo,33,33,29 July 1992,
event_Q3951952,Fencing at the 2004 Summer Olympics – Men's foil,Fencing,36,20,"August 16, 2004",
event_Q3628699,Athletics at the 1988 Summer Olympics – Men's marathon,Athletics,118,66,October 2,2:10:59
event_Q3628759,Athletics at the 2000 Summer Olympics – Women's 100 metres hurdles,Athletics,38,22,25 September 2000 (heats and quarter-finals)27 September 2000 (semi-finals and finals),12.65
event_Q1408856,"Athletics at the 1992 Summer Olympics – Men's 10,000 metres",Athletics,56,39,31 July 1992 (heats)3 August 1992 (final),27:46.70
event_Q10522548,Judo at the 1992 Summer Olympics – Men's 78 kg,Judo,42,42,30 July 1992,
event_Q25782,Fencing at the 1996 Summer Olympics – Women's team épée,Fencing,33,11,24 July 1996,
event_Q10572432,Boxing at the 1988 Summer Olympics – Light heavyweight,Boxing,26,26,21 September – 2 October 1988,
event_Q2558983,Athletics at the 2004 Summer Olympics – Men's 1500 metres,Athletics,38,26,20–24 August,3:34.19
event_Q3879565,Swimming at the 2004 Summer Olympics – Men's 100 metre breaststroke,Swimming,60,55,"August 14, 2004 (heats &semifinals)August 15, 2004 (final)",1:00.08
event_Q10466371,Judo at the 1992 Summer Olympics – Women's 48 kg,Judo,22,22,2 August 1992,
event_Q2313443,"Athletics at the 2004 Summer Olympics – Women's 10,000 metres",Athletics,31,20,27 August,30:24.36
event_Q376518,Cross-country skiing at the 2002 Winter Olympics – Men's 30 kilometre freestyle mass start,Cross-country skiing,78,31,9 February 2002,1:11:31.0
event_Q2557129,Athletics at the 2004 Summer Olympics – Women's 800 metres,Athletics,43,36,20–23 August,1:56.38
event_Q1005643,Alpine skiing at the 1998 Winter Olympics – Men's slalom,Alpine skiing,65,31,"February 21, 1998",1:49.31
event_Q1005782,Alpine skiing at the 2002 Winter Olympics – Men's giant slalom,Alpine skiing,78,39,"February 21, 2002",2:23.28
event_Q579346,Archery at the 2000 Summer Olympics – Women's team,Archery,36,12,16–21 September 2000,
event_Q3998587,Triathlon at the 2004 Summer Olympics – Men's,Triathlon,50,26,26 August,1:51:07.73
event_Q25780,Fencing at the 1996 Summer Olympics – Men's sabre,Fencing,43,20,"July 21, 1996",
event_Q8037962,Wrestling at the 2000 Summer Olympics – Men's Greco-Roman 97 kg,Wrestling,20,20,24–26 September 2000,
event_Q3628776,Athletics at the 2000 Summer Olympics – Women's discus throw,Athletics,32,20,25 September 2000 (qualification)27 September 2000 (final),68.40
event_Q3925462,Boxing at the 2004 Summer Olympics – Heavyweight,Boxing,16,16,18–28 August 2004,
event_Q8037914,Wrestling at the 1996 Summer Olympics – Men's Greco-Roman 130 kg,Wrestling,19,19,22–23 July 1996,
event_Q8037957,Wrestling at the 2000 Summer Olympics – Men's Greco-Roman 54 kg,Wrestling,20,20,24–26 September 2000,
event_Q7500762,Shooting at the 1992 Summer Olympics – Men's 10 metre running target,Shooting,24,15,,673 (OR)
event_Q3837510,Wrestling at the 2004 Summer Olympics – Men's freestyle 66 kg,Wrestling,21,21,27–28 August 2004,
event_Q1222713,Alpine skiing at the 1988 Winter Olympics – Women's giant slalom,Alpine skiing,64,26,"February 24, 1988",2:06.49
event_Q823194,Snowboarding at the 2006 Winter Olympics – Men's snowboard cross,Snowboarding,36,14,16 February 2006,
event_Q10522593,Judo at the 1992 Summer Olympics – Men's +95 kg,Judo,28,28,27 July 1992,
event_Q3628688,Athletics at the 1988 Summer Olympics – Women's 400 metres,Athletics,46,33,23 September 1988 (heats)24 September 1988 (quarter-finals)25 September 1988 (semi-finals)26 September 1988 (final),48.65 athletics
event_Q25793,Fencing at the 1996 Summer Olympics – Men's épée,Fencing,45,21,20 July 1996,
event_Q1005374,Snowboarding at the 1998 Winter Olympics – Men's halfpipe,Snowboarding,36,12,12 February 1998,85.2
event_Q1004937,Cross-country skiing at the 1998 Winter Olympics – Men's 10 kilometre classical,Cross-country skiing,97,35,12 February 1998,27:24.5
event_Q1110152,Athletics at the 2004 Summer Olympics – Women's 100 metres hurdles,Athletics,38,24,22–24 August,12.37 athletics
event_Q8037928,Wrestling at the 1996 Summer Olympics – Men's freestyle 52 kg,Wrestling,19,19,1–2 August 1996,
event_Q1424018,"Athletics at the 1996 Summer Olympics – Men's 10,000 metres",Athletics,46,30,26 July 1996 (heats)29 July 1996 (final),27:07.34 athletics
event_Q13583141,Boxing at the 2004 Summer Olympics – Middleweight,Boxing,28,28,14–28 August 2004,
event_Q1005047,Biathlon at the 1998 Winter Olympics – Men's individual,Biathlon,72,29,"February 11, 1998",56:16.4
event_Q1005741,Alpine skiing at the 2002 Winter Olympics – Men's super-G,Alpine skiing,56,23,"February 16, 2002",1:21.58
event_Q10495988,Boxing at the 1988 Summer Olympics – Featherweight,Boxing,48,48,18 September – 2 October 1988,
event_Q1304082,Badminton at the 2000 Summer Olympics – Women's singles,Badminton,40,23,16 – 22 September 2000,
event_Q1074357,Swimming at the 2000 Summer Olympics – Men's 100 metre backstroke,Swimming,55,50,"September 17, 2000 (heats &semifinals)September 18, 2000 (final)",53.72 swimming
event_Q3879634,Swimming at the 1996 Summer Olympics – Men's 50 metre freestyle,Swimming,65,59,25 July 1996 (heats & finals),22.13
event_Q8037916,Wrestling at the 1996 Summer Olympics – Men's Greco-Roman 48 kg,Wrestling,19,19,20–21 July 1996,
event_Q10719575,Boxing at the 1996 Summer Olympics – Welterweight,Boxing,32,32,20 July – 3 August 1996,
event_Q10581227,Boxing at the 1996 Summer Olympics – Middleweight,Boxing,31,31,22 July – 3 August 1996,
event_Q2558493,Athletics at the 2004 Summer Olympics – Women's triple jump,Athletics,33,24,21–23 August,15.30 AF
event_Q1005041,Biathlon at the 1988 Winter Olympics – Individual,Biathlon,71,21,20 February 1988,56:33.3
event_Q8037903,Wrestling at the 1988 Summer Olympics – Men's freestyle 57 kg,Wrestling,25,25,29 September–1 October 1988,
event_Q22964455,Rowing at the 1996 Summer Olympics – Men's double sculls,Rowing,39,19,"July 21 – July 27, 1996",
event_Q591555,Cross-country skiing at the 2002 Winter Olympics – Men's 4 × 10 kilometre relay,Cross-country skiing,60,15,17 February 2002,1:32:45.5
event_Q3628779,Athletics at the 2000 Summer Olympics – Women's marathon,Athletics,53,36,24 September,2:23:14 OR
event_Q3628697,Athletics at the 1988 Summer Olympics – Women's marathon,Athletics,70,39,September 23,2:25:40
event_Q3628684,Athletics at the 1988 Summer Olympics – Women's 200 metres,Athletics,59,43,"28 September 1988 (heats, quarter-finals)29 September 1988 (semi-final, final)",21.34 athletics
event_Q2443986,Athletics at the 2004 Summer Olympics – Men's marathon,Athletics,101,59,29 August,2:10:55
event_Q4443767,Shooting at the 2000 Summer Olympics – Men's trap,Shooting,41,29,16 September 200017 September 2000,147
event_Q11883936,Shooting at the 1988 Summer Olympics – Women's 25 metre pistol,Shooting,35,24,19 September 1988,690 (OR)
event_Q3925466,Boxing at the 2004 Summer Olympics – Flyweight,Boxing,28,28,17–28 August 2004,
event_Q370863,Swimming at the 2004 Summer Olympics – Women's 200 metre freestyle,Swimming,41,36,"August 16, 2004 (heats &semifinals)August 17, 2004 (final)",1:58.03
event_Q3991750,Archery at the 2004 Summer Olympics – Women's team,Archery,45,15,20 August 2004,241
event_Q10706347,Boxing at the 1992 Summer Olympics – Heavyweight,Boxing,23,23,28 July – 8 August,
event_Q8037970,Wrestling at the 2000 Summer Olympics – Men's freestyle 85 kg,Wrestling,20,20,29 September – 1 October 2000,
event_Q55615395,Judo at the 1988 Summer Olympics – Men's 65 kg,Judo,42,42,26 September 1988,
event_Q8037909,Wrestling at the 1992 Summer Olympics – Men's Greco-Roman 90 kg,Wrestling,19,19,28–30 July 1992,
event_Q10572462,Boxing at the 1988 Summer Olympics – Lightweight,Boxing,39,39,19 September – 1 October 1988,
event_Q3879587,Swimming at the 2000 Summer Olympics – Men's 100 metre butterfly,Swimming,63,53,"September 21, 2000 (heats &semifinals)September 22, 2000 (final)",52.00 EU
event_Q38407,Fencing at the 1992 Summer Olympics – Men's team sabre,Fencing,59,12,"August 6 - 7, 1992",
event_Q605663,Figure skating at the 2006 Winter Olympics – Pair skating,Figure skating,20,12,11 February 2006 13 February 2006,204.48
event_Q988348,Ski jumping at the 1998 Winter Olympics – Large hill individual,Ski jumping,62,19,"February 15, 1998",272.3
event_Q38599,Fencing at the 1992 Summer Olympics – Men's foil,Fencing,59,25,31 July 1992,
event_Q3811013,Judo at the 2004 Summer Olympics – Men's 90 kg,Judo,32,32,18 August 2004,1001
event_Q1405425,Athletics at the 1988 Summer Olympics – Men's long jump,Athletics,41,31,24 September 1988 (qualifying)25 September 1988 (final),8.72
event_Q1005042,Biathlon at the 1992 Winter Olympics – Men's individual,Biathlon,94,27,"February 20, 1992",57:34.4
event_Q1005124,Biathlon at the 1994 Winter Olympics – Men's relay,Biathlon,72,18,26 February 1994,1:30:22.1
event_Q1005133,Biathlon at the 1998 Winter Olympics – Men's relay,Biathlon,72,18,21 February 1998,1:21:36.2
event_Q25795,Fencing at the 1996 Summer Olympics – Women's épée,Fencing,48,24,21 July 1996,
event_Q4357642,Shooting at the 2004 Summer Olympics – Men's double trap,Shooting,25,19,"August 17, 2004",189 shooting
event_Q2308435,Athletics at the 1996 Summer Olympics – Men's 400 metres,Athletics,62,42,26 July 1996 (heats)27 July 1996 (quarter-finals)28 July 1996 (semi-finals)29 July 1996 (final),43.49 athletics
event_Q3837506,Wrestling at the 2004 Summer Olympics – Women's freestyle 55 kg,Wrestling,12,12,22–23 August 2004,
event_Q4160923,Judo at the 2000 Summer Olympics – Women's 57 kg,Judo,23,23,18 September 2000,
event_Q1005213,Cross-country skiing at the 1992 Winter Olympics – Men's 50 kilometre freestyle,Cross-country skiing,74,29,22 February 1992,2:03:41.5
event_Q10572439,Boxing at the 1992 Summer Olympics – Light welterweight,Boxing,30,30,30 July – 9 August 1992,
event_Q7979998,Weightlifting at the 2000 Summer Olympics – Men's 69 kg,Weightlifting,17,14,20 September 2000,
event_Q10572421,Boxing at the 1988 Summer Olympics – Light middleweight,Boxing,36,36,20 September – 2 October 1988,
event_Q7500782,Shooting at the 1996 Summer Olympics – Men's 10 metre air pistol,Shooting,50,31,20 July 1996,684.2
event_Q3879669,Swimming at the 1992 Summer Olympics – Women's 800 metre freestyle,Swimming,26,19,30 July 1992 (heats & final),8:25.52
event_Q826529,Speed skating at the 2002 Winter Olympics – Men's 5000 metres,Speed skating,32,14,"February 9, 2002",6:14.66 WR
event_Q1005639,Alpine skiing at the 1988 Winter Olympics – Men's slalom,Alpine skiing,109,37,"February 27, 1988",1:39.47
event_Q3998589,Triathlon at the 2004 Summer Olympics – Women's,Triathlon,50,26,25 August,2:04:43.45
event_Q3561232,Cycling at the 1996 Summer Olympics – Men's sprint,Cycling,24,16,24–28 July,
event_Q1005103,Cross-country skiing at the 1998 Winter Olympics – Men's 4 × 10 kilometre relay,Cross-country skiing,80,20,18 February 1998,1:40:55.7
event_Q8037955,Wrestling at the 2000 Summer Olympics – Men's Greco-Roman 130 kg,Wrestling,20,20,25–27 September 2000,
event_Q3837504,Wrestling at the 2004 Summer Olympics – Women's freestyle 48 kg,Wrestling,14,14,22–23 August 2004,
event_Q10522553,Judo at the 1992 Summer Olympics – Men's 95 kg,Judo,34,34,28 July 1992,
event_Q3879622,Swimming at the 1996 Summer Olympics – Women's 200 metre butterfly,Swimming,35,29,26 July 1996 (heats & finals),2:07.76
event_Q10609400,Sailing at the 2004 Summer Olympics – Women's 470,Sailing,40,20,First race: 2004-08-14Last race: 2004-08-21,
event_Q2311149,Athletics at the 2000 Summer Olympics – Men's javelin throw,Athletics,36,26,22 September (qualification)23 September (final),90.17 athletics
event_Q3811000,Judo at the 2004 Summer Olympics – Men's +100 kg,Judo,33,33,20 August 2004,1000
event_Q7500768,Shooting at the 1992 Summer Olympics – Men's 50 metre rifle prone,Shooting,52,34,,702.5 OR
event_Q1005172,Speed skating at the 2006 Winter Olympics – Men's 500 metres,Speed skating,37,12,13 February 2006,69.76
event_Q25798,Fencing at the 1996 Summer Olympics – Men's team épée,Fencing,33,11,23 July 1996,
event_Q3628791,Athletics at the 1996 Summer Olympics – Women's 100 metres hurdles,Athletics,44,30,29 July 1996 (heats and quarter-finals)31 July 1996 (semi-finals and final),12.58
event_Q3628780,Athletics at the 2000 Summer Olympics – Men's marathon,Athletics,100,65,1 October,2:10:11
event_Q3879563,Swimming at the 2004 Summer Olympics – Men's 100 metre butterfly,Swimming,59,52,"August 19, 2004 (heats &semifinals)August 20, 2004 (final)",51.25 swimming
event_Q5443139,Fencing at the 1988 Summer Olympics – Men's team sabre,Fencing,53,11,"September 28 - 29, 1988",
event_Q1408906,Athletics at the 1992 Summer Olympics – Women's 1500 metres,Athletics,43,35,5 August 1992 (heats)6 August 1992 (final),3:55.30
event_Q13424670,Fencing at the 2000 Summer Olympics – Women's épée,Fencing,39,22,17 September 2000,
event_Q3879641,Swimming at the 1992 Summer Olympics – Men's 100 metre backstroke,Swimming,53,37,30 July 1992 (heats & finals),53.98 swimming
event_Q2526348,Cycling at the 2000 Summer Olympics – Men's road time trial,Cycling,38,26,30 September 2000,57:40.420
event_Q1408846,Athletics at the 1992 Summer Olympics – Women's 200 metres,Athletics,51,40,3 August 1992 (heats and quarter-finals)5 August 1992 (semi-finals)6 August 1992 (final),21.81
event_Q1076288,Swimming at the 2000 Summer Olympics – Men's 200 metre freestyle,Swimming,51,44,"September 17, 2000 (heats &semifinals)September 18, 2000 (final)",1:45.35 swimming
event_Q7500760,Shooting at the 1988 Summer Olympics – Women's 50 metre rifle three positions,Shooting,37,22,21 September 1988,685.6 (OR)
event_Q582514,Athletics at the 2004 Summer Olympics – Men's decathlon,Athletics,39,26,23–24 August,8893 athletics
event_Q7500776,Shooting at the 1992 Summer Olympics – Women's 25 metre pistol,Shooting,41,29,,684 (OR)
event_Q1005212,Cross-country skiing at the 1994 Winter Olympics – Men's 50 kilometre classical,Cross-country skiing,66,25,27 February 1994,2:07:20.3
event_Q3811002,Judo at the 2004 Summer Olympics – Men's 100 kg,Judo,33,33,19 August 2004,0101
event_Q7500756,Shooting at the 1992 Summer Olympics – Men's 10 metre air pistol,Shooting,45,30,,684.8 (OR)
event_Q7500764,Shooting at the 1992 Summer Olympics – Men's 25 metre rapid fire pistol,Shooting,30,23,29 July 199230 July 1992,885 shooting
event_Q8037905,Wrestling at the 1988 Summer Olympics – Men's freestyle 62 kg,Wrestling,28,28,27–29 September 1988,
event_Q8037920,Wrestling at the 1996 Summer Olympics – Men's Greco-Roman 74 kg,Wrestling,20,20,22–23 July,
event_Q10719573,Boxing at the 1988 Summer Olympics – Welterweight,Boxing,44,44,20 September – 1 October 1988,
event_Q10572440,Boxing at the 1988 Summer Olympics – Light welterweight,Boxing,45,45,19 September – 2 October 1988,
event_Q1004985,Cross-country skiing at the 1988 Winter Olympics – Men's 15 kilometre classical,Cross-country skiing,90,33,19 February 1988,41:18.9
event_Q10466375,Judo at the 1992 Summer Olympics – Women's 52 kg,Judo,25,25,1 August 1992,
event_Q3879570,Swimming at the 2004 Summer Olympics – Men's 200 metre butterfly,Swimming,39,34,"August 16, 2004 (heats &semifinals)August 17, 2004 (final)",1:54.04 swimming
event_Q3811010,Judo at the 2004 Summer Olympics – Men's 73 kg,Judo,34,34,16 August 2004,1021
event_Q252584,Speed skating at the 1994 Winter Olympics – Women's 1500 metres,Speed skating,30,11,"February 21, 1994",2:02.19
event_Q8037963,Wrestling at the 2000 Summer Olympics – Men's freestyle 130 kg,Wrestling,18,18,29 September – 1 October 2000,
event_Q10522571,Judo at the 1992 Summer Olympics – Men's 71 kg,Judo,44,44,31 July 1992,
event_Q3628767,Athletics at the 2000 Summer Olympics – Women's 400 metres,Athletics,56,42,22 September 2000 (heats)23 September 2000 (quarter-finals)24 September 2000 (semi-finals)25 September 2000 (final),49.11
event_Q988369,Nordic combined at the 1988 Winter Olympics – Team,Nordic combined,30,10,23–24 February 1988,Team jump: 629.8Ski time: 1:20:46.0Final time: 1:20:46.0
event_Q1409616,Athletics at the 1992 Summer Olympics – Women's javelin throw,Athletics,25,17,31 July (qualification) 1 August (final),68.34
event_Q1221778,Speed skating at the 1988 Winter Olympics – Women's 1000 metres,Speed skating,27,12,"February 26, 1988",1:17.65 speed skating
event_Q2306535,"Athletics at the 1992 Summer Olympics – Women's 10,000 metres",Athletics,48,33,1 August 1992 (heats)7 August 1992 (final),31:06.02
event_Q3879618,Swimming at the 1996 Summer Olympics – Women's 200 metre backstroke,Swimming,33,28,25 July 1996 (heats & finals),2:07.83
event_Q7500791,Shooting at the 1996 Summer Olympics – Men's double trap,Shooting,35,25,24 July 1996,189 (OR)
event_Q3980075,Taekwondo at the 2004 Summer Olympics – Men's 80 kg,Taekwondo,16,16,28 August,
event_Q1004952,Speed skating at the 2006 Winter Olympics – Men's 1500 metres,Speed skating,41,14,21 February 2006,1:45.97
event_Q10581231,Wrestling at the 2000 Summer Olympics – Men's Greco-Roman 85 kg,Wrestling,20,20,25–27 September 2000,
event_Q4000244,Diving at the 1992 Summer Olympics – Women's 10 metre platform,Diving,28,17,26–27 July 1992,
event_Q826519,Speed skating at the 2002 Winter Olympics – Women's 1000 metres,Speed skating,35,14,"February 17, 2002",1:13.83 WR
event_Q1027135,Gymnastics at the 1992 Summer Olympics – Men's artistic individual all-around,Gymnastics,93,25,29–31 July 1992,
event_Q1408797,Athletics at the 1992 Summer Olympics – Women's 400 metres,Athletics,41,29,1 August 1992 (heats)2 August 1992 (quarter-finals)3 August 1992 (semi-finals)5 August 1992 (final),48.83
event_Q3879649,Swimming at the 1992 Summer Olympics – Men's 1500 metre freestyle,Swimming,30,25,30 July 1992 (heats)31 July 1992 (final),14:43.48 swimming
event_Q3879644,Swimming at the 1992 Summer Olympics – Men's 100 metre breaststroke,Swimming,61,47,26 July 1992 (heats & finals),1:01.50 swimming
event_Q988364,Nordic combined at the 2002 Winter Olympics – Sprint,Nordic combined,46,14,21–22 February 2002,16:40.1
event_Q4354069,Shooting at the 2000 Summer Olympics – Women's 10 metre air rifle,Shooting,49,35,16 September 2000,497.7
event_Q10522576,Judo at the 1988 Summer Olympics – Men's 86 kg,Judo,36,36,29 September 1988,
event_Q1005757,Freestyle skiing at the 1998 Winter Olympics – Men's aerials,Freestyle skiing,25,14,18 February 1998,255.64
event_Q3837509,Wrestling at the 2004 Summer Olympics – Women's freestyle 63 kg,Wrestling,12,12,22–23 August 2004,
event_Q3628681,Athletics at the 1988 Summer Olympics – Women's 1500 metres,Athletics,28,19,28 September 1988 (heats)1 October 1988 (final),3:53.96 athletics
event_Q1005618,Freestyle skiing at the 1998 Winter Olympics – Men's moguls,Freestyle skiing,33,13,8–11 February 1998,26.93
event_Q5448040,Figure skating at the 1994 Winter Olympics – Ladies' singles,Figure skating,27,16,23–25 February 1994,
event_Q38412,Fencing at the 1992 Summer Olympics – Men's sabre,Fencing,44,19,2 August 1992,
event_Q1004991,Cross-country skiing at the 1998 Winter Olympics – Men's 15 kilometre freestyle pursuit,Cross-country skiing,87,29,14 February 1998,39:37.7
event_Q988347,Ski jumping at the 1992 Winter Olympics – Large hill individual,Ski jumping,59,17,"February 16, 1992",239.5
event_Q5443155,Fencing at the 2000 Summer Olympics – Women's team foil,Fencing,29,9,23 September,
event_Q1408897,Athletics at the 1992 Summer Olympics – Men's 200 metres,Athletics,79,65,August 3–6,20.01
event_Q10706348,Boxing at the 1996 Summer Olympics – Heavyweight,Boxing,24,24,21 July – 4 August 1996,
event_Q3565760,Wrestling at the 1988 Summer Olympics – Men's Greco-Roman 82 kg,Wrestling,21,21,20–22 September 1988,
event_Q596754,Cross-country skiing at the 2006 Winter Olympics – Men's team sprint,Cross-country skiing,50,25,14 February 2006,17:02.9
event_Q10497008,Boxing at the 1992 Summer Olympics – Flyweight,Boxing,31,31,27 July – 9 August 1992,
event_Q3628701,Athletics at the 1988 Summer Olympics – Men's 50 kilometres walk,Athletics,42,22,September 30,3:38:29 athletics
event_Q3879647,Swimming at the 1992 Summer Olympics – Women's 100 metre freestyle,Swimming,48,34,26 July 1992 (heats & finals),54.64 swimming
event_Q3628778,Athletics at the 2000 Summer Olympics – Men's hammer throw,Athletics,44,24,23 September 2000 (qualifying) 24 September 2000 (final),80.02
event_Q3561228,Cycling at the 1996 Summer Olympics – Women's sprint,Cycling,14,14,24–27 July 1996,
event_Q2552272,Athletics at the 2004 Summer Olympics – Women's marathon,Athletics,82,46,22 August,2:26:20
event_Q3879655,Swimming at the 1992 Summer Olympics – Women's 200 metre breaststroke,Swimming,40,29,27 July 1992 (heats & finals),2:26.65 swimming
event_Q1005753,Freestyle skiing at the 2002 Winter Olympics – Men's aerials,Freestyle skiing,25,11,16 February (qualification)19 February (final),257.02
event_Q988362,Ski jumping at the 1998 Winter Olympics – Normal hill individual,Ski jumping,62,19,"February 11, 1998",234.5
event_Q4000234,Diving at the 2000 Summer Olympics – Men's synchronized 10 metre platform,Diving,16,8,23 September,
event_Q1005296,Alpine skiing at the 1998 Winter Olympics – Men's combined,Alpine skiing,38,21,"February 9–13, 1998",3:08.06
event_Q1005066,Cross-country skiing at the 1994 Winter Olympics – Men's 30 kilometre freestyle,Cross-country skiing,74,28,14 February 1994,1:12:26.4
event_Q3879576,Swimming at the 2004 Summer Olympics – Women's 400 metre freestyle,Swimming,38,31,"August 15, 2004 (heats & final)",4:05.34 EU
event_Q7979991,Weightlifting at the 1996 Summer Olympics – Men's 91 kg,Weightlifting,25,22,27 July 1996,402.5 kg
event_Q3998591,Triathlon at the 2000 Summer Olympics – Men's,Triathlon,52,27,17 September,1:48:24.02
event_Q1004915,"Speed skating at the 1998 Winter Olympics – Men's 10,000 metres",Speed skating,16,9,17 February 1998,13:15.33 WR
event_Q1415848,Cycling at the 2004 Summer Olympics – Men's sprint,Cycling,19,13,22–24 August,
event_Q3879572,Swimming at the 2004 Summer Olympics – Women's 200 metre butterfly,Swimming,32,26,"August 17, 2004 (heats & semifinals)August 18, 2004 (final)",2:06.05
event_Q8037940,Wrestling at the 1996 Summer Olympics – Men's freestyle 90 kg,Wrestling,21,21,1–2 August 1996,
event_Q8037966,Wrestling at the 2000 Summer Olympics – Men's freestyle 63 kg,Wrestling,19,19,28–30 September 2000,
event_Q10522550,Judo at the 2000 Summer Olympics – Men's 81 kg,Judo,37,37,19 September 2000,
event_Q3628695,Athletics at the 1988 Summer Olympics – Men's shot put,Athletics,21,17,23 September (qualificationand final),22.47 athletics
event_Q3879660,Swimming at the 1992 Summer Olympics – Men's 200 metre freestyle,Swimming,55,39,26 July 1992 (heats & finals),1:46.70 swimming
event_Q3628700,Athletics at the 1988 Summer Olympics – Men's 20 kilometres walk,Athletics,53,28,September 23,1:19:57 athletics
event_Q3628760,Athletics at the 2000 Summer Olympics – Women's 1500 metres,Athletics,42,28,27 September 2000 (heats)29 September 2000 (semi-finals)30 September 2000 (final),4:05.10
event_Q1005063,Cross-country skiing at the 1988 Winter Olympics – Men's 30 kilometre classical,Cross-country skiing,91,32,15 February 1988,1:24:26.3
event_Q26860,Athletics at the 1996 Summer Olympics – Men's 100 metres,Athletics,106,75,July 26–27,9.84 athletics
event_Q3879659,Swimming at the 1992 Summer Olympics – Women's 200 metre freestyle,Swimming,37,26,27 July 1992 (heats & finals),1:57.90 AM
event_Q1141034,Swimming at the 2004 Summer Olympics – Women's 400 metre individual medley,Swimming,25,21,"August 14, 2004 (heats & final)",4:34.83
event_Q1005333,Luge at the 1994 Winter Olympics – Men's singles,Luge,33,18,13–14 February 1994,3:21.571
event_Q3925470,Boxing at the 2004 Summer Olympics – Welterweight,Boxing,28,28,15–29 August 2004,
event_Q1004888,Cross-country skiing at the 2002 Winter Olympics – Men's 2 × 10 kilometre pursuit,Cross-country skiing,85,37,14 February 2002,49:48.9
event_Q1005044,Biathlon at the 1994 Winter Olympics – Men's individual,Biathlon,70,28,20 February 1994,57:25.3
event_Q10572463,Boxing at the 1992 Summer Olympics – Lightweight,Boxing,29,29,30 July – 8 August 1992,
event_Q4467904,Weightlifting at the 2000 Summer Olympics – Women's 48 kg,Weightlifting,12,9,17 September 2000,
event_Q1005576,Alpine skiing at the 1998 Winter Olympics – Men's downhill,Alpine skiing,43,18,"February 13, 1998",1:50.11
event_Q12808144,Weightlifting at the 2000 Summer Olympics – Women's 75 kg,Weightlifting,11,11,20 September 2000,
event_Q55615399,Judo at the 1988 Summer Olympics – Men's 78 kg,Judo,41,41,28 September 1988,
event_Q7979987,Weightlifting at the 1996 Summer Olympics – Men's 70 kg,Weightlifting,27,22,23 July 1996,357.5 kg
event_Q25239317,Weightlifting at the 1988 Summer Olympics – Men's +110 kg,Weightlifting,18,13,29 September 1988,
event_Q3879597,Swimming at the 2000 Summer Olympics – Men's 200 metre breaststroke,Swimming,49,44,"September 19, 2000 (heats &semifinals)September 20, 2000 (final)",2:10.87 EU
event_Q1042644,Alpine skiing at the 2006 Winter Olympics – Women's slalom,Alpine skiing,64,49,"February 22, 2006",1:29.04
event_Q1004935,Cross-country skiing at the 1992 Winter Olympics – Men's 10 kilometre classical,Cross-country skiing,110,39,13 February 1992,27:36.0
event_Q3811012,Judo at the 2004 Summer Olympics – Men's 81 kg,Judo,32,32,17 August 2004,1110
event_Q1408876,Athletics at the 1992 Summer Olympics – Men's 110 metres hurdles,Athletics,39,27,2 and 3 August,13.12
event_Q5481589,Shooting at the 2004 Summer Olympics – Women's 10 metre air pistol,Shooting,41,30,"August 15, 2004",483.3
event_Q3500383,Wrestling at the 1988 Summer Olympics – Men's Greco-Roman 57 kg,Wrestling,20,20,20–22 September 1988,
event_Q372925,Ski jumping at the 2006 Winter Olympics – Normal hill individual,Ski jumping,69,21,"February 11–12, 2006",266.5
event_Q3879657,Swimming at the 1992 Summer Olympics – Men's 400 metre individual medley,Swimming,33,25,27 July 1992 (heats & finals),4:14.23 swimming
event_Q2306561,Athletics at the 1992 Summer Olympics – Women's high jump,Athletics,41,27,1992-08-06 (qualification) 1992-08-08 (final),2.02
event_Q4443766,Shooting at the 2000 Summer Olympics – Women's trap,Shooting,17,15,18 September 2000,93 (OR)
event_Q615345,Alpine skiing at the 2006 Winter Olympics – Women's combined,Alpine skiing,45,20,"February 17–18, 2006",2:51.08
event_Q576599,Freestyle skiing at the 2006 Winter Olympics – Men's aerials,Freestyle skiing,31,12,20 February (qualification)23 February (final),250.77
event_Q7979999,Weightlifting at the 2000 Summer Olympics – Men's 85 kg,Weightlifting,20,17,23 September 2000,
event_Q1005805,Alpine skiing at the 1992 Winter Olympics – Men's giant slalom,Alpine skiing,131,47,"February 18, 1992",2:06.98
event_Q55615398,Judo at the 1988 Summer Olympics – Men's 71 kg,Judo,42,42,27 September 1988,
event_Q3879648,Swimming at the 1992 Summer Olympics – Men's 100 metre freestyle,Swimming,75,52,28 July 1992 (heats & finals),49.02
event_Q3811008,Judo at the 2004 Summer Olympics – Men's 66 kg,Judo,32,32,15 August 2004,1000
event_Q1421727,Cycling at the 2004 Summer Olympics – Men's points race,Cycling,23,23,24 August,93
event_Q1004863,Speed skating at the 1992 Winter Olympics – Men's 1000 metres,Speed skating,46,21,18 February 1992,1:14.85
event_Q128040,Cycling at the 1996 Summer Olympics – Women's individual road race,Cycling,58,31,July 21,02:36:13
event_Q1005192,Short-track speed skating at the 1994 Winter Olympics – Men's 500 metres,Short-track speed skating,31,16,24–26 February 1994,43.45
event_Q4160926,Judo at the 2000 Summer Olympics – Men's 66 kg,Judo,35,35,17 September 2000,
event_Q823675,Snowboarding at the 2006 Winter Olympics – Women's snowboard cross,Snowboarding,23,14,17 February 2006,
event_Q3628773,Athletics at the 2000 Summer Olympics – Men's 800 metres,Athletics,61,42,23 September 2000 (heats)25 September 2000 (semi-finals)27 September 2000 (final),1:45.08
event_Q3879603,Swimming at the 2000 Summer Olympics – Women's 800 metre freestyle,Swimming,28,22,"September 21, 2000 (heats)September 22, 2000 (final)",8:19.67 swimming
event_Q1407627,Athletics at the 1992 Summer Olympics – Men's marathon,Athletics,110,72,August 9,2:13:23
event_Q1408300,Archery at the 2004 Summer Olympics – Men's team,Archery,39,13,21 August 2004,
