source,target,date_str
event_Q303623,venue_eton_dorney,6 to 8 August
event_Q607635,venue_richmond_olympic_oval,13 February 2010
event_Q939000,venue_london_and_surrey,1 August
event_Q26233801,venue_arena_olímpica_do_rio,11 August
event_Q743905,venue_beijing_national_stadium,August 18 (heats)August 20 (semifinals)August 21 (final)
event_Q1433269,venue_athens_olympic_stadium,23–26 August
event_Q1005784,venue_beijing_national_stadium,August 21–22
event_Q1005641,venue_les_ménuires,"February 22, 1992"
event_Q3628768,venue_stadium_australia,22–25 September
event_Q7400295,venue_busan부산釜山,20–27 September
event_Q15506518,venue_iceberg_skating_palace_sochi_russia,13 February 2014 (semifinal) 21 February 2014 (final)
event_Q4951829,venue_alexander_memorial_coliseum,20 July – 3 August 1996
event_Q26212143,venue_riocentro,16 August 2016
event_Q250187,venue_beijing_national_aquatics_center,"August 12, 2008 (heats)August 13, 2008 (semifinals)August 14, 2008 (final)"
event_Q1221945,venue_birkebeineren_ski_stadium,13 February 1994
event_Q3879591,venue_sydney_international_aquatic_centre,"September 21, 2000 (heats &semifinals)September 22, 2000 (final)"
event_Q25239321,venue_olympic_weightlifting_gymnasium,19 September 1988
event_Q1205250,venue_beijing_shooting_range_hall,"August 12, 2008"
event_Q766586,venue_utah_olympic_oval,"February 10, 2002"
event_Q850246,venue_torino_palavela,12–15 February 2006
event_Q2071152,venue_london_aquatics_centre,"July 30, 2012 (heats &semifinals)July 31, 2012 (final)"
event_Q2071160,venue_london_aquatics_centre,"August 1, 2012 (heats & semifinals)August 2, 2012 (final)"
event_Q1204722,venue_beijing_shooting_range_hall,"August 9, 2008"
event_Q26208755,venue_olympic_stadium,17 August 2016 (qualifications)20 August 2016 (final)
event_Q2500292,venue_weymouth_and_portland_national_sailing_academy,29 July – 5 August
event_Q870647,venue_courchevel_ski_jumpingles_saisies_cross_country_skiing,17–18 February
event_Q7662173,venue_sydney_international_aquatic_centre,24–26 September
event_Q15619183,venue_iceberg_skating_palacesochi_russia,19–20 February 2014
event_Q25239533,venue_olympic_weightlifting_gymnasium,21 September 1988
event_Q4951830,venue_alexander_memorial_coliseum,22 July – 4 August 1996
event_Q1005783,venue_beijing_science_and_technology_university_gymnasium,22 August 2008
event_Q7372012,venue_sydney_international_regatta_centre,17–23 September 2000
event_Q3879590,venue_sydney_international_aquatic_centre,"September 22, 2000 (heats)September 23, 2000 (final)"
event_Q1221969,venue_canmore_nordic_centre,25 February 1988
event_Q3628769,venue_anz_stadium,22 September 2000 (heats)25 September 2000 (final)
event_Q1005640,venue_hafjell,"February 27, 1994"
event_Q744487,venue_beijing_olympic_stadium,17 August 2008 (qualifying)19 August 2008 (final)
event_Q26233821,venue_olympic_stadium,18 August 2016 (qualification)20 August 2016 (final)
event_Q1433109,venue_olympic_stadium,25–27 August
event_Q1049551,venue_olympic_stadium,6–9 August
event_Q2071129,venue_olympic_stadium,6–10 August 2012
event_Q2071135,venue_olympic_stadium,8–11 August
event_Q2090641,venue_olympic_stadium,"Aug 7 (prelim), Aug 10 (final)"
event_Q26219843,venue_olympic_stadium,12 August 2016 (heats)14 August 2016 (semifinals)16 August 2016 (final)
event_Q26208467,venue_olympic_stadium,15 August 2016 (heats)17 August 2016 (final)
event_Q2001009,venue_olympic_stadium,4–6 August
event_Q65242144,venue_japan_national_stadium,30 July 2021 (qualifying)1 August 2021(final)
event_Q1799275,venue_olympic_stadium,3 August
event_Q1771990,venue_olympic_stadium,3–5 August
event_Q2194130,venue_london_velopark,6–7 August 2012
event_Q26219851,venue_carioca_arena_3,17 August 2016
event_Q1043342,venue_beijing_national_stadium,21 August 2008 (heats)23 August 2008 (final)
event_Q1063589,venue_urban_road_cycling_course2454,August 9
event_Q26212188,venue_riocentro,12 August 2016
event_Q26219850,venue_carioca_arena_3,19 August 2016
event_Q256559,venue_beijing_national_aquatics_center,"August 9, 2008 (heats)August 10, 2008 (final)"
event_Q1185004,venue_beijing_national_aquatics_center,"August 14, 2008 (heats)August 15, 2008 (semifinals)August 16, 2008 (final)"
event_Q657467,venue_beijing_national_stadium,15 August 2008 (qualification)18 August 2008 (final)
event_Q754412,venue_central_and_southwest_london_and_north_surrey_250,28 July 2012
event_Q15056220,venue_adler_arena_skating_center,12 February 2014
event_Q24760634,venue_fort_copacabana2415,6 August 2016
event_Q25386275,venue_carioca_arena_3,10 August 2016
event_Q950563,venue_beijing_national_aquatics_center,"August 13, 2008 (heats)August 14, 2008 (semifinals)August 15, 2008 (final)"
event_Q47296499,venue_gangneung_ice_arenagangneung_south_korea,9–12 February 2018
event_Q26242953,venue_maria_lenk_aquatic_center,15–16 August 2016
event_Q26235881,venue_maria_lenk_aquatic_center,8 August 2016
event_Q26237528,venue_maria_lenk_aquatic_center,9 August 2016
event_Q26237418,venue_national_shooting_center,14 August 2016
event_Q26243423,venue_maria_lenk_aquatic_center,12–14 August 2016
event_Q26234145,venue_olympic_stadium,12–13 August 2016
event_Q26261258,venue_hsbc_arena,13 August 2016
event_Q26262523,venue_rio_olympic_velodrome,12 August
event_Q26259596,venue_rio_olympic_velodrome,11 August 2016
event_Q26261256,venue_arena_olímpica_do_rio,12 August 2016
event_Q26265815,venue_rio_olympic_velodrome,14–16 August 2016
event_Q26262252,venue_rio_olympic_velodrome,12–14 August 2016
event_Q26273359,venue_olympic_stadium,16 August 2016 (heats)17 August 2016 (semifinals & final)
event_Q26263572,venue_rio_olympic_velodrome,13 August
event_Q26260960,venue_rio_olympic_velodrome,11–13 August 2016
event_Q26234144,venue_olympic_stadium,16–18 August 2016
event_Q26234119,venue_olympic_stadium,12–15 August 2016
event_Q26291516,venue_rio_olympic_velodrome,16 August
event_Q26234051,venue_olympic_stadium,12 August 2016
event_Q26233995,venue_olympic_stadium,13 August 2016 (qualification)14 August 2016 (final)
event_Q26430868,venue_maria_lenk_aquatic_center,19–20 August 2016
event_Q284413,venue_north_greenwich_arena,4 August
event_Q3223718,venue_bolshoy_ice_domeshayba_arena,8–20 February 2014
event_Q26233317,venue_olympic_stadium,13–15 August 2016
event_Q26233122,venue_pontal,12 August 2016
event_Q3082710,venue_weymouth_and_portland_national_sailing_academy,30 July – 6 August
event_Q26229077,venue_maria_lenk_aquatic_center,7 August 2016
event_Q26233320,venue_pontal,19 August 2016
event_Q284936,venue_wembley_arena,9–11 August
event_Q26233297,venue_olympic_stadium,12 August
event_Q26233103,venue_estádio_olímpico_joão_havelange,15 August 2016 (quarterfinals)16 August 2016 (semifinals)18 August 2016 (final)
event_Q284423,venue_north_greenwich_arena,3 August
event_Q326112,venue_wembley_arena,9–12 August
event_Q26233319,venue_olympic_stadium,15 August 2016 (heats)16 August 2016 (semifinals)18 August 2016 (final)
event_Q1064016,venue_excel_exhibition_centre,30 July 2012
event_Q1055931,venue_olympic_stadium,3–4 August
event_Q26219862,venue_olympic_stadium,16 August 2016 (heats)19 August 2016 (final)
event_Q26225492,venue_olympic_stadium,16 August 2016 (qualifications)17 August 2016 (final)
event_Q1064728,venue_urban_road_cycling_course1026,2008-08-10
event_Q26212225,venue_olympic_stadium,12 August 2016 (heats)13 August 2016 (semifinals)15 August 2016 (final)
event_Q26224939,venue_olympic_stadium,16–19 August 2016
event_Q26219861,venue_olympic_stadium,17 August 2016 (heats)20 August 2016 (final)
event_Q369846,venue_beijing_national_aquatics_center,"August 10, 2008 (heats)August 11, 2008 (semifinals)August 12, 2008 (final)"
event_Q26225938,venue_pontal,19 August 2016
event_Q326384,venue_excel_exhibition_centre,1–11 August 2012
event_Q26212202,venue_olympic_stadium,12–13 August 2016
event_Q1005787,venue_excel_exhibition_centre,31 July 2012
event_Q26223026,venue_olympic_stadium,13 August 2016 (final)
event_Q26219858,venue_olympic_stadium,12 August 2016 (Heats)13 August 2016 (semi-final)14 August 2016 (final)
event_Q26221551,venue_fort_copacabana_rio_de_janeiro,18 August 2016
event_Q26219856,venue_estádio_olímpico_joão_havelange,16 August 2016 (quarterfinals)17 August 2016 (semifinals)18 August 2016 (final)
event_Q1050909,venue_the_mall,4 August 2012
event_Q1064358,venue_aquatics_centre,31 July
event_Q1064845,venue_the_serpentine_hyde_park,"August 9, 2012"
event_Q1140736,venue_wembley_arena,28 July to 5 August 2012
event_Q62020022,venue_sea_forest_waterway,23–30 July 2021
event_Q65235520,venue_nippon_budokan,27 July 2021
event_Q26219821,venue_national_shooting_center,11 August 2016
event_Q26219841,venue_olympic_stadium,12 August 2016 (Preliminary round & heats)13 August 2016 (semi-final & final)
event_Q110316274,venue_capital_indoor_stadiumbeijing_china,12 and 14 February 2022
event_Q65243912,venue_ariake_urban_sports_park,25 July 2021
event_Q65235537,venue_nippon_budokan,24 July 2021
event_Q1076273,venue_beijing_university_of_technologygymnasium,9 August to 17 August 2008
event_Q2070009,venue_the_mall,11 August
event_Q65235488,venue_nippon_budokan,29 July 2021
event_Q1188476,venue_eton_dorney,28 July – 3 August 2012
event_Q65235512,venue_nippon_budokan,26 July 2021
event_Q47295256,venue_gangneung_ice_arenagangneung_south_korea,21 and 23 February 2018
event_Q65235562,venue_nippon_budokan,28 July 2021
event_Q2000949,venue_olympic_stadium,5–7 August
event_Q2000999,venue_olympic_stadium,7–8 August
event_Q65235574,venue_nippon_budokan,30 July 2021
event_Q2000988,venue_marathon_course_central_london,5 August 2012
event_Q1094662,venue_beijing_science_and_technologyuniversity_gymnasium,"August 15, 2008"
event_Q110316264,venue_capital_indoor_stadiumbeijing_china,18–19 February 2022
event_Q627905,venue_excel_exhibition_centre,28 July 2012
event_Q65243916,venue_ariake_urban_sports_park,26 July 2021
event_Q590226,venue_beijing_science_and_technologyuniversity_gymnasium,"August 14, 2008"
event_Q1193963,venue_beijing_science_and_technologyuniversity_gymnasium,"August 11, 2008"
event_Q26219839,venue_olympic_stadium,13 August 2016 (heats)14 August 2016 (semifinals)15 August 2016 (final)
event_Q65235568,venue_nippon_budokan,29 July 2021
event_Q2000979,venue_olympic_stadium,7–9 August
event_Q65242281,venue_ariake_gymnastics_centre,6 August 2021 (qualification)7 August 2021 (final)
event_Q110264101,venue_xiaohaituo_bobsleigh_and_luge_trackbeijing,"14, 15 February 2022"
event_Q62020023,venue_sea_forest_waterway,24–29 July 2021
event_Q645932,venue_olympic_stadium,7–8 August
event_Q370500,venue_eton_dorney,29 July – 2 August 2012
event_Q1065654,venue_horse_guards_parade,28 July – 8 August
event_Q110264143,venue_xiaohaituo_bobsleigh_and_luge_trackbeijing,"19, 20 February 2022"
event_Q26214545,venue_estádio_olímpico_joão_havelange,12–13 August 2016
event_Q2070547,venue_olympic_stadium,9–11 August
event_Q2071171,venue_olympic_stadium,8–11 August
event_Q62020027,venue_sea_forest_waterway,24–28 July 2021
event_Q26208357,venue_sambadrome_marquês_de_sapucaí,6 August 2016
event_Q62020029,venue_sea_forest_waterway,23–28 July 2021
event_Q1144277,venue_beijing_university_of_technology_gymnasium,10 August to 15 August 2012
event_Q1193975,venue_beijing_science_and_technologyuniversity_gymnasium,"August 12, 2008"
event_Q531436,venue_london_aquatics_centre,"August 2, 2012 (heats)August 3, 2012 (final)"
event_Q47155555,venue_alpensia_biathlon_centre_in_pyeongchang_south_korea,20 February 2018
event_Q26086643,venue_olympic_stadium,17–18 August 2016
event_Q62020033,venue_sea_forest_waterway,23–30 July 2021
event_Q1076798,venue_excel_exhibition_centre,2 August 2012
event_Q47296003,venue_gangneung_ice_arenagangneung_south_korea,19–20 February 2018
event_Q65242368,venue_odaiba_marine_park_tokyo,31 July 2021
event_Q591384,venue_olympic_stadium,3–7 August
event_Q62020025,venue_sea_forest_waterway,23–28 July 2021
event_Q1076967,venue_excel_exhibition_centre,31 July 2012
event_Q47263008,venue_gangneung_ice_arenagangneung_south_korea,14–15 February 2018
event_Q2000968,venue_olympic_stadium,8–10 August
event_Q1067177,venue_cypress_bowl_ski_area,23 February
event_Q62020035,venue_sea_forest_waterway,24–28 July 2021
event_Q26208442,venue_olympic_stadium,14–16 August 2016
event_Q62020026,venue_sea_forest_waterway,24–29 July 2021
event_Q47455933,venue_gangneung_ice_arenagangneung_south_korea,"13 February 2018 (heats)17 February 2018 (quarterfinals, semifinals, final)"
event_Q2069991,venue_olympic_stadium,8–10 August
event_Q110316174,venue_capital_indoor_stadiumbeijing_china,8 and 10 February 2022
event_Q62020030,venue_sea_forest_waterway,23–28 July 2021
event_Q65235495,venue_nippon_budokan,24 July 2021
event_Q47310015,venue_gangneung_ice_arenagangneung_south_korea,"20 February 2018 (heats)22 February 2018 (quarterfinals, semifinals, final)"
event_Q586832,venue_pacific_coliseumvancouver_canada,19–22 February 2010
event_Q62020031,venue_sea_forest_waterway,23–28 July 2021
event_Q110324226,venue_capital_indoor_stadiumbeijing_china,15 and 17 February 2022
event_Q25991470,venue_fort_copacabana_rio_de_janeiro,15 August 2016
event_Q2000939,venue_olympic_stadium,7–9 August
event_Q603519,venue_excel_exhibition_centre,3 August 2012
event_Q26219842,venue_olympic_stadium,15 August 2016 (heats)16 August 2016 (semifinals)17 August 2016 (final)
event_Q65235505,venue_nippon_budokan,25 July 2021
event_Q2036655,venue_hadleigh_farm,12 August
event_Q110264144,venue_xiaohaituo_bobsleigh_and_luge_trackbeijing,"13, 14 February 2022"
event_Q26215594,venue_estádio_olímpico_joão_havelange,17–19 August 2016
event_Q62020028,venue_sea_forest_waterway,24–30 July 2021
event_Q536380,venue_dorney_lake,28 July – 2 August 2012
event_Q585714,venue_excel_exhibition_centre,28 July 2012
event_Q26037158,venue_olympic_tennis_centre,6–13 August 2016
event_Q47155815,venue_alpensia_biathlon_centre_in_pyeongchang_south_korea,18 February 2018
event_Q26208457,venue_olympic_stadium,13–15 August 2016
event_Q25991460,venue_fort_copacabana_rio_de_janeiro,16 August 2016
event_Q65235542,venue_nippon_budokan,25 July 2021
event_Q65243918,venue_ariake_urban_sports_park,4 August 2021
event_Q26203840,venue_olympic_stadium,15 August 2016 (heats)16 August 2016 (semi-final & final)
event_Q26208447,venue_olympic_stadium,18 August 2016
event_Q25991453,venue_olympic_aquatics_stadium,8 August 2016 (heats &semifinals)9 August 2016 (final)
event_Q62020036,venue_sea_forest_waterway,24–29 July 2021
event_Q2001050,venue_london_aquatics_centre,"July 31, 2012 (heats &semifinals)August 1, 2012 (final)"
event_Q62020024,venue_sea_forest_waterway,24–29 July 2021
event_Q62020034,venue_sea_forest_waterway,24–30 July 2021
event_Q57083855,venue_musashino_forest_sport_plaza,24–31 July 2021
event_Q47295100,venue_gangneung_ice_arenagangneung_south_korea,16–17 February 2018
event_Q1068773,venue_eton_dorney,30 July – 3 August 2012
event_Q110264107,venue_xiaohaituo_bobsleigh_and_luge_trackbeijing,"18, 19 February 2022"
event_Q21858018,venue_sambódromo,21 August 2016
event_Q22968982,venue_lagoon_rodrigo_de_freitas,6–13 August 2016
event_Q47155505,venue_alpensia_biathlon_centre_in_pyeongchang_south_korea,22 February 2018
event_Q1772012,venue_olympic_stadium,3–6 August
event_Q1798905,venue_london_aquatics_centre,"July 28, 2012 (heats & final)"
event_Q24906828,venue_maria_lenk_aquatic_center,10 August 2016
event_Q942500,venue_whistler_sliding_centre,23–24 February 2010
event_Q938805,venue_laoshan_mountain_bike_course,"August 23, 2008"
event_Q28209,venue_aquatics_centre,8–9 August
event_Q25476845,venue_mountain_bike_centre,21 August
event_Q25476835,venue_mountain_bike_centre,20 August
event_Q24995398,venue_copacabana_stadium,6–17 August 2016
event_Q1798873,venue_olympic_stadium,4–6 August 2012
event_Q666951,venue_whistler_creekside,"February 19, 2010"
event_Q25301754,venue_riocentro_pavilion_4,11–18 August 2016
event_Q1649415,venue_olympic_stadium,7–9 August
event_Q1827915,venue_olympic_stadium,6–7 August
event_Q21858030,venue_sambadrome,14 August 2016
event_Q25301787,venue_riocentro_pavilion_4,11–20 August 2016
event_Q739527,venue_shunyi_olympic_rowing_canoeing_park,"August 20, 2008"
event_Q47091419,venue_alpensia_biathlon_centre_in_pyeongchang_south_korea,10 February 2018
event_Q938130,venue_excel_exhibition_centre,29 July 2012
event_Q247273,venue_beijing_science_and_technologyuniversity_gymnasium,"August 13, 2008"
event_Q25396697,venue_sambadrome_marquês_de_sapucaí,5–11 August 2016
event_Q47155365,venue_alpensia_biathlon_centre_in_pyeongchang_south_korea,12 February 2018
event_Q1798983,venue_marathon_course_central_london,12 August
event_Q25397537,venue_olympic_stadium,13 August 2016 (Preliminary round & heats)14 August 2016 (semi-final & final)
event_Q693595,venue_beijing,August 24
event_Q843287,venue_central_and_southwest_london_and_north_surrey_1403,29 July 2012
event_Q960100,venue_excel_exhibition_centre,2 August 2012
event_Q24825467,venue_copacabana_stadium,6–18 August 2016
event_Q2437166,venue_london_velopark,4 to 5 August
event_Q1753402,venue_olympic_stadium,4 August
event_Q956242,venue_the_mall,11 August 2012
event_Q1345726,venue_wembley_arena,28 July to 4 August 2012
event_Q22968981,venue_rodrigo_de_freitas_lagoon,6–11 August 2016
event_Q1222270,venue_eton_dorney,28 July – 4 August 2012
event_Q932145,venue_excel_exhibition_centre,29 July 2012
event_Q22968972,venue_rodrigo_de_freitas_lagoon,8–12 August 2016
event_Q1005337,venue_eton_dorney,28 July – 3 August 2012
event_Q1005506,venue_eton_dorney,30 July – 4 August 2012
event_Q782396,venue_beijing_university_of_technology_gymnasium,12 August to 17 August 2008
event_Q25476761,venue_olympic_bmx_centre,17–19 August 2016
event_Q1337276,venue_wembley_arena,28 July to 5 August 2012
event_Q25301916,venue_riocentro_pavilion_4,11–17 August
event_Q47105341,venue_alpensia_biathlon_centre_in_pyeongchang_south_korea,11 February 2018
event_Q938833,venue_laoshan_mountain_bike_course,"August 23, 2008"
event_Q1986718,venue_olympic_stadium,8–11 August
event_Q937510,venue_aquatics_centre,1 August
event_Q15056097,venue_rosa_khutor_extreme_park_krasnaya_polyana_russia,20 February 2014
event_Q2268451,venue_the_serpentine_hyde_park,"August 10, 2012"
event_Q25396702,venue_sambadrome_marquês_de_sapucaí,7 August 2016
event_Q31850,venue_excel_exhibition_centre,31 July to 11 August 2012
event_Q1798882,venue_olympic_stadium,3–5 August
event_Q764131,venue_aquatics_centre,6–7 August
event_Q916735,venue_pacific_coliseumvancouver_canada,23 and 25 February 2010
event_Q937526,venue_aquatics_centre,30 July
event_Q25301472,venue_riocentro_pavilion_4,11–20 August 2016
event_Q658077,venue_pacific_coliseumvancouver_canada,14–15 February 2010
event_Q24761058,venue_fort_copacabana141,7 August 2016
event_Q22968977,venue_rodrigo_de_freitas_lagoon,6–11 August 2016
event_Q15056098,venue_rosa_khutor_extreme_park_krasnaya_polyana_russia,18 February 2014
event_Q1005551,venue_excel_exhibition_centre,30 July 2012
event_Q1636766,venue_olympic_stadium,4–6 August
event_Q22968980,venue_rodrigo_de_freitas_lagoon,8–12 August 2016
event_Q25476545,venue_rio_olympic_velodrome,15–16 August 2016
event_Q732985,venue_cypress_bowl_ski_areain_cypress_provincial_park_west_vancouver_british_columbia_canada,21 February
event_Q843436,venue_olympic_stadium,3–4 August
event_Q1799251,venue_olympic_stadium,6 August
event_Q22968985,venue_rodrigo_de_freitas_lagoon,6–11 August 2016
event_Q733756,venue_olympic_stadium,3–5 August
event_Q15620701,venue_iceberg_skating_palacesochi_russia,16–17 February 2014
event_Q1005683,venue_eton_dorney,28 July – 3 August 2012
event_Q15620726,venue_iceberg_skating_palacesochi_russia,11–12 February 2014
event_Q15054997,venue_rosa_khutor_alpine_resortkrasnaya_polyana_russia,9 February 2014
event_Q47155425,venue_alpensia_biathlon_centre_in_pyeongchang_south_korea,15 February 2018
event_Q22968983,venue_rodrigo_de_freitas_lagoon,6–11 August 2016
event_Q1772017,venue_olympic_stadium,3–4 August
event_Q945090,venue_eton_dorney,29 July – 4 August 2012
event_Q1798867,venue_olympic_stadium,6–8 August
event_Q47155541,venue_alpensia_biathlon_centre_in_pyeongchang_south_korea,23 February 2018
event_Q22968979,venue_lagoa_rodrigo_de_freitas,8–13 August 2016
event_Q767351,venue_eton_dorney,28 July – 3 August 2012
event_Q1799157,venue_olympic_stadium,5–8 August
event_Q1771958,venue_olympic_stadium,3–4 August
event_Q1005508,venue_eton_dorney,28 July – 2 August 2012
event_Q25396694,venue_sambadrome_marquês_de_sapucaí,5–12 August 2016
event_Q22968974,venue_rodrigo_de_freitas_lagoon,6–11 August 2016
event_Q22968986,venue_rodrigo_de_freitas_lagoon,8–12 August 2016
event_Q15052026,venue_laura_biathlon_ski_complex,19 February 2014
event_Q15056101,venue_rosa_khutor_extreme_park_krasnaya_polyana_russia,21 February 2014
event_Q47155408,venue_alpensia_biathlon_centre_in_pyeongchang_south_korea,15 February 2018
event_Q1005554,venue_excel_exhibition_centre,1 August 2012
event_Q947750,venue_beijing_national_stadium,15 August 2008 (heats)17 August 2008 (final)
event_Q1005379,venue_aquatics_centre,10–11 August
event_Q2269155,venue_hadleigh_farm,11 August 2012
event_Q22968973,venue_rodrigo_de_freitas_lagoon,6–13 August 2016
event_Q1005663,venue_excel_exhibition_centre,3 August 2012
event_Q28166,venue_aquatics_centre,29 July
event_Q143007,venue_beijing_university_of_technology_gymnasium,12–16 August 2008
event_Q1414502,venue_wembley_arena,28 July to 3 August
event_Q734020,venue_olympic_stadium,4–5 August 2012
event_Q25476541,venue_rio_olympic_velodrome,14–15 August 2016
event_Q15620700,venue_iceberg_skating_palacesochi_russia,6–9 February 2014
event_Q22968984,venue_rodrigo_de_freitas_lagoon,6–11 August 2016
event_Q1004931,venue_shunyi_olympic_rowing_canoeing_park,"August 21, 2008"
event_Q15292539,venue_iceberg_skating_palacesochi_russia,13–14 February 2014
event_Q47155467,venue_alpensia_biathlon_centre_in_pyeongchang_south_korea,17 February 2018
event_Q1754221,venue_aquatics_centre,5–7 August
event_Q779173,venue_excel_exhibition_centre,1 August 2012
event_Q225969,venue_whistler_olympic_park,"February 16, 2010"
event_Q23747965,venue_olympic_tennis_centre,6–14 August 2016
event_Q427022,venue_eton_dorney,28 July – 1 August 2012
event_Q765839,venue_olympic_stadium,6–7 August
event_Q25301483,venue_riocentro_pavilion_4,11–19 August
event_Q14643120,venue_laura_biathlon_ski_complex,10 February 2014
event_Q841530,venue_olympic_stadium,3–5 August
event_Q22968976,venue_rodrigo_de_freitas_lagoon,6–11 August 2016
event_Q832282,venue_whistler_creekside,"February 15, 2010"
event_Q918063,venue_horse_guards_parade,28 July – 9 August
event_Q15056102,venue_rosa_khutor_extreme_park_krasnaya_polyana_russia,20 February 2014
event_Q47155371,venue_alpensia_biathlon_centre_in_pyeongchang_south_korea,12 February 2018
event_Q769542,venue_pacific_coliseumvancouver_canada,16 and 18 February 2010
event_Q1464256,venue_wembley_arena,28 July to 4 August 2012
event_Q28163,venue_aquatics_centre,3–5 August
event_Q1222420,venue_eton_dorney,29 July – 4 August 2012
event_Q15056279,venue_sliding_center_sanki,14–15 February 2014
event_Q26237421,venue_national_shooting_center,10 August 2016
event_Q26242954,venue_marina_da_glória,8–16 August 2016
event_Q26237420,venue_national_shooting_center,12 August 2016
event_Q26237423,venue_national_shooting_center,10 August 2016
event_Q26237427,venue_national_shooting_center,12 August 2016
event_Q26245392,venue_hsbc_arena,9 August 2016
event_Q26254891,venue_marina_da_glória,8–14 August 2016
event_Q26250761,venue_marina_da_glória,8–14 August
event_Q26235041,venue_national_shooting_center,9 August 2016
event_Q26237425,venue_national_shooting_center,12–13 August 2016
event_Q26241858,venue_marina_da_glória,8–16 August 2016
event_Q26237636,venue_olympic_aquatics_stadium,8 August 2016 (heats &semifinals)9 August 2016 (final)
event_Q26254912,venue_hsbc_arena,19 August 2016 (qualification)20 August 2016 (final)
event_Q26271841,venue_carioca_arena_2,16 August 2016
event_Q26265496,venue_hsbc_arena,16 August 2016
event_Q26262259,venue_marina_da_glória,12–18 August
event_Q26269194,venue_lagoa_stadium,15–16 August 2016
event_Q26263222,venue_carioca_arena_2,14 August 2016
event_Q26262262,venue_marina_da_glória,10–16 August
event_Q26262295,venue_marina_da_glória,9–16 August 2016
event_Q26268459,venue_carioca_arena_2,15 August 2016
event_Q26265678,venue_hsbc_arena,20 August 2016 (qualification)21 August 2016 (final)
event_Q26260943,venue_rio_olympic_velodrome,11–12 August 2016
event_Q26269219,venue_lagoa_stadium,15–16 August 2016
event_Q26263261,venue_marina_da_glória,10–17 August
event_Q26256610,venue_maria_lenk_aquatic_centerolympic_aquatics_stadium,14−16 August
event_Q26269232,venue_lagoa_stadium,15–16 August 2016
event_Q26256651,venue_maria_lenk_aquatic_centerolympic_aquatics_stadium,18–19 August 2016
event_Q26271817,venue_carioca_arena_2,16 August 2016
event_Q26265754,venue_marina_da_glória,10–17 August
event_Q26262261,venue_marina_da_glória,12–18 August
event_Q26268456,venue_carioca_arena_2,15 August 2016
event_Q26389812,venue_olympic_equestrian_centre,14–19 August 2016
event_Q2718015,venue_london_velopark,4 to 6 August
event_Q26419091,venue_carioca_arena_2,21 August 2016
event_Q26308744,venue_lagoa_stadium,19–20 August 2016
event_Q26406504,venue_deodoro_aquatics_centreswimmingdeodoro_stadiumriding_and_combinedyouth_arena_fencing,18–19 August 2016
event_Q2648878,venue_eton_dorney,6 to 8 August
event_Q26404105,venue_carioca_arena_2,20 August 2016
event_Q2726820,venue_olympic_green_convention_centre,16 August 2008
event_Q26334986,venue_lagoa_stadium,19–20 August 2016
event_Q2726788,venue_olympic_green_convention_centre,17 August 2008
event_Q26334232,venue_lagoa_stadium,17–18 August
event_Q26305911,venue_lagoa_stadium,17–18 August 2016
event_Q26320658,venue_carioca_arena_2,18 August 2016
event_Q2726746,venue_olympic_green_convention_centre,11 August 2008
event_Q26308566,venue_national_equestrian_center,14–17 August 2016
event_Q269521,venue_beihang_university_gymnasium,9 August 2008
event_Q26404138,venue_carioca_arena_2,20 August 2016
event_Q26406514,venue_deodoro_aquatics_centreswimmingdeodoro_stadiumriding_and_combinedyouth_arena_fencing,18–20 August 2016
event_Q26328066,venue_carioca_arena_2,18 August 2016
event_Q26334713,venue_maria_lenk_aquatic_center,17–18 August 2016
event_Q2726750,venue_olympic_green_convention_centre,15 August 2008
event_Q263926,venue_cypress_mountain,"February 18, 2010"
event_Q26339635,venue_carioca_arena_2,19 August 2016
event_Q26334907,venue_lagoa_stadium,19–20 August 2016
event_Q2687405,venue_weymouth_and_portland_national_sailing_academy,30 July – 6 August
event_Q2634280,venue_qingdao_international_sailing_centre,First race: 2008-08-09Last race: 2008-08-17
event_Q2715839,venue_excel_london,31 July 2012
event_Q26280676,venue_carioca_arena_2,17 August 2016
event_Q26294065,venue_carioca_arena_2,17 August 2016
event_Q26339577,venue_carioca_arena_2,19 August 2016
event_Q26294109,venue_carioca_arena_2,17 August 2016
event_Q2718019,venue_london_velopark,5 to 7 August
event_Q26333692,venue_lagoa_stadium,17–18 August
event_Q26401684,venue_fort_copacabana_rio_de_janeiro,20 August 2016
event_Q26419030,venue_carioca_arena_2,21 August 2016
event_Q26335055,venue_lagoa_stadium,19–20 August 2016
event_Q26234091,venue_olympic_stadium,15–16 August 2016
event_Q26328052,venue_carioca_arena_2,18 August 2016
event_Q2732386,venue_qingdao_international_sailing_centre,First race: 2008-08-12Last race: 2008-08-19
event_Q26233790,venue_hsbc_arena,14 August 2016
event_Q26233786,venue_hsbc_arena,6–10 August 2016
event_Q26233793,venue_hsbc_arena,6 August (qualifying)15 August (final)
event_Q26233796,venue_hsbc_arena,15 August 2016
event_Q26233794,venue_hsbc_arena,6 August (qualifying)16 August 2016 (final)
event_Q26233798,venue_hsbc_arena,14 August 2016
event_Q288549,venue_beijing_national_stadium,19 August 2008 (qualification)21 August 2008 (final)
event_Q305439,venue_excel_london,6 August 2012
event_Q3039134,venue_weymouth_and_portland_national_sailing_academy,31 July – 7 August
event_Q303268,venue_whistler_olympic_park,14 February 2010
event_Q26233791,venue_hsbc_arena,6 August (qualifying)14 August 2016 (final)
event_Q26233478,venue_national_shooting_center,7–8 August 2016
event_Q2936542,venue_eton_dorney,10 to 11 August
event_Q2740554,venue_excel_london,1 August 2012
event_Q26233783,venue_hsbc_arena,8 August 2016
event_Q26233795,venue_hsbc_arena,6 August (qualifying)16 August (final)
event_Q3082335,venue_greenwich_park,2–7 August 2012
event_Q305171,venue_london_aquatics_centre,"July 28, 2012 (heats & semifinals)July 29, 2012 (final)"
event_Q26233789,venue_hsbc_arena,6 August (qualifying)15 August (final)
event_Q26233797,venue_rios_olympic_arena,14 August 2016
event_Q326382,venue_excel_exhibition_centre,1–12 August 2012
event_Q26228283,venue_national_shooting_center,7 August 2016
event_Q1043354,venue_beijing_national_stadium,15 August 2008 (heats)16 August 2008 (semi-finals)18 August 2008 (final)
event_Q1042705,venue_eton_dorney,6 to 8 August
event_Q26212366,venue_riocentro,6–11 August 2016
event_Q26212190,venue_riocentro,10 August 2016
event_Q1043361,venue_beijing_national_stadium,17 August 2008 (heats)18 August 2008 (semi-finals)19 August 2008 (final)
event_Q1043405,venue_london_aquatics_centre,"July 28, 2012 (heats & final)"
event_Q348720,venue_excel_exhibition_centre,30 July to 12 August 2012
event_Q1043347,venue_beijing_national_stadium,19 August 2008 (heats)22 August 2008 (final)
event_Q3513763,venue_excel_london,8 August
event_Q348714,venue_excel_exhibition_centre,29 July to 12 August 2012
event_Q26220718,venue_national_shooting_center,7 August 2016
event_Q1005771,venue_triathlon_venue_at_the_ming_tomb_reservoir,19 August
event_Q26219852,venue_carioca_arena_3,20 August 2016
event_Q1064571,venue_laoshan_velodrome,August 17 (preliminaries—1st round)August 18 (quarterfinals—final)
event_Q26212275,venue_olympic_whitewater_stadium,7–9 August 2016
event_Q26212310,venue_riocentro,14 August 2016
event_Q26219853,venue_carioca_arena_3,18 August 2016
event_Q1064381,venue_laoshan_bmx_field,"August 20, 2008 (seeding)August 22, 2008 (semifinals and final)"
event_Q334901,venue_royal_artillery_barracks,6 August 2012
event_Q332673,venue_excel_exhibition_centre,30 July to 12 August 2012
event_Q1005722,venue_beijing_shooting_range_hall,"August 15, 2008"
event_Q1042441,venue_beijing_national_aquatics_center,18–20 August 2008
event_Q26219865,venue_national_equestrian_center,10–12 August 2016
event_Q1064410,venue_cypress_mountain,"February 26, 2010"
event_Q26219855,venue_carioca_arena_3,20 August 2016
event_Q1051974,venue_olympic_green_convention_centre,13 August 2008
event_Q26212177,venue_riocentro,9 August 2016
event_Q26213159,venue_olympic_whitewater_stadium,8–11 August 2016
event_Q368950,venue_qingdao_international_sailing_centre,First race: 2008-08-15Last race: 2008-08-21
event_Q1005719,venue_beijing_shooting_range_clay_target_field,"August 15, 2008August 16, 2008"
event_Q1750589,venue_nikaia_olympic_weightlifting_hall,19 August 2004
event_Q25991462,venue_olympic_aquatics_stadium,10 August 2016 (heats &semifinals)11 August 2016 (final)
event_Q1077323,venue_laoshan_velodrome,August 18
event_Q497491,venue_weymouth_and_portland_national_sailing_academy,3–10 August
event_Q1565131,venue_goudi_olympic_hall,14–20 August 2004
event_Q2171151,venue_excel_london,7 August 2012
event_Q107861717,venue_hualindong_ski_resort,18 February 2022
event_Q544177,venue_beijing_national_stadium,August 16 (heats)August 18 (final)
event_Q539696,venue_eton_dorney,7 to 9 August
event_Q26218171,venue_national_shooting_center,6 August 2016
event_Q656724,venue_whistler_olympic_park,23 February 2010
event_Q7372006,venue_sydney_international_regatta_centre,17–23 September 2000
event_Q370708,venue_china_agricultural_university_gymnasium,16 August 2008
event_Q2570052,venue_olympic_green_convention_centre,10 August 2008
event_Q7400301,venue_busan부산釜山,20–27 September
event_Q2070431,venue_excel_exhibition_centre,5 to 9 August 2012
event_Q1573389,venue_sant_sadurní_danoia_barcelona,26 July
event_Q2563908,venue_qingdao_international_sailing_centre,First race: 2008-08-15Last race: 2008-08-21
event_Q18391270,venue_misari_regatta,19–24 September 1988
event_Q25991452,venue_olympic_aquatics_stadium,11 August 2016 (heats &semifinals)12 August 2016 (final)
event_Q7400304,venue_barcelona,27 July to 2 August
event_Q7372003,venue_sydney_international_regatta_centre,17–23 September 2000
event_Q1439757,venue_olympic_stadium,"24 September 1988 (heats, quarter-finals)25 September 1988 (semi-finals, final)"
event_Q526367,venue_eton_dorney,6 to 8 August
event_Q1066796,venue_beijing_science_and_technology_university_gymnasium,21 August 2008
event_Q25932069,venue_olympic_aquatics_stadium,8 August 2016 (heats &semifinals)9 August 2016 (final)
event_Q602540,venue_beijing_national_aquatics_center,"August 14, 2008 (heats)August 16, 2008 (final)"
event_Q25863642,venue_olympic_aquatics_stadium,12 August 2016 (heats &semifinals)13 August 2016 (final)
event_Q2570149,venue_olympic_green_convention_centre,12 August 2008
event_Q47309900,venue_gangneung_ice_arena,10 February 2018
event_Q1560063,venue_pavilion_3_sydney_olympic_park,17 – 23 September 2000
event_Q7400296,venue_busan부산釜山,20–27 September
event_Q7372011,venue_sydney_international_regatta_centre,18–24 September 2000
event_Q26212154,venue_riocentro_pavilion_6,8–20 August 2016
event_Q2070029,venue_london_aquatics_centre,"August 3, 2012 (heats &semifinals)August 4, 2012 (final)"
event_Q17063531,venue_jamsil_indoor_swimming_pool,22 September 1988 (heats & finals)
event_Q47309816,venue_gangneung_ice_arenagangneung_south_korea,"20 February 2018 (heats)22 February 2018 (quarterfinals, semifinals, finals)"
event_Q26155833,venue_olympic_golf_course,11–14 August 2016
event_Q522820,venue_beihang_university_gymnasium,11 August 2008
event_Q26212159,venue_carioca_arena_2,6 August 2016
event_Q2070048,venue_excel_exhibition_centre,5 to 9 August 2012
event_Q2071238,venue_lee_valley_white_water_centre,29 July – 31 July
event_Q107802331,venue_hualindong_ski_resort,5 February 2022
event_Q1067796,venue_london_aquatics_centre,"August 3, 2012 (heats)August 4, 2012 (final)"
event_Q26212148,venue_riocentro,9 August 2016
event_Q2022105,venue_georgia_state_university_gymnasium,24 July – 1 August 1996
event_Q603505,venue_beijing_national_aquatics_center,"August 12, 2008 (heats)August 13, 2008 (semifinals)August 14, 2008 (final)"
event_Q2566720,venue_qingdao_international_sailing_centre,First race: 2008-08-09Last race: 2008-08-17
event_Q526698,venue_beijing_national_aquatics_center,"August 13, 2008 (heats)August 14, 2008 (semifinals)August 15, 2008 (final)"
event_Q1997551,venue_excel_london,29 July 2012
event_Q383513,venue_whistler_olympic_park,13 February 2010
event_Q2026292,venue_london_aquatics_centre,"1 August 1, 2012 (heats &semifinals)2 August 2012 (final)"
event_Q1192124,venue_beihang_university_gymnasium,11 August 2008
event_Q508776,venue_beihang_university_gymnasium,15 August 2008
event_Q65242336,venue_ariake_coliseum,24–31 July 2021
event_Q26212150,venue_riocentro,7 August 2016
event_Q2065523,venue_urban_road_cycling_course1264,15 August 2004
event_Q580474,venue_london_velopark,7 August
event_Q578012,venue_whistler_olympic_park,12–13 February 2010
event_Q1444605,venue_estadi_olímpic_lluís_companys_barcelona,August 1
event_Q2071266,venue_london_aquatics_centre,"July 31, 2012 (heats &semifinals)August 1, 2012 (final)"
event_Q17033536,venue_wolf_creek_shooting_complex,26 July 1996
event_Q379473,venue_pacific_coliseum,"February 24, 2010 (qualifying heats) February 26, 2010 (quarterfinal, semifinal, and final)"
event_Q727674,venue_athens_olympic_aquatic_centre,"August 18, 2004 (heats & semifinals)August 19, 2004 (final)"
event_Q15056263,venue_peristeri_olympic_boxing_hall,17–29 August 2004
event_Q7400300,venue_busan부산釜山,20–27 September
event_Q65242164,venue_japan_national_stadium,4 August 20215 August 2021
event_Q734628,venue_park_city,14–15 February 2002
event_Q26212147,venue_riocentro,10 August 2016
event_Q609985,venue_urban_road_cycling_course,13 August 2008
event_Q727687,venue_athens_olympic_aquatic_centre,"August 17, 2004 (heats &semifinals)August 18, 2004 (final)"
event_Q107802335,venue_hualindong_ski_resort,8 February 2022
event_Q2133123,venue_centennial_parklands_sydney,26 September
event_Q26218913,venue_national_equestrian_center,10–15 August 2016
event_Q635304,venue_laoshan_velodrome,August 17 (opening rounds)August 18 (final)
event_Q25927636,venue_olympic_aquatics_stadium,6 August 2016 (heats & final)
event_Q25991454,venue_olympic_aquatics_stadium,10 August 2016 (heats &semifinals)11 August 2016 (final)
event_Q7372004,venue_sydney_international_regatta_centre,17–23 September 2000
event_Q684586,venue_stadium_australia,24 & 25 September
event_Q25932068,venue_olympic_aquatics_stadium,7 August 2016
event_Q1184283,venue_hong_kong_sports_institute,9–12 August
event_Q1067970,venue_beijing_science_and_technology_university_gymnasium,23 August 2008
event_Q26208276,venue_riocentro_pavilion_6,6–16 August 2016
event_Q26218605,venue_riocentro_pavilion_6,14–21 August 2016
event_Q17018014,venue_stone_mountain_park_velodrome,24 July
event_Q65235550,venue_nippon_budokan,26 July 2021
event_Q7400311,venue_barcelona,27 July to 3 August
event_Q1095367,venue_beihang_university_gymnasium,13 August 2008
event_Q574129,venue_beijing_university_of_technologygymnasium,9 August to 16 August 2008
event_Q7372002,venue_sydney_international_regatta_centre,18–24 September 2000
event_Q22964423,venue_han_river_regatta_course,19–24 September 1988
event_Q26217722,venue_riocentro_pavilion_3,12–17 August 2016
event_Q1194001,venue_beijing_national_aquatics_center,"August 10, 2008 (heats)August 11, 2008 (final)"
event_Q2025976,venue_excel_london,3 August to 8 August
event_Q1139399,venue_excel_london,30 July 2012
event_Q600157,venue_china_agricultural_university_gymnasium,14 August 2008
event_Q257545,venue_beijing_national_stadium,18 August 21 August (final)
event_Q25932666,venue_olympic_aquatics_stadium,11 August 2016 (heats &semifinals)12 August 2016 (final)
event_Q17063534,venue_jamsil_indoor_swimming_pool,20 September 1988 (heats)21 September 1988 (finals)
event_Q1750582,venue_nikaia_olympic_weightlifting_hall,14 August 2004
event_Q17515791,venue_lake_lanier,21–27 July
event_Q26218947,venue_olympic_aquatics_stadium,6 August 2016 (heats &semifinals)7 August 2016 (final)
event_Q2563992,venue_peking_university_gymnasium,"August 18 to August 22, 2008"
event_Q7372009,venue_sydney_international_regatta_centre,18–24 September 2000
event_Q374871,venue_lords_cricket_ground,27 July – 2 August 2012
event_Q2022221,venue_pavilion_3_sydney_olympic_park,16–21 September 2000
event_Q26212176,venue_riocentro,8 August 2016
event_Q571174,venue_china_agricultural_university_gymnasium,13 August 2008
event_Q2022115,venue_georgia_state_university_gymnasium,24 July – 1 August 1996
event_Q65242363,venue_odaiba_marine_park_tokyo,26 July 2021
event_Q1750592,venue_nikaia_olympic_weightlifting_hall,16 August 2004
event_Q571263,venue_whistler_olympic_park,22 February 2010
event_Q15703663,venue_canada_olympic_park_ski_jumpingcanmore_nordic_centre_cross_country_skiing,27–28 February
event_Q613571,venue_whistler_olympic_park,"February 21, 2010"
event_Q2051400,venue_london_aquatics_centre,"August 2, 2012 (heats &semifinals)August 3, 2012 (final)"
event_Q595972,venue_richmond_olympic_oval,23 February 2010
event_Q17515790,venue_lake_lanier,22–28 July 1996
event_Q593761,venue_olympic_stadium,3 August
event_Q65242200,venue_japan_national_stadium,4 August 20215 August 2021
event_Q47309929,venue_gangneung_ice_arenagangneung_south_korea,17 February 2018
event_Q26208602,venue_riocentro_pavilion_6,6–15 August 2016
event_Q737066,venue_goudi_olympic_hall,14–21 August 2004
event_Q22964434,venue_lake_of_banyoles,27 July – 1 August 1992
event_Q628945,venue_laoshan_bmx_field,"August 20, 2008 (seeding andquarterfinals)August 22, 2008 (semifinals andfinal)"
event_Q2570068,venue_olympic_green_convention_centre,9 August 2008
event_Q26212144,venue_riocentro,15 August 2016
event_Q107861723,venue_hualindong_ski_resort,7 February 2022
event_Q1066390,venue_beijing_national_stadium,August 15–16
event_Q7400298,venue_busan부산釜山,20–27 September
event_Q26212146,venue_riocentro,12 August 2016
event_Q26219832,venue_carioca_arena_2,9 August 2016
event_Q17088224,venue_mollet_del_vallès,31 July 1992
event_Q47309958,venue_gangneung_ice_arenagangneung_south_korea,10 February 2018 (semifinals)20 February 2018 (finals)
event_Q198766,venue_olympic_stadium,26 September 1988 (heats and quarterfinals)28 September 1988 (semifinals and final)
event_Q1067077,venue_beijing_science_and_technology_university_gymnasium,20 August 2008
event_Q25991451,venue_olympic_aquatics_stadium,9 August 2016 (heats &semifinals)10 August 2016 (final)
event_Q584030,venue_copper_box_fencingaquatics_centre_swimminggreenwich_park_riding_and_combined,12 August
event_Q7371998,venue_sydney_international_regatta_centre,17–23 September 2000
event_Q595962,venue_whistler_olympic_park,15 February 2010
event_Q581364,venue_china_agricultural_university_gymnasium,21 August 2008
event_Q26217871,venue_carioca_arena_2,10 August 2016
event_Q20948675,venue_lagoa_stadium,17–18 August 2016
event_Q25927635,venue_olympic_aquatics_stadium,7 August 2016 (heats &semifinals)8 August 2016 (final)
event_Q7400299,venue_busan부산釜山,20–27 September
event_Q1137721,venue_royal_artillery_barracks,28 July 2012
event_Q26218607,venue_riocentro_pavilion_6,12–19 August 2016
event_Q26219824,venue_national_shooting_center,12–13 August 2016
event_Q1440658,venue_olympic_stadium,20–21 August
event_Q18449954,venue_piscines_bernat_picornell,3–5 August
event_Q2142977,venue_excel_exhibition_centre,9 August
event_Q7400307,venue_barcelona,27 July to 4 August
event_Q2048869,venue_excel_london,10 August 2012
event_Q25991449,venue_olympic_aquatics_stadium,10 August 2016 (heats & semifinals)11 August 2016 (final)
event_Q1156695,venue_excel_exhibition_centre,30 July
event_Q2198226,venue_olympic_stadium,20–22 August
event_Q1143843,venue_excel_london,1 August
event_Q16968702,venue_sydney_international_regatta_centre,18–24 September 2000
event_Q1750576,venue_nikaia_olympic_weightlifting_hall,15 August 2004
event_Q1193987,venue_beijing_national_aquatics_center,"August 13, 2008 (heats)August 14, 2008 (semifinals)August 15, 2008 (final)"
event_Q679870,venue_nikaia_olympic_weightlifting_hall,18 August 2004
event_Q374383,venue_all_england_club_wimbledon,28 July – 4 August 2012
event_Q2563962,venue_qingdao_international_sailing_centre,First race: 2008-08-11Last race: 2008-08-18
event_Q1089565,venue_beijing_national_aquatics_center,"August 11, 2008 (heats)August 12, 2008(semifinals)August 13, 2008 (final)"
event_Q1439323,venue_olympic_stadium,25–27 August
event_Q2563927,venue_qingdao_international_sailing_centre,First race: 2008-08-11Last race: 2008-08-20
event_Q26212160,venue_carioca_arena_2,7 August 2016
event_Q577260,venue_laoshan_velodrome,August 16
event_Q26219830,venue_carioca_arena_2,8 August 2016
event_Q2091137,venue_excel_london,5 August 2012
event_Q220855,venue_athens_olympic_stadium,21–22 August
event_Q26213161,venue_olympic_whitewater_stadium,8–11 August 2016
event_Q2618235,venue_greenwich_park,28–31 July 2012
event_Q1075752,venue_olympic_green_convention_center_shooting_and_fencingying_tung_natatorium_swimmingolympic_sports_center_stadium_riding_and_running,21 August
event_Q1439338,venue_athens_olympic_stadium,23–25 August
event_Q25991466,venue_olympic_aquatics_stadium,6 August 2016
event_Q656634,venue_beijing_olympic_stadium,18 August 2008 (qualifying)21 August 2008 (final)
event_Q579227,venue_beijing_national_aquatics_center,14 August (heats)15 August (semifinals)16 August (final)
event_Q25991463,venue_olympic_aquatics_stadium,6 August 2016 (heats &semifinals)7 August 2016 (final)
event_Q221335,venue_pragelato,"February 26, 2006"
event_Q613470,venue_whistler_olympic_park,25 February 2010
event_Q1156706,venue_excel_exhibition_centre,4 August 2012
event_Q1156710,venue_excel_exhibition_centre,5 August
event_Q25932055,venue_olympic_aquatics_stadium,10 August 2016 (heats &semifinals)11 August 2016 (final)
event_Q65235579,venue_nippon_budokan,31 July 2021
event_Q1156700,venue_excel_london,31 July
event_Q607576,venue_beihang_university_gymnasium,13 August 2008
event_Q2157561,venue_excel_exhibition_centre,11 August
event_Q65242174,venue_japan_national_stadium,4 August 2021 (qualifying)7 August 2021 (final)
event_Q2112865,venue_georgia_international_horse_park_conyers,30 July
event_Q1575430,venue_goudi_olympic_hall,14–19 August 2004
event_Q596094,venue_beijing_national_aquatics_center,"August 15, 2008 (heats) August 17, 2008 (final)"
event_Q107861696,venue_hualindong_ski_resort,15 February 2022
event_Q2070832,venue_london_velopark,2 August 2012
event_Q107861714,venue_hualindong_ski_resort,13 February 2022
event_Q47309836,venue_gangneung_ice_arena_gangneung_south_korea,"10 February 2018 (heats)13 February 2018 (quarterfinals, semifinals, final)"
event_Q584005,venue_weymouth_and_portland_national_sailing_academy,31 July – 7 August
event_Q517035,venue_beijing_national_stadium,16 August 2008 (qualifying)19 August 2008 (final)
event_Q1750716,venue_nikaia_olympic_weightlifting_hall,16 August 2004
event_Q26212152,venue_riocentro_pavilion_6,10–20 August 2016
event_Q1604222,venue_torino_palavela,22–25 February 2006
event_Q162056,venue_pavilion_3_sydney_olympic_park,16 – 21 September 2000
event_Q107861706,venue_hualindong_ski_resort,16 February 2022
event_Q7400306,venue_barcelona,27 July to 4 August
event_Q1084677,venue_beijing_national_stadium,17 August 2008 (heats)18 August 2008 (semi-finals)20 August 2008 (final)
event_Q107861726,venue_hualindong_ski_resort,18 February 2022
event_Q733026,venue_estadi_olímpic_de_montjuïc,August 3–8
event_Q1534918,venue_val_disère,16 February 1992
event_Q25863624,venue_olympic_aquatics_stadium,11 August 2016 (heats &semifinals)12 August 2016 (final)
event_Q259965,venue_whistler_olympic_park,19–20 February 2010
event_Q7400309,venue_barcelona,27 July to 2 August
event_Q16953154,venue_alexander_memorial_coliseum,24 July – 4 August 1996
event_Q2072744,venue_institut_nacional_deducació_física_de_catalunya,4–6 August 1992
event_Q26217896,venue_carioca_arena_2,11 August 2016
event_Q19819174,venue_club_hípic_el_montanyà_real_club_de_polo_de_barcelona,28–30 July
event_Q47309990,venue_gangneung_ice_arenagangneung_south_korea,13 February 2018 (semifinals)22 February 2018 (finals)
event_Q25991461,venue_olympic_aquatics_stadium,7 August 2016 (heats &semifinals)8 August 2016 (final)
event_Q1094686,venue_beijing_national_aquatics_center,"August 10, 2008 (heats)August 11, 2008 (semifinals)August 12, 2008 (final)"
event_Q2096231,venue_excel_london,9 August 2012
event_Q26155830,venue_riocentro,7 August 2016
event_Q26218598,venue_carioca_arena_2,9 August 2016
event_Q26212155,venue_riocentro_pavilion_6,9-21 August 2016
event_Q26155834,venue_olympic_golf_course,17–20 August 2016
event_Q2570158,venue_olympic_green_convention_centre,13 August 2008
event_Q25991459,venue_olympic_aquatics_stadium,7 August 2016 (heats &semifinals)8 August 2016 (final)
event_Q7400308,venue_barcelona,27 July to 3 August
event_Q1067772,venue_london_aquatics_centre,"July 28, 2012 (heats & final)"
event_Q1750578,venue_nikaia_olympic_weightlifting_hall,15 August 2004
event_Q107861699,venue_hualindong_ski_resort,12 February 2022
event_Q107861710,venue_hualindong_ski_resort,11 February 2022
event_Q26212161,venue_carioca_arena_2,7 August 2016
event_Q1193982,venue_beijing_national_aquatics_center,"August 10, 2008 (heats)August 11, 2008(semifinals)August 12, 2008 (final)"
event_Q635823,venue_cypress_mountain,"February 27, 2010"
event_Q2201769,venue_athens_olympic_stadium,24–26 August
event_Q7371997,venue_sydney_international_regatta_centre,17–23 September 2000
event_Q1005685,venue_beijing_science_and_technology_university_gymnasium,21 August 2008
event_Q2564420,venue_qingdao_international_sailing_centre,First race: 2008-08-11Last race: 2008-08-18
event_Q586729,venue_richmond_olympic_oval,21 February 2010
event_Q26218466,venue_carioca_arena_2,12 August 2016
event_Q26215191,venue_olympic_stadium,15 August 2016 (qualifying)16 August 2016 (final)
event_Q26155829,venue_riocentro,6 August 2016
event_Q1075735,venue_olympic_green_convention_center_shooting_and_fencingying_tung_natatorium_swimmingolympic_sports_center_stadium_riding_and_running,22 August
event_Q1193966,venue_beijing_national_aquatics_center,"August 9, 2008 (heats)August 10, 2008 (semifinals)August 11, 2008 (final)"
event_Q26217865,venue_carioca_arena_2,8 August 2016
event_Q1156715,venue_excel_exhibition_centre,1 August
event_Q662887,venue_sauze_doulx,21 February (qualification)22 February (final)
event_Q1439291,venue_athens_olympic_stadium,25–28 August
event_Q580481,venue_richmond_olympic_oval,14 February 2010
event_Q1131387,venue_hong_kong_sports_institute,15–21 August
event_Q2070058,venue_excel_exhibition_centre,5 to 9 August 2012
event_Q65235532,venue_nippon_budokan,30 July 2021
event_Q7400302,venue_busan부산釜山,20–27 September
event_Q1997032,venue_excel_london,3 August 2012
event_Q7372007,venue_sydney_international_regatta_centre,17–23 September 2000
event_Q1750591,venue_nikaia_olympic_weightlifting_hall,19–20 August 2004
event_Q26212162,venue_carioca_arena_2,6 August 2016
event_Q610603,venue_whistler_olympic_park,"February 14, 2010"
event_Q26218320,venue_national_equestrian_center,6–9 August 2016
event_Q2022215,venue_pavilion_3_sydney_olympic_park,16 – 21 September 2000
event_Q1750587,venue_nikaia_olympic_weightlifting_hall,19 August 2004
event_Q664418,venue_oval_lingotto,25 February 2006
event_Q1067383,venue_lords_cricket_ground,27–29 July 2012
event_Q25932075,venue_olympic_aquatics_stadium,11 August 2016 (heats)12 August 2016 (final)
event_Q26212145,venue_riocentro,13 August 2016
event_Q20670790,venue_piscines_bernat_picornell,2 to 6 August
event_Q26212151,venue_riocentro_pavilion_6,10–21 August 2016
event_Q26218274,venue_national_equestrian_center,6–9 August 2016
event_Q1750595,venue_nikaia_olympic_weightlifting_hall,21 August 2004
event_Q26219847,venue_carioca_arena_2,11 August 2016
event_Q651065,venue_china_agricultural_university_gymnasium,17 August 2008
event_Q107861704,venue_hualindong_ski_resort,13 February 2022
event_Q1439276,venue_olympic_stadium,26–28 August
event_Q25991448,venue_olympic_aquatics_stadium,12 August 2016 (heats)13 August 2016 (final)
event_Q7400297,venue_busan부산釜山,20–27 September
event_Q1137646,venue_excel_exhibition_centre,28 July
event_Q735299,venue_park_city_ski_jumpingsoldier_hollow_cross_country_skiing,"February 16–17, 2002"
event_Q22964429,venue_misari_regatta,20–25 September 1988
event_Q26219831,venue_carioca_arena_2,10 August 2016
event_Q25927634,venue_olympic_aquatics_stadium,9 August 2016 (heats &semifinals)10 August 2016 (final)
event_Q15056264,venue_peristeri_olympic_boxing_hall,16–28 August 2004
event_Q1092809,venue_beihang_university_gymnasium,10 August 2008
event_Q65242345,venue_ariake_coliseum,24 July – 1 August 2021
event_Q25991456,venue_olympic_aquatics_stadium,7 August 2016 (heats & final)
event_Q2562124,venue_peking_university_gymnasium,"August 19 to August 23, 2008"
event_Q26205999,venue_riocentro_pavilion_6,13–21 August 2016
event_Q26213160,venue_olympic_whitewater_stadium,7–10 August 2016
event_Q1065640,venue_beihang_university_gymnasium,16 August 2008
event_Q26212149,venue_riocentro,8 August 2016
event_Q1094667,venue_beijing_national_aquatics_center,"August 15, 2008 (heats)August 16, 2008(semifinals)August 17, 2008 (final)"
event_Q722895,venue_markópoulo_olympic_shootingcentre,18 August 2004 (slow)19 August 2004 (fast)
event_Q65242359,venue_odaiba_marine_park_tokyo,27 July 2021
event_Q26037184,venue_riocentro_pavilion_6,6–14 August 2016
event_Q7400305,venue_barcelona,27 July to 2 August
event_Q548072,venue_cypress_mountain,"February 16, 2010"
event_Q730927,venue_pragelato,"February 14, 2006"
event_Q65235526,venue_nippon_budokan,28 July 2021
event_Q26218608,venue_riocentro_pavilion_6,12–20 August 2016
event_Q65242331,venue_ariake_coliseum,24 July – 1 August 2021
event_Q1570183,venue_pavelló_de_la_mar_bella,28 July – 4 August 1992
event_Q1750579,venue_nikaia_olympic_weightlifting_hall,23 August 2004
event_Q65235557,venue_nippon_budokan,27 July 2021
event_Q26208316,venue_riocentro_pavilion_6,7–17 August 2016
event_Q734997,venue_athens_olympic_tennis_centre_athens,15–22 August 2004
event_Q614894,venue_pacific_coliseum,"February 24, 26, 2010"
event_Q1750583,venue_nikaia_olympic_weightlifting_hall,24 August 2004
event_Q26208513,venue_riocentro_pavilion_6,6–18 August 2016
event_Q599412,venue_excel_london_exhibition_centre,29 July
event_Q25991447,venue_olympic_aquatics_stadium,7 August 2016 (heats &semifinals)8 August 2016 (final)
event_Q26219849,venue_carioca_arena_3,18 August 2016
event_Q25991455,venue_olympic_aquatics_stadium,6 August 2016 (heats & final)
event_Q17063526,venue_jamsil_indoor_swimming_pool,18 September 1988 (heats)19 September 1988 (finals)
event_Q581788,venue_all_england_club_wimbledon,28 July–5 August 2012
event_Q588440,venue_greenwich_park,4–6 August 2012
event_Q260204,venue_beijing_science_and_technology_university_gymnasium,22 August 2008
event_Q25991464,venue_olympic_aquatics_stadium,9 August 2016 (heats &semifinals)10 August 2016 (final)
event_Q7371994,venue_lake_of_banyoles,27 July – 1 August 1992
event_Q26217860,venue_riocentro_pavilion_3,12–16 August 2016
event_Q26218599,venue_carioca_arena_2,12 August 2016
event_Q2174649,venue_hyde_park548,2012-08-04
event_Q7371999,venue_sydney_international_regatta_centre,17–23 September 2000
event_Q2000524,venue_excel_exhibition_centre,31 July to 12 August 2012
event_Q662184,venue_utah_olympic_park,15 February 2002
event_Q26219848,venue_carioca_arena_3,17 August 2016
event_Q7372001,venue_sydney_international_regatta_centre,18–24 September 2000
event_Q1194982,venue_china_agricultural_university_gymnasium,17 August 2008
event_Q384953,venue_whistler_olympic_park,15 February 2010
event_Q1439249,venue_athens_olympic_stadium,24–27 August
event_Q7400312,venue_barcelona,27 July to 11 September 2001
event_Q1222467,venue_meribel,"February 15, 1992"
event_Q1222171,venue_snow_harp,10 February 1998
event_Q826852,venue_hamar_olympic_hall,14 February 1994
event_Q1221935,venue_nozawa_onsen,9 February 1998
event_Q31844,venue_excel_exhibition_centre,29 July to 12 August 2012
event_Q1222146,venue_soldier_hollow,15 February 2002
event_Q917323,venue_beijing_olympic_stadium,16 August 2008 (qualifying)18 August 2008 (final)
event_Q3001407,venue_velòdrom_dhorta,28–31 July
event_Q2550697,venue_excel_london,6 August 2012
event_Q748648,venue_pragelato,19 February 2006
event_Q14643126,venue_laura_biathlon_ski_complex,8 February 2014
event_Q7656687,venue_jamsil_indoor_swimming_pool,22 September 1988 (heats & finals)
event_Q7500819,venue_sydney_international_shooting_centre,20 September 2000
event_Q4786035,venue_hwarang_archery_field,27–30 September 1988
event_Q2299006,venue_excel_london,12 August 2012
event_Q2494175,venue_eton_dorney,7 to 9 August
event_Q2358274,venue_excel_london,6 August 2012
event_Q8979743,venue_greenwich_park,4–8 August 2012
event_Q782429,venue_richmond_olympic_oval,20 February 2010
event_Q15056068,venue_russki_gorki_jumping_center,12 February 2014
event_Q905472,venue_cypress_bowl_ski_area,14 February
event_Q2521962,venue_excel_london,8 August 2012
event_Q848666,venue_richmond_olympic_oval,16 February 2010
event_Q27961940,venue_georgia_world_congress_center,22 July 1996
event_Q826539,venue_utah_olympic_oval,"February 22, 2002"
event_Q25397018,venue_riocentro,6–10 August 2016
event_Q769467,venue_piscines_bernat_picornell,28 July 1992 (heats & finals)
event_Q1005322,venue_laoshan_velodrome,August 15
event_Q1222469,venue_kvitfjell,"February 19, 1994"
event_Q7979982,venue_georgia_world_congress_center,29 July 1996
event_Q15055009,venue_rosa_khutor_alpine_resortkrasnaya_polyana_russia,14 February 2014
event_Q15055028,venue_laura_biathlon_ski_complex,22 February 2014
event_Q15055033,venue_laura_biathlon_ski_complex,19 February 2014
event_Q886732,venue_sydney_super_dome,16–20 September 2000
event_Q1433101,venue_ancient_olympia_stadium,18 August
event_Q7979974,venue_pavelló_de_lespanya_industrial,29 July 1992
event_Q3499001,venue_institut_nacional_deducació_física_de_catalunya,5–7 August 1992
event_Q1432187,venue_stadium_australia,22 September 2000 (qualifying) 24 September 2000 (final)
event_Q1005244,venue_beihang_university_gymnasium,11–12 August 2008
event_Q7500847,venue_markópoulo_olympic_shootingcentre,"August 19, 2004"
event_Q781406,venue_soldier_hollow,23 February 2002
event_Q906128,venue_whistler_olympic_park,21 February 2010
event_Q1221939,venue_snow_harp,8 February 1998
event_Q848696,venue_richmond_olympic_oval,17 February 2010
event_Q963859,venue_georgia_dome,20–24 July 1996
event_Q1222533,venue_shiga_kogen,"February 19, 1998"
event_Q7979972,venue_pavelló_de_lespanya_industrial,27 July 1992
event_Q3001455,venue_sant_sadurní_danoia_barcelona,2 August
event_Q7979977,venue_pavelló_de_lespanya_industrial,31 July 1992
event_Q765657,venue_oval_lingotto,14 February 2006
event_Q1005423,venue_beijing_shooting_range_hall,"August 15, 2008August 16, 2008"
event_Q61539,venue_china_agricultural_university_gymnasium,19 August 2008
event_Q899312,venue_beijing_national_stadium,15 August 2008 (qualifying)17 August 2008 (final)
event_Q7400314,venue_barcelona,27 July to 3 August
event_Q1222168,venue_canmore_nordic_centre,17 February 1988
event_Q15056105,venue_rosa_khutor_extreme_park_krasnaya_polyana_russia,13 February 2014
event_Q7674783,venue_state_sports_centre,29 September
event_Q4951839,venue_sydney_convention_and_exhibition_centre,19 September to 1 October 2000
event_Q15056067,venue_russki_gorki_jumping_center,18 February 2014
event_Q2353351,venue_lee_valley_white_water_centre,30 July – 2 August
event_Q932865,venue_beijing_national_stadium,16 August 2008 (heats) 17 August 2008 (semi-finals) 19 August 2008 (final)
event_Q906859,venue_nikaia_olympic_weightlifting_hall,18 August 2004
event_Q3498676,venue_sangmu_gymnasium,28–30 September 1988
event_Q677063,venue_excel_london,11 August 2012
event_Q846788,venue_cesana_san_sicario,11 February 2006
event_Q247070,venue_beijing_olympic_stadium,August 22
event_Q691742,venue_cypress_mountain,"February 17, 2010"
event_Q7400334,venue_sydney,First race: 23 September 2000Last race: 30 September 2000
event_Q1222651,venue_park_city,16 February (qualification)18 February (final)
event_Q7656712,venue_jamsil_indoor_swimming_pool,23 September 1988 (heats & finals)
event_Q1222109,venue_hamar_olympic_hall,"February 25, 1994"
event_Q240257,venue_beijing_national_aquatics_center,"August 9, 2008 (heats)August 10, 2008 (final)"
event_Q15056095,venue_rosa_khutor_extreme_park_krasnaya_polyana_russia,6 February 2014 (qualification)8 February 2014 (final)
event_Q7656705,venue_jamsil_indoor_swimming_pool,23 September 1988 (heats & finals)
event_Q5280017,venue_hamar_olympic_amphitheatre,17–19 February 1994
event_Q1222524,venue_nakiska,"February 26, 1988"
event_Q1221810,venue_hamar_olympic_amphitheatre,26 February 1994
event_Q15055034,venue_laura_biathlon_ski_complex,19 February 2014
event_Q638285,venue_m_wave,"February 19, 1998"
event_Q15054994,venue_rosa_khutor_alpine_resortkrasnaya_polyana_russia,12 February
event_Q4786049,venue_stone_mountain_park_archery_center,28 July – 1 August 1996
event_Q917752,venue_sestriere,"February 12, 2006"
event_Q7656695,venue_jamsil_indoor_swimming_pool,23 September 1988 (heats & finals)
event_Q3498940,venue_sangmu_gymnasium,28–30 September 1988
event_Q2724464,venue_olympic_stadium,20–22 August
event_Q847288,venue_cesana_san_sicario,18 February 2006
event_Q1222212,venue_kvitfjell_and_hafjell,"February 20–21, 1994"
event_Q870649,venue_lysgårdsbakken_ski_jumpingbirkebeineren_ski_stadium_cross_country_skiing,23–24 February 1994
event_Q775967,venue_beijing_shooting_range_clay_target_field,"August 9, 2008August 10, 2008"
event_Q917348,venue_beijing_national_stadium,August 19 August 20August 21 (final)
event_Q3498987,venue_institut_nacional_deducació_física_de_catalunya,3–5 August 1992
event_Q4951834,venue_alexander_memorial_coliseum,20 July – 3 August 1996
event_Q1202526,venue_laoshan_velodrome,August 15 (preliminaries)August 16 (semifinals)August 17 (final)
event_Q1222025,venue_snow_harp,20 February 1998
event_Q15052012,venue_laura_biathlon_ski_complex,18 February 2014
event_Q1222529,venue_hafjell,26 February 1994
event_Q7500840,venue_markópoulo_olympic_shootingcentre,"August 20, 2004"
event_Q1221864,venue_cross_country_skiing_stadium,14 February 1988
event_Q15056096,venue_rosa_khutor_extreme_park_krasnaya_polyana_russia,10 February 2014
event_Q7400342,venue_agios_kosmas_olympic_sailing_centre,First race: 2004-08-15Last race: 2004-08-22
event_Q1337042,venue_lords_cricket_ground,27–28 July 2012
event_Q25386274,venue_carioca_arena_3,6 August 2016
event_Q7656689,venue_jamsil_indoor_swimming_pool,23 September 1988 (heats & finals)
event_Q841897,venue_whistler_creeksidewhistler_british_columbia,"February 18, 2010"
event_Q1432476,venue_stadium_australia,22 September (heats)25 September (final)
event_Q7500739,venue_taereung_international_shooting_range,23 September 1988
event_Q2557145,venue_excel_london,7 August 2012
event_Q15055073,venue_rosa_khutor_extreme_park,18 February 2014
event_Q3400664,venue_stone_mountain_park_velodrome,25 July 1996 (qualifying round & quarterfinals)27 July 1996 (semifinals)28 July 1996 (final)
event_Q7400341,venue_agios_kosmas_olympic_sailing_centre,First race: 2004-08-14Last race: 2004-08-21
event_Q7500816,venue_sydney_international_shooting_centre,22 September 200023 September 2000
event_Q762663,venue_beijing_national_indoor_stadium,9–14 August
event_Q15055013,venue_rosa_khutor_alpine_resort,16 February
event_Q15055074,venue_rosa_khutor_extreme_park,6 February 2014 (qualification)9 February 2014 (semi-finals & final)
event_Q906865,venue_nikaia_olympic_weightlifting_hall,21 August 2004
event_Q853003,venue_beijing_national_stadium,August 18 August 20 (final)
event_Q3001409,venue_dunc_gray_velodrome,20 September
event_Q7979978,venue_pavelló_de_lespanya_industrial,1 August 1992
event_Q7979968,venue_pavelló_de_lespanya_industrial,2 August 1992
event_Q771886,venue_beihang_university_gymnasium,10 August 2008
event_Q4951846,venue_sydney_convention_and_exhibition_centre,18 September to 30 September 2000
event_Q2364389,venue_excel_london,6 August 2012
event_Q1433079,venue_olympic_stadium,25–27 August
event_Q15056100,venue_rosa_khutor_extreme_park_krasnaya_polyana_russia,17 February 2014
event_Q7400319,venue_savannah,24 July to 1 August
event_Q7656686,venue_jamsil_indoor_swimming_pool,20 September 1988 (heats)21 September 1988 (finals)
event_Q3498597,venue_institut_nacional_deducació_física_de_catalunya,5–7 August 1992
event_Q3498966,venue_institut_nacional_deducació_física_de_catalunya,5–7 August 1992
event_Q1360895,venue_beijing_shooting_range_hall,"August 13, 2008"
event_Q1222466,venue_nakiska,"February 19, 1988"
event_Q24906829,venue_carioca_arena_2,14 August 2016
event_Q7400328,venue_darling_point_cruising_yacht_club_of_australia_sydney,First race: 23 September 2000Last race: 30 September 2000
event_Q3001459,venue_centennial_parklands_sydney,27 September
event_Q7400320,venue_savannah,22 July to 2 August
event_Q279295,venue_utah_olympic_park,"February 20, 2002"
event_Q841946,venue_whistler_creekside,"February 17, 2010"
event_Q14643199,venue_laura_biathlon_ski_complex,11 February 2014
event_Q1222632,venue_cesana_pariol,16 February 2006
event_Q1005235,venue_china_agricultural_university_gymnasium,12 August 2008
event_Q923513,venue_china_agricultural_university_gymnasium,21 August 2008
event_Q704595,venue_beijing_science_and_technology_university_gymnasium,20 August 2008
event_Q942244,venue_sydney_olympic_park_tennis_centre,19–27 September 2000
event_Q15056104,venue_rosa_khutor_extreme_park_krasnaya_polyana_russia,11 February 2014
event_Q1432289,venue_stadium_australia,27 September 2000 (heats)30 September 2000 (final)
event_Q2297621,venue_london_velopark,2 to 3 August 2012
event_Q917333,venue_beijing_national_stadium,19 August 2008 (qualification)22 August 2008 (final)
event_Q1372090,venue_excel_london,4 August 2012
event_Q488601,venue_olympic_stadium,23 & 24 September
event_Q1222644,venue_kvitfjell,15 February 1994
event_Q3498626,venue_sangmu_gymnasium,27–29 September 1988
event_Q1222474,venue_hakuba,"February 16, 1998"
event_Q15055083,venue_rosa_khutor_extreme_park,19 February 2014
event_Q681571,venue_royal_artillery_barracks,5 August 20126 August 2012
event_Q523492,venue_lysgårdsbakken,"February 20, 1994"
event_Q15055007,venue_rosa_khutor_alpine_resort,10 February 2014
event_Q936086,venue_beijing_national_aquatics_centre,"August 12, 2008 (heats)August 13, 2008 (semifinals)August 14, 2008 (final)"
event_Q2430785,venue_excel_london,3 August to 7 August 2012
event_Q1221869,venue_les_saisies,15 February 1992
event_Q1222299,venue_park_city,10 February 2002
event_Q7500827,venue_markópoulo_olympic_shooting_centre,17 August 2004
event_Q917747,venue_sestriere,"February 14, 2006"
event_Q1222092,venue_soldier_hollow,18 February 2002
event_Q905493,venue_excel_london,28 July 2012
event_Q3499032,venue_sangmu_gymnasium,29 September–1 October 1988
event_Q7500842,venue_markópoulo_olympic_shootingcentre,"August 18, 2004"
event_Q780808,venue_lanneau_de_vitesse,"February 17, 1992"
event_Q1005260,venue_china_agricultural_university_gymnasium,13 August 2008
event_Q15055036,venue_laura_biathlon_ski_complex,11 February 2014
event_Q917217,venue_whistler_olympic_park,18 February 2010
event_Q7979967,venue_pavelló_de_lespanya_industrial,4 August 1992
event_Q7500813,venue_sydney_international_shooting_centre,23 September 2000
event_Q1222023,venue_birkebeineren_ski_stadium,24 February 1994
event_Q1221915,venue_m_wave,"February 16, 1998"
event_Q7656694,venue_jamsil_indoor_swimming_pool,25 September 1988 (heats & finals)
event_Q15056225,venue_adler_arena_skating_center,10 February 2014
event_Q2308161,venue_copper_box_fencingaquatics_centre_swimminggreenwich_park_riding_and_combined,11 August
event_Q4786036,venue_hwarang_archery_field,27 September – 1 October 1988
event_Q1198508,venue_london_aquatics_centre,"July 30, 2012 (heats &semifinals)July 31, 2012 (final)"
event_Q1005486,venue_whistler_sliding_centre,20–21 February 2010
event_Q679802,venue_china_agricultural_university_gymnasium,20 August 2008
event_Q1426735,venue_centennial_olympic_stadium,"26 July 1996 (heats, quarter-finals)27 July 1996 (semi-finals, finals)"
event_Q15052025,venue_laura_biathlon_ski_complex,21 February 2014
event_Q1222497,venue_deer_valley,"February 20, 2002"
event_Q7979984,venue_georgia_world_congress_center,21 July 1996
event_Q918076,venue_whistler_sliding_centre,18–19 February 2010
event_Q1222232,venue_les_saisies,"February 11, 1992"
event_Q3499929,venue_sangmu_gymnasium,20–22 September 1988
event_Q263070,venue_snowbasin,"February 14, 2002"
event_Q7674782,venue_state_sports_centre,28 September
event_Q761318,venue_beijing_national_indoor_stadium,August 19
event_Q3400667,venue_stone_mountain_park_velodrome,24 July 1996 (qualifying round & quarterfinals)25 July 1996 (semifinals)26 July 1996 (final)
event_Q15054999,venue_rosa_khutor_alpine_resortkrasnaya_polyana_russia,18 February 2014
event_Q841622,venue_all_england_club_wimbledon,28 July to 5 August 2012
event_Q904345,venue_beijing_national_stadium,21 August 2008 (qualification)23 August 2008 (final)
event_Q1432202,venue_stadium_australia,28 September 2000 (qualifications) 30 September 2000 (final)
event_Q1222127,venue_m_wave,"February 13–14, 1998"
event_Q15055004,venue_rosa_khutor_alpine_resortkrasnaya_polyana_russia,22 February 2014
event_Q4786041,venue_camp_olímpic_de_tir_amb_arc,31 July – 4 August 1992
event_Q975449,venue_goudi_olympic_hall,14 August to 19 August 2004
event_Q429621,venue_whistler_creeksidewhistler_british_columbia,"February 26, 2010"
event_Q915092,venue_cesana_san_sicario,23 February 2006
event_Q942805,venue_olympic_tennis_centre,15 to 22 August 2004
event_Q1221917,venue_salt_lake_ice_center,13 February 2002
event_Q2329168,venue_london_velopark,3 August
event_Q15056099,venue_rosa_khutor_extreme_park_krasnaya_polyana_russia,14 February 2014
event_Q7500743,venue_taereung_international_shooting_range,18 September 1988
event_Q1222187,venue_nozawa_onsen,15 February 1998
event_Q1222124,venue_salt_lake_ice_center,16 February 2002
event_Q2460802,venue_shunyi_olympic_rowing_canoeing_park,9–16 August 2008
event_Q2358214,venue_excel_london,10 August 2012
event_Q637365,venue_centennial_olympic_stadium,July 31-August 1
event_Q7674793,venue_faliro_coastal_zone_olympic_complex,28 August
event_Q2521899,venue_greenwich_park,28–31 July 2012
event_Q970610,venue_olympic_oval,21 February 1988
event_Q6303884,venue_sydney_convention_and_exhibition_centre,22 September 2000
event_Q827175,venue_pragelato,18 February 2006
event_Q7500822,venue_sydney_international_shooting_centre,19 September 2000
event_Q3499038,venue_institut_nacional_deducació_física_de_catalunya,3–5 August 1992
event_Q956359,venue_soldier_hollow,12 February 2002
event_Q1222186,venue_birkebeineren_ski_stadium,23 February 1994
event_Q906117,venue_whistler_creeksidewhistler_british_columbia,"February 27, 2010"
event_Q1222259,venue_spiral,10–11 February 1998
event_Q955688,venue_olympic_oval,14 February 1988
event_Q7656707,venue_jamsil_indoor_swimming_pool,18 September 1988 (heats)19 September 1988 (finals)
event_Q1222137,venue_white_ring,19 February 1998
event_Q7500809,venue_sydney_international_shooting_centre,19 September 2000
event_Q1222492,venue_kanthaugen_freestyle_arena,15–16 February 1994
event_Q1222654,venue_kanthaugen_freestyle_arena,21–24 February 1994
event_Q2358254,venue_excel_london,7 August 2012
event_Q922361,venue_beijing_national_stadium,18 August 2008 (qualification)20 August 2008 (final)
event_Q870651,venue_hakuba_ski_jumping_stadium_ski_jumpingsnow_harp_cross_country_skiing,19–20 February 1998
event_Q25384916,venue_carioca_arena_3,12 August 2016
event_Q6303861,venue_georgia_world_congress_center,26 July 1996
event_Q914969,venue_triathlon_venue_at_the_ming_tomb_reservoir,18 August
event_Q1222101,venue_nozawa_onsen,19 February 1998
event_Q1438466,venue_centennial_olympic_stadium,31 July 1996 (qualifying)2 August 1996 (final)
event_Q5198393,venue_dunc_gray_velodrome,18–20 September 2000
event_Q840683,venue_all_england_lawn_tennis_and_croquet_club,1 August to 5 August 2012
event_Q632742,venue_sydney_exhibition_centre,16 September
event_Q1221912,venue_lanneau_de_vitesse,"February 12, 1992"
event_Q752428,venue_olympic_green_tennis_centre_beijing,10–17 August 2008
event_Q1222437,venue_snowbasin,"February 12, 2002"
event_Q7656701,venue_jamsil_indoor_swimming_pool,24 September 1988 (heats & finals)
event_Q3499009,venue_sangmu_gymnasium,29 September–1 October 1988
event_Q1005036,venue_beijing_national_aquatics_center,"August 11, 2008 (heats)August 12, 2008 (semifinals)August 13, 2008 (final)"
event_Q15055029,venue_laura_biathlon_ski_complex,23 February 2014
event_Q3001452,venue_seoul,September 27
event_Q7500830,venue_markopoulo_olympic_shooting_centre,21 August 2004
event_Q15055018,venue_laura_biathlon_ski_complex,13 February 2014
event_Q910720,venue_whistler_creeksidewhistler_british_columbia,"February 21, 2010"
event_Q962650,venue_greenwich_park,2–9 August 2012
event_Q7500802,venue_wolf_creek_shooting_complex,24 July 1996
event_Q526793,venue_olympic_oval,"February 27, 1988"
event_Q31843483,venue_seoul_olympic_stadium,28 September
event_Q1222018,venue_les_saisies,21 February 1992
event_Q7400345,venue_agios_kosmas_olympic_sailing_centre,First race: 2004-08-15Last race: 2004-08-25
event_Q940196,venue_beijing_shooting_range_hall,"August 9, 2008"
event_Q7500810,venue_sydney_international_shooting_centre,20 September 200021 September 2000
event_Q4903025,venue_salt_lake_ice_centersalt_lake_city_utah,"February 9 & 11, 2002"
event_Q30680431,venue_real_club_de_polo_de_barcelona,2–5 August
event_Q7400325,venue_savannah,24 July to 1 August
event_Q746397,venue_bardonecchia,22 February 2006
event_Q1426854,venue_centennial_olympic_stadium,28 to 31 July
event_Q7400340,venue_agios_kosmas_olympic_sailing_centre,First race: 2004-08-15Last race: 2004-08-22
event_Q848641,venue_whistler_sliding_centre,13–14 February 2010
event_Q829370,venue_all_england_lawn_tennis_and_croquet_club,28 July to 4 August 2012
event_Q635603,venue_utah_olympic_oval,"February 23, 2002"
event_Q3499066,venue_sangmu_gymnasium,29 September–1 October 1988
event_Q782385,venue_palavela_turin_italy,"February 17, 2006 February 19, 2006 February 20, 2006"
event_Q7500832,venue_markópoulo_olympic_shootingcentre,"August 20, 2004"
event_Q1222251,venue_la_plagne,11–12 February 1992
event_Q6303859,venue_georgia_world_congress_center,25 July 1996
event_Q2558792,venue_qingdao_international_sailing_centre,First race: 2008-08-11Last race: 2008-08-20
event_Q18728,venue_vancouver_olympicparalympic_centre,"February 16–27, 2010"
event_Q736527,venue_beijing_shooting_range_hall,"August 10, 2008"
event_Q24906792,venue_pontal_rio_de_janeiro298,10 August 2016
event_Q7400344,venue_agios_kosmas_olympic_sailing_centre,First race: 2004-08-14Last race: 2004-08-21
event_Q3390067,venue_georgia_world_congress_center,20 July 1996
event_Q22964444,venue_lake_of_banyoles,28 July – 2 August 1992
event_Q4951843,venue_sydney_convention_and_exhibition_centre,19 September to 1 October 2000
event_Q1005262,venue_china_agricultural_university_gymnasium,20 August 2008
event_Q2269694,venue_london_velopark,2 August
event_Q30680433,venue_seoul_race_park,24–27 September
event_Q2410252,venue_weymouth_and_portland_national_sailing_academy,29 July – 5 August
event_Q847592,venue_beijing_national_stadium,16 August 2008 (qualification)18 August 2008 (final)
event_Q1222641,venue_nakiska,"February 22, 1988"
event_Q2269716,venue_london_aquatics_centre,"August 1, 2012 (heats &semifinals)August 2, 2012 (final)"
event_Q2634499,venue_athens_olympic_stadium,20 August
event_Q905715,venue_whistler_creeksidewhistler_british_columbia,"February 24 – 25, 2010"
event_Q936622,venue_athens_olympic_stadium,20 August
event_Q7400317,venue_savannah,22 July to 2 August
event_Q7400350,venue_agios_kosmas_olympic_sailing_centre,First race: 2004-08-14Last race: 2004-08-20
event_Q15052022,venue_laura_biathlon_ski_complex,17 February 2014
event_Q1426826,venue_stadium_australia,27–28 September
event_Q919242,venue_eton_dorney,10 to 11 August
event_Q901754,venue_tennis_de_la_vall_dhebron_barcelona,28 July–8 August 1992
event_Q853040,venue_beijing_national_stadium,August 16 (heats)August 17 (semifinal and final)
event_Q1222257,venue_lillehammer_olympic_bobsleigh_and_luge_track,15–16 February 1994
event_Q919388,venue_eton_dorney,7 to 9 August
event_Q15056224,venue_adler_arena_skating_center,11 February 2014
event_Q1005237,venue_china_agricultural_university_gymnasium,12 August 2008
event_Q15055037,venue_laura_biathlon_ski_complex,15 February 2014
event_Q7500798,venue_wolf_creek_shooting_complex,21 July 1996
event_Q901122,venue_tennis_de_la_vall_dhebron,28 July–7 August 1992
event_Q2303578,venue_excel_exhibition_centre,10 August
event_Q1222203,venue_nakiska,"February 20–21, 1988"
event_Q853023,venue_beijing_olympic_stadium,August 16
event_Q4786038,venue_hwarang_archery_field,27 September – 1 October 1988
event_Q15055081,venue_rosa_khutor_extreme_park,11 February 2014
event_Q7674779,venue_state_sports_centre,28 September
event_Q2451718,venue_excel_london,28 July – 1 August
event_Q7656727,venue_jamsil_indoor_swimming_pool,25 September 1988 (heats & finals)
event_Q25396733,venue_national_shooting_center,6 August 2016
event_Q1005660,venue_beijing_science_and_technology_university_gymnasium,23 August 2008
event_Q7500799,venue_wolf_creek_shooting_complex,20 July 1996
event_Q916724,venue_whistler_olympic_park,28 February 2010
event_Q1001497,venue_qingdao_international_sailing_centre,First race: 2008-08-09Last race: 2008-08-17
event_Q2268100,venue_royal_artillery_barracks,30 July 201231 July 2012
event_Q1005434,venue_eton_dorney,10 to 11 August
event_Q917743,venue_sestriere,"February 25, 2006"
event_Q15055079,venue_rosa_khutor_extreme_park,12 February 2014
event_Q1360804,venue_olympic_green_archery_field,9–15 August 2008
event_Q1222176,venue_soldier_hollow,"February 13, 2002"
event_Q2723756,venue_athens_olympic_stadium,20–23 August
event_Q963453,venue_georgia_dome,"July 21-23, 1996"
event_Q1222165,venue_les_saisies,13 February 1992
event_Q2390636,venue_eton_dorney,10 to 11 August
event_Q767959,venue_excel_london,12 August 2012
event_Q683164,venue_beijing_national_aquatics_center,August 9 (heats)August 10 (final)
event_Q2380135,venue_excel_london,31 July 2012
event_Q339188,venue_lanneau_de_vitesse,"February 10, 1992"
event_Q3499941,venue_sangmu_gymnasium,18–20 September 1988
event_Q241789,venue_excel_london,29 July 2012
event_Q1222108,venue_m_wave,"February 20th, 1998"
event_Q7656716,venue_jamsil_indoor_swimming_pool,25 September 1988 (heats & finals)
event_Q15055001,venue_rosa_khutor_alpine_resort,19 February 2014
event_Q947678,venue_beijing_national_stadium,21 August 2008
event_Q1005606,venue_beijing_shooting_range_hall,"August 11, 2008"
event_Q7656720,venue_jamsil_indoor_swimming_pool,22 September 1988 (heats & finals)
event_Q782722,venue_weymouth_and_portland_national_sailing_academy,30 July – 8 August
event_Q3498614,venue_institut_nacional_deducació_física_de_catalunya,5–7 August 1992
event_Q275887,venue_cycling_road_course,
event_Q15021060,venue_laura_biathlon_ski_complex,13 February 2014
event_Q7656713,venue_jamsil_indoor_swimming_pool,25 September 1988 (heats & finals)
event_Q1221812,venue_white_ring,21 February 1998
event_Q6303882,venue_sydney_convention_and_exhibition_centre,20 September 2000
event_Q220386,venue_whistler_olympic_park,19 February 2010
event_Q938791,venue_pacific_coliseum,"February 20, 2010"
event_Q1005363,venue_laoshan_velodrome,August 17 (preliminaries—2nd round)August 18 (quarterfinals)August 19 (semifinals and finals)
event_Q7400316,venue_savannah,22 July to 2 August
event_Q1005614,venue_laoshan_velodrome,August 19
event_Q7500834,venue_markópoulo_olympic_shootingcentre,"August 21, 2004August 22, 2004"
event_Q927660,venue_stone_mountain_tennis_center_atlanta,23 July–3 August 1996
event_Q629871,venue_pragelato,"February 11, 2006"
event_Q848278,venue_beijing_national_stadium,16 August 2008
event_Q916711,venue_whistler_olympic_park,22 February 2010
event_Q2196657,venue_excel_london,3 August 2012
event_Q15056222,venue_adler_arena_skating_center,15 February 2014
event_Q1222134,venue_la_halle_de_glace_olympique,18–22 February 1992
event_Q1346374,venue_beijing_shooting_range_hall,"August 17, 2008"
event_Q903439,venue_beijing_national_stadium,20 August 2008 (qualifying)22 August 2008 (final)
event_Q25455359,venue_lagoa_stadium,15–16 August 2016
event_Q905555,venue_london_aquatics_centre,"July 31, 2012 (heats &semifinals)August 1, 2012 (final)"
event_Q727488,venue_urban_road_cycling_course476,August 13
event_Q1222209,venue_meribel,"February 12–13, 1992"
event_Q2353509,venue_royal_artillery_barracks,4 August 2012
event_Q15052019,venue_laura_biathlon_ski_complex,14 February 2014
event_Q531844,venue_pragelato,"February 21, 2006"
event_Q1004896,venue_beihang_university_gymnasium,18 August 2008
event_Q1222646,venue_hakuba,"February 11, 1998"
event_Q916771,venue_richmond_olympic_oval,24 February 2010
event_Q276040,venue_buckhead_cycling_course,3 August 1996
event_Q905659,venue_whistler_olympic_park,"February 18, 2010"
event_Q1222066,venue_soldier_hollow,21 February 2002
event_Q7979973,venue_pavelló_de_lespanya_industrial,28 July 1992
event_Q25386262,venue_carioca_arena_3,9 August 2016
event_Q31843481,venue_seoul_equestrian_park_wondang_ranch,19–22 September
event_Q938779,venue_pacific_coliseum,"February 13, 17, 2010"
event_Q7400318,venue_savannah,23 July to 31 July
event_Q7656726,venue_jamsil_indoor_swimming_pool,23 September 1988 (heats)24 September 1988 (final)
event_Q3498949,venue_institut_nacional_deducació_física_de_catalunya,28–30 July 1992
event_Q1426670,venue_centennial_olympic_stadium,2 August (qualification)3 August (final)
event_Q1433072,venue_olympic_stadium,21–23 August
event_Q280553,venue_soldier_hollow,16 February 2002
event_Q15052014,venue_laura_biathlon_ski_complex,22 February 2014
event_Q7500838,venue_markópoulo_olympic_shootingcentre,"August 18, 2004"
event_Q1432033,venue_stadium_australia,23 – 25 September
event_Q7500750,venue_taereung_international_shooting_range,20 September 1988
event_Q850209,venue_torino_palavela,22–25 February 2006
event_Q7500804,venue_wolf_creek_shooting_complex,23 July 1996
event_Q7400335,venue_sydney,First race: 17 September 2000Last race: 24 September 2000
event_Q7674778,venue_state_sports_centre,29 September
event_Q917760,venue_san_sicario,"February 20, 2006"
event_Q7400322,venue_savannah,22 July to 2 August
event_Q15055011,venue_rosa_khutor_alpine_resortkrasnaya_polyana_russia,15 February 2014
event_Q750803,venue_park_city,12 February
event_Q942846,venue_centennial_olympic_stadium,26 July 1996 (heats)27 July 1996 (quarter-finals)28 July 1996 (semi-finals)29 July 1996 (final)
event_Q7674788,venue_faliro_coastal_zone_olympic_complex,29 August
event_Q4951837,venue_sydney_convention_and_exhibition_centre,16 September to 30 September 2000
event_Q1202903,venue_olympic_green_archery_field,9–15 August 2008
event_Q4786045,venue_camp_olímpic_de_tir_amb_arc,31 July – 4 August 1992
event_Q850196,venue_sauze_doulx,11 February
event_Q15055087,venue_rosa_khutor_extreme_park,22 February 2014
event_Q302701,venue_palavela_turin_italy,"February 21, 2006 February 23, 2006"
event_Q7979969,venue_pavelló_de_lespanya_industrial,3 August 1992
event_Q776835,venue_whistler_olympic_park,23 February 2010
event_Q6303889,venue_sydney_convention_and_exhibition_centre,21 September 2000
event_Q7500807,venue_sydney_international_shooting_centre,21 September 2000 (slow)22 September 2000 (fast)
event_Q4951842,venue_sydney_convention_and_exhibition_centre,20 September to 1 October 2000
event_Q1339098,venue_excel_exhibition_centre_london_england,11 August
event_Q946243,venue_park_city,"February 12 & 13, 2002"
event_Q7500814,venue_sydney_international_shooting_centre,20 September 2000
event_Q843860,venue_whistler_olympic_park,16 February 2010
event_Q220866,venue_olympic_green_tennis_centre,10 to 17 August 2008
event_Q1222238,venue_utah_olympic_park,12–13 February 2002
event_Q830711,venue_beijing_national_stadium,August 17
event_Q25384919,venue_carioca_arena_3,13 August 2016
event_Q1426809,venue_stadium_australia,29 September 2000 (qualifications) 30 September 2000 (finals)
event_Q905561,venue_cypress_bowl_ski_area,13 February
event_Q3499898,venue_sangmu_gymnasium,28–30 September 1988
event_Q4471528,venue_beach_volleyball_ground,August 9–22
event_Q853049,venue_beijing_national_stadium,15 August
event_Q2362858,venue_london_velopark,8 to 10 August
event_Q784131,venue_beijing_national_aquatics_center,"August 11, 2008 (heats)August 12, 2008 (semifinals)August 13, 2008 (final)"
event_Q1202770,venue_laoshan_velodrome,August 15 (opening rounds)August 16 (final)
event_Q7400332,venue_sydney,First race: 2000-09-17Last race: 2000-09-24
event_Q853072,venue_beijing_national_stadium,August 20 (heats)August 23 (final)
event_Q1222080,venue_cross_country_skiing_stadium,21 February 1988
event_Q1004892,venue_beijing_national_aquatics_center,"August 9, 2008 (heats)August 10, 2008 (semifinals)August 11, 2008 (final)"
event_Q1005294,venue_china_agricultural_university_gymnasium,14 August 2008
event_Q1222173,venue_birkebeineren_ski_stadium,15 February 1994
event_Q4951841,venue_sydney_convention_and_exhibition_centre,17 September to 30 September 2000
event_Q1222255,venue_canada_olympic_park,16–18 February 1988
event_Q962842,venue_beijing_shooting_range_clay_target_field,"August 11, 2008"
event_Q977229,venue_beach_volleyball_ground,August 9–21
event_Q1222483,venue_park_city,9 February
event_Q963481,venue_georgia_dome,"July 25, 1996"
event_Q1221867,venue_soldier_hollow,16 February 2002
event_Q5198382,venue_velòdrom_dhorta,27 July
event_Q7656719,venue_jamsil_indoor_swimming_pool,24 September 1988 (heats & finals)
event_Q1222287,venue_soldier_hollow,19 February 2002
event_Q7400349,venue_agios_kosmas_olympic_sailing_centre,First race: 2004-08-15Last race: 2004-08-25
event_Q532360,venue_hamar_olympic_hall,13 February 1994
event_Q826846,venue_utah_olympic_oval_kearns_utah,"February 20, 2002"
event_Q15055072,venue_rosa_khutor_extreme_park,16 February 2014
event_Q766954,venue_beijing_national_stadium,August 15 (quarterfinals)August 16 (semifinals)August 18 (final)
event_Q527985,venue_stadium_australia,22–24 September
event_Q4951845,venue_sydney_convention_and_exhibition_centre,17 September to 30 September 2000
event_Q1005040,venue_beijing_national_aquatics_center,"August 13, 2008 (heats)August 14, 2008 (semifinals)August 15, 2008 (final)"
event_Q757054,venue_olympic_green_tennis_centre,10–16 August 2008
event_Q1005230,venue_china_agricultural_university_gymnasium,19 August 2008
event_Q2521952,venue_excel_london,8 August 2012
event_Q7979975,venue_pavelló_de_lespanya_industrial,30 July 1992
event_Q28402472,venue_georgia_world_congress_center,23 July 1996
event_Q754844,venue_beijing_national_stadium,"15 August (heats and quarterfinals), 16 August (semifinals and final)"
event_Q7674780,venue_state_sports_centre,30 September
event_Q934172,venue_excel_exhibition_centre,10 August
event_Q1360866,venue_olympic_green_archery_field,9–10 August 2008
event_Q848689,venue_whistler_olympic_park,20 February 2010
event_Q15055085,venue_rosa_khutor_extreme_park,22 February 2014
event_Q1222526,venue_meribel,"February 20, 1992"
event_Q3498926,venue_institut_nacional_deducació_física_de_catalunya,4–6 August 1992
event_Q972253,venue_excel_exhibition_centre,9 August
event_Q647742,venue_sydney_exhibition_centre,21 September 2000
event_Q15055031,venue_laura_biathlon_ski_complex,8 February 2014
event_Q1005298,venue_london_velopark,8 to 10 August
event_Q952970,venue_park_city,14–15 February 2002
event_Q7674777,venue_state_sports_centre,27 September
event_Q4786042,venue_camp_olímpic_de_tir_amb_arc,31 July – 3 August 1992
event_Q765044,venue_palavela_turin_italy,"February 14, 2006 February 16, 2006"
event_Q841942,venue_richmond_olympic_oval,15 February 2010
event_Q7400346,venue_agios_kosmas_olympic_sailing_centre,First race: 2004-08-21Last race: 2004-08-28
event_Q647750,venue_sydney_exhibition_centre,22 September 2000
event_Q7500821,venue_sydney_international_shooting_centre,21 September 2000
event_Q7400333,venue_sydney,First race: 17 September 2000Last race: 30 September 2000
event_Q1222639,venue_meribel,"February 18, 1992"
event_Q4786037,venue_hwarang_archery_field,27–30 September 1988
event_Q793973,venue_sydney_superdome,23 September 2000
event_Q827019,venue_cesana_pariol,"February 15, 2006"
event_Q2352412,venue_lee_valley_white_water_centre,29 July – 1 August
event_Q4951844,venue_sydney_convention_and_exhibition_centre,20 September to 1 October 2000
event_Q938164,venue_cypress_bowl_ski_area,20 February (qualification)24 February (final)
event_Q763031,venue_beijing_shooting_range_clay_target_field,"August 14, 2008"
event_Q3001405,venue_stone_mountain_velodrome,28 July 1996
event_Q905485,venue_pacific_coliseum,"February 13, 2010"
event_Q25384917,venue_carioca_arena_3,11 August 2016
event_Q4786044,venue_camp_olímpic_de_tir_amb_arc,31 July – 2 August 1992
event_Q1221932,venue_birkebeineren_ski_stadium,18 February 1994
event_Q963420,venue_beihang_university_gymnasium,12 August 2008
event_Q2774005,venue_centennial_parklands,30 September 2000
event_Q7674790,venue_faliro_coastal_zone_olympic_complex,29 August
event_Q1222098,venue_birkebeineren_ski_stadium,25 February 1994
event_Q632472,venue_sydney_exhibition_centre,20 September 2000
event_Q915058,venue_cesana_san_sicario,18 February
event_Q15056267,venue_russki_gorki_jumping_center,17 February 2014
event_Q2361588,venue_weymouth_and_portland_national_sailing_academy,2–9 August
event_Q1203058,venue_laoshan_velodrome,August 16
event_Q1005018,venue_beijing_national_aquatics_center,"August 10, 2008 (heats)August 11, 2008 (semifinals)August 12, 2008 (final)"
event_Q1371783,venue_excel_london,5 August 2012
event_Q632754,venue_sydney_exhibition_centre,18 September 2000
event_Q916916,venue_whistler_olympic_park,27 February 2010
event_Q7400329,venue_sydney,First race: 20 September 2000Last race: 29 September 2000
event_Q939181,venue_whistler_sliding_centre,18–19 February 2010
event_Q18713,venue_vancouver_olympicparalympic_centre,"February 16–26, 2010"
event_Q7674781,venue_state_sports_centre,27 September
event_Q7500817,venue_sydney_international_shooting_centre,22 September 2000
event_Q6303879,venue_sydney_convention_and_exhibition_centre,22 September 2000
event_Q848681,venue_whistler_creekside,"February 20, 2010"
event_Q1221793,venue_hamar_olympic_hall,"February 23, 1994"
event_Q6303863,venue_georgia_world_congress_center,26 July 1996
event_Q2353475,venue_royal_artillery_barracks,5 August 2012
event_Q385563,venue_china_agricultural_university_gymnasium,16 August 2008
event_Q1344366,venue_olympic_green_archery_field,9–11 August 2008
event_Q729339,venue_beihang_university_gymnasium,17 August 2008
event_Q955943,venue_estadi_olímpic_de_montjuïc,7 August (qualification)8 August (final)
event_Q659097,venue_beijing_national_aquatics_center,"August 14, 2008 (heats)August 15, 2008 (semifinals)August 16, 2008 (final)"
event_Q279234,venue_lanneau_de_vitesse,"February 9, 1992"
event_Q786799,venue_oval_lingotto,11 February 2006
event_Q536083,venue_stone_mountain_tennis_center,23 July–2 August 1996
event_Q15056065,venue_russki_gorki_jumping_center,20 February 2014
event_Q7674791,venue_faliro_coastal_zone_olympic_complex,27 August
event_Q6303877,venue_sydney_convention_and_exhibition_centre,21 September 2000
event_Q249265,venue_london_aquatics_centre,"August 2, 2012 (heats &semifinals)August 3, 2012 (final)"
event_Q7400321,venue_savannah,22 July to 2 August
event_Q7656722,venue_jamsil_indoor_swimming_pool,18 September 1988 (heats)19 September 1988 (finals)
event_Q2995946,venue_circuit_de_catalunya_and_roads,26 July
event_Q25386279,venue_carioca_arena_3,8 August 2016
event_Q658704,venue_olympic_green_convention_centre,14 August 2008
event_Q7500812,venue_sydney_international_shooting_centre,21 September 2000
event_Q653672,venue_cesana_san_sicario,"February 16, 2006"
event_Q1426702,venue_stadium_australia,22–23 September
event_Q15055002,venue_rosa_khutor_alpine_resort,21 February 2014
event_Q7656681,venue_jamsil_indoor_swimming_pool,24 September 1988 (heats & finals)
event_Q886372,venue_olympic_indoor_hall,15 August 2004 (qualifying) 19 August 2004 (final)
event_Q7500796,venue_wolf_creek_shooting_complex,20–21 July
event_Q938765,venue_excel_exhibition_centre,3 August
event_Q7656697,venue_jamsil_indoor_swimming_pool,20 September 1988 (heats)21 September 1988 (finals)
event_Q140244,venue_china_agricultural_university_gymnasium,21 August 2008
event_Q7400313,venue_barcelona,27 July to 3 August
event_Q737732,venue_excel_london,28 July to 2 August
event_Q4951838,venue_sydney_convention_and_exhibition_centre,18 September to 1 October 2000
event_Q7674792,venue_faliro_coastal_zone_olympic_complex,26 August
event_Q15056223,venue_adler_arena_skating_center,8 February 2014
event_Q645460,venue_olympic_stadium,30 September 1988 (qualifications) 1 October 1988 (finals)
event_Q1221934,venue_soldier_hollow,9 February 2002
event_Q6303888,venue_sydney_convention_and_exhibition_centre,20 September 2000
event_Q7400339,venue_agios_kosmas_olympic_sailing_centre,First race: 2004-08-17Last race: 2004-08-26
event_Q7656684,venue_jamsil_indoor_swimming_pool,22 September 1988 (heats & finals)
event_Q7656714,venue_jamsil_indoor_swimming_pool,20 September (heats)21 September (finals)
event_Q2297633,venue_london_velopark,3 to 4 August
event_Q771123,venue_san_sicario,"February 15, 2006"
event_Q3498666,venue_institut_nacional_deducació_física_de_catalunya,26–28 July 1992
event_Q5124014,venue_hamar_olympic_amphitheatre,13–15 February 1994
event_Q1222498,venue_iizuna_kogen_ski_area,8–11 February 1998
event_Q7500801,venue_wolf_creek_shooting_complex,26 July 1996
event_Q4951848,venue_sydney_convention_and_exhibition_centre,16 September to 30 September 2000
event_Q4951847,venue_sydney_convention_and_exhibition_centre,23 September to 1 October 2000
event_Q15055032,venue_laura_biathlon_ski_complex,9 February 2014
event_Q875653,venue_sydney_international_aquatic_centre,"September 19, 2000 (heats &semifinals)September 20, 2000 (final)"
event_Q5395306,venue_markópoulo_olympic_shootingcentre,22 August 2004
event_Q1222301,venue_kanbayashi_snowboard_park,12 February 1998
event_Q7656691,venue_jamsil_indoor_swimming_pool,24 September 1988 (heats & finals)
event_Q916976,venue_beijing_national_stadium,15 August 2008 (qualification)17 August 2008 (final)
event_Q916930,venue_london_aquatics_centre,"August 1, 2012 (heats &semifinals)August 2, 2012 (final)"
event_Q752413,venue_national_tennis_center_beijing,10 to 17 August 2008
event_Q900405,venue_athens_olympic_stadium,27 August
event_Q31843484,venue_seoul_olympic_stadium,26 September–2 October
event_Q2268043,venue_royal_artillery_barracks,29 July 2012
event_Q2254560,venue_royal_artillery_barracks,30 July 2012
event_Q1221927,venue_les_saisies,19 February 1992
event_Q826560,venue_cesana_pariol,"February 13 – 14, 2006"
event_Q1005272,venue_china_agricultural_university_gymnasium,14 August 2008
event_Q670039,venue_whistler_creeksidewhistler_british_columbia,"February 23, 2010"
event_Q2332511,venue_weymouth_and_portland_national_sailing_academy,29 July – 11 August
event_Q7400324,venue_savannah,22 July to 2 August
event_Q1221836,venue_soldier_hollow,12 February 2002
event_Q921100,venue_royal_artillery_barracks,2 August 2012
event_Q847284,venue_cesana_san_sicario,13 February 2006
event_Q905540,venue_richmond_olympic_oval,18 February 2010
event_Q848291,venue_beijing_national_stadium,15 August 2008
event_Q906854,venue_nikaia_olympic_weightlifting_hall,25 August 2004
event_Q7400347,venue_agios_kosmas_olympic_sailing_centre,First race: 2004-08-21Last race: 2004-08-28
event_Q7674776,venue_state_sports_centre,30 September
event_Q922248,venue_beijing_national_stadium,21 August 2008 (qualification)23 August 2008 (final)
event_Q14643284,venue_laura_biathlon_ski_complex,9 February 2014
event_Q267771,venue_athens_olympic_aquatic_centre,"August 18, 2004 (heats & semifinals)August 19, 2004 (final)"
event_Q905503,venue_cypress_mountain,"February 15, 2010"
event_Q25386268,venue_carioca_arena_3,10 August 2016
event_Q2353533,venue_royal_artillery_barracks,29 July 2012
event_Q6303864,venue_georgia_world_congress_center,24 July 1996
event_Q952458,venue_hamar_olympic_hall,"February 19, 1994"
event_Q15055075,venue_rosa_khutor_extreme_park,6 February 2014 (qualification)8 February 2014 (semifinals & final)
event_Q5198390,venue_dunc_gray_velodrome,16 September
event_Q15055038,venue_laura_biathlon_ski_complex,16 February 2014
event_Q916174,venue_london_and_surrey,1 August
event_Q4951836,venue_alexander_memorial_coliseum,23 July – 4 August
event_Q3498605,venue_institut_nacional_deducació_física_de_catalunya,28–30 July 1992
event_Q15055084,venue_rosa_khutor_extreme_park,19 February 2014
event_Q4786048,venue_stone_mountain_park_archery_center,28 July – 2 August 1996
event_Q917328,venue_beijing_national_stadium,August 15 (heats)August 17 (semifinals)August 19 (final)
event_Q4951840,venue_sydney_convention_and_exhibition_centre,21 September to 30 September 2000
event_Q1221875,venue_snow_harp,12 February 1998
event_Q4786050,venue_stone_mountain_park_archery_center,28–31 July 1996
event_Q1222214,venue_hakuba,"February 9–13, 1998"
event_Q942891,venue_olympic_oval,20 February 1988
event_Q776870,venue_olympic_oval,"February 22, 1988"
event_Q1360834,venue_beijing_shooting_range_clay_target_field,"August 12, 2008"
event_Q938848,venue_excel_exhibition_centre,2 August
event_Q1004861,venue_beihang_university_gymnasium,19 August 2008
event_Q1221922,venue_soldier_hollow,11 February 2002
event_Q943291,venue_stadium_australia,23–24 September
event_Q927998,venue_pragelato,"February 24, 2006"
event_Q385894,venue_cypress_bowl_ski_areain_cypress_provincial_park_west_vancouver_british_columbia_canada,22 February 2010 (qualifying round)25 February 2010 (final)
event_Q677027,venue_beijing_national_stadium,20 August 2008 (heats)21 August 2008 (semi-finals)23 August 2008 (final)
event_Q843851,venue_whistler_olympic_park,17 February 2010
event_Q15055035,venue_laura_biathlon_ski_complex,11 February 2014
event_Q4820134,venue_sydney_convention_and_exhibition_centre,17 September 2000
event_Q4786051,venue_stone_mountain_park_archery_center,28 July – 2 August
event_Q7400330,venue_sydney,First race: 2000-09-17Last race: 2000-09-24
event_Q2268082,venue_royal_artillery_barracks,29 July 2012
event_Q15055025,venue_laura_biathlon_ski_complex,14 February 2014
event_Q7656692,venue_jamsil_indoor_swimming_pool,18 September 1988 (heats)19 September 1988 (finals)
event_Q776944,venue_centennial_olympic_stadium,July 26
event_Q7979971,venue_pavelló_de_lespanya_industrial,26 July 1992
event_Q1222133,venue_hamar_olympic_amphitheatre,24 February 1994
event_Q31843476,venue_real_club_de_polo_de_barcelona,4–9 August
event_Q7500836,venue_markópoulo_olympic_shooting_centre,"August 14, 2004August 15, 2004"
event_Q1221798,venue_salt_lake_ice_center,20–23 February 2002
event_Q2574045,venue_sestriere,"February 24, 2006"
event_Q3498697,venue_institut_nacional_deducació_física_de_catalunya,4–6 August 1992
event_Q2352927,venue_lee_valley_white_water_centre,30 July – 2 August
event_Q921409,venue_whistler_olympic_park,"February 26, 2010"
event_Q256759,venue_soldier_hollow,11 February 2002
event_Q2353523,venue_royal_artillery_barracks,2 August 20123 August 2012
event_Q848655,venue_whistler_olympic_park,17 February 2010
event_Q903679,venue_lords_cricket_ground,27 July – 3 August 2012
event_Q2289605,venue_excel_london,9 August 2012
event_Q525031,venue_m_wave,"February 11, 1998"
event_Q25386266,venue_carioca_arena_3,7 August 2016
event_Q25384913,venue_carioca_arena_3,14 August 2016
event_Q7979983,venue_georgia_world_congress_center,30 July 1996
event_Q2341653,venue_qingdao_international_sailing_centre,First race: 2008-08-12Last race: 2008-08-19
event_Q905607,venue_whistler_sliding_centre,15–16 February 2010
event_Q847280,venue_cesana_san_sicario,25 February 2006
event_Q1222635,venue_snowbasin_wildflower,"February 17, 2002"
event_Q947691,venue_beijing_national_stadium,17 August 2008
event_Q1222014,venue_soldier_hollow,24 February 2002
event_Q4786058,venue_sydney_international_archery_park,16–22 September 2000
event_Q1221877,venue_birkebeineren_ski_stadium,17 February 1994
event_Q1221943,venue_les_saisies,9 February 1992
event_Q826580,venue_cesana_pariol,"February 11 – 12, 2006"
event_Q7500829,venue_markópoulo_olympic_shootingcentre,16 August 2004
event_Q3499058,venue_institut_nacional_deducació_física_de_catalunya,27–29 July 1992
event_Q916747,venue_pacific_coliseum,"February 20, 2010"
event_Q7500849,venue_markópoulo_olympic_shootingcentre,"August 16, 2004"
event_Q5198388,venue_dunc_gray_velodrome,18–20 September
event_Q3498573,venue_institut_nacional_deducació_física_de_catalunya,3–5 August 1992
event_Q1222488,venue_tignes,12–13 February 1992
event_Q919261,venue_eton_dorney,7 to 9 August
event_Q7400323,venue_savannah,22 to 29 July
event_Q7400327,venue_olympic_sailing_shore_base_sydney_harbour,First race: 2000-09-20Last race: 2000-09-29
event_Q886359,venue_sydney_superdome,21 September 2000
event_Q3001408,venue_stone_mountain_velodrome,28 July
event_Q3879624,venue_georgia_tech_aquatic_center,23 July 1996 (heats & finals)
event_Q25803,venue_georgia_world_congress_center,"July 24, 1996"
event_Q8037964,venue_sydney_convention_and_exhibition_centre,28–30 September 2000
event_Q3879652,venue_piscines_bernat_picornell,30 July 1992 (heats & finals)
event_Q3811011,venue_ano_liossia_olympic_hall,19 August 2004
event_Q5443156,venue_sydney_exhibition_centre,21 September 2000
event_Q3879619,venue_georgia_tech_aquatic_center,24 July 1996 (heats & finals)
event_Q1004918,venue_soldier_hollow,13 February 2002
event_Q1005749,venue_hakuba,"February 16, 1998"
event_Q3879623,venue_georgia_tech_aquatic_center,22 July 1996 (heats & finals)
event_Q3998590,venue_sydney_opera_house,16 September
event_Q3628689,venue_olympic_stadium,September 24 (heats)September 25 (quarter-finals)September 26 (semi-finals)September 28 (final)
event_Q3628678,venue_olympic_stadium,23 September 1988 (heats) 26 September 1988 (final)
event_Q3628682,venue_olympic_stadium,25 & 26 September
event_Q7500779,venue_mollet_del_vallès,
event_Q1004860,venue_oval_lingotto,18 February 2006
event_Q10572415,venue_pavelló_club_joventut_badalona,26 July – 8 August
event_Q3951953,venue_helliniko_olympic_complex,18 August 2004
event_Q10572416,venue_jamsil_students_gymnasium,17 September – 1 October 1988
event_Q5443153,venue_sydney_exhibition_centre,19 September
event_Q1005277,venue_snowbasin,"February 13, 2002"
event_Q3628765,venue_stadium_australia,27 September 2000 (heats)29 September 2000 (final)
event_Q8037927,venue_georgia_world_congress_center,29–30 July 1996
event_Q8037900,venue_sangmu_gymnasium,27–29 September 1988
event_Q3879615,venue_georgia_tech_aquatic_center,20 July 1996 (heats & finals)
event_Q10522584,venue_seoul_olympic_velodrome,21–24 September
event_Q10466379,venue_palau_blaugrana,30 July 1992
event_Q10522549,venue_georgia_world_congress_center,23 July 1996
event_Q1005744,venue_nakiska,"February 21, 1988"
event_Q10522555,venue_georgia_world_congress_center,21 July 1996
event_Q129295,venue_atlanta,July 31
event_Q1422131,venue_centennial_olympic_stadium,27 July 1996 (heats)2 August 1996 (final)
event_Q5443144,venue_olympic_fencing_gymnasium,21-22 September 1988
event_Q1028699,venue_athens_olympic_aquatic_centre,"August 15, 2004 (heats &semifinals)August 16, 2004 (final)"
event_Q3837513,venue_ano_liosia_olympic_hall,27–28 August 2004
event_Q3879643,venue_piscines_bernat_picornell,29 July 1992 (heats & finals)
event_Q1076253,venue_sydney_international_aquatic_centre,"September 17, 2000 (heats & final)"
event_Q25791,venue_georgia_world_congress_center,25 July 1996
event_Q38591,venue_palace_of_metallurgy,3 - 4 August 1992
event_Q3879653,venue_piscines_bernat_picornell,30 July 1992 (heats & finals)
event_Q5443138,venue_olympic_fencing_gymnasium,26-27 September 1988
event_Q1004914,venue_hamar_olympic_hall,20 February 1994
event_Q1004868,venue_m_wave,15 February 1998
event_Q10522554,venue_jangchung_gymnasium,30 September 1988
event_Q1409048,venue_estadi_olímpic_de_montjuïc,3 August 1992 (heats)5 August 1992 (semi-finals)7 August 1992 (final)
event_Q3879625,venue_georgia_tech_aquatic_center,20 July 1996 (heats & finals)
event_Q2297686,venue_georgia_international_horse_park_conyers,30 July
event_Q1408913,venue_olympic_stadium,July 31
event_Q7500771,venue_mollet_del_vallès,
event_Q587012,venue_olympic_modern_pentathlon_centre,27 August
event_Q1408709,venue_olympic_stadium,August 3
event_Q2311876,venue_centennial_olympic_stadium,1 August 1996 (qualifications) 3 August 1996 (finals)
event_Q3628696,venue_olympic_stadium,28 September 1988 (qualifications) 29 September 1988 (finals)
event_Q3837511,venue_ano_liosia_olympic_hall,22–23 August 2004
event_Q3879664,venue_piscines_bernat_picornell,29 July 1992 (heats & finals)
event_Q3879579,venue_olympic_aquatic_centre,"August 20, 2004 (heats)August 21, 2004 (final)"
event_Q7500774,venue_mollet_del_vallès,
event_Q1005740,venue_cesana_pariol,17 February 2006
event_Q1005810,venue_shiga_kogen,"February 19, 1998"
event_Q5443137,venue_olympic_fencing_gymnasium,22–23 September 1988
event_Q10495989,venue_pavelló_club_joventut_badalona,29 July – 9 August 1992
event_Q1222684,venue_park_city,"February 22, 2002"
event_Q3628786,venue_stadium_australia,23 September 2000 (qualifying) 25 September 2000 (final)
event_Q7980004,venue_sydney_convention_and_exhibition_centre,19 September 2000
event_Q3837512,venue_ano_liosia_olympic_hall,28–29 August 2004
event_Q4160921,venue_jangchung_gymnasium,25 September 1988
event_Q13655354,venue_olympic_stadium,September 23–24
event_Q3879621,venue_georgia_tech_aquatic_center,25 July 1996 (heats & finals)
event_Q3879645,venue_piscines_bernat_picornell,29 July 1992 (heats & finals)
event_Q10581226,venue_jamsil_students_gymnasium,19 September – 1 October 1988
event_Q3879650,venue_piscines_bernat_picornell,31 July 1992 (heats & finals)
event_Q3879610,venue_georgia_tech_aquatic_center,21 July 1996 (heats & finals)
event_Q3628781,venue_stadium_australia,22 September
event_Q7979994,venue_sydney_convention_and_exhibition_centre,26 September 2000
event_Q988363,venue_lysgårdsbakken,"February 25, 1994"
event_Q4443763,venue_sydney_international_shooting_centre,18 September 2000
event_Q25239316,venue_olympic_weightlifting_gymnasium,20 September 1988
event_Q1222715,venue_hafjell,"February 24, 1994"
event_Q3879646,venue_piscines_bernat_picornell,27 July 1992 (heats & finals)
event_Q3628761,venue_stadium_australia,25 September 2000 (heats)27 September 2000 (semi-finals) 29 September 2000 (final)
event_Q1005069,venue_snow_harp,9 February 1998
event_Q8037958,venue_sydney_convention_and_exhibition_centre,24–26 September 2000
event_Q4467907,venue_sydney_convention_and_exhibition_centre,16 September 2000
event_Q1004927,venue_les_saisies,"February 12, 1992"
event_Q3879658,venue_piscines_bernat_picornell,26 July 1992 (heats & finals)
event_Q1406131,venue_olympic_stadium,September 29 (qualifications)September 30 (final)
event_Q825048,venue_pragelato,"February 22, 2006"
event_Q3925465,venue_peristeri_olympic_boxing_hall,14–29 August 2004
event_Q823754,venue_utah_olympic_oval,11–12 February 2002
event_Q3837507,venue_ano_liosia_olympic_hall,28–29 August 2004
event_Q613746,venue_ancient_olympia_stadium,18 August
event_Q2303728,venue_estadi_olímpic_de_montjuïc,5 August (qualifying)6 August (final)
event_Q1133965,venue_pavelló_de_la_mar_bella,28 July – 4 August 1992
event_Q2303535,venue_estadi_olímpic_lluís_companys,3 August 1992 (quarterfinals)5 August 1992 (semifinals)6 August 1992 (final)
event_Q2313511,venue_athens_olympic_stadium,21–24 August
event_Q1042778,venue_oval_lingotto,19 February 2006
event_Q7500789,venue_wolf_creek_shooting_complex,25 July 1996
event_Q1004987,venue_birkebeineren_ski_stadium,19 February 1994
event_Q4443764,venue_sydney_international_shooting_centre,17 September 2000
event_Q3565567,venue_sangmu_gymnasium,20–21 September 1988
event_Q3628775,venue_anz_stadium,22 September 2000 (qualification and finals)
event_Q1042789,venue_oval_lingotto,22 February 2006
event_Q2445057,venue_athens,14 August 2004
event_Q7980002,venue_sydney_convention_and_exhibition_centre,22 September 2000
event_Q10466402,venue_georgia_world_congress_center,20 July 1996
event_Q7500772,venue_mollet_del_vallès,31 July – 2 August 1992
event_Q1005190,venue_white_ring,19–21 February
event_Q1005188,venue_lanneau_de_vitesse,15 February 1992
event_Q3811003,venue_ano_liossia_olympic_hall,14 August 2004
event_Q585893,venue_sestriere,"February 18, 2006"
event_Q8037907,venue_institut_nacional_deducació_física_de_catalunya,26–28 July 1992
event_Q2313481,venue_athens_olympic_stadium,20–21 August
event_Q7500793,venue_wolf_creek_shooting_complex,27 July 1996
event_Q10572441,venue_alexander_memorial_coliseum,24 July – 4 August 1996
event_Q10719576,venue_pavelló_club_joventut_badalona,26 July – 8 August 1992
event_Q10466376,venue_georgia_world_congress_center,25 July 1996
event_Q8037959,venue_sydney_convention_and_exhibition_centre,25–27 September 2000
event_Q7980001,venue_sydney_convention_and_exhibition_centre,24 September 2000
event_Q10522543,venue_palau_blaugrana,1 August 1992
event_Q1005755,venue_kanthaugen_freestyle_arena,21–24 February 1994
event_Q10466381,venue_sydney_convention_and_exhibition_centre,19 September 2000
event_Q38594,venue_palace_of_metallurgy,1 August 1992
event_Q251465,venue_pragelato,"February 17–18, 2006"
event_Q3879620,venue_georgia_tech_campus_recreation_center,26 July 1996 (heats & finals)
event_Q7500788,venue_wolf_creek_shooting_complex,23 July
event_Q8037930,venue_georgia_world_congress_center,31 July – 1 August 1996
event_Q8037934,venue_georgia_world_congress_center,1–2 August 1996
event_Q2377414,venue_olympic_stadium,September 28–29
event_Q3628705,venue_olympic_stadium,23 September 1988 (qualifying)24 September 1988 (final)
event_Q2318836,venue_athens_olympic_stadium,23 August
event_Q3879667,venue_piscines_bernat_picornell,31 July 1992 (heats & finals)
event_Q3879614,venue_georgia_tech_aquatic_center,20 July 1996 (heats & finals)
event_Q1115025,venue_athens_olympic_aquatic_centre,"August 15, 2004 (heats &semifinals)August 16, 2004 (final)"
event_Q3879585,venue_sydney_olympic_park_aquatic_centre,"September 20, 2000 (heats & semifinals)September 21, 2000 (final)"
event_Q58412558,venue_pavelló_club_joventut_badalona,27 July – 9 August 1992
event_Q3565575,venue_sangmu_gymnasium,19–21 September 1988
event_Q10522535,venue_palau_blaugrana,2 August 1992
event_Q825035,venue_bardonecchia,13 February 2006
event_Q5970589,venue_jamsil_indoor_swimming_pool,24 September 1988 (heats)25 September 1988 (final)
event_Q3980076,venue_faliro_coastal_zone_olympic_complex,27 August
event_Q5448039,venue_hamar_olympic_amphitheatre,18–21 February 1994
event_Q1408881,venue_estadi_olímpic_de_montjuïcbarcelona_spain,31 July 1992 (heats)1 August 1992 (semi-finals)3 August 1992 (final)
event_Q589310,venue_nsw_tennis_centre_sydney,19–28 September 2000
event_Q1005616,venue_tignes,12–13 February 1992
event_Q1222717,venue_shiga_kogen,"February 20, 1998"
event_Q3879598,venue_sydney_international_aquatic_centre,18 September 2000 (heats &semi-finals)19 September 2000 (final)
event_Q1076376,venue_sydney_international_aquatic_centre,"September 16, 2000 (heats & final)"
event_Q1004934,venue_nozawa_onsen,18 February 1998
event_Q3879567,venue_athens_olympic_aquatic_centre,"August 18, 2004 (heats &semifinals)August 19, 2004 (final)"
event_Q7500786,venue_wolf_creek_shooting_complex,23–24 July
event_Q1005334,venue_spiral,8–9 February 1998
event_Q1421749,venue_athens_olympic_velodrome,13 August
event_Q8037908,venue_institut_nacional_deducació_física_de_catalunya,27–29 July 1992
event_Q595055,venue_stadium_australia,24 September 2000 (quarterfinals)25 September 2000 (semifinals)27 September 2000 (final)
event_Q252875,venue_olympic_oval,"February 23, 1988"
event_Q8037965,venue_sydney_convention_and_exhibition_centre,29 September – 1 October 2000
event_Q3879600,venue_sydney_international_aquatic_centre,"September 17, 2000 (heats & final)"
event_Q3628692,venue_olympic_stadium,23 September 1988 (heats)24 September 1988 (quarterfinals)25 September 1888 (semifinals)26 September 1988 (final)
event_Q1408936,venue_estadi_olímpic_de_montjuïc,31 July 1992 (heats)2 August 1992 (final)
event_Q3628764,venue_stadium_australia,27–28 September
event_Q1005746,venue_kvitfjell,"February 17, 1994"
event_Q1004871,venue_white_ring,17 February 1998
event_Q826510,venue_utah_olympic_oval,"February 16, 2002"
event_Q7500777,venue_mollet_del_vallès,
event_Q1005365,venue_olympic_modern_pentathlon_centre,26 August
event_Q1026904,venue_palau_sant_jordi,28 – 30 July 1992
event_Q25239314,venue_olympic_weightlifting_gymnasium,18 September 1988
event_Q4160924,venue_sydney_convention_and_exhibition_centre,16 September 2000
event_Q3628782,venue_stadium_australia,29 September
event_Q3561230,venue_velòdrom_dhorta,28–31 July 1992
event_Q570058,venue_athens_olympic_aquatic_centre,"August 20, 2004 (heats &semifinals)August 21, 2004 (final)"
event_Q478542,venue_pragelato,"February 12, 2006"
event_Q3879662,venue_piscines_bernat_picornell,28 July 1992 (heats & finals)
event_Q3879607,venue_georgia_tech_aquatic_center,23 July 1996 (heats & finals)
event_Q3628785,venue_stadium_australia,25 September 2000 (qualifying) 28 September 2000 (final)
event_Q824928,venue_bardonecchia,12 February 2006
event_Q10466403,venue_palau_blaugrana,27 July 1992
event_Q1130659,venue_athens_olympic_aquatic_centre,"August 19, 2004 (heats &semifinals)August 20, 2004 (final)"
event_Q5644525,venue_salt_lake_ice_center_salt_lake_city_utah_united_states,"February 12, 2002 February 14, 2002"
event_Q1183979,venue_athens_olympic_tennis_centre,15–21 August 2004
event_Q10466384,venue_georgia_world_congress_center,21 July 1996
event_Q599322,venue_athens_olympic_aquatic_centre,"August 14, 2004 (heats & final)"
event_Q3879583,venue_olympic_aquatic_centre,"August 17, 2004 (heats & final)"
event_Q3879651,venue_piscines_bernat_picornell,31 July 1992 (heats & finals)
event_Q3879608,venue_georgia_tech_aquatic_center,22 July 1996 (heats & finals)
event_Q3879593,venue_sydney_international_aquatic_centre,"September 18, 2000 (heats &semifinals)September 19, 2000 (final)"
event_Q3628686,venue_olympic_stadium,25 September 1988 (heats)27 September 1988 (semi-finals)28 September 1988 (final)
event_Q4443765,venue_sydney_international_shooting_centre,16 September 2000
event_Q3628680,venue_olympic_stadium,28 September 1988 (heats)29 September 1988 (quarter-finals and semi-finals)30 September 1988 (final)
event_Q3879569,venue_athens_olympic_aquatic_centre,"August 19, 2004 (heats &semifinals)August 20, 2004 (final)"
event_Q3628770,venue_stadium_australia,27 September 2000 (heats)30 September 2000 (final)
event_Q1004926,venue_canmore_nordic_centre,23 February 1988
event_Q5443136,venue_olympic_fencing_gymnasium,20–21 September 1988
event_Q7500785,venue_wolf_creek_shooting_complex,26 July 1996
event_Q8037923,venue_georgia_world_congress_center,22–23 July 1996
event_Q1408927,venue_estadi_olímpic_de_montjuïc,6 August 1992 (heats)8 August 1992 (final)
event_Q8037919,venue_georgia_world_congress_center,20–21 July 1996
event_Q2557141,venue_athens_olympic_stadium,21–24 August
event_Q4160925,venue_sydney_convention_and_exhibition_centre,17 September 2000
event_Q3628703,venue_olympic_stadium,25 September
event_Q8037924,venue_georgia_world_congress_center,30–31 July 1996
event_Q1004869,venue_la_halle_de_glace_olympique,"February 18–20, 1992"
event_Q370917,venue_ano_liosia_olympic_hall,25–26 August 2004
event_Q562654,venue_seoul_olympic_park_tennis_center_seoul,20 September–1 October 1988
event_Q8037913,venue_georgia_world_congress_center,20–21 July 1996
event_Q7500784,venue_wolf_creek_shooting_complex,22 July 1996
event_Q8037937,venue_georgia_world_congress_center,30–31 July 1996
event_Q8037922,venue_georgia_world_congress_center,20–21 July 1996
event_Q1005313,venue_utah_olympic_park,10–11 February 2002
event_Q3628704,venue_olympic_stadium,28 September (qualification)29 September (final)
event_Q826500,venue_hamar_olympic_hall,"February 17, 1994"
event_Q10522577,venue_georgia_world_congress_center,22 July 1996
event_Q10522587,venue_seoul_olympic_velodrome,20 September
event_Q587805,venue_oval_lingotto,24 February 2006
event_Q8037926,venue_georgia_world_congress_center,1–2 August 1996
event_Q1005371,venue_park_city,11 February 2002
event_Q1222712,venue_meribel,"February 19, 1992"
event_Q4354074,venue_markópoulo_olympic_shootingcentre,"August 14, 2004"
event_Q8037917,venue_georgia_world_congress_center,20–21 July 1996
event_Q3879628,venue_georgia_tech_aquatic_center,21 July 1996 (heats & finals)
event_Q10522589,venue_jangchung_gymnasium,1 October 1988
event_Q25939,venue_georgia_world_congress_center,22 July 1996
event_Q1422103,venue_centennial_olympic_stadium,29–31 July
event_Q3628792,venue_centennial_olympic_stadium,28 & 29 July
event_Q1005284,venue_nakiska,"February 17, 1988"
event_Q3730943,venue_markopoulo_olympic_equestrian_centre,22–27 August
event_Q1076363,venue_sydney_international_aquatic_centre,"September 16, 2000 (heats & final)"
event_Q7979997,venue_sydney_convention_and_exhibition_centre,22 September 2000
event_Q3837496,venue_ano_liosia_olympic_hall,24–25 August 2004
event_Q1005211,venue_canmore_nordic_centre_provincial_park,27 February 1988
event_Q1005811,venue_mount_yakebitai,8 February 1998
event_Q3565605,venue_sangmu_gymnasium,18–20 September 1988
event_Q1005575,venue_kvitfjell,13 February 1994
event_Q1377439,venue_goudi_olympic_hall,14–21 August 2004
event_Q2463752,venue_athens_olympic_stadium,20–23 August
event_Q3925468,venue_peristeri_olympic_boxing_hall,18–29 August 2004
event_Q1005065,venue_les_saisies,10 February 1992
event_Q3879761,venue_athens_olympic_aquatic_centre,23–25 August 2004
event_Q13572928,venue_georgia_world_congress_center,26 July 1996
event_Q1005801,venue_sestriere,"February 20, 2006"
event_Q3628772,venue_stadium_australia,22 September 2000 (heats)23 September 2000 (semi-finals)25 September 2000 (final)
event_Q2318914,venue_olympic_stadium,23–25 August
event_Q1005571,venue_nakiskakananaskis_village_alberta_canada,"February 15, 1988"
event_Q1004961,venue_lanneau_de_vitesse,16 February 1992
event_Q3879632,venue_georgia_tech_aquatic_center,23 July 1996 (heats & finals)
event_Q7979995,venue_sydney_convention_and_exhibition_centre,25 September 2000
event_Q562647,venue_seoul_olympic_park_tennis_center_seoul,23 September–1 October 1988
event_Q1074316,venue_sydney_international_aquatic_centre,"September 17, 2000 (heats &semifinals)September 18, 2000 (final)"
event_Q3837498,venue_ano_liosia_olympic_hall,24–25 August 2004
event_Q8037960,venue_sydney_convention_and_exhibition_centre,24–26 September 2000
event_Q256529,venue_cesana_san_sicario,25 February 2006
event_Q1005286,venue_val_disère,"February 10–11, 1992"
event_Q2557677,venue_olympic_stadium,21–24 August
event_Q7500761,venue_mollet_del_vallès,26 July 1992
event_Q1408888,venue_olympic_stadium,August 7
event_Q3879626,venue_georgia_tech_aquatic_center,24 July 1996 (heats & finals)
event_Q10572465,venue_alexander_memorial_coliseum,21 July – 3 August
event_Q10426127,venue_pavelló_club_joventut_badalona,28 July – 8 August 1992
event_Q3879611,venue_georgia_tech_aquatic_center,24 July 1996 (heats & finals)
event_Q3879617,venue_georgia_tech_aquatic_center,26 July 1996 (heats & final)
event_Q3628774,venue_stadium_australia,27 September 2000 (qualifications 28 September 2000 (finals)
event_Q1005731,venue_utah_olympic_park,"February 20, 2002"
event_Q1004964,venue_hamar_olympic_hall,16 February 1994
event_Q3628783,venue_stadium_australia,27 September 2000 (qualifying)29 September 2000 (final)
event_Q3628702,venue_olympic_stadium,23 September 1988 (qualifying) 25 September 1988 (final)
event_Q988370,venue_hakuba_ski_jumping_stadium_ski_jumpingsnow_harp_cross_country_skiing,13–14 February
event_Q5443151,venue_sydney_exhibition_centre,24 September 2000
event_Q3879635,venue_georgia_tech_aquatic_center,25 July 1996 (heats & final)
event_Q3837500,venue_ano_liosia_olympic_hall,25–26 August 2004
event_Q1222721,venue_mount_yakebitai,10 February 1998
event_Q10497007,venue_jamsil_students_gymnasium,18 September – 2 October 1988
event_Q1076295,venue_sydney_international_aquatic_centre,"September 16, 2000 (heats &semifinals)September 17, 2000 (final)"
event_Q12808128,venue_georgia_world_congress_center,28 July 1996
event_Q22964459,venue_lake_lanier_georgia,17–27 July 1996
event_Q3628752,venue_athens_olympic_stadium,21–25 August
event_Q3879654,venue_piscines_bernat_picornell,31 July 1992 (heats & finals)
event_Q25800,venue_georgia_world_congress_center,25 July 1996
event_Q38601,venue_palace_of_metallurgy,5 - 6 August 1992
event_Q384008,venue_oaca_olympic_indoor_hall,14–18 August 2004
event_Q3628691,venue_olympic_stadium,24 September 1988 (heats)25 September 1988 (semi-finals)26 September 1988 (final)
event_Q3628698,venue_olympic_stadium,1988-09-25 (qualifying)1988-09-26 (final)
event_Q3565736,venue_sangmu_gymnasium,18–20 September 1988
event_Q3879589,venue_sydney_international_aquatic_centre,"September 20, 2000 (heats &semifinals)September 21, 2000 (final)"
event_Q2303677,venue_olympic_stadium,July 31 (heats) August 1 (final)
event_Q988374,venue_courchevel_ski_jumpingles_saisies_cross_country_skiing,11–12 February
event_Q3628694,venue_olympic_stadium,1988-09-30 (qualifications)1988-10-01 (finals)
event_Q3628754,venue_athens_olympic_stadium,27–28 August 2004
event_Q3628710,venue_seoul_olympic_stadium,September 24 (qualifications)September 25 (final)
event_Q1005155,venue_olympic_oval,17 February 1988
event_Q3899247,venue_the_dome_and_exhibition_complex_fencing_and_shootingsydney_international_aquatic_centre_swimmingsydney_baseball_stadium_riding_and_running,30 September
event_Q3837508,venue_ano_liosia_olympic_hall,27–28 August 2004
event_Q3628777,venue_anz_stadium,24 September 2000 (qualifying) 25 September 2000 (final)
event_Q3628685,venue_olympic_stadium,23 September 1988 (heats)25 September 1988 (final)
event_Q8037969,venue_sydney_convention_and_exhibition_centre,28–30 September 2000
event_Q1005189,venue_salt_lake_ice_center,23 February 2002
event_Q4160922,venue_sydney_convention_and_exhibition_centre,16 September 2000
event_Q1004936,venue_birkebeineren_ski_stadium,17 February 1994
event_Q255955,venue_hamar_olympic_hall,18 February 1994
event_Q8037967,venue_sydney_convention_and_exhibition_centre,29 September – 1 October 2000
event_Q1004968,venue_salt_lake_ice_center,20 February 2002
event_Q2313564,venue_athens_olympic_stadium,24–26 August
event_Q3879588,venue_sydney_international_aquatic_centre,"September 19, 2000 (heats &semifinals)September 20, 2000 (final)"
event_Q3561235,venue_velòdrom_dhorta,28–31 July
event_Q823663,venue_sauze_doulx,15 February
event_Q3628763,venue_stadium_australia,27 September 2000 (heats and quarter-finals)28 September 2000 (semi-finals and final)
event_Q988367,venue_utah_olympic_park_ski_jumping_soldier_hollow_cross_country,9–10 February 2002
event_Q1005804,venue_nakiska,"February 25, 1988"
event_Q7980006,venue_sydney_convention_and_exhibition_centre,19 September 2000
event_Q3879573,venue_athens_olympic_aquatic_centre,"August 16, 2004 (heats &semifinals)August 17, 2004 (final)"
event_Q577507,venue_olympic_oval,"February 28, 1988"
event_Q1421581,venue_athens_olympic_velodrome,22–24 August 2004
event_Q8037902,venue_institut_nacional_deducació_física_de_catalunya,27–29 July 1992
event_Q1005572,venue_la_face_de_bellevardeval_disère_france,9 February 1992
event_Q5443140,venue_olympic_fencing_gymnasium,29-30 September 1988
event_Q1409055,venue_estadi_olímpic_de_montjuïc,2 August 1992 (heats)3 August 1992 (semi-finals)5 August 1992 (final)
event_Q10466383,venue_palau_blaugrana,28 July 1992
event_Q10572431,venue_pavelló_club_joventut_badalona,29 July – 9 August 1992
event_Q3879616,venue_georgia_tech_aquatic_center,22 July 1996 (heats & finals)
event_Q1005328,venue_canada_olympic_park,14–15 February 1988
event_Q3879602,venue_sydney_international_aquatic_centre,22 September 2000 (heats &semifinals)23 September 2000 (final)
event_Q3879604,venue_sydney_international_aquatic_centre,"September 21, 2000 (heats &semifinals)September 22, 2000 (final)"
event_Q3628690,venue_olympic_stadium,28 September 1988 (heats)29 September 1988 (semi-finals)1 October 1988 (final)
event_Q1005187,venue_m_wave,9–10 February 1998
event_Q825731,venue_pragelato,22 February 2006
event_Q2313552,venue_athens_olympic_stadium,24–28 August
event_Q3879595,venue_sydney_international_aquatic_centre,"September 20, 2000 (heats &semifinals)September 21, 2000 (final)"
event_Q22964458,venue_lake_lanier_olympic_center,21–28 July 1996
event_Q4467905,venue_sydney_convention_and_exhibition_centre,18 September 2000
event_Q10426128,venue_jamsil_students_gymnasium,17 September – 1 October 1988
event_Q3628687,venue_olympic_stadium,23 September 1988 (quarterfinals)24 September 1988 (semifinals)25 September 1988 (final)
event_Q8037974,venue_sydney_convention_and_exhibition_centre,28–30 September 2000
event_Q2311975,venue_olympic_stadium,20–22 August
event_Q1005331,venue_la_plagne,9–10 February 1992
event_Q3925463,venue_peristeri_olympic_boxing_hall,16–29 August 2004
event_Q825222,venue_utah_olympic_oval,13–14 February 2002
event_Q825088,venue_bardonecchia,23 February 2006
event_Q988361,venue_tremplin_du_praz,"February 9, 1992"
event_Q4467910,venue_sydney_convention_and_exhibition_centre,18 September 2000
event_Q1156252,venue_vélodrome_de_vincennes,September 11 (heats and quarterfinals) September 13 (semifinals and final)
event_Q1005158,venue_m_wave,8 February 1998
event_Q3811001,venue_ano_liossia_olympic_hall,20 August 2004
event_Q3925469,venue_peristeri_olympic_boxing_hall,18–29 August 2004
event_Q1005808,venue_hafjell,"February 23, 1994"
event_Q10497009,venue_alexander_memorial_coliseum,23 July – 4 August 1996
event_Q1005108,venue_soldier_hollow,20 February 2002
event_Q3879562,venue_athens_olympic_aquatic_centre,"August 14, 2004 (heats & semifinals)August 15, 2004 (final)"
event_Q8037956,venue_sydney_convention_and_exhibition_centre,25–27 September 2000
event_Q822588,venue_ano_liosia_olympic_hall,24–25 August 2004
event_Q2312004,venue_olympic_stadium,26–28 August
event_Q3879630,venue_georgia_tech_aquatic_center,22 July 1996 (heats & finals)
event_Q10684072,venue_chamshil_students_gymnasium,22 September – 2 October 1988
event_Q10522572,venue_georgia_world_congress_center,24 July 1996
event_Q1005351,venue_soldier_hollow,19 February 2002
event_Q5443142,venue_sk_olympic_handball_gymnasium_then_olympic_fencing_gymnasium,23 - 24 September 1988
event_Q3879668,venue_piscines_bernat_picornell,30 July 1992 (heats & finals)
event_Q10466392,venue_palau_blaugrana,29 July 1992
event_Q3837518,venue_ano_liosia_olympic_hall,28–29 August 2004
event_Q3879594,venue_sydney_international_aquatic_centre,"September 18, 2000 (heats &semifinals)September 19, 2000 (final)"
event_Q3628708,venue_seoul_olympic_stadium,30 September 1988 (heats)1 October 1988 (final)
event_Q1076347,venue_sydney_international_aquatic_centre,"September 16, 2000 (heats &semifinals)September 17, 2000 (final)"
event_Q8037915,venue_georgia_world_congress_center,22–23 July 1996
event_Q10466400,venue_seoul_olympic_velodrome,21–24 September 1988
event_Q3628683,venue_seoul_olympic_stadium,29 September – 1 October
event_Q1004965,venue_m_wave,12 February 1998
event_Q1005617,venue_kanthaugen_freestyle_arena,15–16 February 1994
event_Q2558525,venue_olympic_stadium,20–21 August
event_Q38410,venue_palace_of_metallurgy,30 July 1992
event_Q3811009,venue_ano_liossia_olympic_hall,18 August 2004
event_Q1069209,venue_oval_lingotto,12 February 2006
event_Q1408901,venue_estadi_olimpíc_de_montjuïc,August 1–5
event_Q8037906,venue_institut_nacional_deducació_física_de_catalunya,28–30 July 1992
event_Q988372,venue_lysgårdsbakken_ski_jumpingbirkebeineren_ski_stadium_cross_country_skiing,18–19 February 1994
event_Q3628709,venue_olympic_stadium,September 25 (qualifications)September 26 (finals)
event_Q3811005,venue_ano_liossia_olympic_hall,16 August 2004
event_Q2328217,venue_sydney_international_archery_park,16–19 September 2000
event_Q4088890,venue_lillehammer_olympic_bobsleigh_and_luge_track,26–27 February 1994
event_Q3628766,venue_stadium_australia,24 September 2000 (heats)25 September 2000 (semi-finals)27 September 2000 (final)
event_Q8037901,venue_institut_nacional_deducació_física_de_catalunya,26–28 July 1992
event_Q3879633,venue_georgia_tech_aquatic_center,26 July 1996 (heats & finals)
event_Q10684073,venue_pavelló_club_joventut_badalona,27 July – 9 August 1992
event_Q3879596,venue_sydney_international_aquatic_centre,"September 20, 2000 (heats & semifinals)September 21, 2000 (final)"
event_Q2311908,venue_stadium_australia,28 September
event_Q3500417,venue_sangmu_gymnasium,19–21 September 1988
event_Q1004913,venue_lanneau_de_vitesse,20 February 1992
event_Q4088891,venue_lillehammer_olympic_bobsleigh_and_luge_track,19–20 February 1994
event_Q1004989,venue_les_saisies,15 February 1992
event_Q10572423,venue_alexander_memorial_coliseum,23 July – 3 August 1996
event_Q1076244,venue_sydney_international_aquatic_centre,17 September 2000 (heats &semifinals)18 September 2000 (final)
event_Q10581228,venue_pavelló_club_joventut_badalona,28 July – 8 August
event_Q3899246,venue_the_dome_and_exhibition_complex_fencing_and_shootingsydney_international_aquatic_centre_swimmingsydney_baseball_stadium_riding_and_running,1 October
event_Q1005621,venue_deer_valley,"February 23, 2002"
event_Q988359,venue_canada_olympic_park,"February 14, 1988"
event_Q3500407,venue_sangmu_gymnasium,19–21 September 1988
event_Q3879581,venue_olympic_aquatic_centre,"August 15, 2004 (heats & final)"
event_Q3879564,venue_athens_olympic_aquatic_centre,"August 15, 2004 (heats &semifinals)August 16, 2004 (final)"
event_Q1408869,venue_olympic_stadium,"31 July 1992 (heats, quarter-finals)1 August 1992 (semi-finals, finals)"
event_Q1408852,venue_estadi_olímpic_de_montjuïc,1 August 1992 (heats)2 August 1992 (quarter-finals)3 August 1992 (semi-finals)5 August 1992 (final)
event_Q3628679,venue_olympic_stadium,26 September 1988 (heats)30 September 1988 (final)
event_Q10706346,venue_jamsil_students_gymnasium,22 September – 1 October 1988
event_Q8037929,venue_georgia_world_congress_center,30–31 July 1996
event_Q1141105,venue_olympic_aquatic_centre,"August 14, 2004 (heats & final)"
event_Q1005157,venue_stade_de_patinage_olympique,13 February 1992
event_Q1408920,venue_estadi_olímpic_de_montjuïc,5 August 1992 (heats and quarter-finals)6 August 1992 (semi-finals and final)
event_Q1004870,venue_hamar_olympic_amphitheatre,22 February 1994
event_Q3837497,venue_ano_liosia_olympic_hall,25–26 August 2004
event_Q3837499,venue_ano_liosia_olympic_hall,24–25 August 2004
event_Q3837505,venue_ano_liosia_olympic_hall,27–28 August 2004
event_Q3879627,venue_georgia_tech_aquatic_center,21 July 1996 (heats & finals)
event_Q824919,venue_pragelato,16 February 2006
event_Q8037932,venue_georgia_world_congress_center,29–30 July 1996
event_Q8037918,venue_georgia_world_congress_center,22–23 July 1996
event_Q541316,venue_olympic_oval,18 February 1988
event_Q2311887,venue_stadium_australia,27 September 2000 (qualification)29 September 2000 (final)
event_Q4160927,venue_sydney_convention_and_exhibition_centre,18 September 2000
event_Q1005292,venue_kvitfjell_and_hafjell,"February 14 and 25, 1994"
event_Q3879580,venue_olympic_aquatic_centre,"August 20, 2004 (heats)August 21, 2004 (final)"
event_Q3879561,venue_athens_olympic_aquatic_centre,"August 15, 2004 (heats &semifinals)August 16, 2004 (final)"
event_Q7500758,venue_mollet_del_vallès,
event_Q824803,venue_pragelato,12 February 2006
event_Q1005214,venue_snow_harp,22 February 1998
event_Q10522594,venue_georgia_world_congress_center,20 July 1996
event_Q4354615,venue_markópoulo_olympic_shootingcentre,14 August 2004
event_Q7979985,venue_georgia_world_congress_center,22 July 1996
event_Q1423968,venue_centennial_olympic_stadium,28 July 1996 (qualifying)29 July 1996 (finals)
event_Q7979988,venue_georgia_world_congress_center,24 July 1996
event_Q3811004,venue_ano_liossia_olympic_hall,15 August 2004
event_Q1004928,venue_birkebeineren_ski_stadium,23 February 1994
event_Q988351,venue_park_city,"February 10, 2002"
event_Q3879629,venue_georgia_tech_aquatic_center,20 July 1996 (heats & finals)
event_Q2312939,venue_athens_olympic_stadium,25–28 August
event_Q3811006,venue_ano_liossia_olympic_hall,14 August 2004
event_Q38605,venue_palace_of_metallurgy,4 - 5 August 1992
event_Q1004924,venue_cesana_san_sicario,14 February 2006
event_Q3879642,venue_piscines_bernat_picornell,28 July 1992 (heats & finals)
event_Q25784,venue_georgia_world_congress_center,22 July 1996
event_Q10466389,venue_palau_blaugrana,31 July 1992
event_Q1005557,venue_snowbasin,"February 10, 2002"
event_Q3925471,venue_peristeri_olympic_boxing_hall,15–28 August 2004
event_Q826487,venue_utah_olympic_oval,"February 19, 2002"
event_Q3879613,venue_georgia_tech_aquatic_center,21 July 1996 (heats & finals)
event_Q825058,venue_pragelato,17 February 2006
event_Q3879574,venue_olympic_aquatic_centre,"August 18, 2004 (heats &semifinals)August 19, 2004 (final)"
event_Q3980074,venue_faliro_coastal_zone_olympic_complex,26 August
event_Q3879656,venue_piscines_bernat_picornell,29 July 1992 (heats & finals)
event_Q5443145,venue_olympic_fencing_gymnasium,27-28 September 1988
event_Q3811007,venue_ano_liossia_olympic_hall,17 August 2004
event_Q10522575,venue_palau_blaugrana,29 July 1992
event_Q3951952,venue_helliniko_olympic_complex,"August 16, 2004"
event_Q3628699,venue_jamsil_olympic_stadium_seoul,October 2
event_Q3628759,venue_stadium_australia,25 September 2000 (heats and quarter-finals)27 September 2000 (semi-finals and finals)
event_Q1408856,venue_estadi_olímpic_de_montjuïc,31 July 1992 (heats)3 August 1992 (final)
event_Q10522548,venue_palau_blaugrana,30 July 1992
event_Q25782,venue_georgia_world_congress_center,24 July 1996
event_Q10572432,venue_jamsil_students_gymnasium,21 September – 2 October 1988
event_Q2558983,venue_athens_olympic_stadium,20–24 August
event_Q3879565,venue_athens_olympic_aquatic_centre,"August 14, 2004 (heats &semifinals)August 15, 2004 (final)"
event_Q10466371,venue_palau_blaugrana,2 August 1992
event_Q2313443,venue_athens_olympic_stadium,27 August
event_Q376518,venue_soldier_hollow,9 February 2002
event_Q2557129,venue_athens_olympic_stadium,20–23 August
event_Q1005643,venue_shiga_kogen,"February 21, 1998"
event_Q1005782,venue_park_city,"February 21, 2002"
event_Q579346,venue_sydney_international_archery_park,16–21 September 2000
event_Q3998587,venue_vouliagmeni_olympic_centre,26 August
event_Q25780,venue_georgia_world_congress_center,"July 21, 1996"
event_Q8037962,venue_sydney_convention_and_exhibition_centre,24–26 September 2000
event_Q3628776,venue_stadium_australia,25 September 2000 (qualification)27 September 2000 (final)
event_Q3925462,venue_peristeri_olympic_boxing_hall,18–28 August 2004
event_Q8037914,venue_georgia_world_congress_center,22–23 July 1996
event_Q8037957,venue_sydney_convention_and_exhibition_centre,24–26 September 2000
event_Q7500762,venue_mollet_del_vallès,
event_Q3837510,venue_ano_liosia_olympic_hall,27–28 August 2004
event_Q1222713,venue_nakiska,"February 24, 1988"
event_Q823194,venue_bardonecchia,16 February 2006
event_Q10522593,venue_palau_blaugrana,27 July 1992
event_Q3628688,venue_olympic_stadium,23 September 1988 (heats)24 September 1988 (quarter-finals)25 September 1988 (semi-finals)26 September 1988 (final)
event_Q25793,venue_georgia_world_congress_center,20 July 1996
event_Q1005374,venue_kanbayashi_snowboard_park,12 February 1998
event_Q1004937,venue_snow_harp,12 February 1998
event_Q1110152,venue_athens_olympic_stadium,22–24 August
event_Q8037928,venue_georgia_world_congress_center,1–2 August 1996
event_Q1424018,venue_centennial_olympic_stadium,26 July 1996 (heats)29 July 1996 (final)
event_Q13583141,venue_peristeri_olympic_boxing_hall,14–28 August 2004
event_Q1005047,venue_nozawa_onsen,"February 11, 1998"
event_Q1005741,venue_snowbasin,"February 16, 2002"
event_Q10495988,venue_jamsil_students_gymnasium,18 September – 2 October 1988
event_Q1304082,venue_pavilion_3_sydney_olympic_park,16 – 22 September 2000
event_Q1074357,venue_sydney_international_aquatic_centre,"September 17, 2000 (heats &semifinals)September 18, 2000 (final)"
event_Q3879634,venue_georgia_tech_aquatic_center,25 July 1996 (heats & finals)
event_Q8037916,venue_georgia_world_congress_center,20–21 July 1996
event_Q10719575,venue_alexander_memorial_coliseum,20 July – 3 August 1996
event_Q10581227,venue_alexander_memorial_coliseum,22 July – 3 August 1996
event_Q2558493,venue_olympic_stadium,21–23 August
event_Q1005041,venue_canmore_nordic_centre,20 February 1988
event_Q8037903,venue_sangmu_gymnasium,29 September–1 October 1988
event_Q22964455,venue_lake_lanier,"July 21 – July 27, 1996"
event_Q591555,venue_soldier_hollow,17 February 2002
event_Q3628779,venue_stadium_australia_sydney,24 September
event_Q3628697,venue_jamsil_olympic_stadium_seoul,September 23
event_Q3628684,venue_olympic_stadium,"28 September 1988 (heats, quarter-finals)29 September 1988 (semi-final, final)"
event_Q2443986,venue_marathon_to_athens_greece,29 August
event_Q4443767,venue_sydney_international_shooting_centre,16 September 200017 September 2000
event_Q3925466,venue_peristeri_olympic_boxing_hall,17–28 August 2004
event_Q370863,venue_athens_olympic_aquatic_centre,"August 16, 2004 (heats &semifinals)August 17, 2004 (final)"
event_Q3991750,venue_panathinaiko_stadium,20 August 2004
event_Q10706347,venue_pavelló_club_joventut_badalona,28 July – 8 August
event_Q8037970,venue_sydney_convention_and_exhibition_centre,29 September – 1 October 2000
event_Q55615395,venue_jangchung_gymnasium,26 September 1988
event_Q8037909,venue_institut_nacional_deducació_física_de_catalunya,28–30 July 1992
event_Q10572462,venue_jamsil_students_gymnasium,19 September – 1 October 1988
event_Q3879587,venue_sydney_international_aquatic_centre,"September 21, 2000 (heats &semifinals)September 22, 2000 (final)"
event_Q38407,venue_palace_of_metallurgy,"August 6 - 7, 1992"
event_Q605663,venue_palavela_turin_italy,11 February 2006 13 February 2006
event_Q988348,venue_hakuba_ski_jumping_stadium,"February 15, 1998"
event_Q38599,venue_palau_de_la_metallúrgia,31 July 1992
event_Q3811013,venue_ano_liossia_olympic_hall,18 August 2004
event_Q1405425,venue_olympic_stadium,24 September 1988 (qualifying)25 September 1988 (final)
event_Q1005042,venue_les_saisies,"February 20, 1992"
event_Q1005124,venue_birkebeineren_ski_stadium,26 February 1994
event_Q1005133,venue_nozawa_onsen,21 February 1998
event_Q25795,venue_georgia_world_congress_center,21 July 1996
event_Q4357642,venue_markópoulo_olympic_shootingcentre,"August 17, 2004"
event_Q2308435,venue_centennial_olympic_stadium,26 July 1996 (heats)27 July 1996 (quarter-finals)28 July 1996 (semi-finals)29 July 1996 (final)
event_Q3837506,venue_ano_liosia_olympic_hall,22–23 August 2004
event_Q4160923,venue_sydney_convention_and_exhibition_centre,18 September 2000
event_Q1005213,venue_les_saisies,22 February 1992
event_Q10572439,venue_pavelló_club_joventut_badalona,30 July – 9 August 1992
event_Q7979998,venue_sydney_convention_and_exhibition_centre,20 September 2000
event_Q10572421,venue_jamsil_students_gymnasium,20 September – 2 October 1988
event_Q7500782,venue_wolf_creek_shooting_complex,20 July 1996
event_Q3879669,venue_piscines_bernat_picornell,30 July 1992 (heats & final)
event_Q826529,venue_utah_olympic_oval,"February 9, 2002"
event_Q1005639,venue_nakiska,"February 27, 1988"
event_Q3998589,venue_vouliagmeni_olympic_centre,25 August
event_Q3561232,venue_stone_mountain_park_velodrome,24–28 July
event_Q1005103,venue_snow_harp,18 February 1998
event_Q8037955,venue_sydney_convention_and_exhibition_centre,25–27 September 2000
event_Q3837504,venue_ano_liosia_olympic_hall,22–23 August 2004
event_Q10522553,venue_palau_blaugrana,28 July 1992
event_Q3879622,venue_georgia_tech_aquatic_center,26 July 1996 (heats & finals)
event_Q10609400,venue_agios_kosmas_olympic_sailing_centre,First race: 2004-08-14Last race: 2004-08-21
event_Q3811000,venue_ano_liosia_olympic_hall,20 August 2004
event_Q7500768,venue_mollet_del_vallès,
event_Q1005172,venue_oval_lingotto,13 February 2006
event_Q25798,venue_georgia_world_congress_center,23 July 1996
event_Q3628791,venue_centennial_olympic_stadium,29 July 1996 (heats and quarter-finals)31 July 1996 (semi-finals and final)
event_Q3628780,venue_stadium_australia_sydney,1 October
event_Q3879563,venue_olympic_aquatic_centre,"August 19, 2004 (heats &semifinals)August 20, 2004 (final)"
event_Q5443139,venue_olympic_fencing_gymnasium,"September 28 - 29, 1988"
event_Q1408906,venue_estadi_olímpic_de_montjuïc,5 August 1992 (heats)6 August 1992 (final)
event_Q13424670,venue_sydney_exhibition_centre,17 September 2000
event_Q3879641,venue_piscines_bernat_picornell,30 July 1992 (heats & finals)
event_Q2526348,venue_centennial_parklands,30 September 2000
event_Q1408846,venue_olympic_stadium,3 August 1992 (heats and quarter-finals)5 August 1992 (semi-finals)6 August 1992 (final)
event_Q1076288,venue_sydney_international_aquatic_centre,"September 17, 2000 (heats &semifinals)September 18, 2000 (final)"
event_Q582514,venue_olympic_stadium,23–24 August
event_Q7500776,venue_mollet_del_vallès,
event_Q1005212,venue_birkebeineren_ski_stadium,27 February 1994
event_Q3811002,venue_ano_liossia_olympic_hall,19 August 2004
event_Q7500756,venue_mollet_del_vallès,
event_Q7500764,venue_mollet_del_vallès,29 July 199230 July 1992
event_Q8037905,venue_sangmu_gymnasium,27–29 September 1988
event_Q8037920,venue_georgia_world_congress_center,22–23 July
event_Q10719573,venue_jamsil_students_gymnasium,20 September – 1 October 1988
event_Q10572440,venue_jamsil_students_gymnasium,19 September – 2 October 1988
event_Q1004985,venue_canmore_nordic_centre_provincial_park,19 February 1988
event_Q10466375,venue_palau_blaugrana,1 August 1992
event_Q3879570,venue_olympic_aquatic_centre,"August 16, 2004 (heats &semifinals)August 17, 2004 (final)"
event_Q3811010,venue_ano_liossia_olympic_hall,16 August 2004
event_Q252584,venue_hamar_olympic_hall,"February 21, 1994"
event_Q8037963,venue_sydney_convention_and_exhibition_centre,29 September – 1 October 2000
event_Q10522571,venue_palau_blaugrana,31 July 1992
event_Q3628767,venue_stadium_australia,22 September 2000 (heats)23 September 2000 (quarter-finals)24 September 2000 (semi-finals)25 September 2000 (final)
event_Q988369,venue_canada_olympic_park_ski_jumpingcanmore_nordic_centre_cross_country_skiing,23–24 February 1988
event_Q1409616,venue_estadi_olímpic_de_montjuïc,31 July (qualification) 1 August (final)
event_Q1221778,venue_olympic_oval,"February 26, 1988"
event_Q2306535,venue_estadi_olímpic_de_montjuïc,1 August 1992 (heats)7 August 1992 (final)
event_Q3879618,venue_georgia_tech_aquatic_center,25 July 1996 (heats & finals)
event_Q7500791,venue_wolf_creek_shooting_complex,24 July 1996
event_Q3980075,venue_faliro_coastal_zone_olympic_complex,28 August
event_Q1004952,venue_oval_lingotto,21 February 2006
event_Q10581231,venue_sydney_convention_and_exhibition_centre,25–27 September 2000
event_Q4000244,venue_piscina_municipal_de_montjuïc,26–27 July 1992
event_Q826519,venue_utah_olympic_oval,"February 17, 2002"
event_Q1027135,venue_palau_sant_jordi,29–31 July 1992
event_Q1408797,venue_estadi_olímpic_de_montjuïc,1 August 1992 (heats)2 August 1992 (quarter-finals)3 August 1992 (semi-finals)5 August 1992 (final)
event_Q3879649,venue_piscines_bernat_picornell,30 July 1992 (heats)31 July 1992 (final)
event_Q3879644,venue_piscines_bernat_picornell,26 July 1992 (heats & finals)
event_Q988364,venue_utah_olympic_park_ski_jumping_soldier_hollow_cross_country,21–22 February 2002
event_Q4354069,venue_sydney_international_shooting_centre,16 September 2000
event_Q10522576,venue_jangchung_gymnasium,29 September 1988
event_Q1005757,venue_iizuna_kogen_ski_area,18 February 1998
event_Q3837509,venue_ano_liosia_olympic_hall,22–23 August 2004
event_Q3628681,venue_olympic_stadium,28 September 1988 (heats)1 October 1988 (final)
event_Q1005618,venue_iizuna_kogen_ski_area,8–11 February 1998
event_Q5448040,venue_hamar_olympic_amphitheatre,23–25 February 1994
event_Q38412,venue_palau_de_la_metallúrgia,2 August 1992
event_Q1004991,venue_snow_harp,14 February 1998
event_Q988347,venue_tremplin_du_praz,"February 16, 1992"
event_Q5443155,venue_sydney_exhibition_centre,23 September
event_Q1408897,venue_estadi_olímpic_lluís_companys,August 3–6
event_Q10706348,venue_alexander_memorial_coliseum,21 July – 4 August 1996
event_Q3565760,venue_sangmu_gymnasium,20–22 September 1988
event_Q596754,venue_pragelato,14 February 2006
event_Q10497008,venue_pavelló_club_joventut_badalona,27 July – 9 August 1992
event_Q3628701,venue_seoul_olympic_stadium,September 30
event_Q3879647,venue_piscines_bernat_picornell,26 July 1992 (heats & finals)
event_Q3628778,venue_anz_stadium,23 September 2000 (qualifying) 24 September 2000 (final)
event_Q3561228,venue_stone_mountain,24–27 July 1996
event_Q2552272,venue_marathon_to_athens_greece,22 August
event_Q3879655,venue_piscines_bernat_picornell,27 July 1992 (heats & finals)
event_Q1005753,venue_park_city,16 February (qualification)19 February (final)
event_Q988362,venue_hakuba_ski_jumping_stadium,"February 11, 1998"
event_Q1005296,venue_hakuba,"February 9–13, 1998"
event_Q1005066,venue_birkebeineren_ski_stadium,14 February 1994
event_Q3879576,venue_athens_olympic_aquatic_centre,"August 15, 2004 (heats & final)"
event_Q7979991,venue_georgia_world_congress_center,27 July 1996
event_Q3998591,venue_sydney_opera_house,17 September
event_Q1004915,venue_m_wave,17 February 1998
event_Q1415848,venue_athens_olympic_velodrome,22–24 August
event_Q3879572,venue_athens_olympic_aquatic_centre,"August 17, 2004 (heats & semifinals)August 18, 2004 (final)"
event_Q8037940,venue_georgia_world_congress_center,1–2 August 1996
event_Q8037966,venue_sydney_convention_and_exhibition_centre,28–30 September 2000
event_Q10522550,venue_sydney_convention_and_exhibition_centre,19 September 2000
event_Q3628695,venue_olympic_stadium,23 September (qualificationand final)
event_Q3879660,venue_piscines_bernat_picornell,26 July 1992 (heats & finals)
event_Q3628700,venue_seoul_olympic_stadium_start_and_finish,September 23
event_Q3628760,venue_stadium_australia,27 September 2000 (heats)29 September 2000 (semi-finals)30 September 2000 (final)
event_Q1005063,venue_canmore_nordic_centre_provincial_park,15 February 1988
event_Q26860,venue_centennial_olympic_stadium,July 26–27
event_Q3879659,venue_piscines_bernat_picornell,27 July 1992 (heats & finals)
event_Q1141034,venue_athens_olympic_aquatic_centre,"August 14, 2004 (heats & final)"
event_Q1005333,venue_lillehammer_olympic_bobsleigh_and_luge_track,13–14 February 1994
event_Q3925470,venue_peristeri_olympic_boxing_hall,15–29 August 2004
event_Q1004888,venue_soldier_hollow,14 February 2002
event_Q1005044,venue_birkebeineren_ski_stadium,20 February 1994
event_Q10572463,venue_pavelló_club_joventut_badalona,30 July – 8 August 1992
event_Q4467904,venue_sydney_convention_and_exhibition_centre,17 September 2000
event_Q1005576,venue_hakuba,"February 13, 1998"
event_Q12808144,venue_sydney_convention_and_exhibition_centre,20 September 2000
event_Q55615399,venue_jangchung_gymnasium,28 September 1988
event_Q7979987,venue_georgia_world_congress_center,23 July 1996
event_Q25239317,venue_olympic_weightlifting_gymnasium,29 September 1988
event_Q3879597,venue_sydney_international_aquatic_centre,"September 19, 2000 (heats &semifinals)September 20, 2000 (final)"
event_Q1042644,venue_sestriere,"February 22, 2006"
event_Q1004935,venue_les_saisies,13 February 1992
event_Q3811012,venue_ano_liossia_olympic_hall,17 August 2004
event_Q1408876,venue_estadi_olímpic_lluís_companys,2 and 3 August
event_Q5481589,venue_markópoulo_olympic_shootingcentre,"August 15, 2004"
event_Q3500383,venue_sangmu_gymnasium,20–22 September 1988
event_Q372925,venue_pragelato,"February 11–12, 2006"
event_Q3879657,venue_piscines_bernat_picornell,27 July 1992 (heats & finals)
event_Q2306561,venue_estadi_olimpíc_de_montjuïc,1992-08-06 (qualification) 1992-08-08 (final)
event_Q4443766,venue_sydney_international_shooting_centre,18 September 2000
event_Q615345,venue_san_sicario,"February 17–18, 2006"
event_Q576599,venue_sauze_doulx,20 February (qualification)23 February (final)
event_Q7979999,venue_sydney_convention_and_exhibition_centre,23 September 2000
event_Q1005805,venue_val_disère,"February 18, 1992"
event_Q55615398,venue_jangchung_gymnasium,27 September 1988
event_Q3879648,venue_piscines_bernat_picornell,28 July 1992 (heats & finals)
event_Q3811008,venue_ano_liossia_olympic_hall,15 August 2004
event_Q1421727,venue_athens_olympic_velodrome,24 August
event_Q1004863,venue_lanneau_de_vitesse,18 February 1992
event_Q128040,venue_atlanta,July 21
event_Q1005192,venue_hamar_olympic_amphitheatre,24–26 February 1994
event_Q4160926,venue_sydney_convention_and_exhibition_centre,17 September 2000
event_Q823675,venue_bardonecchia,17 February 2006
event_Q3628773,venue_stadium_australia,23 September 2000 (heats)25 September 2000 (semi-finals)27 September 2000 (final)
event_Q3879603,venue_sydney_international_aquatic_centre,"September 21, 2000 (heats)September 22, 2000 (final)"
event_Q1407627,venue_estadi_olímpic_lluís_companys_barcelona,August 9
event_Q1408300,venue_panathinaiko_stadium,21 August 2004
