source,target
athlete_rudolf_dombiroland_kökény,noc_hun
athlete_fernando_pimentaemanuel_silva,noc_por
athlete_martin_hollsteinandreas_ihle,noc_ger
athlete_sven_kramer,noc_ned
athlete_lee_seung_hoon,noc_kor
athlete_ivan_skobrev,noc_rus
athlete_kristin_armstrong,noc_usa
athlete_judith_arndt,noc_ger
athlete_olga_zabelinskaya,noc_rus
athlete_simone_biles,noc_usa
athlete_aly_raisman,noc_usa
athlete_aliya_mustafina,noc_rus
athlete_dayron_robles,noc_cub
athlete_david_payne,noc_usa
athlete_david_oliver,noc_usa
athlete_félix_sánchez,noc_dom
athlete_danny_mcfarlane,noc_jam
athlete_naman_keïta,noc_fra
athlete_bryan_clay,noc_usa
athlete_andrei_krauchanka,noc_blr
athlete_leonel_suárez,noc_cub
athlete_finn_christian_jagge,noc_nor
athlete_alberto_tomba,noc_ita
athlete_michael_tritscher,noc_aut
athlete_michael_johnson,noc_usa
athlete_alvin_harrison,noc_usa
athlete_gregory_haughton,noc_jam
athlete_allison_jolly_lynne_jewell,noc_usa
athlete_marit_söderström_birgitta_bengtsson,noc_swe
athlete_larisa_moskalenko_iryna_chunykhovska,noc_urs
athlete_viktor_ahn_semion_elistratov_vladimir_grigorev_ruslan_zakharov,noc_rus
athlete_eddy_alvarez_j_r_celski_chris_creveling_jordan_malone,noc_usa
athlete_chen_dequan_han_tianyu_shi_jingnan_wu_dajing,noc_chn
athlete_istván_kovács,noc_hun
athlete_arnaldo_mesa,noc_cub
athlete_vichairachanon_khadpo,noc_tha
athlete_raimkul_malakhbekov,noc_rus
athlete_lasha_talakhadze,noc_geo
athlete_gor_minasyan,noc_arm
athlete_irakli_turmanidze,noc_geo
athlete_kosuke_kitajima,noc_jpn
athlete_brenton_rickard,noc_aus
athlete_hugues_duboscq,noc_fra
athlete_manuela_di_centa,noc_ita
athlete_lyubov_yegorova,noc_rus
athlete_nina_gavrylyuk,noc_rus
athlete_diana_mocanu,noc_rom
athlete_roxana_maracineanu,noc_fra
athlete_miki_nakao,noc_jpn
athlete_oksen_mirzoyan,noc_urs
athlete_he_yingqiang,noc_chn
athlete_liu_shoubin,noc_chn
athlete_jin_jong_oh,noc_kor
athlete_tan_zongliang,noc_chn
athlete_vladimir_isakov,noc_rus
athlete_claudia_pechstein,noc_ger
athlete_renate_groenewold,noc_ned
athlete_cindy_klassen,noc_can
athlete_wang_meng,noc_chn
athlete_evgenia_radanova,noc_bul
athlete_anouk_leblanc_boucher,noc_can
athlete_allison_schmitt,noc_usa
athlete_camille_muffat,noc_fra
athlete_bronte_barratt,noc_aus
athlete_tyler_clary,noc_usa
athlete_ryosuke_irie,noc_jpn
athlete_ryan_lochte,noc_usa
athlete_kateřina_emmons,noc_cze
athlete_lioubov_galkina,noc_rus
athlete_snježana_pejčić,noc_cro
athlete_thomas_röhler,noc_ger
athlete_julius_yego,noc_ken
athlete_keshorn_walcott,noc_tto
athlete_fredrik_lööfmax_salminen,noc_swe
athlete_iain_percyandrew_simpson,noc_gbr
athlete_robert_scheidtbruno_prada,noc_bra
athlete_reiichi_mikatatakanori_konokenji_ogiwara,noc_jpn
athlete_knut_tore_apelandfred_børre_lundbergtrond_einar_elden,noc_nor
athlete_klaus_ofnerstefan_kreinerklaus_sulzenbacher,noc_aut
athlete_olga_brusnikinamaria_kisseleva,noc_rus
athlete_miya_tachibanamiho_takeda,noc_jpn
athlete_virginie_dedieumyriam_lignot,noc_fra
athlete_adelina_sotnikova,noc_rus
athlete_yuna_kim,noc_kor
athlete_carolina_kostner,noc_ita
athlete_joachim_kunz,noc_gdr
athlete_israel_militosyan,noc_urs
athlete_li_jinhe,noc_chn
athlete_somluck_kamsing,noc_tha
athlete_serafim_todorov,noc_bul
athlete_pablo_chacón,noc_arg
athlete_floyd_mayweather,noc_usa
athlete_hadi_saei,noc_iri
athlete_mauro_sarmiento,noc_ita
athlete_zhu_guo,noc_chn
athlete_steven_lópez,noc_usa
athlete_ekaterina_karsten,noc_blr
athlete_rumyana_neykova,noc_bul
athlete_katrin_rutschow_stomporowski,noc_ger
athlete_grant_hackett,noc_aus
athlete_kieren_perkins,noc_aus
athlete_chris_thompson,noc_usa
athlete_tamara_tikhonova,noc_urs
athlete_anfisa_reztsova,noc_urs
athlete_raisa_smetanina,noc_urs
athlete_gabriela_szabo,noc_rom
athlete_sonia_osullivan,noc_irl
athlete_gete_wami,noc_eth
athlete_thomas_stangassinger,noc_aut
athlete_jure_košir,noc_slo
athlete_andrey_silnov,noc_rus
athlete_germaine_mason,noc_gbr
athlete_yaroslav_rybakov,noc_rus
athlete_ruth_beitia,noc_esp
athlete_mirela_demireva,noc_bul
athlete_blanka_vlašić,noc_cro
athlete_timothy_mack,noc_usa
athlete_toby_stevenson,noc_usa
athlete_giuseppe_gibilisco,noc_ita
athlete_david_rudisha,noc_ken
athlete_nijel_amos,noc_bot
athlete_timothy_kitum,noc_ken
athlete_maryam_yusuf_jamal,noc_brn
athlete_abeba_aregawi,noc_eth
athlete_shannon_rowbury,noc_usa
athlete_caster_semenya,noc_rsa
athlete_pamela_jelimo,noc_ken
athlete_alysia_johnson_montaño,noc_usa
athlete_meseret_defar,noc_eth
athlete_vivian_cheruiyot,noc_ken
athlete_tirunesh_dibaba,noc_eth
athlete_faith_kipyegon,noc_ken
athlete_genzebe_dibaba,noc_eth
athlete_jennifer_simpson,noc_usa
athlete_conseslus_kipruto,noc_ken
athlete_evan_jager,noc_usa
athlete_mahiedine_mekhissi_benabbad,noc_fra
athlete_habiba_ghribi,noc_tun
athlete_sofia_assefa,noc_eth
athlete_milcah_chemos_cheywa,noc_ken
athlete_gong_lijiao,noc_chn
athlete_raven_saunders,noc_usa
athlete_valerie_adams,noc_nzl
athlete_sally_kipyego,noc_ken
athlete_ezekiel_kemboi,noc_ken
athlete_abel_mutai,noc_ken
athlete_laura_trott,noc_gbr
athlete_sarah_hammer,noc_usa
athlete_annette_edmondson,noc_aus
athlete_kim_so_hui,noc_kor
athlete_tijana_bogdanović,noc_srb
athlete_patimat_abakarova,noc_aze
athlete_panipak_wongpattanakit,noc_tha
athlete_nancy_langat,noc_ken
athlete_iryna_lishchynska,noc_ukr
athlete_nataliya_tobias,noc_ukr
athlete_samuel_sánchez,noc_esp
athlete_fabian_cancellara,noc_sui
athlete_alexandr_kolobnev,noc_rus
athlete_rim_jong_sim,noc_prk
athlete_darya_naumava,noc_blr
athlete_lydia_valentín,noc_esp
athlete_cheick_sallah_cissé,noc_civ
athlete_lutalo_muhammad,noc_gbr
athlete_oussama_oueslati,noc_tun
athlete_milad_beigi,noc_aze
athlete_park_tae_hwan,noc_kor
athlete_zhang_lin,noc_chn
athlete_larsen_jensen,noc_usa
athlete_kirsty_coventry,noc_zim
athlete_margaret_hoelzer,noc_usa
athlete_reiko_nakamura,noc_jpn
athlete_stephanie_brown_trafton,noc_usa
athlete_olena_antonova,noc_ukr
athlete_song_aimin,noc_chn
athlete_alexander_vinokourov,noc_kaz
athlete_rigoberto_urán,noc_col
athlete_alexander_kristoff,noc_nor
athlete_stefan_groothuis,noc_ned
athlete_denny_morrison,noc_can
athlete_michel_mulder,noc_ned
athlete_greg_van_avermaet,noc_bel
athlete_jakob_fuglsang,noc_den
athlete_rafał_majka,noc_pol
athlete_inna_deriglazova,noc_rus
athlete_elisa_di_francisca,noc_ita
athlete_inès_boubakri,noc_tun
athlete_rebecca_soni,noc_usa
athlete_leisel_jones,noc_aus
athlete_sara_nordenstam,noc_nor
athlete_cao_yuan,noc_chn
athlete_jack_laugher,noc_gbr
athlete_patrick_hausding,noc_ger
athlete_chen_aisenlin_yue,noc_chn
athlete_david_boudiasteele_johnson,noc_usa
athlete_tom_daleydaniel_goodfellow,noc_gbr
athlete_chen_ruolinliu_huixia,noc_chn
athlete_cheong_jun_hoongpandelela_rinong,noc_mas
athlete_meaghan_benfeitoroseline_filion,noc_can
athlete_niccolò_campriani,noc_ita
athlete_sergey_kamenskiy,noc_rus
athlete_alexis_raynaud,noc_fra
athlete_shi_tingmao,noc_chn
athlete_he_zi,noc_chn
athlete_tania_cagnotto,noc_ita
athlete_nafissatou_thiam,noc_bel
athlete_jessica_ennis_hill,noc_gbr
athlete_brianne_theisen_eaton,noc_can
athlete_uladzislau_hancharou,noc_blr
athlete_dong_dong,noc_chn
athlete_gao_lei,noc_chn
athlete_gong_jinjiezhong_tianshi,noc_chn
athlete_daria_shmelevaanastasia_voynova,noc_rus
athlete_kristina_vogelmiriam_welte,noc_ger
athlete_philip_hindesjason_kennycallum_skinner,noc_gbr
athlete_eddie_dawkinsethan_mitchellsam_webster,noc_nzl
athlete_grégory_baugémichaël_dalmeidafrançois_pervis,noc_fra
athlete_rosannagh_maclennan,noc_can
athlete_bryony_page,noc_gbr
athlete_li_dan,noc_chn
athlete_kristina_vogel,noc_ger
athlete_becky_james,noc_gbr
athlete_katy_marchant,noc_gbr
athlete_jason_kenny,noc_gbr
athlete_callum_skinner,noc_gbr
athlete_denis_dmitriev,noc_rus
athlete_brianna_rollins,noc_usa
athlete_nia_ali,noc_usa
athlete_kristi_castlin,noc_usa
athlete_elis_ligtlee,noc_ned
athlete_anna_meares,noc_aus
athlete_katie_archibaldlaura_trottelinor_barkerjoanna_rowsell_shand,noc_gbr
athlete_sarah_hammerkelly_catlinchloé_dygertjennifer_valente,noc_usa
athlete_allison_beveridgejasmin_glaesserkirsti_laygeorgia_simmerlinglaura_brown,noc_can
athlete_sara_kolak,noc_cro
athlete_sunette_viljoen,noc_rsa
athlete_barbora_špotáková,noc_cze
athlete_anita_włodarczyk,noc_pol
athlete_zhang_wenxiu,noc_chn
athlete_sophie_hitchon,noc_gbr
athlete_matthijs_büchli,noc_ned
athlete_azizulhasni_awang,noc_mas
athlete_michelle_carter,noc_usa
athlete_anita_márton,noc_hun
athlete_caterine_ibargüen,noc_col
athlete_yulimar_rojas,noc_ven
athlete_olga_rypakova,noc_kaz
athlete_chen_aisen,noc_chn
athlete_germán_sánchez,noc_mex
athlete_david_boudia,noc_usa
athlete_huang_shanshan,noc_chn
athlete_he_wenna,noc_chn
athlete_ruth_jebet,noc_brn
athlete_hyvin_jepkemoi,noc_ken
athlete_emma_coburn,noc_usa
athlete_wang_zhen,noc_chn
athlete_cai_zelin,noc_chn
athlete_dane_bird_smith,noc_aus
athlete_xu_lijia,noc_chn
athlete_marit_bouwmeester,noc_ned
athlete_evi_van_acker,noc_bel
athlete_shi_tingmaowu_minxia,noc_chn
athlete_tania_cagnottofrancesca_dallapé,noc_ita
athlete_maddison_keeneyanabelle_smith,noc_aus
athlete_liu_hong,noc_chn
athlete_lupita_gonzález,noc_mex
athlete_lü_xiuzhi,noc_chn
athlete_evgeniya_kanaeva,noc_rus
athlete_darya_dmitriyeva,noc_rus
athlete_liubov_charkashyna,noc_blr
athlete_almaz_ayana,noc_eth
athlete_kerron_clement,noc_usa
athlete_boniface_mucheru_tumuti,noc_ken
athlete_yasmani_copello,noc_tur
athlete_dmitry_ushakov,noc_rus
athlete_lu_chunlong,noc_chn
athlete_anastasia_bliznyuk_uliana_donskova_ksenia_dudkina_alina_makarenko_anastasia_nazarenko_karolina_sevastyanova,noc_rus
athlete_maryna_hancharova_anastasia_ivankova_nataliya_leshchyk_aliaksandra_narkevich_ksenia_sankovich_alina_tumilovich,noc_blr
athlete_elisa_blanchi_romina_laurito_marta_pagnini_elisa_santoni_anzhelika_savrayuk_andreea_stefanescu,noc_ita
athlete_dalilah_muhammad,noc_usa
athlete_sara_petersen,noc_den
athlete_ashley_spencer,noc_usa
athlete_kaori_matsumoto,noc_jpn
athlete_corina_căprioriu,noc_rou
athlete_marti_malloy,noc_usa
athlete_automne_pavia,noc_fra
athlete_greg_rutherford,noc_gbr
athlete_mitchell_watt,noc_aus
athlete_will_claye,noc_usa
athlete_hellen_onsando_obiri,noc_ken
athlete_tianna_bartoletta,noc_usa
athlete_brittney_reese,noc_usa
athlete_ivana_španović,noc_srb
athlete_nicole_cooke,noc_gbr
athlete_emma_johansson,noc_swe
athlete_tatiana_guderzo,noc_ita
athlete_taoufik_makhloufi,noc_alg
athlete_clayton_murphy,noc_usa
athlete_katerina_stefanidi,noc_gre
athlete_sandi_morris,noc_usa
athlete_eliza_mccartney,noc_nzl
athlete_mo_farah,noc_gbr
athlete_paul_kipkemoi_chelimo,noc_usa
athlete_hagos_gebrhiwet,noc_eth
athlete_aaron_peirsol,noc_usa
athlete_matt_grevers,noc_usa
athlete_hayden_stoeckel,noc_aus
athlete_arkady_vyatchanin,noc_rus
athlete_matej_tóth,noc_svk
athlete_jared_tallent,noc_aus
athlete_hirooki_arai,noc_jpn
athlete_oleksandr_usyk,noc_ukr
athlete_clemente_russo,noc_ita
athlete_tervel_pulev,noc_bul
athlete_teymur_mammadov,noc_aze
athlete_jeff_henderson,noc_usa
athlete_luvo_manyonga,noc_rsa
athlete_kim_jae_bum,noc_kor
athlete_ole_bischof,noc_ger
athlete_ivan_nifontov,noc_rus
athlete_antoine_valois_fortier,noc_can
athlete_paul_tanui,noc_ken
athlete_tamirat_tola,noc_eth
athlete_wayde_van_niekerk,noc_rsa
athlete_kirani_james,noc_grn
athlete_lashawn_merritt,noc_usa
athlete_alistair_brownlee,noc_gbr
athlete_jonathan_brownlee,noc_gbr
athlete_henri_schoeman,noc_rsa
athlete_usain_bolt,noc_jam
athlete_andre_de_grasse,noc_can
athlete_christophe_lemaitre,noc_fra
athlete_chen_ding,noc_chn
athlete_erick_barrondo,noc_gua
athlete_chen_ruolinwang_hao,noc_chn
athlete_paola_espinosaalejandra_orozco,noc_mex
athlete_éva_risztov,noc_hun
athlete_haley_anderson,noc_usa
athlete_martina_grimaldi,noc_ita
athlete_lin_dan,noc_chn
athlete_lee_chong_wei,noc_mas
athlete_chen_long,noc_chn
athlete_stefanos_ntouskos,noc_gre
athlete_kjetil_borch,noc_nor
athlete_damir_martin,noc_cro
athlete_takanori_nagase,noc_jpn
athlete_saeid_mollaei,noc_mgl
athlete_shamil_borchashvili,noc_aut
athlete_matthias_casse,noc_bel
athlete_barbara_engleder,noc_ger
athlete_zhang_binbin,noc_chn
athlete_du_li,noc_chn
athlete_elaine_thompson,noc_jam
athlete_tori_bowie,noc_usa
athlete_shelly_ann_fraser_pryce,noc_jam
athlete_gabriella_papadakisand_guillaume_cizeron,noc_fra
athlete_victoria_sinitsinaand_nikita_katsalapov,noc_roc
athlete_madison_hubbelland_zachary_donohue,noc_usa
athlete_yuto_horigome,noc_jpn
athlete_kelvin_hoefler,noc_bra
athlete_jagger_eaton,noc_usa
athlete_distria_krasniqi,noc_kos
athlete_funa_tonaki,noc_jpn
athlete_daria_bilodid,noc_ukr
athlete_urantsetseg_munkhbat,noc_mgl
athlete_chen_jin,noc_chn
athlete_si_tianfeng,noc_chn
athlete_robert_heffernan,noc_irl
athlete_aaron_wolf,noc_jpn
athlete_cho_gu_ham,noc_kor
athlete_jorge_fonseca,noc_por
athlete_niyaz_ilyasov,noc_roc
athlete_kateryna_tarasenkonataliya_dovhodkoanastasiya_kozhenkovayana_dementyeva,noc_ukr
athlete_annekatrin_thielecarina_bärjulia_richterbritta_oppelt,noc_ger
athlete_natalie_dellkara_kohlermegan_kalmoeadrienne_martelli,noc_usa
athlete_shohei_ono,noc_jpn
athlete_lasha_shavdatuashvili,noc_geo
athlete_an_chang_rim,noc_kor
athlete_tsend_ochiryn_tsogtbaatar,noc_mgl
athlete_alina_zagitova,noc_oar
athlete_evgenia_medvedeva,noc_oar
athlete_kaetlyn_osmond,noc_can
athlete_chizuru_arai,noc_jpn
athlete_michaela_polleres,noc_aut
athlete_madina_taimazova,noc_roc
athlete_sanne_van_dijke,noc_ned
athlete_erik_kynard,noc_usa
athlete_derek_drouin,noc_can
athlete_robert_grabarz,noc_gbr
athlete_mutaz_essa_barshim,noc_qat
athlete_aries_merritt,noc_usa
athlete_jason_richardson,noc_usa
athlete_hansle_parchment,noc_jam
athlete_akira_sone,noc_jpn
athlete_idalys_ortiz,noc_cub
athlete_iryna_kindzerska,noc_aze
athlete_romane_dicko,noc_fra
athlete_tiki_gelana,noc_eth
athlete_priscah_jeptoo,noc_ken
athlete_tatyana_petrova_arkhipova,noc_rus
athlete_tong_wen,noc_chn
athlete_maki_tsukada,noc_jpn
athlete_lucija_polavder,noc_slo
athlete_sui_wenjingand_han_cong,noc_chn
athlete_evgenia_tarasovaand_vladimir_morozov,noc_roc
athlete_anastasia_mishinaand_aleksandr_galliamov,noc_roc
athlete_sarah_menezes,noc_bra
athlete_alina_dumitru,noc_rou
athlete_charline_van_snick,noc_bel
athlete_éva_csernoviczki,noc_hun
athlete_momiji_nishiya,noc_jpn
athlete_rayssa_leal,noc_bra
athlete_funa_nakayama,noc_jpn
athlete_yang_xiuli,noc_chn
athlete_yalennis_castillo,noc_cub
athlete_jeong_gyeong_mi,noc_kor
athlete_stéphanie_possamaï,noc_fra
athlete_giulia_quintavalle,noc_ita
athlete_deborah_gravenstijn,noc_ned
athlete_xu_yan,noc_chn
athlete_ketleyn_quadros,noc_bra
athlete_shaunae_miller,noc_bah
athlete_allyson_felix,noc_usa
athlete_shericka_jackson,noc_jam
athlete_shori_hamada,noc_jpn
athlete_madeleine_malonga,noc_fra
athlete_anna_maria_wagner,noc_ger
athlete_mayra_aguiar,noc_bra
athlete_christian_taylor,noc_usa
athlete_fabrizio_donato,noc_ita
athlete_linoy_ashram,noc_isr
athlete_dina_averina,noc_roc
athlete_alina_harnasko,noc_blr
athlete_francesco_friedrichthorsten_margis,noc_ger
athlete_johannes_lochnerflorian_bauer,noc_ger
athlete_christoph_hafermatthias_sommer,noc_ger
athlete_martin_sinkovićvalent_sinković,noc_cro
athlete_marius_cozmiucciprian_tudosă,noc_rou
athlete_frederic_vystaveljoachim_sutton,noc_den
athlete_yelena_sokolova,noc_rus
athlete_janay_deloach,noc_usa
athlete_erin_cafarosusan_franciaesther_lofgrentaylor_ritzelmeghan_musnickielle_logancaroline_lindcaryn_daviesmary_whipple,noc_usa
athlete_janine_hansonrachelle_viinbergkrista_guloienlauren_wilkinsonnatalie_mastracciashley_brzozowiczdarcy_marquardtandréanne_morinlesley_thompson_willie,noc_can
athlete_jacobine_veenhovenninke_kingmachantal_achterbergsytske_de_grootroline_repelaer_van_drielclaudia_belderboscarline_bouwannemiek_de_haananne_schellekens,noc_ned
athlete_misty_may_treanorkerri_walsh_jennings,noc_usa
athlete_jennifer_kessyapril_ross,noc_usa
athlete_juliana_felisbertalarissa_frança,noc_bra
athlete_francesco_friedrichthorsten_margiscandy_baueralexander_schüller,noc_ger
athlete_johannes_lochnerflorian_bauerchristopher_weberchristian_rasp,noc_ger
athlete_justin_krippsryan_sommercam_stonesben_coakwell,noc_can
athlete_christoph_harting,noc_ger
athlete_piotr_małachowski,noc_pol
athlete_daniel_jasinski,noc_ger
athlete_anna_chicherova,noc_rus
athlete_brigetta_barrett,noc_usa
athlete_dejen_gebremeskel,noc_eth
athlete_thomas_pkemeilongosiwa,noc_ken
athlete_alexander_purnell_spencer_turrin_jack_hargreaves_alexander_hill,noc_aus
athlete_mihăiță_țigănescu_mugurel_semciuc_ștefan_berariu_cosmin_pascari,noc_rou
athlete_matteo_castaldo_matteo_lodo_giuseppe_vicinomarco_di_costanzo_bruno_rosetti_h,noc_ita
athlete_kim_woo_jinku_bon_chanlee_seung_yun,noc_kor
athlete_brady_ellisonzach_garrettjake_kaminski,noc_usa
athlete_alec_pottsryan_tyacktaylor_worth,noc_aus
athlete_dirk_uittenbogaardabe_wiersmatone_wietenkoen_metsemakers,noc_ned
athlete_harry_leaskangus_groomtom_barrasjack_beaumont,noc_gbr
athlete_jack_clearycaleb_antillcameron_girdlestoneluke_letcher,noc_aus
athlete_du_jingyu_yang,noc_chn
athlete_lee_hyo_junglee_kyung_won,noc_kor
athlete_wei_yilizhang_yawen,noc_chn
athlete_ayumi_tanimoto,noc_jpn
athlete_lucie_décosse,noc_fra
athlete_elisabeth_willeboordse,noc_ned
athlete_won_ok_im,noc_prk
athlete_katie_ledecky,noc_usa
athlete_mireia_belmonte_garcía,noc_esp
athlete_rebecca_adlington,noc_gbr
athlete_marie_dorin_habertanaïs_bescondsimon_desthieuxmartin_fourcade,noc_fra
athlete_marte_olsbutiril_eckhoffjohannes_thingnes_bøemil_hegle_svendsen,noc_nor
athlete_lisa_vittozzidorothea_wiererlukas_hoferdominik_windisch,noc_ita
athlete_ashton_eaton,noc_usa
athlete_kevin_mayer,noc_fra
athlete_damian_warner,noc_can
athlete_emma_twigg,noc_nzl
athlete_hanna_prakatsen,noc_roc
athlete_magdalena_lobnig,noc_aut
athlete_kayla_harrison,noc_usa
athlete_gemma_gibbons,noc_gbr
athlete_audrey_tcheuméo,noc_fra
athlete_tessa_virtueand_scott_moir,noc_can
athlete_maia_shibutaniand_alex_shibutani,noc_usa
athlete_jess_learmonthjonny_brownleegeorgia_taylor_brownalex_yee,noc_gbr
athlete_katie_zafereskevin_mcdowelltaylor_knibbmorgan_pearson,noc_usa
athlete_léonie_périaultdorian_coninxcassandre_beaugrandvincent_luis,noc_fra
athlete_leonel_manzano,noc_usa
athlete_abdalaati_iguider,noc_mar
athlete_hugo_boucheronmatthieu_androdias,noc_fra
athlete_melvin_twellaarstef_broenink,noc_ned
athlete_liu_zhiyuzhang_liang,noc_chn
athlete_urška_žolnir,noc_slo
athlete_xu_lili,noc_chn
athlete_yoshie_ueno,noc_jpn
athlete_gévrise_émane,noc_fra
athlete_aljona_savchenkoand_bruno_massot,noc_ger
athlete_meagan_duhameland_eric_radford,noc_can
athlete_renaud_lavillenie,noc_fra
athlete_björn_otto,noc_ger
athlete_raphael_holzdeppe,noc_ger
athlete_ashleigh_mcivor,noc_can
athlete_hedda_berntsen,noc_nor
athlete_marion_josserand,noc_fra
athlete_lucy_stephan_rosemary_popa_jessica_morrison_annabelle_mcintyre,noc_aus
athlete_ellen_hogerwerf_karolien_florijn_ymkje_clevering_veronique_meester,noc_ned
athlete_aifric_keogh_eimear_lambe_fiona_murtagh_emily_hegarty,noc_irl
athlete_bohdan_bondarenko,noc_ukr
athlete_fintan_mccarthypaul_odonovan,noc_irl
athlete_jonathan_rommelmannjason_osborne,noc_ger
athlete_stefano_oppopietro_ruta,noc_ita
athlete_samuel_girard,noc_can
athlete_john_henry_krueger,noc_usa
athlete_seo_yi_ra,noc_kor
athlete_betty_heidler,noc_ger
athlete_nathan_chen,noc_usa
athlete_yuma_kagiyama,noc_jpn
athlete_shoma_uno,noc_jpn
athlete_chen_yunxiazhang_linglü_yangcui_xiaotong,noc_chn
athlete_agnieszka_kobusmarta_wieliczkomaria_sajdakkatarzyna_zillmann,noc_pol
athlete_ria_thompsonrowena_meredithharriet_hudsoncaitlin_cronin,noc_aus
athlete_naohisa_takato,noc_jpn
athlete_yang_yung_wei,noc_tpe
athlete_yeldos_smetov,noc_kaz
athlete_luka_mkheidze,noc_fra
athlete_suzanne_schulting,noc_ned
athlete_kim_boutin,noc_can
athlete_arianna_fontana,noc_ita
athlete_meryl_davisand_charlie_white,noc_usa
athlete_oksana_domninaand_maxim_shabalin,noc_rus
athlete_nicoleta_ancuța_bodnarsimona_radiș,noc_rou
athlete_brooke_donoghuehannah_osborne,noc_nzl
athlete_roos_de_jonglisa_scheenaard,noc_ned
athlete_anna_shcherbakova,noc_roc
athlete_alexandra_trusova,noc_roc
athlete_kaori_sakamoto,noc_jpn
athlete_sharon_van_rouwendaal,noc_ned
athlete_rachele_bruni,noc_ita
athlete_poliana_okimoto,noc_bra
athlete_christina_obergföll,noc_ger
athlete_linda_stahl,noc_ger
athlete_mika_sugimoto,noc_jpn
athlete_karina_bryant,noc_gbr
athlete_dafne_schippers,noc_ned
athlete_hifumi_abe,noc_jpn
athlete_vazha_margvelashvili,noc_geo
athlete_an_ba_ul,noc_kor
athlete_daniel_cargnin,noc_bra
athlete_jaroslav_kulhavý,noc_cze
athlete_nino_schurter,noc_sui
athlete_marco_aurelio_fontana,noc_ita
athlete_kaillie_humphries,noc_usa
athlete_elana_meyers_taylor,noc_usa
athlete_christine_de_bruin,noc_can
athlete_dilshod_nazarov,noc_tjk
athlete_ivan_tsikhan,noc_blr
athlete_wojciech_nowicki,noc_pol
athlete_tom_mackintoshhamish_bondtom_murraymichael_brakedan_williamsonphillip_wilsonshaun_kirkhammatt_macdonaldsam_bosworth,noc_nzl
athlete_johannes_weißenfeldlaurits_follertolaf_roggensacktorben_johannesenjakob_schneidermalte_jakschikrichard_schmidthannes_ocikmartin_sauer,noc_ger
athlete_josh_bugajskijacob_dawsonthomas_georgemoe_sbihicharles_elwesoliver_wynne_griffithjames_rudkinthomas_fordhenry_fieldman,noc_gbr
athlete_james_thompsonmatthew_brittainjohn_smithsizwe_ndlovu,noc_rsa
athlete_peter_chambersrob_williamsrichard_chamberschris_bartley,noc_gbr
athlete_kasper_winther_jørgensenmorten_jørgensenjacob_barsøeeskild_ebbesen,noc_den
athlete_arsen_galstyan,noc_rus
athlete_hiroaki_hiraoka,noc_jpn
athlete_felipe_kitadai,noc_bra
athlete_rishod_sobirov,noc_uzb
athlete_monica_puig,noc_pur
athlete_angelique_kerber,noc_ger
athlete_petra_kvitová,noc_cze
athlete_martin_fourcade,noc_fra
athlete_simon_schempp,noc_ger
athlete_emil_hegle_svendsen,noc_nor
athlete_thiago_braz,noc_bra
athlete_sam_kendricks,noc_usa
athlete_ferry_weertman,noc_ned
athlete_spyridon_gianniotis,noc_gre
athlete_marc_antoine_olivier,noc_fra
athlete_uta_abe,noc_jpn
athlete_amandine_buchard,noc_fra
athlete_odette_giuffrida,noc_ita
athlete_chelsie_giles,noc_gbr
athlete_sakura_yosozumi,noc_jpn
athlete_kokona_hiraki,noc_jpn
athlete_sky_brown,noc_gbr
athlete_omar_mcleod,noc_jam
athlete_orlando_ortega,noc_esp
athlete_dimitri_bascou,noc_fra
athlete_ryan_crouser,noc_usa
athlete_joe_kovacs,noc_usa
athlete_tomas_walsh,noc_nzl
athlete_michael_phelps,noc_usa
athlete_masato_sakai,noc_jpn
athlete_tamás_kenderesi,noc_hun
athlete_valentina_rodinifederica_cesarini,noc_ita
athlete_laura_tarantolaclaire_bové,noc_fra
athlete_marieke_keijserilse_paulis,noc_ned
athlete_nathan_adrian,noc_usa
athlete_james_magnussen,noc_aus
athlete_brent_hayden,noc_can
athlete_grace_prendergastkerri_gowler,noc_nzl
athlete_vasilisa_stepanovaelena_oriabinskaia,noc_roc
athlete_caileigh_filmerhillary_janssens,noc_can
athlete_lisa_roman_kasia_gruchalla_wesierski_christine_roper_andrea_proske_susanne_grainger_madison_mailey_sydney_payne_avalon_wasteneys_kristen_kit,noc_can
athlete_ella_greenslade_emma_dykelucy_spoors_kelsey_bevangrace_prendergast_kerri_gowler_beth_ross_jackie_gowler_caleb_shepherd,noc_nzl
athlete_wang_zifeng_wang_yuwei_xu_fei_miao_tian_zhang_min_ju_rui_li_jingjing_guo_linlin_zhang_dechang,noc_chn
athlete_lee_yangwang_chi_lin,noc_tpe
athlete_li_junhuiliu_yuchen,noc_chn
athlete_aaron_chiasoh_wooi_yik,noc_mas
athlete_yuzuru_hanyu,noc_jpn
athlete_javier_fernández,noc_esp
athlete_anna_watkinskatherine_grainger,noc_gbr
athlete_kim_crowbrooke_pratley,noc_aus
athlete_magdalena_fularczykjulia_michalska,noc_pol
athlete_laura_noltedeborah_levi,noc_ger
athlete_mariama_jamankaalexandra_burghardt,noc_ger
athlete_elana_meyers_taylorsylvia_hoffman,noc_usa
athlete_eliud_kipchoge,noc_ken
athlete_feyisa_lilesa,noc_eth
athlete_galen_rupp,noc_usa
athlete_mahé_drysdale,noc_nzl
athlete_ondřej_synek,noc_cze
athlete_nadezhda_skardinoiryna_kryukodzinara_alimbekavadarya_domracheva,noc_blr
athlete_linn_perssonmona_brorssonanna_magnussonhanna_öberg,noc_swe
athlete_anaïs_chevaliermarie_dorin_habertjustine_braisazanaïs_bescond,noc_fra
athlete_michael_tinsley,noc_usa
athlete_javier_culson,noc_pur
athlete_thiago_pereira,noc_bra
athlete_kosuke_hagino,noc_jpn
athlete_chris_mearsjack_laugher,noc_gbr
athlete_sam_dormanmichael_hixon,noc_usa
athlete_cao_yuanqin_kai,noc_chn
athlete_kaillie_humphriesheather_moyse,noc_can
athlete_helen_uppertonshelley_ann_brown,noc_can
athlete_erin_pacelana_meyers,noc_usa
athlete_sabine_spitz,noc_ger
athlete_maja_włoszczowska,noc_pol
athlete_irina_kalentieva,noc_rus
athlete_chen_ruolin,noc_chn
athlete_brittany_broben,noc_aus
athlete_pandelela_rinong,noc_mas
athlete_carlos_coloma_nicolás,noc_esp
athlete_jenny_rissveds,noc_swe
athlete_catharine_pendrel,noc_can
athlete_laura_ludwigkira_walkenhorst,noc_ger
athlete_ágatha_bednarczukbárbara_seixas,noc_bra
athlete_april_rosskerri_walsh_jennings,noc_usa
athlete_jennifer_suhr,noc_usa
athlete_yarisley_silva,noc_cub
athlete_yelena_isinbayeva,noc_rus
athlete_aksel_lund_svindal,noc_nor
athlete_bode_miller,noc_usa
athlete_andrew_weibrecht,noc_usa
athlete_misaki_matsutomoayaka_takahashi,noc_jpn
athlete_christinna_pedersenkamilla_rytter_juhl,noc_den
athlete_jung_kyung_eunshin_seung_chan,noc_kor
athlete_yohan_blake,noc_jam
athlete_warren_weir,noc_jam
athlete_sally_pearson,noc_aus
athlete_dawn_harper,noc_usa
athlete_kellie_wells,noc_usa
athlete_jemima_sumgong,noc_ken
athlete_eunice_kirwa,noc_brn
athlete_mare_dibaba,noc_eth
athlete_fu_haifengzhang_nan,noc_chn
athlete_goh_v_shemtan_wee_kiong,noc_mas
athlete_marcus_ellischris_langridge,noc_gbr
athlete_larisa_ilchenko,noc_rus
athlete_keri_anne_payne,noc_gbr
athlete_cassandra_patten,noc_gbr
athlete_laura_dahlmeier,noc_ger
athlete_marte_olsbu,noc_nor
athlete_veronika_vítková,noc_cze
athlete_elana_meyerslauryn_williams,noc_usa
athlete_jamie_greubelaja_evans,noc_usa
athlete_an_kum_ae,noc_prk
athlete_yanet_bermoy,noc_cub
athlete_priscilla_gneto,noc_fra
athlete_rosalba_forciniti,noc_ita
athlete_masae_ueno,noc_jpn
athlete_anaysi_hernández,noc_cub
athlete_ronda_rousey,noc_usa
athlete_edith_bosch,noc_ned
athlete_chang_hye_jin,noc_kor
athlete_lisa_unruh,noc_ger
athlete_ki_bo_bae,noc_kor
athlete_anastasiya_kuzmina,noc_svk
athlete_anaïs_bescond,noc_fra
athlete_stephen_kiprotich,noc_uga
athlete_abel_kirui,noc_ken
athlete_wilson_kipsang,noc_ken
athlete_justin_gatlin,noc_usa
athlete_samuel_wanjiru,noc_ken
athlete_jaouad_gharib,noc_mar
athlete_tsegay_kebede,noc_eth
athlete_marianne_vos,noc_ned
athlete_lizzie_armitstead,noc_gbr
athlete_tagir_khaybulaev,noc_rus
athlete_naidangiin_tüvshinbayar,noc_mgl
athlete_dimitri_peters,noc_ger
athlete_henk_grol,noc_ned
athlete_alison_ceruttibruno_oscar_schmidt,noc_bra
athlete_daniele_lupopaolo_nicolai,noc_ita
athlete_alexander_brouwerrobert_meeuwsen,noc_ned
athlete_lasse_norman_hansen,noc_den
athlete_bryan_coquard,noc_fra
athlete_ed_clancy,noc_gbr
athlete_tariku_bekele,noc_eth
athlete_qieyang_shijie,noc_chn
athlete_li_xuerui,noc_chn
athlete_wang_yihan,noc_chn
athlete_saina_nehwal,noc_ind
athlete_lucas_tramèrsimon_schürchsimon_niepmannmario_gyr,noc_sui
athlete_jacob_barsøejacob_larsenkasper_winther_jørgensenmorten_jørgensen,noc_den
athlete_franck_solforosithomas_baroukhguillaume_raineauthibault_colard,noc_fra
athlete_miroslava_knapková,noc_cze
athlete_fie_udby_erichsen,noc_den
athlete_kim_crow,noc_aus
athlete_miklós_ungvári,noc_hun
athlete_cho_jun_ho,noc_kor
athlete_masashi_ebinuma,noc_jpn
athlete_ilse_paulismaaike_head,noc_ned
athlete_lindsay_jennerichpatricia_obee,noc_can
athlete_huang_wenyipan_feihong,noc_chn
athlete_alan_campbell,noc_gbr
athlete_alex_gregorytom_jamespete_reedandrew_triggs_hodge,noc_gbr
athlete_james_chapmanjosh_dunkley_smithdrew_ginnwill_lockwood,noc_aus
athlete_charlie_colescott_gaultglenn_ochalhenrik_rummel,noc_usa
athlete_lee_yong_daelee_hyo_jung,noc_kor
athlete_nova_widiantoliliyana_natsir,noc_ina
athlete_he_hanbinyu_yang,noc_chn
athlete_mariana_pajón,noc_col
athlete_alise_post,noc_usa
athlete_stefany_hernández,noc_ven
athlete_cai_yunfu_haifeng,noc_chn
athlete_mathias_boecarsten_mogensen,noc_den
athlete_jung_jae_sunglee_yong_dae,noc_kor
athlete_tontowi_ahmadliliyana_natsir,noc_ina
athlete_chan_peng_soongoh_liu_ying,noc_mas
athlete_zhang_nanzhao_yunlei,noc_chn
athlete_arnd_peiffer,noc_ger
athlete_michal_krčmář,noc_cze
athlete_dominik_windisch,noc_ita
athlete_julien_absalon,noc_fra
athlete_jean_christophe_péraud,noc_fra
athlete_keshorn_walcott,noc_tri
athlete_antti_ruuskanen,noc_fin
athlete_vítězslav_veselý,noc_cze
athlete_luo_yutongqin_kai,noc_chn
athlete_ilya_zakharovevgeny_kuznetsov,noc_rus
athlete_troy_dumaiskristian_ipsen,noc_usa
athlete_maddie_bowman,noc_usa
athlete_marie_martinod,noc_fra
athlete_ayana_onozuka,noc_jpn
athlete_oussama_mellouli,noc_tun
athlete_thomas_lurz,noc_ger
athlete_richard_weinberger,noc_can
athlete_chang_hye_jinchoi_mi_sunki_bo_bae,noc_kor
athlete_tuyana_dashidorzhievaksenia_perovainna_stepanova,noc_rus
athlete_le_chien_yinglin_shih_chiatan_ya_ting,noc_tpe
athlete_roniel_iglesias,noc_cub
athlete_denys_berinchyk,noc_ukr
athlete_vincenzo_mangiacapre,noc_ita
athlete_uranchimegiin_mönkh_erdene,noc_mgl
athlete_sanya_richards_ross,noc_usa
athlete_christine_ohuruogu,noc_gbr
athlete_deedee_trotter,noc_usa
athlete_ilya_zakharov,noc_rus
athlete_qin_kai,noc_chn
athlete_he_chong,noc_chn
athlete_mao_asada,noc_jpn
athlete_joannie_rochette,noc_can
athlete_cao_yuanzhang_yanquan,noc_chn
athlete_iván_garcíagermán_sánchez,noc_mex
athlete_david_boudianicholas_mccrory,noc_usa
athlete_viktor_axelsen,noc_den
athlete_shen_xueand_zhao_hongbo,noc_chn
athlete_pang_qingand_tong_jian,noc_chn
athlete_aljona_savchenkoand_robin_szolkowy,noc_ger
athlete_anna_van_der_breggen,noc_ned
athlete_elisa_longo_borghini,noc_ita
athlete_helen_gloverheather_stanning,noc_gbr
athlete_genevieve_behrentrebecca_scown,noc_nzl
athlete_hedvig_rasmussenanne_andersen,noc_den
athlete_david_wise,noc_usa
athlete_mike_riddle,noc_can
athlete_kevin_rolland,noc_fra
athlete_mansur_isaev,noc_rus
athlete_riki_nakaya,noc_jpn
athlete_nyam_ochir_sainjargal,noc_mgl
athlete_ugo_legrand,noc_fra
athlete_luguelín_santos,noc_dom
athlete_lalonde_gordon,noc_tri
athlete_pierre_houinjérémie_azou,noc_fra
athlete_gary_odonovanpaul_odonovan,noc_irl
athlete_kristoffer_brunare_strandli,noc_nor
athlete_jolien_dhoore,noc_bel
athlete_michael_schmid,noc_sui
athlete_andreas_matt,noc_aut
athlete_audun_grønvold,noc_nor
athlete_jessica_ennis,noc_gbr
athlete_lilli_schwarzkopf,noc_ger
athlete_austra_skujytė,noc_ltu
athlete_li_ling,noc_chn
athlete_eric_murrayhamish_bond,noc_nzl
athlete_lawrence_brittainshaun_keeling,noc_rsa
athlete_giovanni_abagnalemarco_di_costanzo,noc_ita
athlete_olha_saladukha,noc_ukr
athlete_elena_ilinykhand_nikita_katsalapov,noc_rus
athlete_karl_schulzephilipp_wendelauritz_schooftim_grohmann,noc_ger
athlete_david_šainmartin_sinkovićdamir_martinvalent_sinković,noc_cro
athlete_chris_morgankarsten_forsterlingjames_mcraedaniel_noonan,noc_aus
athlete_tatiana_volosozharand_maxim_trankov,noc_rus
athlete_ksenia_stolbovaand_fedor_klimov,noc_rus
athlete_matthias_mayer,noc_aut
athlete_christof_innerhofer,noc_ita
athlete_kjetil_jansrud,noc_nor
athlete_hanna_öberg,noc_swe
athlete_mindaugas_griškonissaulius_ritter,noc_ltu
athlete_kjetil_borcholaf_tufte,noc_nor
athlete_carmelita_jeter,noc_usa
athlete_veronica_campbell_brown,noc_jam
athlete_mads_rasmussenrasmus_quist_hansen,noc_den
athlete_zac_purchasemark_hunter,noc_gbr
athlete_storm_urupeter_taylor,noc_nzl
athlete_peppe_femlingjesper_nelinsebastian_samuelssonfredrik_lindström,noc_swe
athlete_lars_helge_birkelandtarjei_bøjohannes_thingnes_bøemil_hegle_svendsen,noc_nor
athlete_erik_lesserbenedikt_dollarnd_peiffersimon_schempp,noc_ger
athlete_emily_regankerry_simmondsamanda_polklauren_schmetterlingtessa_gobbomeghan_musnickielle_loganamanda_elmorekatelin_snyder,noc_usa
athlete_katie_grevesmelanie_wilsonfrances_houghtonpolly_swannjessica_eddieolivia_carnegie_brownkaren_bennettzoe_leezoe_de_toledo,noc_gbr
athlete_roxana_cogianuioana_strungarumihaela_petrilăiuliana_popamădălina_bereslaura_opreaadelina_bogușandreea_boghiandaniela_druncea,noc_rou
athlete_germain_chardindorian_mortelette,noc_fra
athlete_george_nashwill_satch,noc_gbr
athlete_lashinda_demus,noc_usa
athlete_zuzana_hejnová,noc_cze
athlete_kaliese_spencer,noc_jam
athlete_sandra_perković,noc_cro
athlete_li_yanfeng,noc_chn
athlete_yarelys_barrios,noc_cub
athlete_nathan_cohenjoseph_sullivan,noc_nzl
athlete_alessio_sartoriromano_battisti,noc_ita
athlete_luka_špikiztok_čop,noc_slo
athlete_ku_bon_chan,noc_kor
athlete_jean_charles_valladont,noc_fra
athlete_brady_ellison,noc_usa
athlete_magdalena_fularczyk_kozłowskanatalia_madaj,noc_pol
athlete_victoria_thornleykatherine_grainger,noc_gbr
athlete_donata_vištartaitėmilda_valčiukaitė,noc_ltu
athlete_alex_gregorymoe_sbihigeorge_nashconstantine_louloudis,noc_gbr
athlete_will_lockwoodjosh_dunkley_smithjosh_boothalexander_hill,noc_aus
athlete_domenico_montronematteo_castaldomatteo_lodogiuseppe_vicino,noc_ita
athlete_tora_bergertiril_eckhoffole_einar_bjørndalenemil_hegle_svendsen,noc_nor
athlete_veronika_vítkovágabriela_soukalovájaroslav_soukupondřej_moravec,noc_cze
athlete_dorothea_wiererkarin_oberhoferdominik_windischlukas_hofer,noc_ita
athlete_marielle_thompson,noc_can
athlete_kelsey_serwa,noc_can
athlete_anna_holmlund,noc_swe
athlete_johannes_thingnes_bø,noc_nor
athlete_jakov_fak,noc_slo
athlete_dominik_landertinger,noc_aut
athlete_song_dae_nam,noc_kor
athlete_asley_gonzález,noc_cub
athlete_ilias_iliadis,noc_gre
athlete_masashi_nishiyama,noc_jpn
athlete_gulnara_samitova_galkina,noc_rus
athlete_eunice_jepkorir,noc_ken
athlete_qiu_bo,noc_chn
athlete_tom_daley,noc_gbr
athlete_julie_bresset,noc_fra
athlete_georgia_gould,noc_usa
athlete_kim_brennan,noc_aus
athlete_genevra_stone,noc_usa
athlete_duan_jingli,noc_chn
athlete_teddy_riner,noc_fra
athlete_aleksandr_mikhailine,noc_rus
athlete_rafael_silva,noc_bra
athlete_andreas_tölzer,noc_ger
athlete_he_ziwu_minxia,noc_chn
athlete_kelci_bryantabigail_johnston,noc_usa
athlete_jennifer_abelémilie_heymans,noc_can
athlete_markis_kidohendra_setiawan,noc_ina
athlete_hwang_ji_manlee_jae_jin,noc_kor
athlete_xu_chenma_jin,noc_chn
athlete_joachim_fischer_nielsenchristinna_pedersen,noc_den
athlete_beat_hefti_alex_baumann,noc_sui
athlete_steven_holcomb_steven_langton,noc_usa
athlete_oskars_melbārdis_daumants_dreiškens,noc_lat
athlete_elia_viviani,noc_ita
athlete_mark_cavendish,noc_gbr
athlete_philipp_wendelauritz_schoofkarl_schulzehans_gruhne,noc_ger
athlete_karsten_forsterlingalexander_belonogoffcameron_girdlestonejames_mcrae,noc_aus
athlete_andrei_jämsäallar_rajatõnu_endreksonkaspar_taimsoo,noc_est
athlete_maarten_van_der_weijden,noc_ned
athlete_david_davies,noc_gbr
athlete_patrick_chan,noc_can
athlete_denis_ten,noc_kaz
athlete_darya_domracheva,noc_blr
athlete_tiril_eckhoff,noc_nor
athlete_natalia_ishchenkosvetlana_romashina,noc_rus
athlete_ona_carbonellandrea_fuentes,noc_esp
athlete_huang_xuechenliu_ou,noc_chn
athlete_kerstin_thiele,noc_ger
athlete_yuri_alvear,noc_col
athlete_björn_ferry,noc_swe
athlete_christoph_sumann,noc_aut
athlete_vincent_jay,noc_fra
athlete_andy_murray,noc_gbr
athlete_juan_martín_del_potro,noc_arg
athlete_kei_nishikori,noc_jpn
athlete_kate_hornseysarah_tait,noc_aus
athlete_juliette_haighrebecca_scown,noc_nzl
athlete_robert_harting,noc_ger
athlete_ehsan_haddadi,noc_iri
athlete_gerd_kanter,noc_est
athlete_carolina_marín,noc_esp
athlete_p_v_sindhu,noc_ind
athlete_nozomi_okuhara,noc_jpn
athlete_ondřej_moravec,noc_cze
athlete_jean_guillaume_béatrix,noc_fra
athlete_krisztián_pars,noc_hun
athlete_primož_kozmus,noc_slo
athlete_koji_murofushi,noc_jpn
athlete_annekatrin_thielecarina_bärjulia_lierlisa_schmidla,noc_ger
athlete_chantal_achterbergnicole_beukersinge_janssencarline_bouw,noc_ned
athlete_maria_springwaldjoanna_leszczyńskaagnieszka_kobusmonika_ciaciuch,noc_pol
athlete_didier_défago,noc_sui
athlete_julius_brinkjonas_reckermann,noc_ger
athlete_alison_ceruttiemanuel_rego,noc_bra
athlete_mārtiņš_pļaviņšjānis_šmēdiņš,noc_lat
athlete_jean_frédéric_chapuis,noc_fra
athlete_arnaud_bovolenta,noc_fra
athlete_jonathan_midol,noc_fra
athlete_sebastian_samuelsson,noc_swe
athlete_benedikt_doll,noc_ger
athlete_evan_lysacek,noc_usa
athlete_evgeni_plushenko,noc_rus
athlete_daisuke_takahashi,noc_jpn
athlete_tian_qingzhao_yunlei,noc_chn
athlete_mizuki_fujiireika_kakiiwa,noc_jpn
athlete_valeria_sorokinanina_vislova,noc_rus
athlete_wu_minxia,noc_chn
athlete_laura_sánchez,noc_mex
athlete_katherine_copelandsophie_hosking,noc_gbr
athlete_xu_dongxiangwenyi_huang,noc_chn
athlete_christina_giazitzidoualexandra_tsiavou,noc_gre
athlete_aleksandr_tretyakov,noc_rus
athlete_martins_dukurs,noc_lat
athlete_matthew_antoine,noc_usa
athlete_hoàng_xuân_vinh,noc_vie
athlete_kim_song_guk,noc_prk
athlete_tom_burton,noc_aus
athlete_tonči_stipanović,noc_cro
athlete_sam_meech,noc_nzl
athlete_henri_junghänel,noc_ger
athlete_kim_jong_hyun,noc_kor
athlete_kirill_grigoryan,noc_rus
athlete_fehaid_al_deehani,noc_ioa
athlete_marco_innocenti,noc_ita
athlete_steven_scott,noc_gbr
athlete_diana_bacosi,noc_ita
athlete_chiara_cainero,noc_ita
athlete_kim_rhode,noc_usa
athlete_simone_bilesgabby_douglaslaurie_hernandezmadison_kocianaly_raisman,noc_usa
athlete_angelina_melnikovaaliya_mustafinamaria_pasekadaria_spiridonovaseda_tutkhalyan,noc_rus
athlete_fan_yilinmao_yishang_chunsongtan_jiaxinwang_yan,noc_chn
athlete_charline_picon,noc_fra
athlete_chen_peina,noc_chn
athlete_stefania_elfutina,noc_rus
athlete_dorian_van_rijsselberghe,noc_ned
athlete_nick_dempsey,noc_gbr
athlete_pierre_le_coq,noc_fra
athlete_anna_korakaki,noc_gre
athlete_monika_karsch,noc_ger
athlete_heidi_diethelm_gerber,noc_sui
athlete_gabriele_rossetti,noc_ita
athlete_marcus_svensson,noc_swe
athlete_abdullah_al_rashidi,noc_ioa
athlete_annalise_murphy,noc_irl
athlete_anne_marie_rindom,noc_den
athlete_katinka_hosszú,noc_hun
athlete_siobhan_marie_oconnor,noc_gbr
athlete_maya_dirado,noc_usa
athlete_margarita_mamun,noc_rus
athlete_yana_kudryavtseva,noc_rus
athlete_ganna_rizatdinova,noc_ukr
athlete_artur_aleksanyan,noc_arm
athlete_yasmany_lugo,noc_cub
athlete_cenk_i̇ldem,noc_tur
athlete_ghasem_rezaei,noc_iri
athlete_amy_tinkler,noc_gbr
athlete_peter_burlingblair_tuke,noc_nzl
athlete_nathan_outteridgeiain_jensen,noc_aus
athlete_erik_heilthomas_plößel,noc_ger
athlete_sebastian_brendel,noc_ger
athlete_isaquias_queiroz,noc_bra
athlete_ilia_shtokalov,noc_rus
athlete_roman_vlasov,noc_rus
athlete_mark_madsen,noc_den
athlete_kim_hyeon_woo,noc_kor
athlete_saeid_abdevali,noc_iri
athlete_santiago_langececilia_carranza,noc_arg
athlete_jason_waterhouselisa_darmanin,noc_aus
athlete_thomas_zajactanja_frank,noc_aut
athlete_giles_scott,noc_gbr
athlete_vasilij_žbogar,noc_slo
athlete_caleb_paine,noc_usa
athlete_mijaín_lópez,noc_cub
athlete_rıza_kayaalp,noc_tur
athlete_sabah_shariati,noc_aze
athlete_sergey_semenov,noc_rus
athlete_anastasia_bliznyukanastasia_maksimovaanastasiia_tatarevamaria_tolkachevavera_biryukova,noc_rus
athlete_sandra_aguilarartemi_gavezouelena_lópezlourdes_mohedanoalejandra_quereda,noc_esp
athlete_reneta_kamberovalyubomira_kazanovamihaela_maevska_velichkovatsvetelina_naydenovahristiana_todorova,noc_bul
athlete_ed_clancysteven_burkeowain_doullbradley_wiggins,noc_gbr
athlete_alex_edmondsonjack_bobridgemichael_hepburnsam_welsfordcallum_scotson,noc_aus
athlete_lasse_norman_hansenniklas_larsenfrederik_madsencasper_von_folsachrasmus_quaade,noc_den
athlete_gabriella_szabódanuta_kozák,noc_hun
athlete_franziska_webertina_dietze,noc_ger
athlete_karolina_najabeata_mikołajczyk,noc_pol
athlete_šime_fantelaigor_marenić,noc_cro
athlete_mathew_belcherwill_ryan,noc_aus
athlete_panagiotis_mantispavlos_kagialis,noc_gre
athlete_huang_xuechensun_wenyan,noc_chn
athlete_yukiko_inuirisako_mitsui,noc_jpn
athlete_lisa_carrington,noc_nzl
athlete_marta_walczykiewicz,noc_pol
athlete_inna_osypenko_radomska,noc_aze
athlete_vlada_chigireva_natalia_ishchenko_svetlana_kolesnichenko_aleksandra_patskevich_svetlana_romashina_alla_shishkina_maria_shurochkina_gelena_topilina_elena_prokofyeva,noc_rus
athlete_gu_xiao_guo_li_li_xiaolu_liang_xinping_sun_wenyan_tang_mengni_yin_chengxin_zeng_zhen_huang_xuechen,noc_chn
athlete_aika_hakoyama_yukiko_inui_kei_marumo_risako_mitsui_kanami_nakamaki_mai_nakamura_kano_omata_kurumi_yoshida_aiko_hayashi,noc_jpn
athlete_davor_štefanek,noc_srb
athlete_mihran_harutyunyan,noc_arm
athlete_shmagi_bolkvadze,noc_geo
athlete_rasul_chunayev,noc_aze
athlete_hannah_millssaskia_clark,noc_gbr
athlete_jo_alehpolly_powrie,noc_nzl
athlete_camille_lecointrehélène_defrance,noc_fra
athlete_martine_graelkahena_kunze,noc_bra
athlete_alex_maloneymolly_meech,noc_nzl
athlete_jena_hansenkatja_salskov_iversen,noc_den
athlete_davit_chakvetadze,noc_rus
athlete_zhan_beleniuk,noc_ukr
athlete_javid_hamzatau,noc_blr
athlete_denis_kudla,noc_ger
athlete_dimitrios_mougiosvasileios_polymeros,noc_gre
athlete_mads_rasmussen_and_rasmus_quist_hansen,noc_den
athlete_nick_skelton,noc_gbr
athlete_peder_fredricson,noc_swe
athlete_eric_lamaze,noc_can
athlete_grégory_baugé,noc_fra
athlete_shane_perkins,noc_aus
athlete_kyle_snyder,noc_usa
athlete_khetag_gazyumov,noc_aze
athlete_albert_saritov,noc_rou
athlete_magomed_ibragimov,noc_uzb
athlete_sebastian_brendeljan_vandrey,noc_ger
athlete_erlon_silvaisaquias_queiroz,noc_bra
athlete_dmytro_ianchuktaras_mishchuk,noc_ukr
athlete_chloe_esposito,noc_aus
athlete_élodie_clouvel,noc_fra
athlete_oktawia_nowacka,noc_pol
athlete_eirik_verås_larsen,noc_nor
athlete_adam_van_koeverden,noc_can
athlete_max_hoff,noc_ger
athlete_abdulrashid_sadulaev,noc_rus
athlete_selim_yaşar,noc_tur
athlete_sharif_sharifov,noc_aze
athlete_jden_cox,noc_usa
athlete_svetlana_boykoaida_chanaevavictoria_nikichinaevgenia_lamonova,noc_rus
athlete_emily_crosserinn_smarthanna_thompson,noc_usa
athlete_margherita_granbassiilaria_salvatorigiovanna_trillinivalentina_vezzali,noc_ita
athlete_liam_heath,noc_gbr
athlete_maxime_beaumont,noc_fra
athlete_saúl_craviotto,noc_esp
athlete_ronald_rauhe,noc_ger
athlete_nicolas_lopezjulien_pilletboris_sanson,noc_fra
athlete_tim_morehousejason_rogerskeeth_smartjames_williams,noc_usa
athlete_aldo_montanodiego_occhiuzzigiampiero_pastoreluigi_tarantino,noc_ita
athlete_danuta_kozák,noc_hun
athlete_emma_jørgensen,noc_den
athlete_saúl_craviottocristian_toro,noc_esp
athlete_liam_heathjon_schofield,noc_gbr
athlete_aurimas_lankasedvinas_ramanauskas,noc_ltu
athlete_helen_maroulis,noc_usa
athlete_saori_yoshida,noc_jpn
athlete_nataliya_synyshyn,noc_aze
athlete_sofia_mattsson,noc_swe
athlete_valentina_vezzali,noc_ita
athlete_nam_hyun_hee,noc_kor
athlete_margherita_granbassi,noc_ita
athlete_philippe_rozier_kevin_staut_roger_yves_bost_pénélope_leprevost,noc_fra
athlete_kent_farrington_lucy_davis_mclain_ward_elizabeth_madden,noc_usa
athlete_daniel_deusser_meredith_michaels_beerbaum_ludger_beerbaum_christian_ahlmann,noc_ger
athlete_chen_wei_ling,noc_tpe
athlete_im_jyoung_hwa,noc_kor
athlete_pensiri_laosirikul,noc_tha
athlete_taha_akgül,noc_tur
athlete_komeil_ghasemi,noc_iri
athlete_ibrahim_saidau,noc_blr
athlete_geno_petriashvili,noc_geo
athlete_aleksander_lesun,noc_rus
athlete_pavlo_tymoshchenko,noc_ukr
athlete_ismael_hernández,noc_mex
athlete_erica_wiebe,noc_can
athlete_guzel_manyurova,noc_kaz
athlete_zhang_fengliu,noc_chn
athlete_ekaterina_bukina,noc_rus
athlete_ren_qian,noc_chn
athlete_si_yajie,noc_chn
athlete_meaghan_benfeito,noc_can
athlete_fabrice_jeannetjérôme_jeannetulrich_robeiri,noc_fra
athlete_robert_andrzejuktomasz_motykaadam_wierciochradosław_zawrotniak,noc_pol
athlete_stefano_carozzodiego_confalonierialfredo_rotamatteo_tagliariol,noc_ita
athlete_torah_bright,noc_aus
athlete_hannah_teter,noc_usa
athlete_kelly_clark,noc_usa
athlete_hassan_yazdani,noc_iri
athlete_aniuar_geduev,noc_rus
athlete_jabrayil_hasanov,noc_aze
athlete_soner_demirtaş,noc_tur
athlete_max_rendschmidttom_liebschermax_hoffmarcus_gross,noc_ger
athlete_denis_myšákerik_vlčekjuraj_tarrtibor_linka,noc_svk
athlete_daniel_havellukáš_trefiljosef_dostáljan_štěrba,noc_cze
athlete_tom_slingsby,noc_aus
athlete_pavlos_kontides,noc_cyp
athlete_rasmus_myrgren,noc_swe
athlete_sarah_aytonsarah_webbpippa_wilson,noc_gbr
athlete_mandy_mulderannemieke_besmerel_witteveen,noc_ned
athlete_sofia_bekatorouvirginia_kravariotisofia_papadopoulou,noc_gre
athlete_lin_qingfeng,noc_chn
athlete_triyatno,noc_ina
athlete_kim_myong_hyok,noc_prk
athlete_sara_dosho,noc_jpn
athlete_natalia_vorobieva,noc_rus
athlete_elmira_syzdykova,noc_kaz
athlete_jenny_fransson,noc_swe
athlete_eri_tosaka,noc_jpn
athlete_mariya_stadnik,noc_aze
athlete_sun_yanan,noc_chn
athlete_elitsa_yankova,noc_bul
athlete_vladimer_khinchegashvili,noc_geo
athlete_rei_higuchi,noc_jpn
athlete_haji_aliyev,noc_aze
athlete_hassan_rahimi,noc_iri
athlete_kirsten_van_der_kolk_and_marit_van_eupen,noc_ned
athlete_minna_nieminen_and_sanna_stén,noc_fin
athlete_tracy_cameron_and_melanie_kok,noc_can
athlete_konrad_wasielewskimarek_kolbowiczmichał_jelińskiadam_korol,noc_pol
athlete_luca_agamennonisimone_venierrossano_galtarossasimone_raineri,noc_ita
athlete_jonathan_coefficpierre_jean_peltierjulien_bahaincédric_berrest,noc_fra
athlete_thomas_ebertmorten_jørgensenmads_anderseneskild_ebbesen,noc_den
athlete_łukasz_pawłowskibartłomiej_pawełczakmiłosz_bernatajtyspaweł_rańda,noc_pol
athlete_iain_brambelljon_bearemike_lewisliam_parsons,noc_can
athlete_kaori_icho,noc_jpn
athlete_valeria_koblova,noc_rus
athlete_marwa_amri,noc_tun
athlete_sakshi_malik,noc_ind
athlete_victoria_pendleton,noc_gbr
athlete_guo_shuang,noc_chn
athlete_yuriy_cheban,noc_ukr
athlete_valentin_demyanenko,noc_aze
athlete_gwen_jorgensen,noc_usa
athlete_nicola_spirig_hug,noc_sui
athlete_vicky_holland,noc_gbr
athlete_soslan_ramonov,noc_rus
athlete_toghrul_asgarov,noc_aze
athlete_frank_chamizo,noc_ita
athlete_ikhtiyor_navruzov,noc_uzb
athlete_gabriella_szabódanuta_kozáktamara_csipeskrisztina_fazekas,noc_hun
athlete_sabrina_heringfranziska_webersteffi_kriegersteintina_dietze,noc_ger
athlete_marharyta_makhnevanadzeya_liapeshkavolha_khudzenkamaryna_litvinchuk,noc_blr
athlete_mélina_robert_michon,noc_fra
athlete_denia_caballero,noc_cub
athlete_risako_kawai,noc_jpn
athlete_maryia_mamashuk,noc_blr
athlete_yekaterina_larionova,noc_kaz
athlete_monika_michalik,noc_pol
athlete_paul_goodison,noc_gbr
athlete_diego_romero,noc_ita
athlete_max_whitlock,noc_gbr
athlete_diego_hypólito,noc_bra
athlete_arthur_mariano,noc_bra
athlete_kōhei_uchimura,noc_jpn
athlete_oleg_verniaiev,noc_ukr
athlete_eleftherios_petrounias,noc_gre
athlete_arthur_zanetti,noc_bra
athlete_denis_ablyazin,noc_rus
athlete_sanne_wevers,noc_ned
athlete_laurie_hernandez,noc_usa
athlete_danell_leyva,noc_usa
athlete_david_belyavskiy,noc_rus
athlete_maria_paseka,noc_rus
athlete_giulia_steingruber,noc_sui
athlete_goldie_sayers,noc_gbr
athlete_alan_khugaev,noc_rus
athlete_karam_gaber,noc_egy
athlete_daniyal_gadzhiyev,noc_kaz
athlete_damian_janikowski,noc_pol
athlete_marina_alabau,noc_esp
athlete_tuuli_petäjä,noc_fin
athlete_zofia_klepacka,noc_pol
athlete_jason_lamy_chappuis,noc_fra
athlete_johnny_spillane,noc_usa
athlete_alessandro_pittin,noc_ita
athlete_louis_smith,noc_gbr
athlete_alexander_naddour,noc_usa
athlete_josip_glasnović,noc_cro
athlete_giovanni_pellielo,noc_ita
athlete_edward_ling,noc_gbr
athlete_yury_postrigayalexander_dyachenko,noc_rus
athlete_raman_piatrushenkavadzim_makhneu,noc_blr
athlete_lü_xiaojun,noc_chn
athlete_lu_haojie,noc_chn
athlete_iván_cambar,noc_cub
athlete_ryōhei_katōkenzō_shiraiyūsuke_tanakakōhei_uchimurakoji_yamamuro,noc_jpn
athlete_denis_ablyazindavid_belyavskiyivan_stretovichnikolai_kuksenkovnikita_nagornyy,noc_rus
athlete_deng_shudilin_chaopanliu_yangyou_haozhang_chenglong,noc_chn
athlete_fabian_hambüchen,noc_ger
athlete_nile_wilson,noc_gbr
athlete_carl_hesterlaura_bechtolsheimercharlotte_dujardin,noc_gbr
athlete_dorothee_schneiderkristina_sprehehelen_langehanenberg,noc_ger
athlete_anky_van_grunsvenedward_galadelinde_cornelissen,noc_ned
athlete_dana_vollmer,noc_usa
athlete_lu_ying,noc_chn
athlete_alicia_coutts,noc_aus
athlete_ri_se_gwang,noc_prk
athlete_kenzō_shirai,noc_jpn
athlete_madison_kocian,noc_usa
athlete_sophie_scheder,noc_ger
athlete_anthony_joshua,noc_gbr
athlete_roberto_cammarelle,noc_ita
athlete_magomedrasul_majidov,noc_aze
athlete_ivan_dychko,noc_kaz
athlete_catherine_skinner,noc_aus
athlete_natalie_rooney,noc_nzl
athlete_corey_cogdell,noc_usa
athlete_janeth_jepkosgei_busienei,noc_ken
athlete_hasna_benhassi,noc_mar
athlete_gabriella_szabódanuta_kozákkatalin_kovácskrisztina_fazekas_zur,noc_hun
athlete_carolin_leonhardtfranziska_weberkatrin_wagner_augustintina_dietze,noc_ger
athlete_iryna_pamialovanadzeya_papokvolha_khudzenkamaryna_pautaran,noc_blr
athlete_ma_long,noc_chn
athlete_zhang_jike,noc_chn
athlete_jun_mizutani,noc_jpn
athlete_xiang_yanmei,noc_chn
athlete_zhazira_zhapparkul,noc_kaz
athlete_sara_ahmed,noc_egy
athlete_sally_mclellan,noc_aus
athlete_priscilla_lopes_schliep,noc_can
athlete_sun_yang,noc_chn
athlete_peter_vanderkaay,noc_usa
athlete_egor_mekhontsev,noc_rus
athlete_adilbek_niyazymbetov,noc_kaz
athlete_yamaguchi_falcão,noc_bra
athlete_oleksandr_gvozdyk,noc_ukr
athlete_sylvia_kibet,noc_ken
athlete_wu_jingyu,noc_chn
athlete_brigitte_yagüe,noc_esp
athlete_chanatip_sonkham,noc_tha
athlete_lucija_zaninović,noc_cro
athlete_serik_sapiyev,noc_kaz
athlete_fred_evans,noc_gbr
athlete_taras_shelestyuk,noc_ukr
athlete_andrey_zamkovoy,noc_rus
athlete_zhang_mengxue,noc_chn
athlete_vitalina_batsarashkina,noc_rus
athlete_jan_frodeno,noc_ger
athlete_simon_whitfield,noc_can
athlete_bevan_docherty,noc_nzl
athlete_radik_isayev,noc_aze
athlete_abdoul_issoufou,noc_nig
athlete_maicon_siqueira,noc_bra
athlete_cha_dong_min,noc_kor
athlete_denis_gargaud_chanut,noc_fra
athlete_matej_beňuš,noc_svk
athlete_takuya_haneda,noc_jpn
athlete_meng_suping,noc_chn
athlete_kim_kuk_hyang,noc_prk
athlete_sarah_robles,noc_usa
athlete_jade_jones,noc_gbr
athlete_eva_calvo,noc_esp
athlete_hedaya_malak,noc_egy
athlete_kimia_alizadeh,noc_iri
athlete_anne_caroline_chausson,noc_fra
athlete_laëtitia_le_corguillé,noc_fra
athlete_jill_kintner,noc_usa
athlete_matthew_emmons,noc_usa
athlete_robeisy_ramírez,noc_cub
athlete_nyambayaryn_tögstsogt,noc_mgl
athlete_misha_aloyan,noc_rus
athlete_michael_conlan,noc_irl
athlete_artur_ayvazyan,noc_ukr
athlete_warren_potent,noc_aus
athlete_anastasia_davydovaanastasia_ermakova,noc_rus
athlete_andrea_fuentesgemma_mengual,noc_esp
athlete_saho_haradaemiko_suzuki,noc_jpn
athlete_sönke_rothenbergerdorothee_schneiderkristina_bröring_spreheisabell_werth,noc_ger
athlete_spencer_wiltonfiona_bigwoodcarl_hestercharlotte_dujardin,noc_gbr
athlete_allison_brockkasey_perry_glasssteffen_peterslaura_graves,noc_usa
athlete_nicolien_sauerbreij,noc_ned
athlete_yekaterina_ilyukhina,noc_rus
athlete_marion_kreiner,noc_aut
athlete_zheng_shuyin,noc_chn
athlete_maría_espinoza,noc_mex
athlete_bianca_walkden,noc_gbr
athlete_jackie_galloway,noc_usa
athlete_britta_heidemann,noc_ger
athlete_ana_maria_brânză,noc_rou
athlete_ildikó_mincza_nébald,noc_hun
athlete_deng_wei,noc_chn
athlete_choe_hyo_sim,noc_prk
athlete_karina_goricheva,noc_kaz
athlete_maialen_chourraut,noc_esp
athlete_luuka_jones,noc_nzl
athlete_jessica_fox,noc_aus
athlete_antón_paz_fernando_echávarri,noc_esp
athlete_darren_bundockglenn_ashby,noc_aus
athlete_santiago_lange_carlos_espínola,noc_arg
athlete_vincent_hancock,noc_usa
athlete_tore_brovold,noc_nor
athlete_anthony_terras,noc_fra
athlete_taner_sağır,noc_tur
athlete_sergey_filimonov,noc_kaz
athlete_reyhan_arabacıoğlu,noc_tur
athlete_rie_kaneto,noc_jpn
athlete_yuliya_yefimova,noc_rus
athlete_shi_jinglin,noc_chn
athlete_yoanka_gonzález,noc_cub
athlete_leire_olaberria,noc_esp
athlete_lisa_westerhoflobke_berkhout,noc_ned
athlete_ha_tae_kwon_kim_dong_moon,noc_kor
athlete_lee_dong_sooyoo_yong_sung,noc_kor
athlete_eng_hianflandy_limpele,noc_ina
athlete_tamás_lőrincz,noc_hun
athlete_manuchar_tskhadaia,noc_geo
athlete_steeve_guénot,noc_fra
athlete_martin_ponsiluoma,noc_swe
athlete_vetle_sjåstad_christiansen,noc_nor
athlete_brimin_kiprop_kipruto,noc_ken
athlete_richard_kipkemboi_mateelong,noc_ken
athlete_tate_smithdave_smithmurray_stewartjacob_clear,noc_aus
athlete_zoltán_kammererdávid_tóthtamás_kulifaidániel_pauman,noc_hun
athlete_virginia_thrasher,noc_usa
athlete_yi_siling,noc_chn
athlete_bernhard_gruberfelix_gottwaldmario_stecherdavid_kreiner,noc_aut
athlete_brett_camerotatodd_lodwickjohnny_spillanebill_demong,noc_usa
athlete_johannes_rydzektino_edelmanneric_frenzelbjörn_kircheisen,noc_ger
athlete_rob_waddell,noc_nzl
athlete_xeno_müller,noc_sui
athlete_marcel_hacker,noc_ger
athlete_xu_li,noc_chn
athlete_tonya_verbeek,noc_can
athlete_jackeline_rentería,noc_col
athlete_matteo_tagliariol,noc_ita
athlete_fabrice_jeannet,noc_fra
athlete_josé_luis_abajo,noc_esp
athlete_michael_mcintyre_bryn_vaile,noc_gbr
athlete_mark_reynolds_hal_haenel,noc_usa
athlete_torben_grael_nelson_falcão,noc_bra
athlete_claressa_shields,noc_usa
athlete_nadezda_torlopova,noc_rus
athlete_marina_volnova,noc_kaz
athlete_li_jinzi,noc_chn
athlete_kathryn_watt,noc_aus
athlete_jeannie_longo_ciprelli,noc_fra
athlete_monique_knol,noc_ned
athlete_fredrik_lööfanders_ekström,noc_swe
athlete_thomas_lange,noc_gdr
athlete_peter_michael_kolbe,noc_frg
athlete_eric_verdonk,noc_nzl
athlete_kerstin_köppenkathrin_boron,noc_ger
athlete_veronica_cochelaelisabeta_lipă,noc_rou
athlete_gu_xiaolilu_huali,noc_chn
athlete_joseph_schooling,noc_sin
athlete_chad_le_clos,noc_rsa
athlete_lászló_cseh,noc_hun
athlete_luis_doreste_domingo_manrique,noc_esp
athlete_paul_foerster_stephen_bourdow,noc_usa
athlete_jørgen_bojsen_møller_jens_bojsen_møller,noc_den
athlete_agostino_abbagnalealessio_sartorirossano_galtarossasimone_raineri,noc_ita
athlete_jochem_verbernedirk_lippitsdiederik_simonmichiel_bartman,noc_ned
athlete_marco_geislerandreas_hajekstephan_volkertandré_willms,noc_ger
athlete_florence_griffith_joyner,noc_usa
athlete_evelyn_ashford,noc_usa
athlete_heike_drechsler,noc_gdr
athlete_jutta_niehaus,noc_frg
athlete_laima_zilporytė,noc_urs
athlete_david_cal,noc_esp
athlete_mark_oldershaw,noc_can
athlete_lim_su_jeong,noc_kor
athlete_azize_tanrıkulu,noc_tur
athlete_diana_lópez,noc_usa
athlete_martina_zubčić,noc_cro
athlete_sarah_sjöström,noc_swe
athlete_emma_mckeon,noc_aus
athlete_alessia_filippi,noc_ita
athlete_lotte_friis,noc_den
athlete_pernille_blume,noc_den
athlete_simone_manuel,noc_usa
athlete_aliaksandra_herasimenia,noc_blr
athlete_zhong_man,noc_chn
athlete_nicolas_lopez,noc_fra
athlete_mihai_covaliu,noc_rou
athlete_lim_hyo_jun,noc_kor
athlete_sjinkie_knegt,noc_ned
athlete_semion_elistratov,noc_oar
athlete_andy_holmessteve_redgrave,noc_gbr
athlete_dănuț_dobredragoș_neagu,noc_rou
athlete_sadik_mujkičbojan_prešern,noc_yug
athlete_ji_xinpeng,noc_chn
athlete_hendrawan,noc_ina
athlete_xia_xuanze,noc_chn
athlete_thierry_péponnet_luc_pillot,noc_fra
athlete_tõnu_tõniste_toomas_tõniste,noc_urs
athlete_john_shadden_charles_mckee,noc_usa
athlete_angela_alupeiconstanța_burcică,noc_rom
athlete_claudia_blasbergvalerie_viehoff,noc_ger
athlete_christine_collinssarah_garner,noc_usa
athlete_arlen_lópez,noc_cub
athlete_bektemir_melikuziev,noc_uzb
athlete_kamran_shakhsuvarly,noc_aze
athlete_misael_rodríguez,noc_mex
athlete_ranomi_kromowidjojo,noc_ned
athlete_marleen_veldhuis,noc_ned
athlete_kristin_otto,noc_gdr
athlete_krisztina_egerszegi,noc_hun
athlete_cornelia_sirch,noc_gdr
athlete_wu_dajing,noc_chn
athlete_hwang_dae_heon,noc_kor
athlete_justin_rose,noc_gbr
athlete_henrik_stenson,noc_swe
athlete_matt_kuchar,noc_usa
athlete_zhang_xiangxiang,noc_chn
athlete_diego_salazar,noc_col
athlete_beslan_mudranov,noc_rus
athlete_diyorbek_urozboev,noc_uzb
athlete_katie_taylor,noc_irl
athlete_sofya_ochigava,noc_rus
athlete_mavzuna_chorieva,noc_tjk
athlete_adriana_araujo,noc_bra
athlete_tony_estanguet,noc_fra
athlete_sideris_tasiadis,noc_ger
athlete_michal_martikán,noc_svk
athlete_marte_olsbu_røiselandtiril_eckhofftarjei_bøjohannes_thingnes_bø,noc_nor
athlete_anaïs_chevalier_bouchetjulia_simonémilien_jacquelinquentin_fillon_maillet,noc_fra
athlete_uliana_nigmatullinakristina_reztsovaalexander_loginoveduard_latypov,noc_roc
athlete_ryan_cochrane,noc_can
athlete_shi_zhiyong,noc_chn
athlete_daniyar_i̇smayilov,noc_tur
athlete_luis_javier_mosquera,noc_col
athlete_bang_soo_hyun,noc_kor
athlete_mia_audina,noc_ina
athlete_susi_susanti,noc_ina
athlete_liu_zige,noc_chn
athlete_jiao_liuyang,noc_chn
athlete_jessicah_schipper,noc_aus
athlete_jonas_warrer_martin_kirketerp,noc_den
athlete_iker_martínez_xabier_fernández,noc_esp
athlete_jan_peter_peckolt_hannes_peckolt,noc_ger
athlete_om_yun_chol,noc_prk
athlete_wu_jingbiao,noc_chn
athlete_trần_lê_quốc_toàn,noc_vie
athlete_magdalena_neuner,noc_ger
athlete_marie_dorin,noc_fra
athlete_tang_yi,noc_chn
athlete_chen_yanqing,noc_chn
athlete_o_jong_ae,noc_prk
athlete_wandee_kameaim,noc_tha
athlete_miguel_martinez,noc_fra
athlete_filip_meirhaeghe,noc_bel
athlete_christoph_sauser,noc_sui
athlete_lu_yong,noc_chn
athlete_tigran_martirosyan,noc_arm
athlete_jadier_valladares,noc_cub
athlete_belinda_bencic,noc_sui
athlete_markéta_vondroušová,noc_cze
athlete_elina_svitolina,noc_ukr
athlete_long_qingquan,noc_chn
athlete_sinphet_kruaithong,noc_tha
athlete_sara_carrigan,noc_aus
athlete_olga_slyusareva,noc_rus
athlete_chris_hoy,noc_gbr
athlete_maximilian_levy,noc_ger
athlete_simon_van_velthooven,noc_nzl
athlete_teun_mulder,noc_ned
athlete_simon_ammann,noc_sui
athlete_adam_małysz,noc_pol
athlete_gregor_schlierenzauer,noc_aut
athlete_valentina_yegorova,noc_eun
athlete_yuko_arimori,noc_jpn
athlete_lorraine_moller,noc_nzl
athlete_mireia_belmonte_garcia,noc_esp
athlete_natsumi_hoshi,noc_jpn
athlete_ennio_falco,noc_ita
athlete_mirosław_rzepkowski,noc_pol
athlete_andrea_benelli,noc_ita
athlete_charles_hamelin,noc_can
athlete_sung_si_bak,noc_kor
athlete_françois_louis_tremblay,noc_can
athlete_amanda_beard,noc_usa
athlete_anne_poleska,noc_ger
athlete_guillermo_rigondeaux,noc_cub
athlete_worapoj_petchkoom,noc_tha
athlete_aghasi_mammadov,noc_aze
athlete_bahodirjon_sultonov,noc_uzb
athlete_jorgen_bojsen_moller_christian_gronborg,noc_den
athlete_ole_petter_pollen_erik_bjørkum,noc_nor
athlete_frank_mclaughlin_john_millen,noc_can
athlete_anouk_vetter,noc_ned
athlete_emma_oosterwegel,noc_ned
athlete_philipp_schoch,noc_sui
athlete_richard_richardsson,noc_swe
athlete_chris_klug,noc_usa
athlete_mohamed_ehab,noc_egy
athlete_josé_antonio_hermida,noc_esp
athlete_bart_brentjens,noc_ned
athlete_emma_pooley,noc_gbr
athlete_karin_thürig,noc_sui
athlete_pieter_van_den_hoogenband,noc_ned
athlete_roland_schoeman,noc_rsa
athlete_ian_thorpe,noc_aus
athlete_quentin_fillon_maillet,noc_fra
athlete_anton_smolski,noc_blr
athlete_leontien_zijlaard,noc_ned
athlete_hanka_kupfernagel,noc_ger
athlete_diana_žiliūtė,noc_ltu
athlete_charlotte_dujardin,noc_gbr
athlete_isabell_werth,noc_ger
athlete_kristina_bröring_sprehe,noc_ger
athlete_agostino_abbagnaledavide_tizzanogianluca_farinapiero_poli,noc_ita
athlete_alf_hansenrolf_thorsenlars_bjønnessvetle_vinje,noc_nor
athlete_jens_köppensteffen_zühlkesteffen_bogsheiko_habermann,noc_gdr
athlete_kerstin_försterkristina_mundtbeate_schrammjana_sorgers,noc_gdr
athlete_irina_kalimbetsvitlana_maziyinna_frolovaantonina_zelikovich,noc_urs
athlete_anișoara_bălananişoara_mineaveronica_cogeanuelisabeta_lipă,noc_rou
athlete_roland_schröderralf_brudelolaf_försterthomas_greiner,noc_gdr
athlete_raoul_rodriguezthomas_bohrerrichard_kennellydavid_krmpotich,noc_usa
athlete_guido_grabowvolker_grabownorbert_keßlaujörg_puttlitz,noc_frg
athlete_mack_horton,noc_aus
athlete_gabriele_detti,noc_ita
athlete_wang_shun,noc_chn
athlete_georgeta_damiandoina_ignat,noc_rom
athlete_kate_slatterrachael_taylor,noc_aus
athlete_karen_kraftmelissa_ryan,noc_usa
athlete_anier_garcía,noc_cub
athlete_terrence_trammell,noc_usa
athlete_mark_crear,noc_usa
athlete_jazmin_carlin,noc_gbr
athlete_leah_smith,noc_usa
athlete_annegret_strauchjudith_zeidlerkathrin_haackerute_wildanja_klugebeatrix_schröerramona_balthasarute_stangedaniela_neunast,noc_gdr
athlete_doina_șnep_bălanveronica_neculaherta_anitașmarioara_trașcăadriana_bazonmihaela_armășescurodica_arbaolga_homeghiecaterina_oancia,noc_rou
athlete_zhou_xiuhuazhang_yalihe_yanwenhan_yaqinzhang_xianghuazhou_shouyingyang_xiaohu_yadongli_ronghua,noc_chn
athlete_hinrich_romeike,noc_ger
athlete_gina_miles,noc_usa
athlete_kristina_cook,noc_gbr
athlete_maría_del_rosario_espinoza,noc_mex
athlete_nina_solheim,noc_nor
athlete_sarah_stevenson,noc_gbr
athlete_natália_falavigna,noc_bra
athlete_robson_conceição,noc_bra
athlete_sofiane_oumiha,noc_fra
athlete_lázaro_álvarez,noc_cub
athlete_dorjnyambuugiin_otgondalai,noc_mgl
athlete_nouchka_fontijn,noc_ned
athlete_dariga_shakimova,noc_kaz
athlete_li_qian,noc_chn
athlete_florian_rousseau,noc_fra
athlete_erin_hartwell,noc_usa
athlete_takanobu_jumonji,noc_jpn
athlete_nora_gjakova,noc_kos
athlete_sarah_léonie_cysique,noc_fra
athlete_tsukasa_yoshida,noc_jpn
athlete_jessica_klimkait,noc_can
athlete_jordi_calafat_kiko_sánchez,noc_esp
athlete_morgan_reeser_kevin_burnham,noc_usa
athlete_tõnu_tõniste_toomas_tõniste,noc_est
athlete_oxana_slivenko,noc_rus
athlete_leydi_solís,noc_col
athlete_abeer_abdelrahman,noc_egy
athlete_zhang_ning,noc_chn
athlete_xie_xingfang,noc_chn
athlete_maria_kristin_yulianti,noc_ina
athlete_tomasz_kucharskirobert_sycz,noc_pol
athlete_elia_luinileonardo_pettinari,noc_ita
athlete_pascal_touronthibaud_chapelle,noc_fra
athlete_rodica_arba_olga_homeghi,noc_rou
athlete_radka_stoyanova_lalka_berberova,noc_bul
athlete_nikki_payne_lynley_hannen,noc_nzl
athlete_ma_longxu_xinzhang_jike,noc_chn
athlete_koki_niwajun_mizutanimaharu_yoshimura,noc_jpn
athlete_timo_bolldimitrij_ovtcharovbastian_steger,noc_ger
athlete_katie_hoff,noc_usa
athlete_joanne_jackson,noc_gbr
athlete_wang_haozhang_jikema_long,noc_chn
athlete_oh_sang_eunjoo_se_hyukryu_seung_min,noc_kor
athlete_kim_un_guk,noc_prk
athlete_óscar_figueroa,noc_col
athlete_eko_yuli_irawan,noc_ina
athlete_mindaugas_mizgaitis,noc_ltu
athlete_yannick_szczepaniak,noc_fra
athlete_yury_patrikeyev,noc_arm
athlete_jeremy_wariner,noc_usa
athlete_david_neville,noc_usa
athlete_hilary_caldwell,noc_can
athlete_heike_friedrich,noc_gdr
athlete_silvia_poll,noc_crc
athlete_manuela_stellmach,noc_gdr
athlete_nurcan_taylan,noc_tur
athlete_li_zhuo,noc_chn
athlete_aree_wiratthaworn,noc_tha
athlete_derek_porter,noc_can
athlete_thomas_lange,noc_ger
athlete_adam_peaty,noc_gbr
athlete_cameron_van_der_burgh,noc_rsa
athlete_cody_miller,noc_usa
athlete_zhang_yining,noc_chn
athlete_wang_nan,noc_chn
athlete_guo_yue,noc_chn
athlete_veronica_cochelageorgeta_damianmaria_magdalena_dumitracheliliana_gafencuelena_georgescudoina_ignatelisabeta_lipăioana_olteanuviorica_susanu,noc_rom
athlete_tessa_appeldoorncarin_ter_beekpieta_van_dishoeckelien_meijereeke_van_nesnelleke_penninxmartijntje_quikanneke_venemamarieke_westerhof,noc_ned
athlete_buffy_alexanderlaryssa_biesenthalheather_davisalison_korntheresa_lukeheather_mcdermidemma_robinsonlesley_thompsondorota_urbaniak,noc_can
athlete_aída_román,noc_mex
athlete_mariana_avitia,noc_mex
athlete_tony_gunawancandra_wijaya,noc_ina
athlete_ha_tae_kwonkim_dong_moon,noc_kor
athlete_sukanya_srisurat,noc_tha
athlete_pimsiri_sirikaew,noc_tha
athlete_kuo_hsing_chun,noc_tpe
athlete_kanatbek_begaliev,noc_kgz
athlete_armen_vardanyan,noc_ukr
athlete_mikhail_siamionau,noc_blr
athlete_poul_erik_høyer_larsen,noc_den
athlete_dong_jiong,noc_chn
athlete_rashid_sidek,noc_mas
athlete_kristian_blummenfelt,noc_nor
athlete_alex_yee,noc_gbr
athlete_hayden_wilde,noc_nzl
athlete_le_maosheng,noc_chn
athlete_israel_josé_rubio,noc_ven
athlete_evi_sachenbacher_stehleclaudia_nystad,noc_ger
athlete_charlotte_kallaanna_haag,noc_swe
athlete_irina_khazova_natalya_korostelyova,noc_rus
athlete_hippolyt_kempf,noc_sui
athlete_klaus_sulzenbacher,noc_aut
athlete_allar_levandi,noc_urs
athlete_pavol_hurajt,noc_svk
athlete_jutta_behrendt,noc_gdr
athlete_anne_marden,noc_usa
athlete_magdalena_georgieva,noc_bul
athlete_missy_franklin,noc_usa
athlete_anastasia_zuyeva,noc_rus
athlete_elizabeth_beisel,noc_usa
athlete_bob_de_jong,noc_ned
athlete_markus_giermichael_gier,noc_sui
athlete_maarten_van_der_lindenpepijn_aardewijn,noc_ned
athlete_anthony_edwardsbruce_hick,noc_aus
athlete_tomasz_majewski,noc_pol
athlete_david_storl,noc_ger
athlete_reese_hoffa,noc_usa
athlete_ashley_moloney,noc_aus
athlete_choi_min_jeong,noc_kor
athlete_li_jinyu,noc_chn
athlete_evgeny_tishchenko,noc_rus
athlete_vasily_levit,noc_kaz
athlete_rustam_tulaganov,noc_uzb
athlete_erislandy_savón,noc_cub
athlete_taufik_hidayat,noc_ina
athlete_shon_seung_mo,noc_kor
athlete_sony_dwi_kuncoro,noc_ina
athlete_kirsten_barnesjessica_monroebrenda_taylorkay_worthington,noc_can
athlete_shelagh_donohoecynthia_eckertcarol_feeneyamy_fuller,noc_usa
athlete_antje_frankannette_hohngabriele_mehlbirte_siech,noc_ger
athlete_māris_štrombergs,noc_lat
athlete_mike_day,noc_usa
athlete_donny_robinson,noc_usa
athlete_mariel_zagunis,noc_usa
athlete_sada_jacobson,noc_usa
athlete_rebecca_ward,noc_usa
athlete_ruslan_nurudinov,noc_uzb
athlete_simon_martirosyan,noc_arm
athlete_aleksandr_zaychikov,noc_kaz
athlete_denise_herrmann,noc_ger
athlete_anaïs_chevalier_bouchet,noc_fra
athlete_marte_olsbu_røiseland,noc_nor
athlete_nataliya_dobrynska,noc_ukr
athlete_hyleas_fountain,noc_usa
athlete_kelly_sotherton,noc_gbr
athlete_josé_luis_doreste,noc_esp
athlete_peter_holmberg,noc_isv
athlete_john_cutler,noc_nzl
athlete_kianoush_rostami,noc_iri
athlete_tian_tao,noc_chn
athlete_denis_ulanov,noc_kaz
athlete_khasan_khalmurzaev,noc_rus
athlete_travis_stevens,noc_usa
athlete_sergiu_toma,noc_uae
athlete_hrachya_petikyan,noc_eun
athlete_robert_foth,noc_usa
athlete_ryohei_koba,noc_jpn
athlete_shim_suk_heechoi_min_jeongkim_ye_jinkim_a_langlee_yu_bin,noc_kor
athlete_arianna_fontanalucia_peretticecilia_maffeimartina_valcepina,noc_ita
athlete_suzanne_schultingyara_van_kerkhoflara_van_ruijvenjorien_ter_mors,noc_ned
athlete_joe_deloach,noc_usa
athlete_carl_lewis,noc_usa
athlete_robson_da_silva,noc_bra
athlete_buttree_puedpong,noc_tha
athlete_daynellis_montejo,noc_cub
athlete_dalia_contreras,noc_ven
athlete_dmitriy_balandin,noc_kaz
athlete_josh_prenot,noc_usa
athlete_anton_chupkov,noc_rus
athlete_laura_asadauskaitė,noc_ltu
athlete_samantha_murray,noc_gbr
athlete_yane_marques,noc_bra
athlete_james_cracknellsteve_redgravetim_fostermatthew_pinsent,noc_gbr
athlete_valter_moleariccardo_dei_rossilorenzo_carboncinicarlo_mornati,noc_ita
athlete_james_stewartben_dodwellgeoff_stewartbo_hanson,noc_aus
athlete_charlotte_kalla,noc_swe
athlete_kristina_šmigun_vähi,noc_est
athlete_marit_bjørgen,noc_nor
athlete_bakhtiyar_akhmedov,noc_rus
athlete_david_musuľbes,noc_svk
athlete_disney_rodríguez,noc_cub
athlete_marid_mutalimov,noc_kaz
athlete_haruka_tachimoto,noc_jpn
athlete_sally_conway,noc_gbr
athlete_laura_vargas_koch,noc_ger
athlete_max_rendschmidtmarcus_gross,noc_ger
athlete_marko_tomićevićmilenko_zorić,noc_srb
athlete_ken_wallacelachlan_tame,noc_aus
athlete_conor_dwyer,noc_usa
athlete_jochen_schümann_thomas_flach_bernd_jäkel,noc_gdr
athlete_john_kostecki_william_baylis_robert_billingham,noc_usa
athlete_jesper_bank_jan_mathiasen_steen_secher,noc_den
athlete_sylwia_bogacka,noc_pol
athlete_yu_dan,noc_chn
athlete_estelle_mossely,noc_fra
athlete_yin_junhua,noc_chn
athlete_mira_potkonen,noc_fin
athlete_anastasia_belyakova,noc_rus
athlete_georgina_evers_swindellcaroline_evers_swindell,noc_nzl
athlete_annekatrin_thielechristiane_huth,noc_ger
athlete_elise_laverick_and_anna_bebington,noc_gbr
athlete_christian_reitz,noc_ger
athlete_jean_quiquampoix,noc_fra
athlete_li_yuehong,noc_chn
athlete_natalya_sadova,noc_rus
athlete_anastasia_kelesidou,noc_gre
athlete_věra_pospíšilová_cechlová,noc_cze
athlete_karen_josephsonsarah_josephson,noc_usa
athlete_penny_vilagosvicky_vilagos,noc_can
athlete_fumiko_okunoaki_takayama,noc_jpn
athlete_servet_tazegül,noc_tur
athlete_m_bagheri_motamed,noc_iri
athlete_terrence_jennings,noc_usa
athlete_rohullah_nikpai,noc_afg
athlete_jesper_bank_steen_secher_jesper_seier,noc_den
athlete_kevin_mahaney_jim_brady_doug_kern,noc_usa
athlete_lawrie_smith_robert_cruickshank_ossie_stewart,noc_gbr
athlete_jordan_burroughs,noc_usa
athlete_sadegh_goudarzi,noc_iri
athlete_gábor_hatos,noc_hun
athlete_denis_tsargush,noc_rus
athlete_ryan_murphy,noc_usa
athlete_mitch_larkin,noc_aus
athlete_evgeny_rylov,noc_rus
athlete_yana_shemyakina,noc_ukr
athlete_sun_yujie,noc_chn
athlete_christian_olsson,noc_swe
athlete_marian_oprea,noc_rou
athlete_danil_burkenya,noc_rus
athlete_rubén_limardo,noc_ven
athlete_bartosz_piasecki,noc_nor
athlete_jung_jin_sun,noc_kor
athlete_meike_everskerstin_kowalskimanja_kowalskimanuela_lutze,noc_ger
athlete_guin_battenmiriam_battenkatherine_graingergillian_lindsay,noc_gbr
athlete_oksana_dorodnovairina_fedotovayuliya_levinalarisa_merk,noc_rus
athlete_halil_mutlu,noc_tur
athlete_wu_meijin,noc_chn
athlete_sedat_artuç,noc_tur
athlete_britta_steffen,noc_ger
athlete_lisbeth_trickett,noc_aus
athlete_natalie_coughlin,noc_usa
athlete_zhang_guozheng,noc_chn
athlete_lee_bae_young,noc_kor
athlete_nikolaj_pešalov,noc_cro
athlete_bob_bryanmike_bryan,noc_usa
athlete_jo_wilfried_tsongamichaël_llodra,noc_fra
athlete_julien_benneteaurichard_gasquet,noc_fra
athlete_sébastien_vieilledentadrien_hardy,noc_fra
athlete_iztok_čopluka_špik,noc_slo
athlete_rossano_galtarossaalessio_sartori,noc_ita
athlete_elise_rechichitessa_parkinson,noc_aus
athlete_marcelien_de_koninglobke_berkhout,noc_ned
athlete_fernanda_oliveiraisabel_swan,noc_bra
athlete_federica_pellegrini,noc_ita
athlete_sara_isakovič,noc_slo
athlete_pang_jiaying,noc_chn
athlete_osleidys_menéndez,noc_cub
athlete_steffi_nerius,noc_ger
athlete_miréla_manjani,noc_gre
athlete_tom_ashley,noc_nzl
athlete_julien_bontemps,noc_fra
athlete_shahar_tzuberi,noc_isr
athlete_fabio_basile,noc_ita
athlete_ross_edgar,noc_gbr
athlete_kiyofumi_nagai,noc_jpn
athlete_rustam_orujov,noc_aze
athlete_dirk_van_tichelt,noc_bel
athlete_hamid_sourian,noc_iri
athlete_rovshan_bayramov,noc_aze
athlete_péter_módos,noc_hun
athlete_mingiyan_semenov,noc_rus
athlete_francis_obikwelu,noc_por
athlete_maurice_greene,noc_usa
athlete_ladislav_škantárpeter_škantár,noc_svk
athlete_david_florencerichard_hounslow,noc_gbr
athlete_gauthier_klaussmatthieu_péché,noc_fra
athlete_michael_jung,noc_ger
athlete_sara_algotsson_ostholt,noc_swe
athlete_sandra_auffarth,noc_ger
athlete_andrey_moiseev,noc_rus
athlete_edvinas_krungolcas,noc_ltu
athlete_andrejus_zadneprovskis,noc_ltu
athlete_veronica_campbell,noc_jam
athlete_debbie_ferguson,noc_bah
athlete_mireia_belmonte,noc_esp
athlete_nelson_évora,noc_por
athlete_phillips_idowu,noc_gbr
athlete_leevan_sands,noc_bah
athlete_milorad_čavić,noc_srb
athlete_andrew_lauterstein,noc_aus
athlete_penny_oleksiak,noc_can
athlete_giorgio_di_centa,noc_ita
athlete_yevgeny_dementyev,noc_rus
athlete_mikhail_botvinov,noc_aut
athlete_bill_demong,noc_usa
athlete_bernhard_gruber,noc_aut
athlete_li_naluo_xiaojuansun_yujiexu_anqi,noc_chn
athlete_shin_a_lamjung_hyo_jungchoi_in_jeongchoi_eun_sook,noc_kor
athlete_maya_lawrencecourtney_hurleykelley_hurleysusie_scanlan,noc_usa
athlete_andrea_baldinigiorgio_avolaandrea_cassaràvalerio_aspromonte,noc_ita
athlete_ryo_miyakeyuki_otakenta_chidasuguru_awaji,noc_jpn
athlete_peter_joppichsebastian_bachmannbenjamin_kleibrinkandré_weßels,noc_ger
athlete_lei_sheng,noc_chn
athlete_alaaeldin_abouelkassem,noc_egy
athlete_choi_byung_chul,noc_kor
athlete_sa_jae_hyouk,noc_kor
athlete_li_hongli,noc_chn
athlete_gevorg_davtyan,noc_arm
athlete_milica_mandić,noc_srb
athlete_anne_caroline_graffe,noc_fra
athlete_anastasia_baryshnikova,noc_rus
athlete_neeraj_chopra,noc_ind
athlete_jakub_vadlejch,noc_cze
athlete_paola_pezzo,noc_ita
athlete_alison_sydor,noc_can
athlete_susan_demattei,noc_usa
athlete_mia_audina,noc_ned
athlete_zhou_mi,noc_chn
athlete_sturla_holm_lægreidtarjei_bøjohannes_thingnes_bøvetle_sjåstad_christiansen,noc_nor
athlete_fabien_claudeémilien_jacquelinsimon_desthieuxquentin_fillon_maillet,noc_fra
athlete_said_karimulla_khalilialexander_loginovmaxim_tsvetkoveduard_latypov,noc_roc
athlete_philip_hindeschris_hoyjason_kenny,noc_gbr
athlete_grégory_baugemichaël_dalmeidakévin_sireau,noc_fra
athlete_rené_endersmaximilian_levyrobert_förstemann,noc_ger
athlete_elvira_öberg,noc_swe
athlete_yara_van_kerkhof,noc_ned
athlete_przemysław_miarczyński,noc_pol
athlete_virgilijus_alekna,noc_ltu
athlete_ri_song_hui,noc_prk
athlete_shakur_stevenson,noc_usa
athlete_vladimir_nikitin,noc_rus
athlete_murodjon_akhmadaliev,noc_uzb
athlete_jin_sun_yu,noc_kor
athlete_yang_yang_a,noc_chn
athlete_zhang_jun_gao_ling,noc_chn
athlete_tri_kusharyanto_minarti_timur,noc_ina
athlete_simon_archer_joanne_goode,noc_gbr
athlete_linn_perssonmona_brorssonhanna_öbergelvira_öberg,noc_swe
athlete_irina_kazakevichkristina_reztsovasvetlana_mironovauliana_nigmatullina,noc_roc
athlete_vanessa_voigtvanessa_hinzfranziska_preußdenise_herrmann,noc_ger
athlete_linda_andersen,noc_nor
athlete_natalia_vía_dufresne,noc_esp
athlete_julia_trotman,noc_usa
athlete_melaine_walker,noc_jam
athlete_sheena_tosta,noc_usa
athlete_tasha_danvers,noc_gbr
athlete_martina_walthergerlinde_doberschützcarola_hornigbirte_siechsylvia_rose,noc_gdr
athlete_zhang_xianghuahu_yadongyang_xiaozhou_shouyingli_ronghua,noc_chn
athlete_marioara_trașcăveronica_neculaherta_anitașdoina_șnep_bălanecaterina_oancia,noc_rou
athlete_justine_braisaz_bouchet,noc_fra
athlete_fermín_cacho,noc_esp
athlete_rachid_el_basir,noc_mar
athlete_mohamed_suleiman,noc_qat
athlete_kjetil_andré_aamodt,noc_nor
athlete_marc_girardelli,noc_lux
athlete_jan_einar_thorsen,noc_nor
athlete_anthony_ervin,noc_usa
athlete_florent_manaudou,noc_fra
athlete_franck_david,noc_fra
athlete_mike_gebhardt,noc_usa
athlete_lars_kleppich,noc_aus
athlete_vassili_jirov,noc_kaz
athlete_seung_bae_lee,noc_kor
athlete_antonio_tarver,noc_usa
athlete_thomas_ulrich,noc_ger
athlete_kim_il,noc_prk
athlete_kim_jong_shin,noc_kor
athlete_vugar_orujov,noc_eun
athlete_georgeta_damianviorica_susanu,noc_rou
athlete_wu_yougao_yulan,noc_chn
athlete_yuliya_bichyknatallia_helakh,noc_blr
athlete_anamari_velenšek,noc_slo
athlete_matthew_ryan,noc_aus
athlete_herbert_blöcker,noc_ger
athlete_blyth_tait,noc_nzl
athlete_shaoang_liushaolin_sándor_liuviktor_knochcsaba_burján,noc_hun
athlete_wu_dajinghan_tianyuchen_dequanxu_hongzhiren_ziwei,noc_chn
athlete_samuel_girardcharles_hamelincharle_cournoyerpascal_dion,noc_can
athlete_lilly_king,noc_usa
athlete_katie_meili,noc_usa
athlete_mirna_jukić,noc_aut
athlete_yuliya_ratkevich,noc_aze
athlete_hsu_shu_ching,noc_tpe
athlete_hidilyn_diaz,noc_phi
athlete_yoon_jin_hee,noc_kor
athlete_tina_trstenjak,noc_slo
athlete_clarisse_agbegnenou,noc_fra
athlete_yarden_gerbi,noc_isr
athlete_anicka_van_emden,noc_ned
athlete_tony_yoka,noc_fra
athlete_joe_joyce,noc_gbr
athlete_filip_hrgović,noc_cro
athlete_inbee_park,noc_kor
athlete_lydia_ko,noc_nzl
athlete_shanshan_feng,noc_chn
athlete_benjamin_kleibrink,noc_ger
athlete_yuki_ota,noc_jpn
athlete_salvatore_sanzo,noc_ita
athlete_kathleen_baker,noc_usa
athlete_kylie_masse,noc_can
athlete_fu_yuanhui,noc_chn
athlete_josé_van_der_ploeg,noc_esp
athlete_brian_ledbetter,noc_usa
athlete_craig_monk,noc_nzl
athlete_ye_shiwen,noc_chn
athlete_li_xuanxu,noc_chn
athlete_udomporn_polsak,noc_tha
athlete_raema_lisa_rumbewas,noc_ina
athlete_mabel_mosquera,noc_col
athlete_tarjei_bø,noc_nor
athlete_dorothea_wierer,noc_ita
athlete_majlinda_kelmendi,noc_kos
athlete_misato_nakamura,noc_jpn
athlete_natalia_kuziutina,noc_rus
athlete_jasey_jay_anderson,noc_can
athlete_benjamin_karl,noc_aut
athlete_mathieu_bozzetto,noc_fra
athlete_dwight_phillips,noc_usa
athlete_john_moffitt,noc_usa
athlete_joan_lino_martínez,noc_esp
athlete_michel_andrieuxjean_christophe_rolland,noc_fra
athlete_ted_murphysebastian_bea,noc_usa
athlete_matthew_longjames_tomkins,noc_aus
athlete_son_tae_jin,noc_kor
athlete_mark_lópez,noc_usa
athlete_sung_yu_chi,noc_tpe
athlete_nathan_wilmotmalcolm_page,noc_aus
athlete_nick_rogersjoe_glanfield,noc_gbr
athlete_nicolas_charbonnierolivier_bausset,noc_fra
athlete_ireen_wüst,noc_ned
athlete_kristina_groves,noc_can
athlete_martina_sáblíková,noc_cze
athlete_birgit_petermartina_schröter,noc_gdr
athlete_elisabeta_lipăveronica_cogeanu,noc_rou
athlete_violeta_ninovastefka_madina,noc_bul
athlete_hisayoshi_harasawa,noc_jpn
athlete_or_sasson,noc_isr
athlete_nico_rienksronald_florijn,noc_ned
athlete_beat_schwerzmannueli_bodenmann,noc_sui
athlete_oleksandr_marchenkovasil_yakusha,noc_urs
athlete_dong_bin,noc_chn
athlete_sopita_tanasan,noc_tha
athlete_sri_wahyuni_agustiani,noc_ina
athlete_hiromi_miyake,noc_jpn
athlete_lena_schöneborn,noc_ger
athlete_heather_fell,noc_gbr
athlete_anastasiya_samusevich,noc_blr
athlete_christine_magnuson,noc_usa
athlete_rafaela_silva,noc_bra
athlete_sumiya_dorjsuren,noc_mgl
athlete_telma_monteiro,noc_por
athlete_kim_ji_yeon,noc_kor
athlete_sofiya_velikaya,noc_rus
athlete_olha_kharlan,noc_ukr
athlete_evelyne_leu,noc_sui
athlete_li_nina,noc_chn
athlete_alisa_camplin,noc_aus
athlete_hicham_el_guerrouj,noc_mar
athlete_kenenisa_bekele,noc_eth
athlete_stephanie_beckert,noc_ger
athlete_rolf_göran_bengtsson,noc_swe
athlete_beezie_madden,noc_usa
athlete_nicola_adams,noc_gbr
athlete_ren_cancan,noc_chn
athlete_mary_kom,noc_ind
athlete_marlen_esparza,noc_usa
athlete_lukáš_krpálek,noc_cze
athlete_guram_tushishvili,noc_geo
athlete_tamerlan_bashaev,noc_roc
athlete_jean_yves_le_déroff_nicolas_hénard,noc_fra
athlete_chris_timms_rex_sellers,noc_nzl
athlete_lars_grael_clinio_freitas,noc_bra
athlete_madias_nzesso,noc_cmr
athlete_kathrin_boronjana_thieme,noc_ger
athlete_pieta_van_dishoeckeeke_van_nes,noc_ned
athlete_kristina_poplavskajabirutė_šakickienė,noc_ltu
athlete_pawina_thongsuk,noc_tha
athlete_natalya_zabolotnaya,noc_rus
athlete_valentina_popova,noc_rus
athlete_paula_pareto,noc_arg
athlete_jeong_bo_kyeong,noc_kor
athlete_ami_kondo,noc_jpn
athlete_galbadrakhyn_otgontsetseg,noc_kaz
athlete_jakov_fak,noc_cro
athlete_karim_laghouagthibaut_vallettemathieu_lemoineastier_nicolas,noc_fra
athlete_julia_krajewskisandra_auffarthingrid_klimkemichael_jung,noc_ger
athlete_shane_rosestuart_tinneysam_griffithschris_burton,noc_aus
athlete_ge_fei_gu_jun,noc_chn
athlete_huang_nanyan_yang_wei,noc_chn
athlete_gao_ling_qin_yiyuan,noc_chn
athlete_liu_chunhong,noc_chn
athlete_eszter_krutzler,noc_hun
athlete_zarema_kasaeva,noc_rus
athlete_clara_hughes,noc_can
athlete_tom_jamessteve_williamspete_reedandrew_triggs_hodge,noc_gbr
athlete_matt_ryanjames_marburgcameron_mckenzie_mchargfrancis_hegerty,noc_aus
athlete_julien_desprèsbenjamin_rondeaugermain_chardindorian_mortelette,noc_fra
athlete_lee_sung_jinki_bo_baechoi_hyeonju,noc_kor
athlete_fang_yutingcheng_mingxu_jing,noc_chn
athlete_kaori_kawanakaren_hayakawamiki_kanie,noc_jpn
athlete_boglárka_kapás,noc_hun
athlete_sohrab_moradi,noc_iri
athlete_vadzim_straltsou,noc_blr
athlete_aurimas_didžbalis,noc_ltu
athlete_kristen_babb_sprague,noc_usa
athlete_sylvie_fréchette,noc_can
athlete_fumiko_okuno,noc_jpn
athlete_fazliddin_gaibnazarov,noc_uzb
athlete_lorenzo_sotomayor,noc_aze
athlete_vitaly_dunaytsev,noc_rus
athlete_artem_harutyunyan,noc_ger
athlete_astier_nicolas,noc_fra
athlete_phillip_dutton,noc_usa
athlete_giorgi_asanidze,noc_geo
athlete_andrei_rybakou,noc_blr
athlete_pyrros_dimas,noc_gre
athlete_elmar_gasimov,noc_aze
athlete_cyrille_maret,noc_fra
athlete_ryunosuke_haga,noc_jpn
athlete_wang_jiao,noc_chn
athlete_stanka_zlateva,noc_bul
athlete_kyoko_hamaguchi,noc_jpn
athlete_agnieszka_wieszczek,noc_pol
athlete_eduard_latypov,noc_roc
athlete_andreas_thorkildsen,noc_nor
athlete_vadims_vasiļevskis,noc_lat
athlete_sergey_makarov,noc_rus
athlete_gregorio_paltrinieri,noc_ita
athlete_connor_jaeger,noc_usa
athlete_bruce_kendall,noc_nzl
athlete_jan_boersma,noc_aho
athlete_arianna_errigo,noc_ita
athlete_jari_mantilahannu_manninenjaakko_tallussamppa_lajunen,noc_fin
athlete_björn_kircheisengeorg_hettichmarcel_höhligronny_ackermann,noc_ger
athlete_christoph_bielermichael_grubermario_stecherfelix_gottwald,noc_aut
athlete_carmine_abbagnalegiuseppe_abbagnalegiuseppe_di_capua_cox,noc_ita
athlete_mario_streitdetlef_kirchhoffrené_rensch_cox,noc_gdr
athlete_andy_holmessteve_redgravepatrick_sweeney_cox,noc_gbr
athlete_mashu_baker,noc_jpn
athlete_varlam_liparteliani,noc_geo
athlete_gwak_dong_han,noc_kor
athlete_cheng_xunzhao,noc_chn
athlete_kyle_chalmers,noc_aus
athlete_pieter_timmers,noc_bel
athlete_aleksei_tishchenko,noc_rus
athlete_vitali_tajbert,noc_ger
athlete_jo_seok_hwan,noc_kor
athlete_prapawadee_jaroenrattanatarakoon,noc_tha
athlete_alexander_zverev,noc_ger
athlete_karen_khachanov,noc_roc
athlete_pablo_carreño_busta,noc_esp
athlete_caeleb_dressel_michael_phelps_ryan_held_nathan_adrian_jimmy_feigen_blake_pieroni_anthony_ervin,noc_usa
athlete_mehdy_metella_fabien_gilot_florent_manaudou_jérémy_stravius_william_meynard_clément_mignon,noc_fra
athlete_james_roberts_kyle_chalmers_james_magnussen_cameron_mcevoy_matthew_abood_indicates_the_swimmer_only_competed_in_the_preliminary_heats,noc_aus
athlete_ma_lin,noc_chn
athlete_wang_hao,noc_chn
athlete_wang_liqin,noc_chn
athlete_shakhobidin_zoirov,noc_uzb
athlete_yoel_finol,noc_ven
athlete_hu_jianguan,noc_chn
athlete_joe_clarke,noc_gbr
athlete_peter_kauzer,noc_slo
athlete_jiří_prskavec,noc_cze
athlete_jang_mi_ran,noc_kor
athlete_ele_opeloge,noc_sam
athlete_mariam_usman,noc_ngr
athlete_farkhad_kharki,noc_kaz
athlete_dara_torres,noc_usa
athlete_cate_campbell,noc_aus
athlete_manfred_kurzer,noc_ger
athlete_aleksandr_blinov,noc_rus
athlete_dimitri_lykin,noc_rus
athlete_flora_duffy,noc_ber
athlete_georgia_taylor_brown,noc_gbr
athlete_katie_zaferes,noc_usa
athlete_hasanboy_dusmatov,noc_uzb
athlete_yuberjen_martínez,noc_col
athlete_joahnys_argilagos,noc_cub
athlete_nico_hernández,noc_usa
athlete_rod_davis_don_cowie,noc_nzl
athlete_ross_macdonald_eric_jespersen,noc_can
athlete_maëlle_ricker,noc_can
athlete_déborah_anthonioz,noc_fra
athlete_olivia_nobs,noc_sui
athlete_anna_dahlberg_lina_andersson,noc_swe
athlete_sara_renner_beckie_scott,noc_can
athlete_aino_kaisa_saarinen_virpi_kuitunen,noc_fin
athlete_lasha_bekauri,noc_geo
athlete_eduard_trippel,noc_ger
athlete_davlat_bobonov,noc_uzb
athlete_krisztián_tóth,noc_hun
athlete_sarah_ourahmoune,noc_fra
athlete_ingrit_valencia,noc_col
athlete_barbora_krejčíkovákateřina_siniaková,noc_cze
athlete_belinda_bencicviktorija_golubic,noc_sui
athlete_laura_pigossiluisa_stefani,noc_bra
athlete_alan_budikusuma,noc_ina
athlete_ardy_wiranata,noc_ina
athlete_thomas_stuer_lauridsen,noc_den
athlete_hermawan_susanto,noc_ina
athlete_milen_dobrev,noc_bul
athlete_khadzhimurat_akkaev,noc_rus
athlete_eduard_tyukin,noc_rus
athlete_maria_centracchio,noc_ita
athlete_catherine_beauchemin_pinard,noc_can
athlete_sybille_schmidtbirgit_peterkerstin_müllerkristina_mundt,noc_ger
athlete_anişoara_dobredoina_ignatconstanța_burcicăveronica_cochela,noc_rou
athlete_antonina_zelikovichtetiana_ustiuzhaninaekaterina_karstenyelena_khloptseva,noc_eun
athlete_daniyar_yeleussinov,noc_kaz
athlete_shakhram_giyasov,noc_uzb
athlete_mohammed_rabii,noc_mar
athlete_souleymane_cissokho,noc_fra
athlete_nicolás_massú,noc_chi
athlete_mardy_fish,noc_usa
athlete_fernando_gonzález,noc_chi
athlete_katherine_reutter,noc_usa
athlete_park_seung_hi,noc_kor
athlete_dmitry_berestov,noc_rus
athlete_ihor_razoronov,noc_ukr
athlete_gleb_pisarevskiy,noc_rus
athlete_julio_césar_la_cruz,noc_cub
athlete_mathieu_bauderlique,noc_fra
athlete_joshua_buatsi,noc_gbr
athlete_áron_szilágyi,noc_hun
athlete_diego_occhiuzzi,noc_ita
athlete_nikolay_kovalev,noc_rus
athlete_xu_jiayu,noc_chn
athlete_david_plummer,noc_usa
athlete_ahmad_abughaush,noc_jor
athlete_alexey_denisenko,noc_rus
athlete_joel_gonzález,noc_esp
athlete_lee_dae_hoon,noc_kor
athlete_chase_kalisz,noc_usa
athlete_daiya_seto,noc_jpn
athlete_adrian_moorhouse,noc_gbr
athlete_károly_güttler,noc_hun
athlete_dmitry_volkov,noc_urs
athlete_roger_federer,noc_sui
athlete_scott_brash_peter_charles_ben_maher_nick_skelton,noc_gbr
athlete_marc_houtzager_gerco_schroder_maikel_van_der_vleuten_jur_vrieling,noc_ned
athlete_ramzy_al_duhami_abdullah_bin_mutaib_al_saud_kamal_bahamdan_abdullah_waleed_sharbatly,noc_ksa
athlete_hwang_kyung_seon,noc_kor
athlete_karine_sergerie,noc_can
athlete_sandra_šarić,noc_cro
athlete_gwladys_épangue,noc_fra
athlete_madeline_groves,noc_aus
athlete_václav_chalupa,noc_tch
athlete_kajetan_broniewski,noc_pol
athlete_liu_shiwending_ningli_xiaoxia,noc_chn
athlete_han_yingpetrissa_soljashan_xiaona,noc_ger
athlete_kasumi_ishikawaai_fukuharamima_ito,noc_jpn
athlete_émilie_andéol,noc_fra
athlete_kanae_yamabe,noc_jpn
athlete_yu_song,noc_chn
athlete_nicola_spirig,noc_sui
athlete_lisa_nordén,noc_swe
athlete_erin_densham,noc_aus
athlete_olaf_tuftefredrik_bekken,noc_nor
athlete_giovanni_calabresenicola_sartori,noc_ita
athlete_zou_shiming,noc_chn
athlete_kaeo_pongprayoon,noc_tha
athlete_paddy_barnes,noc_irl
athlete_david_ayrapetyan,noc_rus
athlete_patric_leitner_alexander_resch,noc_ger
athlete_mark_grimmette_brian_martin,noc_usa
athlete_chris_thorpe_clay_ives,noc_usa
athlete_zhao_shuai,noc_chn
athlete_tawin_hanprab,noc_tha
athlete_luisito_pié,noc_dom
athlete_kim_tae_hun,noc_kor
athlete_laurent_porchierjean_christophe_betteyves_hocdéxavier_dorfman,noc_fra
athlete_simon_burgessanthony_edwardsdarren_balmforthrobert_richards,noc_aus
athlete_søren_madsenthomas_eberteskild_ebbesenvictor_feddersen,noc_den
athlete_alena_kartashova,noc_rus
athlete_yelena_shalygina,noc_kaz
athlete_randi_miller,noc_usa
athlete_dario_cologna,noc_sui
athlete_pietro_piller_cottrer,noc_ita
athlete_lukáš_bauer,noc_cze
athlete_liu_xiang,noc_chn
athlete_elisabeta_lipă,noc_rou
athlete_annelies_bredael,noc_bel
athlete_silken_laumann,noc_can
athlete_barbara_kendall,noc_nzl
athlete_zhang_xiaodong,noc_chn
athlete_dorien_de_vries,noc_ned
athlete_kerrin_lee_gartner,noc_can
athlete_hilary_lindh,noc_usa
athlete_veronika_stallmaier,noc_aut
athlete_matthew_pinsentsteve_redgrave,noc_gbr
athlete_colin_von_ettingshausenpeter_hoeltzenbein,noc_ger
athlete_iztok_čopdenis_žvegelj,noc_slo
athlete_larisa_lazutina,noc_rus
athlete_kateřina_neumannová,noc_cze
athlete_bente_martinsen,noc_nor
athlete_aleksandr_golubev,noc_rus
athlete_sergey_klevchenya,noc_rus
athlete_manabu_horii,noc_jpn
athlete_ekaterina_dafovska,noc_bul
athlete_olena_petrova,noc_ukr
athlete_uschi_disl,noc_ger
athlete_vasyl_lomachenko,noc_ukr
athlete_han_soon_chul,noc_kor
athlete_yasniel_toledo,noc_cub
athlete_evaldas_petrauskas,noc_ltu
athlete_beckie_scott,noc_can
athlete_viola_bauer,noc_ger
athlete_irving_saladino,noc_pan
athlete_khotso_mokoena,noc_rsa
athlete_ibrahim_camejo,noc_cub
athlete_miroslav_varga,noc_tch
athlete_cha_young_chul,noc_kor
athlete_attila_záhonyi,noc_hun
athlete_erin_cafarolindsay_shoopanna_goodaleelle_logananna_cumminssusan_franciacaroline_lindcaryn_daviescox_mary_whipple,noc_usa
athlete_femke_dekkermarlies_smuldersnienke_kingmaroline_repelaer_van_drielannemarieke_van_rumpthelen_tangersarah_siegelaarannemiek_de_haancox_ester_workel,noc_ned
athlete_constanța_burcicăviorica_susanurodica_şerbanenikő_barabássimona_muşatioana_papucgeorgeta_andrunachedoina_ignatcox_elena_georgescu,noc_rou
athlete_constanța_burcicăcamelia_macoviciuc,noc_rou
athlete_teresa_belllindsay_burns,noc_usa
athlete_virginia_leerebecca_joyce,noc_aus
athlete_giovanni_lombardi,noc_ita
athlete_léon_van_bon,noc_ned
athlete_cédric_mathy,noc_bel
athlete_heiki_nabi,noc_est
athlete_johan_eurén,noc_swe
athlete_giorgio_di_centapietro_piller_cottrerfulvio_valbusacristian_zorzi,noc_ita
athlete_tobias_angererjens_filbrichandreas_schlütterrené_sommerfeldt,noc_ger
athlete_mathias_fredrikssonmats_larssonjohan_olsson_anders_södergren,noc_swe
athlete_ole_einar_bjørndalen,noc_nor
athlete_jaroslav_soukup,noc_cze
athlete_igor_polyansky,noc_urs
athlete_frank_baltrusch,noc_gdr
athlete_paul_kingsman,noc_nzl
athlete_renata_mauer,noc_pol
athlete_tatiana_goldobina,noc_rus
athlete_maria_feklistova,noc_rus
athlete_jay_barrs,noc_usa
athlete_park_sung_soo,noc_kor
athlete_vladimir_yesheyev,noc_urs
athlete_tatsuhiro_yonemitsu,noc_jpn
athlete_sushil_kumar,noc_ind
athlete_akzhurek_tanatarov,noc_kaz
athlete_liván_lópez,noc_cub
athlete_peter_kretschmerkurt_kuschela,noc_ger
athlete_andrei_bahdanovichaliaksandr_bahdanovich,noc_blr
athlete_alexey_korovashkovilya_pervukhin,noc_rus
athlete_omid_norouzi,noc_iri
athlete_revaz_lashkhi,noc_geo
athlete_zaur_kuramagomedov,noc_rus
athlete_ryutaro_matsumoto,noc_jpn
athlete_steve_guerdat,noc_sui
athlete_gerco_schroder,noc_ned
athlete_cian_oconnor,noc_irl
athlete_mark_tuitert,noc_ned
athlete_shani_davis,noc_usa
athlete_håvard_bøkko,noc_nor
athlete_eric_frenzel,noc_ger
athlete_akito_watabe,noc_jpn
athlete_magnus_krog,noc_nor
athlete_alexandre_bilodeau,noc_can
athlete_dale_begg_smith,noc_aus
athlete_bryon_wilson,noc_usa
athlete_jing_ruixue,noc_chn
athlete_soronzonboldyn_battsetseg,noc_mgl
athlete_lubov_volosova,noc_rus
athlete_lee_sang_hwa,noc_kor
athlete_jenny_wolf,noc_ger
athlete_wang_beixing,noc_chn
athlete_cho_min_sun,noc_kor
athlete_aneta_szczepańska,noc_pol
athlete_wang_xianbo,noc_chn
athlete_claudia_zwiers,noc_ned
athlete_jochem_uytdehaage,noc_ned
athlete_gianni_romme,noc_ned
athlete_lasse_sætre,noc_nor
athlete_ding_ning,noc_chn
athlete_li_xiaoxia,noc_chn
athlete_kim_song_i,noc_prk
athlete_martín_lópez_zubero,noc_esp
athlete_vladimir_selkov,noc_eun
athlete_stefano_battistelli,noc_ita
athlete_chris_hoy_jason_kenny_jamie_staff,noc_gbr
athlete_grégory_baugé_kévin_sireau_arnaud_tournant,noc_fra
athlete_rené_enders_maximilian_levy_stefan_nimke,noc_ger
athlete_katja_seizinger,noc_ger
athlete_picabo_street,noc_usa
athlete_isolde_kostner,noc_ita
athlete_tymur_taimazov,noc_ukr
athlete_sergey_syrtsov,noc_rus
athlete_nicu_vlad,noc_rou
athlete_sandro_viletta,noc_sui
athlete_ivica_kostelić,noc_cro
athlete_therese_johaug,noc_nor
athlete_kristin_størmer_steira,noc_nor
athlete_marit_bjørgeningvild_flugstad_østberg,noc_nor
athlete_aino_kaisa_saarinenkerttu_niskanen,noc_fin
athlete_ida_ingemarsdotterstina_nilsson,noc_swe
athlete_alexei_nemov,noc_rus
athlete_yang_wei,noc_chn
athlete_oleksandr_beresch,noc_ukr
athlete_adam_nelson,noc_usa
athlete_joachim_olsen,noc_den
athlete_manuel_martínez,noc_esp
athlete_israel_militosyan,noc_eun
athlete_yoto_yotov,noc_bul
athlete_andreas_behm,noc_ger
athlete_makharbek_khadartsev,noc_eun
athlete_kenan_şimşek,noc_tur
athlete_chris_campbell,noc_usa
athlete_sergey_klyugin,noc_rus
athlete_javier_sotomayor,noc_cub
athlete_abderrahmane_hammad,noc_alg
athlete_liao_hui,noc_chn
athlete_vencelas_dabaya,noc_fra
athlete_yordanis_borrero,noc_cub
athlete_diána_igaly,noc_hun
athlete_wei_ning,noc_chn
athlete_zemfira_meftahatdinova,noc_aze
athlete_mikhail_ivanov,noc_rus
athlete_andrus_veerpalu,noc_est
athlete_odd_bjørn_hjelmeset,noc_nor
athlete_olga_zaitseva,noc_rus
athlete_simone_hauswald,noc_ger
athlete_olga_danilova,noc_rus
athlete_anita_moen_guidon,noc_nor
athlete_mo_tae_bum,noc_kor
athlete_chad_hedrick,noc_usa
athlete_andreas_hajekmichael_steinbachstephan_volkertandré_willms,noc_ger
athlete_kjetil_undsetper_sætersdallars_bjønnessrolf_thorsen,noc_nor
athlete_alessandro_coronagianluca_farinarossano_galtarossafilippo_soffici,noc_ita
athlete_li_xiaoshuang,noc_chn
athlete_vitaly_scherbo,noc_blr
athlete_hilde_gerg,noc_ger
athlete_deborah_compagnoni,noc_ita
athlete_zali_steggall,noc_aus
athlete_jeon_byeong_gwan,noc_kor
athlete_luo_jianming,noc_chn
athlete_fabio_casartelli,noc_ita
athlete_erik_dekker,noc_ned
athlete_dainis_ozols,noc_lat
athlete_michelle_guerette,noc_usa
athlete_krzysztof_siemion,noc_pol
athlete_svetlana_zhurova,noc_rus
athlete_wang_manli,noc_chn
athlete_ren_hui,noc_chn
athlete_goran_maksimović,noc_yug
athlete_nicolas_berthelot,noc_fra
athlete_johann_riederer,noc_frg
athlete_oleksandr_petriv,noc_ukr
athlete_ralf_schumann,noc_ger
athlete_mavlet_batirov,noc_rus
athlete_kenichi_yumoto,noc_jpn
athlete_bazar_bazarguruev,noc_kgz
athlete_morad_mohammadi,noc_iri
athlete_vadim_devyatovskiy,noc_blr
athlete_andrew_coopernick_greenmike_mckayjames_tomkins,noc_aus
athlete_jeffrey_mclaughlinwilliam_burdenthomas_bohrerpatrick_manning,noc_usa
athlete_milan_janšasadik_mujkičsašo_mirjaničjanez_klemenčič,noc_slo
athlete_theresa_zabell_patricia_guerra,noc_esp
athlete_leslie_jean_egnot_jan_shearer,noc_nzl
athlete_jennifer_isler_pamela_healy,noc_usa
athlete_marjo_matikainen,noc_fin
athlete_vida_vencienė,noc_urs
athlete_joss_christensen,noc_usa
athlete_gus_kenworthy,noc_usa
athlete_nick_goepper,noc_usa
athlete_lee_sun_hee,noc_kor
athlete_trude_gundersen,noc_nor
athlete_yoriko_okamoto,noc_jpn
athlete_wijan_ponlid,noc_tha
athlete_bulat_zhumadilov,noc_kaz
athlete_jérôme_thomas,noc_fra
athlete_vladimir_sidorenko,noc_ukr
athlete_jørgen_graabak,noc_nor
athlete_magnus_moan,noc_nor
athlete_fabian_rießle,noc_ger
athlete_émilie_fer,noc_fra
athlete_shericka_williams,noc_jam
athlete_sanya_richards,noc_usa
athlete_nataliya_skakun,noc_ukr
athlete_hanna_batsiushka,noc_blr
athlete_tatsiana_stukalava,noc_blr
athlete_vasile_puşcaşu,noc_rou
athlete_leri_khabelov,noc_urs
athlete_william_scherr,noc_usa
athlete_bilyal_makhov,noc_rus
athlete_tervel_dlagnev,noc_usa
athlete_daulet_shabanbay,noc_kaz
athlete_michael_greis,noc_ger
athlete_halvard_hanevold,noc_nor
athlete_alex_schwazer,noc_ita
athlete_denis_nizhegorodov,noc_rus
athlete_shaun_white,noc_usa
athlete_peetu_piiroinen,noc_fin
athlete_scott_lago,noc_usa
athlete_mark_reynolds_magnus_liljedahl,noc_usa
athlete_ian_walker_mark_covell,noc_gbr
athlete_torben_grael_marcelo_ferreira,noc_bra
athlete_axel_wegner,noc_gdr
athlete_alfonso_de_iruarrizaga,noc_chi
athlete_jorge_guardiola,noc_esp
athlete_veronica_brenner,noc_can
athlete_deidra_dionne,noc_can
athlete_birte_weigang,noc_gdr
athlete_qian_hong,noc_chn
athlete_gunda_niemann_kleemann,noc_ger
athlete_hiromi_yamamoto,noc_jpn
athlete_stephanie_rice,noc_aus
athlete_justine_dufour_lapointe,noc_can
athlete_chloé_dufour_lapointe,noc_can
athlete_hannah_kearney,noc_usa
athlete_tanya_dangalakova,noc_bul
athlete_antoaneta_frenkeva,noc_bul
athlete_silke_hörner,noc_gdr
athlete_alexei_urmanov,noc_rus
athlete_elvis_stojko,noc_can
athlete_philippe_candeloro,noc_fra
athlete_vreni_schneider,noc_sui
athlete_mateja_svet,noc_yug
athlete_christa_kinshofer,noc_frg
athlete_kirsten_barnesshannon_crawfordmegan_delehantykathleen_heddlemarnie_mcbeanjessica_monroebrenda_taylorlesley_thompsonkay_worthington,noc_can
athlete_viorica_neculaiadriana_bazonmaria_păduraruiulia_buliedoina_robuvictoria_lepădatudoina_șnep_bălanelena_georgescuioana_olteanu,noc_rou
athlete_sylvia_dördelmannkathrin_haackerchristiane_harzendorfdaniela_neunastcerstin_petersmanndana_pyritzannegret_strauchute_schelljudith_zeidler,noc_ger
athlete_chun_lee_kyung,noc_kor
athlete_nathalie_lambert,noc_can
athlete_kim_so_hee,noc_kor
athlete_iivo_niskanensami_jauhojärvi,noc_fin
athlete_maxim_vylegzhaninnikita_kryukov,noc_rus
athlete_emil_jönssonteodor_peterson,noc_swe
athlete_marianne_timmer,noc_ned
athlete_chris_witty,noc_usa
athlete_catriona_lemay_doan,noc_can
athlete_tina_maze,noc_slo
athlete_dominique_gisin,noc_sui
athlete_lara_gut,noc_sui
athlete_justin_huish,noc_usa
athlete_magnus_petersson,noc_swe
athlete_oh_kyo_moon,noc_kor
athlete_antoine_dénériaz,noc_fra
athlete_michael_walchhofer,noc_aut
athlete_bruno_kernen,noc_sui
athlete_uwe_daßler,noc_gdr
athlete_duncan_armstrong,noc_aus
athlete_artur_wojdat,noc_pol
athlete_kenny_monday,noc_usa
athlete_adlan_varaev,noc_urs
athlete_rahmat_sofiadi,noc_bul
athlete_stefan_holm,noc_swe
athlete_matt_hemingway,noc_usa
athlete_jaroslav_bába,noc_cze
athlete_vincent_defrasne,noc_fra
athlete_sven_fischer,noc_ger
athlete_pernilla_wiberg,noc_swe
athlete_alenka_dovžan,noc_slo
athlete_masashi_abetakanori_konokenji_ogiwara,noc_jpn
athlete_bjarte_engen_vikknut_tore_apelandfred_børre_lundberg,noc_nor
athlete_jean_yves_cuendetandreas_schaadhippolyt_kempf,noc_sui
athlete_david_kostelecký,noc_cze
athlete_aleksei_alipov,noc_rus
athlete_kerron_stewart,noc_jam
athlete_leri_khabelov,noc_eun
athlete_heiko_balz,noc_ger
athlete_ali_kayalı,noc_tur
athlete_daniel_petrov,noc_bul
athlete_mansueto_velasco,noc_phi
athlete_oleg_kiryukhin,noc_ukr
athlete_rafael_lozano,noc_esp
athlete_rebecca_romero,noc_gbr
athlete_wendy_houvenaghel,noc_gbr
athlete_lesya_kalytovska,noc_ukr
athlete_yuliya_chepalova,noc_rus
athlete_stefania_belmondo,noc_ita
athlete_elfi_eder,noc_aut
athlete_katja_koren,noc_slo
athlete_valentina_turisini,noc_ita
athlete_wang_chengyi,noc_chn
athlete_mikaël_kingsbury,noc_can
athlete_alexandr_smyshlyaev,noc_rus
athlete_robert_scheidt,noc_bra
athlete_andreas_geritzer,noc_aut
athlete_michele_frangillimarco_galiazzomauro_nespoli,noc_ita
athlete_brady_ellisonjacob_wukiejake_kaminski,noc_usa
athlete_im_dong_hyunkim_bub_minoh_jin_hyek,noc_kor
athlete_emese_szász,noc_hun
athlete_rossella_fiamingo,noc_ita
athlete_sun_yiwen,noc_chn
athlete_józsef_szabó,noc_hun
athlete_nick_gillingham,noc_gbr
athlete_sergio_lópez_miró,noc_esp
athlete_maria_riesch,noc_ger
athlete_julia_mancuso,noc_usa
athlete_anja_pärson,noc_swe
athlete_haile_gebrselassie,noc_eth
athlete_paul_tergat,noc_ken
athlete_assefa_mezgebu,noc_eth
athlete_afanasijs_kuzmins,noc_urs
athlete_ralf_schumann,noc_gdr
athlete_zoltán_kovács,noc_hun
athlete_behdad_salimi,noc_iri
athlete_sajjad_anoushiravani,noc_iri
athlete_jeon_sang_guen,noc_kor
athlete_pierre_vaultier,noc_fra
athlete_nikolay_olyunin,noc_rus
athlete_alex_deibold,noc_usa
athlete_antonella_bellutti,noc_ita
athlete_marion_clignet,noc_fra
athlete_ben_ainslie,noc_gbr
athlete_rafael_trujillo,noc_esp
athlete_mateusz_kusznierewicz,noc_pol
athlete_mykola_milchev,noc_ukr
athlete_petr_málek,noc_cze
athlete_james_graves,noc_usa
athlete_benoît_caranobe,noc_fra
athlete_jan_hudec,noc_can
athlete_jamie_anderson,noc_usa
athlete_enni_rukajärvi,noc_fin
athlete_jenny_jones,noc_gbr
athlete_tang_gonghong,noc_chn
athlete_agata_wróbel,noc_pol
athlete_shawn_crawford,noc_usa
athlete_walter_dix,noc_usa
athlete_joan_llaneras,noc_esp
athlete_milton_wynants,noc_uru
athlete_aleksei_markov,noc_rus
athlete_kakhi_kakhiashvili,noc_eun
athlete_sergey_syrtsov,noc_eun
athlete_sergiusz_wołczaniecki,noc_pol
athlete_viktor_tregubov,noc_eun
athlete_tymur_taimazov,noc_eun
athlete_waldemar_malak,noc_pol
athlete_hoàng_anh_tuấn,noc_vie
athlete_jorge_gutiérrez,noc_cub
athlete_gaydarbek_gaydarbekov,noc_rus
athlete_vugar_alakbarov,noc_aze
athlete_zsolt_erdei,noc_hun
athlete_navab_nassirshalal,noc_iri
athlete_bartłomiej_bonk,noc_pol
athlete_ivan_efremov,noc_uzb
athlete_tatyana_lebedeva,noc_rus
athlete_irina_simagina,noc_rus
athlete_tatyana_kotova,noc_rus
athlete_anton_kushnir,noc_blr
athlete_david_morris,noc_aus
athlete_jia_zongyang,noc_chn
athlete_yevhen_braslavets_ihor_matviyenko,noc_ukr
athlete_john_merricks_ian_walker,noc_gbr
athlete_hugo_rocha_nuno_barreto,noc_por
athlete_anthony_nesty,noc_sur
athlete_matt_biondi,noc_usa
athlete_andy_jameson,noc_gbr
athlete_kevin_jackson,noc_usa
athlete_elmadi_zhabrailov,noc_eun
athlete_rasoul_khadem,noc_iri
athlete_alejandro_puerto,noc_cub
athlete_sergey_smal,noc_eun
athlete_kim_yong_sik,noc_prk
athlete_chen_ying,noc_chn
athlete_otryadyn_gündegmaa,noc_mgl
athlete_munkhbayar_dorjsuren,noc_ger
athlete_marina_kiehl,noc_frg
athlete_brigitte_oertli,noc_sui
athlete_karen_percy,noc_can
athlete_ismael_borrero,noc_cub
athlete_shinobu_ota,noc_jpn
athlete_elmurat_tasmuradov,noc_uzb
athlete_stig_andré_berge,noc_nor
athlete_iain_percy,noc_gbr
athlete_luca_devoti,noc_ita
athlete_fredrik_lööf,noc_swe
athlete_jan_ullrich,noc_ger
athlete_andreas_klöden,noc_ger
athlete_nikolaos_kaklamanakis,noc_gre
athlete_carlos_mauricio_espinola,noc_arg
athlete_gal_fridman,noc_isr
athlete_tristan_gale,noc_usa
athlete_lea_ann_parsley,noc_usa
athlete_alex_coomber,noc_gbr
athlete_lindsey_vonn,noc_usa
athlete_elisabeth_görgl,noc_aut
athlete_tora_berger,noc_nor
athlete_teja_gregorin,noc_slo
athlete_maya_pedersen,noc_sui
athlete_shelley_rudman,noc_gbr
athlete_mellisa_hollingsworth,noc_can
athlete_nazyr_mankiev,noc_rus
athlete_roman_amoyan,noc_arm
athlete_park_eun_chul,noc_kor
athlete_revaz_mindorashvili,noc_geo
athlete_yusup_abdusalomov,noc_tjk
athlete_taras_danko,noc_ukr
athlete_georgy_ketoev,noc_rus
athlete_guillermo_pérez,noc_mex
athlete_gabriel_mercedes,noc_dom
athlete_chu_mu_yen,noc_tpe
athlete_venus_williams,noc_usa
athlete_elena_dementieva,noc_rus
athlete_monica_seles,noc_usa
athlete_dara_howell,noc_can
athlete_devin_logan,noc_usa
athlete_kim_lamarre,noc_can
athlete_derartu_tulu,noc_eth
athlete_fernanda_ribeiro,noc_por
athlete_ed_clancygeraint_thomassteven_burkepeter_kennaugh,noc_gbr
athlete_jack_bobridgeglenn_oshearohan_dennismichael_hepburn,noc_aus
athlete_sam_bewleyaaron_gatemarc_ryanjesse_sergentwestley_gough,noc_nzl
athlete_maurren_maggi,noc_bra
athlete_blessing_okagbare,noc_ngr
athlete_chelsea_hammond,noc_jam
athlete_saeid_mohammadpour,noc_iri
athlete_kim_min_jae,noc_kor
athlete_tomasz_zieliński,noc_pol
athlete_linford_christie,noc_gbr
athlete_calvin_smith,noc_usa
athlete_diann_roffe,noc_usa
athlete_svetlana_gladysheva,noc_rus
athlete_makharbek_khadartsev,noc_urs
athlete_akira_ota,noc_jpn
athlete_kim_tae_woo,noc_kor
athlete_florence_masnada,noc_fra
athlete_patrizia_kummer,noc_sui
athlete_tomoka_takeuchi,noc_jpn
athlete_alena_zavarzina,noc_rus
athlete_giovanni_cernogoraz,noc_cro
athlete_massimo_fabbrizi,noc_ita
athlete_fehaid_al_deehani,noc_kuw
athlete_jens_weißflog,noc_ger
athlete_espen_bredesen,noc_nor
athlete_andreas_goldberger,noc_aut
athlete_maria_höfl_riesch,noc_ger
athlete_nicole_hosp,noc_aut
athlete_alain_bernard,noc_fra
athlete_eamon_sullivan,noc_aus
athlete_césar_cielo,noc_bra
athlete_jason_lezak,noc_usa
athlete_ding_ningli_xiaoxiaguo_yue,noc_chn
athlete_ai_fukuharasayaka_hiranokasumi_ishikawa,noc_jpn
athlete_li_jiaweifeng_tianweiwang_yuegu,noc_sin
athlete_lyubov_yegorova,noc_eun
athlete_yelena_välbe,noc_eun
athlete_doriane_vidal,noc_fra
athlete_fabienne_reuteler,noc_sui
athlete_mikhail_nestruyev,noc_rus
athlete_kim_jong_su,noc_prk
athlete_ted_ligety,noc_usa
athlete_rainer_schönfelder,noc_aut
athlete_katrin_apeluschi_dislandrea_henkelkati_wilhelm,noc_ger
athlete_ann_elen_skjelbreidlinda_tjørhomgunn_margit_andreassenliv_grete_poirée,noc_nor
athlete_olga_pylevagalina_kuklevasvetlana_ishmuratovaalbina_akhatova,noc_rus
athlete_wang_mingjuan,noc_chn
athlete_ryang_chun_hwa,noc_prk
athlete_arsen_fadzaev,noc_urs
athlete_park_jang_soon,noc_kor
athlete_nate_carr,noc_usa
athlete_lee_bo_na,noc_kor
athlete_gao_e,noc_chn
athlete_heike_warnicke,noc_ger
athlete_manuchar_kvirkvelia,noc_geo
athlete_chang_yongxiang,noc_chn
athlete_yavor_yanakiev,noc_bul
athlete_christophe_guénot,noc_fra
athlete_ola_vigen_hattestad,noc_nor
athlete_teodor_peterson,noc_swe
athlete_emil_jönsson,noc_swe
athlete_elena_khrustaleva,noc_kaz
athlete_aleksandr_kurlovich,noc_eun
athlete_leonid_taranenko,noc_eun
athlete_manfred_nerlinger,noc_ger
athlete_rajmond_debevec,noc_slo
athlete_juha_hirvi,noc_fin
athlete_harald_stenvaag,noc_nor
athlete_marit_wold,noc_nor
athlete_marja_liisa_kirvesniemi,noc_fin
athlete_gunda_niemann_stirnemann,noc_ger
athlete_tamás_darnyi,noc_hun
athlete_patrick_kühl,noc_gdr
athlete_vadim_yaroshchuk,noc_urs
athlete_jan_smeekens,noc_ned
athlete_ronald_mulder,noc_ned
athlete_david_svoboda,noc_cze
athlete_cao_zhongrong,noc_chn
athlete_ádám_marosi,noc_hun
athlete_park_sung_soochun_in_soolee_han_sup,noc_kor
athlete_jay_barrsrichard_mckinneydarrell_pace,noc_usa
athlete_leroy_watsonsteven_hallardrichard_priestman,noc_gbr
athlete_caitlin_leverenz,noc_usa
athlete_andré_langekevin_kuske,noc_ger
athlete_thomas_florschützrichard_adjei,noc_ger
athlete_alexandr_zubkovalexey_voyevoda,noc_rus
athlete_ramazan_şahin,noc_tur
athlete_andriy_stadnik,noc_ukr
athlete_otar_tushishvili,noc_geo
athlete_gail_devers,noc_usa
athlete_merlene_ottey,noc_jam
athlete_gwen_torrence,noc_usa
athlete_vita_semerenkojuliya_dzhymavalentyna_semerenkoolena_pidhrushna,noc_ukr
athlete_fanny_welle_strand_horntiril_eckhoffann_kristin_aafedt_flatlandtora_berger,noc_nor
athlete_eva_puskarčíkovágabriela_soukalovájitka_landováveronika_vítková,noc_cze
athlete_janica_kostelić,noc_cro
athlete_laure_pequegnot,noc_fra
athlete_tang_lingsheng,noc_chn
athlete_leonidas_sabanis,noc_gre
athlete_nikolaj_pešalov,noc_bul
athlete_jon_montgomery,noc_can
athlete_anfisa_reztsova,noc_eun
athlete_antje_misersky,noc_ger
athlete_yelena_belova,noc_eun
athlete_levon_julfalakyan,noc_urs
athlete_kim_sung_moon,noc_kor
athlete_tapio_sipilä,noc_fin
athlete_renate_götschl,noc_aut
athlete_martina_ertl,noc_ger
athlete_jung_jae_eun,noc_kor
athlete_tran_hieu_ngan,noc_vie
athlete_hamide_bıkçın_tosun,noc_tur
athlete_shawn_johnson,noc_usa
athlete_nastia_liukin,noc_usa
athlete_cheng_fei,noc_chn
athlete_andrea_collinelli,noc_ita
athlete_philippe_ermenault,noc_fra
athlete_bradley_mcgee,noc_aus
athlete_anna_fenninger,noc_aut
athlete_viktoria_rebensburg,noc_ger
athlete_serena_williamsvenus_williams,noc_usa
athlete_andrea_hlaváčková_lucie_hradecká,noc_cze
athlete_maria_kirilenko_nadia_petrova,noc_rus
athlete_tia_hellebaut,noc_bel
athlete_chaunté_howard,noc_usa
athlete_yelena_yelesina,noc_rus
athlete_hestrie_cloete,noc_rsa
athlete_kajsa_bergqvist,noc_swe
athlete_oana_pantelimon,noc_rom
athlete_kathleen_heddlemarnie_mcbean,noc_can
athlete_zhang_xiuyuncao_mianying,noc_chn
athlete_irene_eijseeke_van_nes,noc_ned
athlete_catriona_le_may_doan,noc_can
athlete_susan_auch,noc_can
athlete_tomomi_okazaki,noc_jpn
athlete_mario_matt,noc_aut
athlete_marcel_hirscher,noc_aut
athlete_henrik_kristoffersen,noc_nor
athlete_juan_holgadoalfonso_menéndezantonio_vázquez,noc_esp
athlete_ismo_falckjari_lipponentomi_poikolainen,noc_fin
athlete_steven_hallardrichard_priestmansimon_terry,noc_gbr
athlete_zhang_jungao_ling,noc_chn
athlete_nathan_robertsongail_emms,noc_gbr
athlete_jens_eriksenmette_schjoldager,noc_den
athlete_marlies_schild,noc_aut
athlete_šárka_záhrobská,noc_cze
athlete_anna_bogaliysvetlana_ishmouratovaolga_zaitsevaalbina_akhatova,noc_rus
athlete_martina_glagowandrea_henkelkatrin_apelkati_wilhelm,noc_ger
athlete_delphyne_perettoflorence_baverel_robertsylvie_becaertsandrine_bailly,noc_fra
athlete_li_tingsun_tiantian,noc_chn
athlete_conchita_martínezvirginia_ruano_pascual,noc_esp
athlete_paola_suárezpatricia_tarabini,noc_arg
athlete_ko_gi_hyun,noc_kor
athlete_choi_eun_kyung,noc_kor
athlete_evgeniya_radanova,noc_bul
athlete_lee_wai_sze,noc_hkg
athlete_alla_tsuper,noc_blr
athlete_xu_mengtao,noc_chn
athlete_lydia_lassila,noc_aus
athlete_sorin_babii,noc_rou
athlete_ragnar_skanåker,noc_swe
athlete_igor_basinski,noc_urs
athlete_galina_kukleva,noc_rus
athlete_katrin_apel,noc_ger
athlete_wang_chunlu,noc_chn
athlete_olaf_tufte,noc_nor
athlete_dzhamal_otarsultanov,noc_rus
athlete_yang_kyong_il,noc_prk
athlete_shinichi_yumoto,noc_jpn
athlete_dan_obrien,noc_usa
athlete_frank_busemann,noc_ger
athlete_tomáš_dvořák,noc_cze
athlete_luo_wei,noc_chn
athlete_elisavet_mystakidou,noc_gre
athlete_katrin_rutschowjana_sorgerskerstin_köppenkathrin_boron,noc_ger
athlete_svitlana_maziydina_miftakhutdynovainna_frolovaolena_ronzhyna,noc_ukr
athlete_laryssa_biesenthaldiane_ogradykathleen_heddlemarnie_mcbean,noc_can
athlete_peter_thomsen_dirk_schrade_ingrid_klimke_sandra_auffarth_michael_jung,noc_ger
athlete_nicola_wilson_mary_king_zara_phillips_kristina_cook_william_fox_pitt,noc_gbr
athlete_jonelle_richards_jonathan_paget_caroline_powell_andrew_nicholson_mark_todd,noc_nzl
athlete_tomas_gustafson,noc_swe
athlete_michael_hadschieff,noc_aut
athlete_leo_visser,noc_ned
athlete_yuan_hua,noc_chn
athlete_daima_beltrán,noc_cub
athlete_kim_seon_young,noc_kor
athlete_mayumi_yamashita,noc_jpn
athlete_natalya_baranova_masalkinalarisa_kurkinayuliya_chepalovayevgeniya_medvedeva_arbuzova,noc_rus
athlete_stefanie_böhlerviola_bauerevi_sachenbacher_stehleclaudia_künzel,noc_ger
athlete_arianna_follisgabriella_paruzziantonella_confortolasabina_valbusa,noc_ita
athlete_pia_hansen,noc_swe
athlete_deborah_gelisio,noc_ita
athlete_arsen_fadzaev,noc_eun
athlete_valentin_getsov,noc_bul
athlete_kosei_akaishi,noc_jpn
athlete_frode_estil,noc_nor
athlete_jaak_mae,noc_est
athlete_myriam_bédard,noc_can
athlete_svetlana_paramygina,noc_blr
athlete_valentina_tserbe,noc_ukr
athlete_giuliano_razzoli,noc_ita
athlete_andré_myhrer,noc_swe
athlete_silke_kraushaar,noc_ger
athlete_barbara_niedernhuber,noc_ger
athlete_angelika_neuner,noc_aut
athlete_uwe_jens_mey,noc_gdr
athlete_jan_ykema,noc_ned
athlete_akira_kuroiwa,noc_jpn
athlete_zhuang_yong,noc_chn
athlete_catherine_plewinski,noc_fra
athlete_annie_perreault,noc_can
athlete_yang_yang_s,noc_chn
athlete_tanyu_kiryakov,noc_bul
athlete_igor_basinski,noc_blr
athlete_martin_tenk,noc_cze
athlete_stine_lise_hattestad,noc_nor
athlete_liz_mcintyre,noc_usa
athlete_yelizaveta_kozhevnikova,noc_rus
athlete_lina_cheryazova,noc_uzb
athlete_marie_lindgren,noc_swe
athlete_hilde_synnøve_lid,noc_nor
athlete_rustam_totrov,noc_rus
athlete_jimmy_lidberg,noc_swe
athlete_yipsi_moreno,noc_cub
athlete_manuela_montebrun,noc_fra
athlete_fred_børre_lundbergkenneth_braatenhalldor_skardbjarte_engen_vik,noc_nor
athlete_jari_mantilahannu_manninentapio_nurmelasamppa_lajunen,noc_fin
athlete_fabrice_guynicolas_balludovic_rouxsylvain_guillaume,noc_fra
athlete_aleksey_cheremisinovartur_akhmatkhuzintimur_safin,noc_rus
athlete_jérémy_cadotenzo_leforterwan_le_péchouxjean_paul_tony_helissey,noc_fra
athlete_miles_chamley_watsonalexander_massialasgerek_meinhardtrace_imboden,noc_usa
athlete_tadahiro_nomura,noc_jpn
athlete_girolamo_giovinazzo,noc_ita
athlete_richard_trautmann,noc_ger
athlete_dorjpalamyn_narmandakh,noc_mgl
athlete_emma_snowsill,noc_aus
athlete_vanessa_fernandes,noc_por
athlete_emma_moffatt,noc_aus
athlete_uschi_dislmartina_zellnerkatrin_apelpetra_behle,noc_ger
athlete_olga_melnikgalina_kuklevaalbina_akhatovaolga_romasko,noc_rus
athlete_ann_elen_skjelbreidannette_sikvelandgunn_margit_andreassenliv_grete_skjelbreid,noc_nor
athlete_jean_galfione,noc_fra
athlete_igor_trandenkov,noc_rus
athlete_andrei_tivontchik,noc_ger
athlete_félicia_ballanger,noc_fra
athlete_oxana_grichina,noc_rus
athlete_iryna_yanovych,noc_ukr
athlete_pavel_kolobkov,noc_rus
athlete_hugues_obry,noc_fra
athlete_lee_sang_ki,noc_kor
athlete_jacqueline_börner,noc_ger
athlete_seiko_hashimoto,noc_jpn
athlete_tang_binjin_ziweixi_aihuazhang_yangyang,noc_chn
athlete_annabel_vernondebbie_floodfrances_houghtonkatherine_grainger,noc_gbr
athlete_britta_oppeltmanuela_lutzekathrin_boronstephanie_schiller,noc_ger
athlete_rafael_nadal,noc_esp
athlete_novak_djokovic,noc_srb
athlete_erich_buljung,noc_usa
athlete_xu_haifeng,noc_chn
athlete_carole_montillet,noc_fra
athlete_tom_jager,noc_usa
athlete_gennadiy_prigoda,noc_urs
athlete_david_gobejishvili,noc_urs
athlete_bruce_baumgartner,noc_usa
athlete_andreas_schröder,noc_gdr
athlete_takeshi_matsuda,noc_jpn
athlete_alexander_legkov,noc_rus
athlete_maxim_vylegzhanin,noc_rus
athlete_ilia_chernousov,noc_rus
athlete_olaf_ludwig,noc_gdr
athlete_bernd_gröne,noc_frg
athlete_christian_henn,noc_frg
athlete_sergei_polyakov,noc_rus
athlete_sergei_alifirenko,noc_rus
athlete_justyna_kowalczyk,noc_pol
athlete_silvan_zurbriggen,noc_sui
athlete_adelinde_cornelissen,noc_ned
athlete_laura_bechtolsheimer,noc_gbr
athlete_aleksandra_ivošev,noc_yug
athlete_irina_gerasimenok,noc_rus
athlete_yvonne_van_gennip,noc_ned
athlete_karin_kania,noc_gdr
athlete_andrea_ehrig,noc_gdr
athlete_ludger_beerbaumwolfgang_brinkmanndirk_hafemeisterfranke_sloothaak,noc_frg
athlete_greg_bestlisa_ann_jacquinanne_kursinskijoseph_fargis,noc_usa
athlete_hubert_bourdyfrédéric_cottiermichel_robertpierre_durand_jr,noc_fra
athlete_pang_wei,noc_chn
athlete_jason_turner,noc_usa
athlete_michel_ansermet,noc_sui
athlete_iulian_raicea,noc_rou
athlete_elena_berezhnayaand_anton_sikharulidze,noc_rus
athlete_jamie_saléand_david_pelletier,noc_can
athlete_nicole_uphoff,noc_ger
athlete_klaus_balkenhol,noc_ger
athlete_theresa_zabell_begoña_vía_dufresne,noc_esp
athlete_yumiko_shige_alicia_kinoshita,noc_jpn
athlete_ruslana_taran_olena_pakholchik,noc_ukr
athlete_simon_schoch,noc_sui
athlete_siegfried_grabner,noc_aut
athlete_vebjørn_rodal,noc_nor
athlete_hezekiél_sepeng,noc_rsa
athlete_fred_onyancha,noc_ken
athlete_siren_sundby,noc_nor
athlete_lenka_šmídová,noc_cze
athlete_signe_livbjerg,noc_den
athlete_felix_loch,noc_ger
athlete_david_möller,noc_ger
athlete_armin_zoeggeler,noc_ita
athlete_serena_williams,noc_usa
athlete_maria_sharapova,noc_rus
athlete_victoria_azarenka,noc_blr
athlete_gretha_smit,noc_ned
athlete_han_myung_woo,noc_kor
athlete_necmi_gençalp,noc_tur
athlete_jozef_lohyňa,noc_tch
athlete_tatiana_navka_roman_kostomarov,noc_rus
athlete_tanith_belbin_benjamin_agosto,noc_usa
athlete_elena_grushina_ruslan_goncharov,noc_ukr
athlete_christian_lusch,noc_ger
athlete_sergei_martynov,noc_blr
athlete_doris_neuner,noc_aut
athlete_susi_erdmann,noc_ger
athlete_udo_quellmalz,noc_ger
athlete_yukimasa_nakamura,noc_jpn
athlete_israel_hernández,noc_cub
athlete_henrique_guimarães,noc_bra
athlete_yin_jian,noc_chn
athlete_alessandra_sensini,noc_ita
athlete_bryony_shaw,noc_gbr
athlete_guo_wenjun,noc_chn
athlete_natalia_paderina,noc_rus
athlete_nino_salukvadze,noc_geo
athlete_paul_foerster_kevin_burnham,noc_usa
athlete_nick_rogers_joe_glanfield,noc_gbr
athlete_kazuto_seki_kenjiro_todoroki,noc_jpn
athlete_zhang_xiangsen,noc_chn
athlete_sevdalin_minchev,noc_bul
athlete_greg_searlejonny_searlegarry_herbert_cox,noc_gbr
athlete_dimitrie_popescunicolae_țagadumitru_răducanu_cox,noc_rou
athlete_yermakhan_ibraimov,noc_kaz
athlete_marian_simion,noc_rom
athlete_pornchai_thongburan,noc_tha
athlete_jermain_taylor,noc_usa
athlete_buvaisar_saitiev,noc_rus
athlete_murad_gaidarov,noc_blr
athlete_gheorghiță_ștefan,noc_rou
athlete_kiril_terziev,noc_bul
athlete_gong_jinjieguo_shuang,noc_chn
athlete_kaarle_mccullochanna_meares,noc_aus
athlete_nicole_uphoff,noc_frg
athlete_margit_otto_crépin,noc_fra
athlete_christine_stückelberger,noc_sui
athlete_jonas_høgh_christensen,noc_den
athlete_jonathan_lobert,noc_fra
athlete_jennifer_stuczynski,noc_usa
athlete_svetlana_feofanova,noc_rus
athlete_sigrid_wolf,noc_aut
athlete_michela_figini,noc_sui
athlete_satomi_suzuki,noc_jpn
athlete_sileshi_sihine,noc_eth
athlete_zersenay_tadese,noc_eri
athlete_ivano_brugnetti,noc_ita
athlete_paquillo_fernández,noc_esp
athlete_nathan_deakes,noc_aus
athlete_kristine_roug,noc_den
athlete_margriet_matthijsse,noc_ned
athlete_courtenay_becker_dey,noc_usa
athlete_shirley_robertsonsarah_webbsarah_ayton,noc_gbr
athlete_ruslana_taranganna_kalininasvitlana_matevusheva,noc_ukr
athlete_dorte_jensenhelle_jespersenchristina_otzen,noc_den
athlete_gabriela_soukalová,noc_cze
athlete_erki_nool,noc_est
athlete_roman_šebrle,noc_cze
athlete_chris_huffins,noc_usa
athlete_inna_osypenko,noc_ukr
athlete_nataša_dušev_janić,noc_hun
athlete_marc_rosset,noc_sui
athlete_jordi_arrese,noc_esp
athlete_goran_ivanišević,noc_cro
athlete_andrei_cherkasov,noc_eun
athlete_shelly_ann_fraser,noc_jam
athlete_sherone_simpson,noc_jam
athlete_gerda_weissensteiner,noc_ita
athlete_andrea_tagwerker,noc_aut
athlete_bridgette_hartley,noc_rsa
athlete_olga_fatkulina,noc_rus
athlete_margot_boer,noc_ned
athlete_islambek_albiev,noc_rus
athlete_nurbakyt_tengizbayev,noc_kaz
athlete_ruslan_tyumenbayev,noc_kgz
athlete_sheng_jiang,noc_chn
athlete_ida_ingemarsdotteremma_wikénanna_haagcharlotte_kalla,noc_swe
athlete_anne_kyllönenaino_kaisa_saarinenkerttu_niskanenkrista_lähteenmäki,noc_fin
athlete_nicole_fesselstefanie_böhlerclaudia_nystaddenise_herrmann,noc_ger
athlete_olga_klochneva,noc_rus
athlete_marina_logvinenko,noc_rus
athlete_mariya_grozdeva,noc_bul
athlete_jennifer_capriati,noc_usa
athlete_steffi_graf,noc_ger
athlete_mary_joe_fernández,noc_usa
athlete_arantxa_sánchez_vicario,noc_esp
athlete_nur_tatar,noc_tur
athlete_paige_mcpherson,noc_usa
athlete_helena_fromm,noc_ger
athlete_anita_wachter,noc_aut
athlete_maria_walliser,noc_sui
athlete_valeriy_borchin,noc_rus
athlete_jefferson_perez,noc_ecu
athlete_kim_soo_nyungwang_hee_kyungyun_young_sook,noc_kor
athlete_lilies_handayaninurfitriyana_saimankusuma_wardhani,noc_ina
athlete_deborah_ochsdenise_parkermelanie_skillman,noc_usa
athlete_iouri_podladtchikov,noc_sui
athlete_ayumu_hirano,noc_jpn
athlete_taku_hiraoka,noc_jpn
athlete_sin_joon_sik,noc_kor
athlete_feng_tianwei,noc_sin
athlete_yang_wenyi,noc_chn
athlete_katrin_meissner,noc_gdr
athlete_jill_sterkel,noc_usa
athlete_felipe_almeida_wu,noc_bra
athlete_alexandros_nikolaidis,noc_gre
athlete_chika_chukwumerije,noc_ngr
athlete_arman_chilmanov,noc_kaz
athlete_petra_horneber,noc_ger
athlete_petter_northug,noc_nor
athlete_axel_teichmann,noc_ger
athlete_johan_olsson,noc_swe
athlete_zach_railey,noc_usa
athlete_guillaume_florent,noc_fra
athlete_anders_golding,noc_den
athlete_nasser_al_attiyah,noc_qat
athlete_ed_mckeever,noc_gbr
athlete_mark_de_jonge,noc_can
athlete_benjamin_raich,noc_aut
athlete_reinfried_herbst,noc_aut
athlete_kaitlyn_farrington,noc_usa
athlete_zhang_juanjuan,noc_chn
athlete_park_sung_hyun,noc_kor
athlete_yun_ok_hee,noc_kor
athlete_kati_wilhelm,noc_ger
athlete_magdalena_forsberg,noc_swe
athlete_isabella_ochichi,noc_ken
athlete_amanda_borden_amy_chow_dominique_dawes_shannonmiller_dominique_moceanujaycie_phelps_and_kerri_strug,noc_usa
athlete_elena_dolgopolova_rozalia_galiyeva_elena_groshevasvetlana_khorkina_dina_kochetkova_yevgeniya_kuznetsova_and_oksana_lyapina,noc_rus
athlete_simona_amânar_gina_gogean_ionela_loaieș_alexandramarinescu_lavinia_miloșoviciand_mirela_țugurlan,noc_rou
athlete_marjut_lukkarinen,noc_fin
athlete_ivan_shtyl,noc_rus
athlete_alfonso_benavides,noc_esp
athlete_jake_varner,noc_usa
athlete_valeriy_andriytsev,noc_ukr
athlete_giorgi_gogshelidze,noc_geo
athlete_christine_girard,noc_can
athlete_milka_maneva,noc_bul
athlete_luz_acosta,noc_mex
athlete_bonnie_blair,noc_usa
athlete_ye_qiaobo,noc_chn
athlete_christa_luding_r,noc_ger
athlete_kamandar_madzhidov,noc_urs
athlete_zhivko_vangelov,noc_bul
athlete_an_dae_hyun,noc_kor
athlete_citra_febrianti,noc_ina
athlete_iulia_paratova,noc_ukr
athlete_lyudmila_prokasheva,noc_kaz
athlete_kathleen_nord,noc_gdr
athlete_mary_t_meagher,noc_usa
athlete_steve_missillier,noc_fra
athlete_alexis_pinturault,noc_fra
athlete_olga_kaniskina,noc_rus
athlete_kjersti_plätzer,noc_nor
athlete_elisa_rigaudo,noc_ita
athlete_abhinav_bindra,noc_ind
athlete_zhu_qinan,noc_chn
athlete_henri_häkkinen,noc_fin
athlete_janet_evans,noc_usa
athlete_anke_möhring,noc_gdr
athlete_allan_nørregaardpeter_lang,noc_den
athlete_john_smith,noc_usa
athlete_askari_mohammadian,noc_iri
athlete_lázaro_reinoso,noc_cub
athlete_miguel_induráin,noc_esp
athlete_abraham_olano,noc_esp
athlete_chris_boardman,noc_gbr
athlete_erik_lesser,noc_ger
athlete_evgeniy_garanichev,noc_rus
athlete_kathrin_zimmermann,noc_gdr
athlete_won_hye_kyung,noc_kor
athlete_mark_huizinga,noc_ned
athlete_carlos_honorato,noc_bra
athlete_frédéric_demontfaucon,noc_fra
athlete_ruslan_mashurenko,noc_ukr
athlete_anna_haag,noc_swe
athlete_lee_jung_su,noc_kor
athlete_lee_ho_suk,noc_kor
athlete_apolo_anton_ohno,noc_usa
athlete_mickaël_bourgain,noc_fra
athlete_sébastien_godefroid,noc_bel
athlete_roy_heiner,noc_ned
athlete_juan_curuchetwalter_pérez,noc_arg
athlete_joan_llanerasantonio_tauler,noc_esp
athlete_mikhail_ignatievalexei_markov,noc_rus
athlete_marko_kemppainen,noc_fin
athlete_juan_miguel_rodríguez,noc_cub
athlete_andre_agassi,noc_usa
athlete_sergi_bruguera,noc_esp
athlete_leander_paes,noc_ind
athlete_georg_hettich,noc_ger
athlete_felix_gottwald,noc_aut
athlete_valerie_vili,noc_nzl
athlete_misleydis_gonzález,noc_cub
athlete_øystein_pettersenpetter_northug,noc_nor
athlete_tim_tscharnkeaxel_teichmann,noc_ger
athlete_nikolay_morilovalexey_petukhov,noc_rus
athlete_adrian_zieliński,noc_pol
athlete_tarek_yehia,noc_egy
athlete_zbigniew_bródka,noc_pol
athlete_koen_verweij,noc_ned
athlete_cathy_turner,noc_usa
athlete_li_yan,noc_chn
athlete_hwang_ok_sil,noc_prk
athlete_qiu_jian,noc_chn
athlete_jury_sukhorukov,noc_ukr
athlete_steven_hooker,noc_aus
athlete_yevgeny_lukyanenko,noc_rus
athlete_derek_miles,noc_usa
athlete_marcus_walz,noc_esp
athlete_josef_dostál,noc_cze
athlete_roman_anoshkin,noc_rus
athlete_dániel_gyurta,noc_hun
athlete_michael_jamieson,noc_gbr
athlete_ryo_tateishi,noc_jpn
athlete_gustav_larsson,noc_swe
athlete_levi_leipheimer,noc_usa
athlete_petra_kronberger,noc_aut
athlete_jessica_rossi,noc_ita
athlete_zuzana_štefečeková,noc_svk
athlete_delphine_reau,noc_fra
athlete_selina_gasparin,noc_sui
athlete_nadezhda_skardino,noc_blr
athlete_andrei_aramnau,noc_blr
athlete_dmitry_klokov,noc_rus
athlete_marcin_dołęga,noc_pol
athlete_michaela_dorfmeister,noc_aut
athlete_alexandra_meissnitzer,noc_aut
athlete_zulfiya_zabirova,noc_rus
athlete_sergey_novikov,noc_blr
athlete_manuela_henkelviola_bauerclaudia_künzelevi_sachenbacher,noc_ger
athlete_marit_bjørgenbente_skarihilde_g_pedersenanita_moen,noc_nor
athlete_andrea_huberlaurence_rochatbrigitte_albrecht_loretannatascia_leonardi_cortesi,noc_sui
athlete_naim_süleymanoğlu,noc_tur
athlete_park_sang_young,noc_kor
athlete_géza_imre,noc_hun
athlete_gauthier_grumier,noc_fra
athlete_mark_todd,noc_nzl
athlete_ian_stark,noc_gbr
athlete_virginia_leng,noc_gbr
athlete_irina_shilova,noc_urs
athlete_silvia_sperber,noc_frg
athlete_anna_maloukhina,noc_urs
athlete_marianne_st_gelais,noc_can
athlete_peer_moberg,noc_nor
athlete_astrid_strauss,noc_gdr
athlete_julie_mcdonald,noc_aus
athlete_mehmet_akif_pirim,noc_tur
athlete_sergey_martynov,noc_eun
athlete_juan_marén,noc_cub
athlete_jan_železný,noc_cze
athlete_steve_backley,noc_gbr
athlete_seppo_räty,noc_fin
athlete_zoltán_kővágó,noc_hun
athlete_aleksander_tammert,noc_est
athlete_raphaël_poirée,noc_fra
athlete_ricco_groß,noc_ger
athlete_erik_lesserdaniel_böhmarnd_peiffersimon_schempp,noc_ger
athlete_christoph_sumanndaniel_mesotitschsimon_ederdominik_landertinger,noc_aut
athlete_tarjei_bøjohannes_thingnes_bøole_einar_bjørndalenemil_hegle_svendsen,noc_nor
athlete_lenka_hyková,noc_cze
athlete_irada_ashumova,noc_aze
athlete_stacy_dragila,noc_usa
athlete_tatiana_grigorieva,noc_aus
athlete_vala_flosadóttir,noc_isl
athlete_dmitry_monakov,noc_urs
athlete_miloslav_bednařík,noc_tch
athlete_frans_peeters,noc_bel
athlete_apolo_ohno,noc_usa
athlete_ahn_hyun_soo,noc_kor
athlete_susanne_kiermayer,noc_ger
athlete_deserie_huddleston,noc_aus
athlete_roman_hagara_hans_peter_steinacher,noc_aut
athlete_darren_bundock_john_forbes,noc_aus
athlete_roland_gaebler_rene_schwall,noc_ger
athlete_ángel_matos,noc_cub
athlete_faissal_ebnoutalib,noc_ger
athlete_víctor_estrada,noc_mex
athlete_jochen_schümann_thomas_flach_bernd_jäkel,noc_ger
athlete_georgy_shayduko_dmitri_shabanov_igor_skalin,noc_rus
athlete_jeff_madrigali_jim_barton_kent_massey,noc_usa
athlete_janne_lahtela,noc_fin
athlete_travis_mayer,noc_usa
athlete_richard_gay,noc_fra
athlete_marie_josé_pérec,noc_fra
athlete_cathy_freeman,noc_aus
athlete_falilat_ogunkoya,noc_ngr
athlete_moon_dae_sung,noc_kor
athlete_pascal_gentil,noc_fra
athlete_serhiy_danylchenko,noc_ukr
athlete_clarence_vinson,noc_usa
athlete_viktor_ruban,noc_ukr
athlete_park_kyung_mo,noc_kor
athlete_bair_badënov,noc_rus
athlete_cho_youn_jeongkim_soo_nyunglee_eun_kyung,noc_kor
athlete_ma_xiangjunwang_hongwang_xiaozhu,noc_chn
athlete_natalia_valeevakhatouna_kvrivichvililyudmila_arzhanikova,noc_eun
athlete_jennifer_heil,noc_can
athlete_kari_traa,noc_nor
athlete_sandra_laoura,noc_fra
athlete_vic_wild,noc_rus
athlete_žan_košir,noc_slo
athlete_shizuka_arakawa,noc_jpn
athlete_sasha_cohen,noc_usa
athlete_irina_slutskaya,noc_rus
athlete_ronny_weller,noc_ger
athlete_artur_akoyev,noc_eun
athlete_stefan_botev,noc_bul
athlete_svetlana_sleptsovaanna_bogaliy_titovetsolga_medvedtsevaolga_zaytseva,noc_rus
athlete_marie_laure_brunetsylvie_becaertmarie_dorinsandrine_bailly,noc_fra
athlete_kati_wilhelmsimone_hauswaldmartina_beckandrea_henkel,noc_ger
athlete_tang_lin,noc_chn
athlete_céline_lebrun,noc_fra
athlete_simona_richter,noc_rou
athlete_emanuela_pierantozzi,noc_ita
athlete_yang_ling,noc_chn
athlete_oleg_moldovan,noc_mda
athlete_niu_zhiyuan,noc_chn
athlete_aleksandr_lebziak,noc_rus
athlete_rudolf_kraj,noc_cze
athlete_andriy_fedchuk,noc_ukr
athlete_sergey_mihaylov,noc_uzb
athlete_carlo_molfetta,noc_ita
athlete_anthony_obame,noc_gab
athlete_robelis_despaigne,noc_cub
athlete_liu_xiaobo,noc_chn
athlete_matti_hautamäki,noc_fin
athlete_richard_faulds,noc_gbr
athlete_russell_mark,noc_aus
athlete_marie_laure_brunet,noc_fra
athlete_anabel_medina_garriguesvirginia_ruano_pascual,noc_esp
athlete_yan_zizheng_jie,noc_chn
athlete_sylke_otto,noc_ger
athlete_micah_kogo,noc_ken
athlete_yekaterina_dyachenkoyuliya_gavrilovayana_egoriansofya_velikaya,noc_rus
athlete_olha_kharlanalina_komashchukolena_kravatskaolena_voronina,noc_ukr
athlete_monica_aksamitibtihaj_muhammaddagmara_wozniakmariel_zagunis,noc_usa
athlete_trine_hattestad,noc_nor
athlete_mirela_manjani_tzelili,noc_gre
athlete_shannon_bahrke,noc_usa
athlete_mitsuru_sato,noc_jpn
athlete_šaban_trstena,noc_yug
athlete_vladimir_toguzov,noc_urs
athlete_phil_dalhaussertodd_rogers,noc_usa
athlete_márcio_araújofabio_luiz_magalhães,noc_bra
athlete_ricardo_santosemanuel_rego,noc_bra
athlete_shalane_flanagan,noc_usa
athlete_linet_masai,noc_ken
athlete_sarah_walker,noc_nzl
athlete_laura_smulders,noc_ned
athlete_bradley_wiggins,noc_gbr
athlete_hayden_roulston,noc_nzl
athlete_steven_burke,noc_gbr
athlete_amelie_lux,noc_ger
athlete_edwin_cheruiyot_soi,noc_ken
athlete_svetlana_nageykinanina_gavrylyuktamara_tikhonovaanfisa_reztsova,noc_urs
athlete_trude_dybendahlmarit_woldanne_jahrenmarianne_dahlmo,noc_nor
athlete_pirkko_määttämarja_liisa_kirvesniemimarjo_matikainenjaana_savolainen,noc_fin
athlete_alexander_dale_oen,noc_nor
athlete_aslanbek_khushtov,noc_rus
athlete_mirko_englich,noc_ger
athlete_adam_wheeler,noc_usa
athlete_marek_švec,noc_cze
athlete_brahim_asloum,noc_fra
athlete_maikro_romero,noc_cub
athlete_kim_un_chol,noc_prk
athlete_steffi_walter_martin,noc_gdr
athlete_ute_oberhoffner_weiß,noc_gdr
athlete_cerstin_schmidt,noc_gdr
athlete_satu_mäkelä_nummela,noc_fin
athlete_kerri_walsh_jenningsmisty_may_treanor,noc_usa
athlete_tian_jiawang_jie,noc_chn
athlete_xue_chenzhang_xi,noc_chn
athlete_tae_satoya,noc_jpn
athlete_lilia_podkopayeva,noc_ukr
athlete_gina_gogean,noc_rou
athlete_simona_amânar,noc_rou
athlete_lavinia_miloșovici,noc_rou
athlete_olga_pyleva,noc_rus
athlete_irina_nikulchina,noc_bul
athlete_josé_manuel_moreno,noc_esp
athlete_shane_kelly,noc_aus
athlete_daniela_hunger,noc_gdr
athlete_yelena_dendeberova,noc_urs
athlete_noemi_lung,noc_rom
athlete_evi_sachenbacher,noc_ger
athlete_anita_moen,noc_nor
athlete_faustine_merret,noc_fra
athlete_johann_olav_koss,noc_nor
athlete_kjell_storelid,noc_nor
athlete_rintje_ritsma,noc_ned
athlete_anni_friesinger,noc_ger
athlete_sabine_völker,noc_ger
athlete_jennifer_rodriguez,noc_usa
athlete_eva_samková,noc_cze
athlete_dominique_maltais,noc_can
athlete_chloé_trespeuch,noc_fra
athlete_angelo_taylor,noc_usa
athlete_bershawn_jackson,noc_usa
athlete_tereza_marinova,noc_bul
athlete_olena_hovorova,noc_ukr
athlete_mario_kindelán,noc_cub
athlete_andriy_kotelnyk,noc_ukr
athlete_cristián_bejarano,noc_mex
athlete_aleksandr_maletin,noc_rus
athlete_roger_federerstan_wawrinka,noc_sui
athlete_simon_aspelinthomas_johansson,noc_swe
athlete_henry_cejudo,noc_usa
athlete_tomohiro_matsunaga,noc_jpn
athlete_radoslav_velikov,noc_bul
athlete_besik_kudukhov,noc_rus
athlete_hitomi_obara,noc_jpn
athlete_carol_huynh,noc_can
athlete_clarissa_chun,noc_usa
athlete_tudor_casapu,noc_eun
athlete_pablo_lara,noc_cub
athlete_kim_myong_nam,noc_prk
athlete_yuko_emoto,noc_jpn
athlete_gella_vandecaveye,noc_bel
athlete_jenny_gal,noc_ned
athlete_jung_sung_sook,noc_kor
athlete_richard_thompson,noc_tri
athlete_chen_zhong,noc_chn
athlete_natalia_ivanova,noc_rus
athlete_dominique_bosshart,noc_can
athlete_sebastián_crismanich,noc_arg
athlete_nicolás_garcía,noc_esp
athlete_park_sung_hyunyun_ok_heejoo_hyun_jung,noc_kor
athlete_chen_lingguo_danzhang_juanjuan,noc_chn
athlete_bérengère_schuhsophie_dodemontvirginie_arnold,noc_fra
athlete_marcus_hellner,noc_swe
athlete_tobias_angerer,noc_ger
athlete_julia_dujmovits,noc_aut
athlete_anke_karstens,noc_ger
athlete_amelie_kober,noc_ger
athlete_annelise_coberger,noc_nzl
athlete_blanca_fernández_ochoa,noc_esp
athlete_oskars_melbārdisarvis_vilkastedaumants_dreiškensjānis_strenga,noc_lat
athlete_steven_holcombsteven_langtoncurtis_tomaseviczchristopher_fogt,noc_usa
athlete_john_james_jacksonbruce_taskerstuart_bensonjoel_fearon,noc_gbr
athlete_jeff_thue,noc_can
athlete_david_gobejishvili,noc_eun
athlete_hou_yuzhuo,noc_chn
athlete_marlène_harnois,noc_fra
athlete_tseng_li_cheng,noc_tpe
athlete_mathieu_gourdain,noc_fra
athlete_wiradech_kothny,noc_ger
athlete_heidi_weng,noc_nor
athlete_sam_willoughby,noc_aus
athlete_carlos_oquendo,noc_col
athlete_david_crawshay_scott_brennan,noc_aus
athlete_tõnu_endrekson_jüri_jaanson,noc_est
athlete_stephen_rowbotham_matthew_wells,noc_gbr
athlete_isabelle_blanc,noc_fra
athlete_karine_ruby,noc_fra
athlete_lidia_trettel,noc_ita
athlete_michalis_mouroutsos,noc_gre
athlete_gabriel_esparza,noc_esp
athlete_huang_chih_hsiung,noc_tpe
athlete_sébastien_flute,noc_fra
athlete_chung_jae_hun,noc_kor
athlete_simon_terry,noc_gbr
athlete_stéphane_lambiel,noc_sui
athlete_jeffrey_buttle,noc_can
athlete_keiichiro_nagashima,noc_jpn
athlete_joji_kato,noc_jpn
athlete_roman_hagarahans_peter_steinacher,noc_aut
athlete_john_lovellcharlie_ogletree,noc_usa
athlete_santiago_langecarlos_espínola,noc_arg
athlete_jean_noël_ferrari_lionel_plumenailbrice_guyart_patrice_lhôtellier,noc_fra
athlete_dong_zhaozhi_wang_haibin_ye_chong,noc_chn
athlete_salvatore_sanzo_matteo_zennaro_daniele_crosta_gabriele_magni,noc_ita
athlete_svetlana_demina,noc_rus
athlete_jesper_bank_henrik_blakskjær_thomas_jacobsen,noc_den
athlete_jochen_schümann_gunnar_bahr_ingo_borkowski,noc_ger
athlete_herman_horn_johannessen_paul_davis_espen_stokkeland,noc_nor
athlete_carole_merle,noc_fra
athlete_kim_soo_nyung,noc_kor
athlete_wang_hee_kyung,noc_kor
athlete_yun_young_sook,noc_kor
athlete_alexander_moskalenko,noc_rus
athlete_ji_wallace,noc_aus
athlete_mathieu_turgeon,noc_can
athlete_andreas_linger_wolfgang_linger,noc_aut
athlete_andré_florschütz_torsten_wustlich,noc_ger
athlete_gerhard_plankensteiner_oswald_haselrieder,noc_ita
athlete_daniele_molmenti,noc_ita
athlete_vavřinec_hradilek,noc_cze
athlete_hannes_aigner,noc_ger
athlete_mahammatkodir_abdullaev,noc_uzb
athlete_ricardo_williams,noc_usa
athlete_mohamed_allalou,noc_alg
athlete_diógenes_luña,noc_cub
athlete_guo_xinxin,noc_chn
athlete_christine_brinker,noc_ger
athlete_nathalie_lancien,noc_fra
athlete_ingrid_haringa,noc_ned
athlete_lucy_tyler_sharman,noc_aus
athlete_j_r_celski,noc_usa
athlete_loredana_dinusimona_ghermansimona_popana_maria_popescu,noc_rom
athlete_hao_jialusun_yiwensun_yujiexu_anqi,noc_chn
athlete_olga_kochnevavioletta_kolobovatatiana_logunovalyubov_shutova,noc_rus
athlete_cho_youn_jeong,noc_kor
athlete_natalia_valeeva,noc_eun
athlete_anne_briand,noc_fra
athlete_pak_hyon_suk,noc_prk
athlete_lu_ying_chi,noc_tpe
athlete_mari_holden,noc_usa
athlete_myriam_baverel,noc_fra
athlete_adriana_carmona,noc_ven
athlete_nadezhda_talanovanatalya_snytinaluiza_noskovaanfisa_reztsova,noc_rus
athlete_uschi_dislantje_harveysimone_greiner_petter_memmpetra_schaaf,noc_ger
athlete_corinne_niogretvéronique_claudeldelphyne_heymannanne_briand,noc_fra
athlete_kim_young_ho,noc_kor
athlete_ralf_bißdorf,noc_ger
athlete_dmitry_shevchenko,noc_rus
athlete_martina_glagow,noc_ger
athlete_albina_akhatova,noc_rus
athlete_andreas_wank_marinus_krausandreas_wellingerseverin_freund,noc_ger
athlete_michael_hayböck_thomas_morgensternthomas_diethartgregor_schlierenzauer,noc_aut
athlete_reruhi_shimizu_taku_takeuchidaiki_itonoriaki_kasai,noc_jpn
athlete_malcolm_cooper,noc_gbr
athlete_alister_allan,noc_gbr
athlete_kirill_ivanov,noc_urs
athlete_mathew_belchermalcolm_page,noc_aus
athlete_luke_patiencestuart_bithell,noc_gbr
athlete_lucas_calabresejuan_de_la_fuente,noc_arg
athlete_roger_kluge,noc_ger
athlete_chris_newton,noc_gbr
athlete_zhou_lulu,noc_chn
athlete_tatiana_kashirina,noc_rus
athlete_angelo_mazzoni_paolo_milanoli_alfredo_rota_maurizio_randazzo,noc_ita
athlete_jean_françois_di_martino_hugues_obry_éric_srecki,noc_fra
athlete_carlos_pedroso_iván_trevejo_nelson_loyola,noc_cub
athlete_aino_kaisa_saarinen,noc_fin
athlete_michael_blackburn,noc_aus
athlete_amy_williams,noc_gbr
athlete_kerstin_szymkowiak,noc_ger
athlete_anja_huber,noc_ger
athlete_sweden,noc_swe
athlete_canada,noc_can
athlete_china,noc_chn
athlete_lauren_burns,noc_aus
athlete_urbia_melendez,noc_cub
athlete_chi_shu_ju,noc_tpe
athlete_tao_luna,noc_chn
athlete_lalita_yauhleuskaya,noc_blr
athlete_david_douillet,noc_fra
athlete_shinichi_shinohara,noc_jpn
athlete_indrek_pertelson,noc_est
athlete_tamerlan_tmenov,noc_rus
athlete_andrea_fischbacher,noc_aut
athlete_anke_baier,noc_ger
athlete_kye_sun_hui,noc_prk
athlete_ryoko_tamura,noc_jpn
athlete_amarilis_savón,noc_cub
athlete_yolanda_soler,noc_esp
athlete_choi_young_rae,noc_kor
athlete_wang_zhiwei,noc_chn
athlete_chiharu_icho,noc_jpn
athlete_iryna_merleni,noc_ukr
athlete_im_dong_hyunlee_chang_hwanpark_kyung_mo,noc_kor
athlete_ilario_di_buòmauro_nespolimarco_galiazzo,noc_ita
athlete_xue_haifengjiang_linli_wenquan,noc_chn
athlete_szymon_kołecki,noc_pol
athlete_arsen_kasabiev,noc_geo
athlete_yoandry_hernández,noc_cub
athlete_jan_železný,noc_tch
athlete_amaury_leveaux,noc_fra
athlete_emese_hunyady,noc_aut
athlete_alla_vazhenina,noc_kaz
athlete_damaris_aguirre,noc_mex
athlete_enrico_fabris,noc_ita
athlete_lindsay_davenport,noc_usa
athlete_jana_novotná,noc_cze
athlete_peter_antoniestephen_hawkins,noc_aus
athlete_arnold_jonkechristoph_zerbst,noc_aut
athlete_nico_rienkshenk_jan_zwolle,noc_ned
athlete_magnus_moanmagnus_krogjørgen_graabakhåvard_klemetsen,noc_nor
athlete_fabian_rießlebjörn_kircheisenjohannes_rydzekeric_frenzel,noc_ger
athlete_lukas_klapferchristoph_bielermario_stecherbernhard_gruber,noc_aut
athlete_jang_ji_won,noc_kor
athlete_nia_abdallah,noc_usa
athlete_iridia_salazar,noc_mex
athlete_kōsei_inoue,noc_jpn
athlete_nicolas_gill,noc_can
athlete_yury_styopkin,noc_rus
athlete_stéphane_traineau,noc_fra
athlete_cullen_jones,noc_usa
athlete_lai_shan_lee,noc_hkg
athlete_bernd_dittert_christian_meyeruwe_peschelmichael_rich,noc_ger
athlete_flavio_anastasia_luca_colombo_gianfranco_contri_andrea_peron,noc_ita
athlete_hervé_boussarddidier_faivre_pierretphilippe_gaumontjean_louis_harel,noc_fra
athlete_yana_egorian,noc_rus
athlete_olha_zhovnirolga_kharlanhalyna_pundykolena_khomrova,noc_ukr
athlete_bao_yingyinghuang_haiyangni_hongtan_xue,noc_chn
athlete_sada_jacobsonrebecca_wardmariel_zagunis,noc_usa
athlete_jonas_edman,noc_swe
athlete_torben_grimmel,noc_den
athlete_florence_baverel_robert,noc_fra
athlete_anna_carin_olofsson,noc_swe
athlete_lilia_efremova,noc_ukr
athlete_ato_boldon,noc_tri
athlete_obadele_thompson,noc_bar
athlete_mikaela_shiffrin,noc_usa
athlete_kathrin_zettel,noc_aut
athlete_daichi_suzuki,noc_jpn
athlete_david_berkoff,noc_usa
athlete_carly_patterson,noc_usa
athlete_svetlana_khorkina,noc_rus
athlete_zhang_nan,noc_chn
athlete_michael_diamond,noc_aus
athlete_josh_lakatos,noc_usa
athlete_lance_bade,noc_usa
athlete_gu_bon_gilwon_woo_youngkim_jung_hwanoh_eun_seok,noc_kor
athlete_rareș_dumitrescutiberiu_dolniceanuflorin_zalomiralexandru_sirițeanu,noc_rou
athlete_diego_occhuizzialdo_montanoluigi_sameleluigi_tarantino,noc_ita
athlete_david_wharton,noc_usa
athlete_shirvani_muradov,noc_rus
athlete_michel_batista,noc_cub
athlete_yves_loday_nicolas_hénard,noc_fra
athlete_randy_smyth_keith_notary,noc_usa
athlete_mitch_booth_john_robert_forbes,noc_aus
athlete_dimitrij_ovtcharov,noc_ger
athlete_bekzat_sattarkhanov,noc_kaz
athlete_ricardo_juarez,noc_usa
athlete_tahar_tamsamani,noc_mar
athlete_kamil_djamaloudinov,noc_rus
athlete_chen_shih_hsin,noc_tpe
athlete_yanelis_labrada,noc_cub
athlete_yaowapa_boorapolchai,noc_tha
athlete_jan_blokhuijsen,noc_ned
athlete_jorrit_bergsma,noc_ned
athlete_jürgen_schult,noc_gdr
athlete_romas_ubartas,noc_urs
athlete_rolf_danneberg,noc_frg
athlete_sibelis_veranes,noc_cub
athlete_kate_howey,noc_gbr
athlete_ylenia_scapin,noc_ita
athlete_iker_martínezxabier_fernández,noc_esp
athlete_rodion_lukageorge_leonchuk,noc_ukr
athlete_chris_drapersimon_hiscocks,noc_gbr
athlete_chris_jacobs,noc_usa
athlete_stéphan_caron,noc_fra
athlete_huang_xiaomin,noc_chn
athlete_dani_kinglaura_trottjoanna_rowsell,noc_gbr
athlete_sarah_hammerdotsie_bauschjennie_reedlauren_tamayo,noc_usa
athlete_tara_whittengillian_carletonjasmin_glaesser,noc_can
athlete_martina_schild,noc_sui
athlete_jon_rønningen,noc_nor
athlete_alfred_ter_mkrtchyan,noc_eun
athlete_min_kyung_gab,noc_kor
athlete_ekaterina_gordeevasergei_grinkov,noc_rus
athlete_natalia_mishkutenokartur_dmitriev,noc_rus
athlete_isabelle_brasseurlloyd_eisler,noc_can
athlete_tatjana_mittermayer,noc_ger
athlete_li_duihong,noc_chn
athlete_diana_iorgova,noc_bul
athlete_oleg_saitov,noc_rus
athlete_sergey_dotsenko,noc_ukr
athlete_vitaly_gruşac,noc_mda
athlete_dorel_simion,noc_rom
athlete_audley_harrison,noc_gbr
athlete_mukhtarkhan_dildabekov,noc_kaz
athlete_paolo_vidoz,noc_ita
athlete_rustam_saidov,noc_uzb
athlete_martin_johnsrud_sundby,noc_nor
athlete_alexander_popov,noc_rus
athlete_gary_hall_jr,noc_usa
athlete_jia_zhanbo,noc_chn
athlete_michael_anti,noc_usa
athlete_christian_planer,noc_aut
athlete_nicola_thost,noc_ger
athlete_stine_brun_kjeldaas,noc_nor
athlete_shannon_dunn_downing,noc_usa
athlete_michael_gross,noc_frg
athlete_benny_nielsen,noc_den
athlete_anthony_mosse,noc_nzl
athlete_françoise_mbango_etone,noc_cmr
athlete_yargelis_savigne,noc_cub
athlete_dinara_safina,noc_rus
athlete_vera_zvonareva,noc_rus
athlete_robert_korzeniowski,noc_pol
athlete_aleksey_voyevodin,noc_rus
athlete_pierre_durand_jr,noc_fra
athlete_greg_best,noc_usa
athlete_karsten_huck,noc_frg
athlete_celine_goberville,noc_fra
athlete_olena_kostevych,noc_ukr
athlete_alin_moldoveanu,noc_rou
athlete_gagan_narang,noc_ind
athlete_svetlana_pechorskaya,noc_eun
athlete_tatjana_hüfner,noc_ger
athlete_andrea_minguzzi,noc_ita
athlete_zoltán_fodor,noc_hun
athlete_nazmi_avluca,noc_tur
athlete_carlo_janka,noc_sui
athlete_támara_echegoyenángela_pumariegasofía_toro,noc_esp
athlete_olivia_pricenina_curtislucinda_whitty,noc_aus
athlete_silja_lehtinensilja_kanerva_mikaela_wulff,noc_fin
athlete_drew_ginn_duncan_free,noc_aus
athlete_dave_calder_scott_frandsen,noc_can
athlete_nathan_twaddle_george_bridgewater,noc_nzl
athlete_fernando_leon_jose_luis_ballester,noc_esp
athlete_mitch_booth_andrew_landenberger,noc_aus
athlete_lars_grael_henrique_pellicano,noc_bra
athlete_bente_skari,noc_nor
athlete_peter_wilson,noc_gbr
athlete_håkan_dahlby,noc_swe
athlete_vasily_mosin,noc_rus
athlete_svetlana_ishmouratova,noc_rus
athlete_christine_nesbitt,noc_can
athlete_annette_gerritsen,noc_ned
athlete_laurine_van_riessen,noc_ned
athlete_christian_cantwell,noc_usa
athlete_dylan_armstrong,noc_can
athlete_hossein_rezazadeh,noc_iri
athlete_viktors_ščerbatihs,noc_lat
athlete_velichko_cholakov,noc_bul
athlete_jasna_šekarić,noc_yug
athlete_nino_salukvadze,noc_urs
athlete_marina_dobrantcheva,noc_urs
athlete_torben_graelmarcelo_ferreira,noc_bra
athlete_david_ross_macdonaldmike_wolfs,noc_can
athlete_pascal_rambeauxavier_rohart,noc_fra
athlete_kim_kyong_hun,noc_kor
athlete_daniel_trenton,noc_aus
athlete_ainārs_kovals,noc_lat
athlete_tero_pitkämäki,noc_fin
athlete_olga_vilukhina,noc_rus
athlete_vita_semerenko,noc_ukr
athlete_markus_rogan,noc_aut
athlete_răzvan_florea,noc_rom
athlete_seth_wescott,noc_usa
athlete_mike_robertson,noc_can
athlete_tony_ramoin,noc_fra
athlete_daryl_homer,noc_usa
athlete_kim_jung_hwan,noc_kor
athlete_kim_jang_mi,noc_kor
athlete_driulys_gonzález,noc_cub
athlete_jung_sun_yong,noc_kor
athlete_isabel_fernández,noc_esp
athlete_marisabel_lomba,noc_bel
athlete_franziska_schenk,noc_ger
athlete_sage_kotsenburg,noc_usa
athlete_ståle_sandbech,noc_nor
athlete_mark_mcmorris,noc_can
athlete_jason_queally,noc_gbr
athlete_stefan_nimke,noc_ger
athlete_lars_nelsondaniel_rickardssonjohan_olssonmarcus_hellner,noc_swe
athlete_dmitry_yaparovalexander_bessmertnykhalexander_legkovmaxim_vylegzhanin,noc_rus
athlete_jean_marc_gaillardmaurice_manificatrobin_duvillardivan_perrillat_boiteux,noc_fra
athlete_tony_martin,noc_ger
athlete_chris_froome,noc_gbr
athlete_wladimir_klitschko,noc_ukr
athlete_paea_wolfgramm,noc_tga
athlete_duncan_dokiwari,noc_ngr
athlete_alexei_lezin,noc_rus
athlete_an_han_bong,noc_kor
athlete_rıfat_yıldız,noc_ger
athlete_sheng_zetian,noc_chn
athlete_ingeburg_schwerzmannstefani_werremeier,noc_ger
athlete_stephanie_piersonanna_seaton,noc_usa
athlete_nevin_galmarini,noc_sui
athlete_justin_huishrichard_johnsonrod_white,noc_usa
athlete_jang_yong_hokim_bo_ramoh_kyo_moon,noc_kor
athlete_matteo_bisianimichele_frangilliandrea_parenti,noc_ita
athlete_asbel_kiprop,noc_ken
athlete_nicholas_willis,noc_nzl
athlete_mehdi_baala,noc_fra
athlete_félix_savón,noc_cub
athlete_sultan_ibragimov,noc_rus
athlete_vladimer_tchanturia,noc_geo
athlete_sebastian_köber,noc_ger
athlete_kim_kyung_wook,noc_kor
athlete_he_ying,noc_chn
athlete_olena_sadovnycha,noc_ukr
athlete_martina_ertl_renz,noc_ger
athlete_andré_hoffmann,noc_gdr
athlete_eric_flaim,noc_usa
athlete_christa_rothenburger,noc_gdr
athlete_walton_eller,noc_usa
athlete_francesco_daniello,noc_ita
athlete_hu_binyuan,noc_chn
athlete_valentina_vezzalielisa_di_franciscaarianna_errigoilaria_salvatori,noc_ita
athlete_aida_chanaevalarisa_korobeynikovainna_deriglazovakamila_gafurzyanova,noc_rus
athlete_nam_hyun_heejeon_hee_sookjung_gil_okoh_ha_na,noc_kor
athlete_matthias_steiner,noc_ger
athlete_evgeny_chigishev,noc_rus
athlete_andrea_henkel,noc_ger
athlete_liv_grete_poirée,noc_nor
athlete_denise_lewis,noc_gbr
athlete_yelena_prokhorova,noc_rus
athlete_natallia_sazanovich,noc_blr
athlete_alexei_grishin,noc_blr
athlete_jeret_peterson,noc_usa
athlete_liu_zhongqing,noc_chn
athlete_wilfred_bungei,noc_ken
athlete_ismail_ahmed_ismail,noc_sud
athlete_alfred_kirwa_yego,noc_ken
athlete_nikita_kryukov,noc_rus
athlete_alexander_panzhinskiy,noc_rus
athlete_maiken_caspersen_falla,noc_nor
athlete_ingvild_flugstad_østberg,noc_nor
athlete_vesna_fabjan,noc_slo
athlete_henadzi_aliashchuk,noc_blr
athlete_kim_jo_sunkim_kyung_wookyoon_hye_young,noc_kor
athlete_barbara_mensingcornelia_pfohlsandra_wagner_sachse,noc_ger
athlete_iwona_dzięciołkatarzyna_klatajoanna_nowicka,noc_pol
athlete_christoph_sieber,noc_aut
athlete_carlos_espinola,noc_arg
athlete_aaron_mcintosh,noc_nzl
athlete_danka_barteková,noc_svk
athlete_daniel_rickardsson,noc_swe
athlete_irina_karavaeva,noc_rus
athlete_oxana_tsyhuleva,noc_ukr
athlete_karen_cockburn,noc_can
athlete_anders_holmertz,noc_swe
athlete_jefferson_pérez,noc_ecu
athlete_ilya_markov,noc_rus
athlete_bernardo_segura,noc_mex
athlete_ivan_ivanov,noc_bul
athlete_lin_qisheng,noc_chn
athlete_traian_cihărean,noc_rou
athlete_zhang_yanmei,noc_chn
athlete_amy_peterson,noc_usa
athlete_ludger_beerbaum,noc_ger
athlete_piet_raymakers,noc_ned
athlete_norman_dello_joio,noc_usa
athlete_alexey_alipov,noc_rus
athlete_adam_vella,noc_aus
athlete_tanja_poutiainen,noc_fin
athlete_anna_ottosson,noc_swe
athlete_amir_reza_khadem,noc_iri
athlete_tim_baillieetienne_stott,noc_gbr
athlete_pavol_hochschornerpeter_hochschorner,noc_svk
athlete_halvard_hanevoldtarjei_bøemil_hegle_svendsenole_einar_bjørndalen,noc_nor
athlete_simon_ederdaniel_mesotitschdominik_landertingerchristoph_sumann,noc_aut
athlete_fredrik_lindströmcarl_johan_bergmanmattias_nilssonbjörn_ferry,noc_swe
athlete_frank_luck,noc_ger
athlete_viktor_maigourov,noc_rus
athlete_leuris_pupo,noc_cub
athlete_vijay_kumar,noc_ind
athlete_ding_feng,noc_chn
athlete_petra_majdič,noc_slo
athlete_oh_jin_hyek,noc_kor
athlete_takaharu_furukawa,noc_jpn
athlete_dai_xiaoxiang,noc_chn
athlete_maider_unda,noc_esp
athlete_daniele_garozzo,noc_ita
athlete_alexander_massialas,noc_usa
athlete_timur_safin,noc_rus
athlete_gauthier_grumieryannick_boreldaniel_jérentjean_michel_lucenay,noc_fra
athlete_enrico_garozzomarco_ficherapaolo_pizzoandrea_santarelli,noc_ita
athlete_géza_imregábor_boczkóandrás_rédlipéter_somfai,noc_hun
athlete_andrey_chemerkin,noc_rus
athlete_stefan_botev_khristov,noc_aus
athlete_anna_tunnicliffe,noc_usa
athlete_gintarė_scheidt,noc_ltu
athlete_nina_reithmayer,noc_aut
athlete_natalie_geisenberger,noc_ger
athlete_daniela_ceccarelli,noc_ita
athlete_karen_putzer,noc_ita
athlete_constantina_diṭă_tomescu,noc_rou
athlete_catherine_ndereba,noc_ken
athlete_zhou_chunxiu,noc_chn
athlete_gabriella_paruzzi,noc_ita
athlete_jang_yong_hokim_chung_taeoh_kyo_moon,noc_kor
athlete_matteo_bisianiilario_di_buòmichele_frangilli,noc_ita
athlete_butch_johnsonrod_whitevic_wunderle,noc_usa
athlete_armin_zöggeler,noc_ita
athlete_albert_demtschenko,noc_rus
athlete_mārtiņš_rubenis,noc_lat
athlete_li_jie,noc_chn
athlete_jozef_gönci,noc_svk
athlete_oleg_kucherenko,noc_eun
athlete_vincenzo_maenza,noc_ita
athlete_wilber_sánchez,noc_cub
athlete_zhou_yang,noc_chn
athlete_lee_eun_byul,noc_kor
athlete_suzanne_balogh,noc_aus
athlete_maría_quintanal,noc_esp
athlete_marty_nothstein,noc_usa
athlete_jens_fiedler,noc_ger
athlete_ri_hak_son,noc_prk
athlete_zeke_jones,noc_usa
athlete_valentin_yordanov,noc_bul
athlete_donna_weinbrecht,noc_usa
athlete_yelizaveta_kozhevnikova,noc_eun
athlete_katalin_kovácsnatasa_dusev_janics,noc_hun
athlete_hans_wallén_bobby_lohse,noc_swe
athlete_colin_beashel_david_giles,noc_aus
athlete_shirley_robertson,noc_gbr
athlete_serena_amato,noc_arg
athlete_maria_olaru,noc_rou
athlete_liu_xuan,noc_chn
athlete_silvio_martinello,noc_ita
athlete_brian_walton,noc_can
athlete_stuart_ogrady,noc_aus
athlete_penny_heyns,noc_rsa
athlete_ágnes_kovács,noc_hun
athlete_grigory_kiriyenko_sergey_sharikov_stanislav_pozdnyakov,noc_rus
athlete_bence_szabó_csaba_köves_józsef_navarrete,noc_hun
athlete_luigi_tarantino_raffaelo_caserta_tonhi_terenzi,noc_ita
athlete_namig_abdullayev,noc_aze
athlete_sammie_henson,noc_usa
athlete_amiran_kardanov,noc_gre
athlete_lin_li,noc_chn
athlete_summer_sanders,noc_usa
athlete_daniela_hunger,noc_ger
athlete_noriko_anno,noc_jpn
athlete_liu_xia,noc_chn
athlete_yurisel_laborde,noc_cub
athlete_lucia_morico,noc_ita
athlete_rita_könig,noc_ger
athlete_giovanna_trillini,noc_ita
athlete_michelle_smith,noc_irl
athlete_marianne_limpert,noc_can
athlete_wolfgang_perner,noc_aut
athlete_hermann_maier,noc_aut
athlete_hans_knauss,noc_aut
athlete_didier_cuche,noc_sui
athlete_denis_pankratov,noc_rus
athlete_tom_malchow,noc_usa
athlete_scott_goodman,noc_aus
athlete_brigitte_mcmahon,noc_sui
athlete_michellie_jones,noc_aus
athlete_magali_messmer,noc_sui
athlete_steve_lewis,noc_usa
athlete_butch_reynolds,noc_usa
athlete_danny_everett,noc_usa
athlete_brahim_boutayeb,noc_mar
athlete_salvatore_antibo,noc_ita
athlete_kipkemboi_kimeli,noc_ken
athlete_roger_kingdom,noc_usa
athlete_colin_jackson,noc_gbr
athlete_tonie_campbell,noc_usa
athlete_launi_meili,noc_usa
athlete_nonka_matova,noc_bul
athlete_małgorzata_książkiewicz,noc_pol
athlete_joey_cheek,noc_usa
athlete_erben_wennemars,noc_ned
athlete_rogelio_marcelo,noc_cub
athlete_jan_quast,noc_ger
athlete_roel_velasco,noc_phi
athlete_sylwia_gruchała,noc_pol
athlete_ivailo_marinov,noc_bul
athlete_michael_carbajal,noc_usa
athlete_leopoldo_serantes,noc_phi
athlete_róbert_isaszegi,noc_hun
athlete_karina_aznavuryan_tatyana_logunova_mariya_mazina_oksana_yermakova,noc_rus
athlete_gianna_hablützel_bürki_sophie_lamon_diana_romagnoli,noc_sui
athlete_li_na_liang_qin_yang_shaoqi,noc_chn
athlete_reuben_kosgei,noc_ken
athlete_wilson_boit_kipketer,noc_ken
athlete_ali_ezzine,noc_mar
athlete_armen_mkrtchyan,noc_arm
athlete_alexis_vila,noc_cub
athlete_takashi_kobayashi,noc_jpn
athlete_ivan_tsonov,noc_bul
athlete_sergey_karamchakov,noc_urs
athlete_le_jingyi,noc_chn
athlete_sandra_völker,noc_ger
athlete_angel_martino,noc_usa
athlete_lutz_heßlich,noc_gdr
athlete_nikolai_kovsh,noc_urs
athlete_gary_neiwand,noc_aus
athlete_cathérine_fleury,noc_fra
athlete_yael_arad,noc_isr
athlete_yelena_petrova,noc_eun
athlete_zhang_di,noc_chn
athlete_djamel_bouras,noc_fra
athlete_toshihiko_koga,noc_jpn
athlete_cho_in_chul,noc_kor
athlete_soso_liparteliani,noc_geo
athlete_franck_piccard,noc_fra
athlete_helmut_mayer,noc_aut
athlete_lars_börje_eriksson,noc_swe
athlete_pawel_nastula,noc_pol
athlete_kim_min_soo,noc_kor
athlete_aurélio_miguel,noc_bra
athlete_pascal_richard,noc_sui
athlete_rolf_sørensen,noc_den
athlete_max_sciandri,noc_gbr
athlete_wang_junxia,noc_chn
athlete_anja_fichtel_mauritz,noc_frg
athlete_sabine_bau,noc_frg
athlete_zita_eva_funkenhauser,noc_frg
athlete_cael_sanderson,noc_usa
athlete_moon_eui_jae,noc_kor
athlete_sazhid_sazhidov,noc_rus
athlete_yelena_rudkovskaya,noc_eun
athlete_anita_nall,noc_usa
athlete_samantha_riley,noc_aus
athlete_brooke_bennett,noc_usa
athlete_diana_munz,noc_usa
athlete_claudia_poll,noc_crc
athlete_francesca_bortolozzi_borella_giovanna_trillini_valentina_vezzali,noc_ita
athlete_laura_cârlescu_badea_reka_zsofia_lazăr_szabo_roxana_scarlat,noc_rou
athlete_anja_fichtel_mauritz_monika_weber_koszto_sabine_bau,noc_ger
athlete_giovanna_trillini_margherita_zalaffi_francesca_bortolozzi_borella_diana_bianchedi_dorina_vaccaroni,noc_ita
athlete_zita_eva_funkenhauser_sabine_bau_anja_fichtel_mauritz_monika_weber_koszto_annette_dobmeier,noc_ger
athlete_reka_zsofia_lazăr_szabo_claudia_grigorescu_elisabeta_guzganu_tufan_laura_cârlescu_badea_roxana_dumitrescu,noc_rou
athlete_melvin_stewart,noc_usa
athlete_danyon_loader,noc_nzl
athlete_franck_esposito,noc_fra
athlete_aleksandr_romankov_ilgar_mammadov_vladimer_aptsiauri_anvar_ibragimov_boris_koretsky,noc_urs
athlete_matthias_gey_thorsten_weidner_matthias_behr_ulrich_schreck_thomas_endres,noc_frg
athlete_zsolt_érsek_pál_szekeres_istván_szelei_istván_busa_róbert_gátai,noc_hun
athlete_bart_veldkamp,noc_ned
athlete_ids_postma,noc_ned
athlete_jan_bos,noc_ned
athlete_hiroyasu_shimizu,noc_jpn
athlete_marc_meiling,noc_frg
athlete_dennis_stewart,noc_gbr
athlete_robert_van_de_walle,noc_bel
athlete_matthew_birir,noc_ken
athlete_patrick_sang,noc_ken
athlete_william_mutwol,noc_ken
athlete_allison_wagner,noc_usa
athlete_thomas_frischknecht,noc_sui
athlete_daniel_plaza,noc_esp
athlete_guillaume_leblanc,noc_can
athlete_giovanni_de_benedictis,noc_ita
athlete_zhang_shan,noc_chn
athlete_juan_giha,noc_per
athlete_bruno_rossetti,noc_ita
athlete_zsuzsanna_vörös,noc_hun
athlete_jeļena_rubļevska,noc_lat
athlete_georgina_harland,noc_gbr
athlete_chen_yueling,noc_chn
athlete_yelena_nikolayeva,noc_eun
athlete_li_chunxiu,noc_chn
athlete_stefka_kostadinova,noc_bul
athlete_niki_bakogianni,noc_gre
athlete_inha_babakova,noc_ukr
athlete_martina_hellmann,noc_gdr
athlete_diana_gansky,noc_gdr
athlete_tsvetanka_khristova,noc_bul
athlete_wang_xu,noc_chn
athlete_guzel_manyurova,noc_rus
athlete_yevgeny_sadovyi,noc_eun
athlete_giaan_rooney_leisel_jones_petria_thomas_jodie_henry_brooke_hanson_alice_mills_jessicah_schipper,noc_aus
athlete_natalie_coughlin_amanda_beard_jenny_thompson_kara_lynn_joyce_haley_cope_tara_kirk_rachel_komisarz_amanda_weir,noc_usa
athlete_antje_buschschulte_sarah_poewe_franziska_van_almsick_daniela_götz_indicates_the_swimmer_only_competed_in_the_preliminary_heats,noc_ger
athlete_marina_logvinenko,noc_eun
athlete_jasna_šekarić,noc_iop
athlete_duff_gibson,noc_can
athlete_jeff_pain,noc_can
athlete_gregor_stähli,noc_sui
athlete_stephan_eberharter,noc_aut
athlete_michael_von_grünigen,noc_sui
athlete_jean_françois_lamour,noc_fra
athlete_janusz_olech,noc_pol
athlete_giovanni_scalzo,noc_ita
athlete_andreas_tews,noc_ger
athlete_faustino_reyes,noc_esp
athlete_ramaz_paliani,noc_eun
athlete_hocine_soltani,noc_alg
athlete_sonja_nef,noc_sui
athlete_jonathan_edwards,noc_gbr
athlete_yoel_garcía,noc_cub
athlete_denis_kapustin,noc_rus
athlete_chen_xiaomin,noc_chn
athlete_ioanna_chatziioannou,noc_gre
athlete_gennadiy_laliyev,noc_kaz
athlete_iván_fundora,noc_cub
athlete_kim_jae_yup,noc_kor
athlete_kevin_asano,noc_usa
athlete_shinji_hosokawa,noc_jpn
athlete_amiran_totikashvili,noc_urs
athlete_jackie_joyner_kersee,noc_usa
athlete_sabine_john,noc_gdr
athlete_anke_behmer,noc_gdr
athlete_attila_czene,noc_hun
athlete_jani_sievinen,noc_fin
athlete_curtis_myden,noc_can
athlete_crissy_ahmann_leighton,noc_usa
athlete_henry_maske,noc_gdr
athlete_egerton_marcus,noc_can
athlete_chris_sande,noc_ken
athlete_hussain_shah,noc_pak
athlete_dagmar_hase,noc_ger
athlete_nicole_stevenson,noc_aus
athlete_amy_van_dyken,noc_usa
athlete_liu_limin,noc_chn
athlete_noé_hernández,noc_mex
athlete_vladimir_andreyev,noc_rus
athlete_lasse_ottesen,noc_nor
athlete_dieter_thoma,noc_ger
athlete_cai_yalin,noc_chn
athlete_artem_khadjibekov,noc_rus
athlete_yevgeni_aleinikov,noc_rus
athlete_stefan_topurov,noc_bul
athlete_ye_huanming,noc_chn
athlete_pablo_morales,noc_usa
athlete_rafał_szukała,noc_pol
athlete_noah_ngeny,noc_ken
athlete_bernard_lagat,noc_ken
athlete_mika_myllylä,noc_fin
athlete_erling_jevne,noc_nor
athlete_silvio_fauner,noc_ita
athlete_varteres_samurgashev,noc_rus
athlete_akaki_chachua,noc_geo
athlete_wu_wenxiong,noc_chn
athlete_mark_kirchner,noc_ger
athlete_harri_eloranta,noc_fin
athlete_louise_ritter,noc_usa
athlete_tamara_bykova,noc_urs
athlete_chandra_crawford,noc_can
athlete_claudia_künzel,noc_ger
athlete_alyona_sidko,noc_rus
athlete_andre_ward,noc_usa
athlete_magomed_aripgadjiev,noc_blr
athlete_ahmed_ismail_el_shamy,noc_egy
athlete_utkirbek_haydarov,noc_uzb
athlete_casey_fitzrandolph,noc_usa
athlete_kip_carpenter,noc_usa
athlete_yandro_quintana,noc_cub
athlete_masoud_mostafa_jokar,noc_iri
athlete_kenji_inoue,noc_jpn
athlete_yumileidi_cumbá,noc_cub
athlete_nadine_kleinert,noc_ger
athlete_mike_powell,noc_usa
athlete_joe_greene,noc_usa
athlete_huang_hua,noc_chn
athlete_tang_jiuhong,noc_chn
athlete_kevin_young,noc_usa
athlete_winthrop_graham,noc_jam
athlete_kriss_akabusi,noc_gbr
athlete_tonique_williams_darling,noc_bah
athlete_ana_guevara,noc_mex
athlete_natalya_antyukh,noc_rus
athlete_christian_klees,noc_ger
athlete_sergey_belyayev,noc_kaz
athlete_bjørn_dæhlie,noc_nor
athlete_vladimir_smirnov,noc_kaz
athlete_annemarie_forder,noc_aus
athlete_aleksandr_karelin,noc_urs
athlete_rangel_gerovski,noc_bul
athlete_tomas_johansson,noc_swe
athlete_arsi_harju,noc_fin
athlete_john_godina,noc_usa
athlete_paolo_bettini,noc_ita
athlete_sérgio_paulinho,noc_por
athlete_axel_merckx,noc_bel
athlete_ding_meiyuan,noc_chn
athlete_cheryl_haworth,noc_usa
athlete_sun_fuming,noc_chn
athlete_estela_rodríguez,noc_cub
athlete_johanna_hagn,noc_ger
athlete_christine_cicot,noc_fra
athlete_petr_hrdlička,noc_tch
athlete_kazumi_watanabe,noc_jpn
athlete_marco_venturini,noc_ita
athlete_takafumi_nishitani,noc_jpn
athlete_an_yulong,noc_chn
athlete_hitoshi_uematsu,noc_jpn
athlete_uwe_jens_mey,noc_ger
athlete_toshiyuki_kuroiwa,noc_jpn
athlete_junichi_inoue,noc_jpn
athlete_ryoko_tani,noc_jpn
athlete_frédérique_jossinet,noc_fra
athlete_gao_feng,noc_chn
athlete_julia_matijass,noc_ger
athlete_ambrosi_hoffmann,noc_sui
athlete_attila_repka,noc_hun
athlete_islam_dugushiev,noc_eun
athlete_rodney_smith,noc_usa
athlete_yulia_nestsiarenka,noc_blr
athlete_lauryn_williams,noc_usa
athlete_jean_pierre_amat,noc_fra
athlete_wolfram_waibel,noc_aut
athlete_héctor_vinent,noc_cub
athlete_oktay_urkal,noc_ger
athlete_fathi_missaoui,noc_tun
athlete_bolat_niyazymbetov,noc_kaz
athlete_michael_carruth,noc_irl
athlete_juan_hernández_sierra,noc_cub
athlete_aníbal_santiago_acevedo,noc_pur
athlete_arkhom_chenglai,noc_tha
athlete_marie_claire_restoux,noc_fra
athlete_hyun_sook_hee,noc_kor
athlete_noriko_sugawara,noc_jpn
athlete_legna_verdecia,noc_cub
athlete_filiberto_azcuy,noc_cub
athlete_katsuhiko_nagata,noc_jpn
athlete_aleksey_glushkov,noc_rus
athlete_akakios_kakiasvilis,noc_gre
athlete_aleksey_petrov,noc_rus
athlete_rogério_sampaio,noc_bra
athlete_józsef_csák,noc_hun
athlete_andreas_schönbächler,noc_sui
athlete_philippe_laroche,noc_can
athlete_lloyd_langlois,noc_can
athlete_séverine_vandenhende,noc_fra
athlete_li_shufang,noc_chn
athlete_éric_srecki,noc_fra
athlete_pavel_kolobkov,noc_eun
athlete_jean_michel_henry,noc_fra
athlete_thomas_morgenstern,noc_aut
athlete_andreas_kofler,noc_aut
athlete_lars_bystøl,noc_nor
athlete_brad_bridgewater,noc_usa
athlete_tripp_schwenk,noc_usa
athlete_emanuele_merisi,noc_ita
athlete_boris_kokorev,noc_rus
athlete_roberto_di_donna,noc_ita
athlete_tom_brands,noc_usa
athlete_jang_jae_sung,noc_kor
athlete_elbrus_tedeyev,noc_ukr
athlete_takuya_ota,noc_jpn
athlete_christian_schenk,noc_gdr
athlete_torsten_voss,noc_gdr
athlete_dave_steen,noc_can
athlete_khristo_markov,noc_bul
athlete_igor_lapshin,noc_urs
athlete_aleksandr_kovalenko,noc_urs
athlete_athanasia_tsoumeleka,noc_gre
athlete_olimpiada_ivanova,noc_rus
athlete_jane_saville,noc_aus
athlete_frédérik_deburghgraeve,noc_bel
athlete_jeremy_linn,noc_usa
athlete_mark_warnecke,noc_ger
athlete_tomomi_morita,noc_jpn
athlete_lenny_krayzelburg,noc_usa
athlete_matt_welsh,noc_aus
athlete_juan_carlos_lemus,noc_cub
athlete_orhan_delibaş,noc_ned
athlete_györgy_mizsei,noc_hun
athlete_robin_reid,noc_gbr
athlete_kim_young_nam,noc_kor
athlete_daulet_turlykhanov,noc_urs
athlete_józef_tracz,noc_pol
athlete_nazim_huseynov,noc_eun
athlete_yoon_hyun,noc_kor
athlete_tadanori_koshino,noc_jpn
athlete_liliana_gafencuveronica_cochelaelena_georgescuanca_tănasedoina_spîrcumarioara_popescuioana_olteanuelisabeta_lipădoina_ignat,noc_rou
athlete_anna_van_der_kamptosha_tsanglesley_thompsonemma_robinsonjessica_monroeheather_mcdermidmaria_maundertheresa_lukealison_korn,noc_can
athlete_yelena_mikulichmarina_znaknataliya_volcheknataliya_stasyuktamara_davydenkovalentina_skrabatunnataliya_lavrinenkoyaroslava_pavlovichaleksandra_pankina,noc_blr
athlete_gretchen_bleiler,noc_usa
athlete_kjersti_buaas,noc_nor
athlete_vladimir_salnikov,noc_urs
athlete_stefan_pfeiffer,noc_frg
athlete_song_myeong_seob,noc_kor
athlete_oksana_grishukevgeni_platov,noc_rus
athlete_maya_usovaalexander_zhulin,noc_rus
athlete_jayne_torvillchristopher_dean,noc_gbr
athlete_ellen_van_langen,noc_ned
athlete_liliya_nurutdinova,noc_eun
athlete_ana_fidelia_quirot,noc_cub
athlete_yevgeny_kafelnikov,noc_rus
athlete_tommy_haas,noc_ger
athlete_arnaud_di_pasquale,noc_fra
athlete_edgar_grospiron,noc_fra
athlete_olivier_allamand,noc_fra
athlete_nelson_carmichael,noc_usa
athlete_susie_oneill,noc_aus
athlete_martina_moravcová,noc_svk
athlete_yana_klochkova,noc_ukr
athlete_yasuko_tajima,noc_jpn
athlete_beatrice_câșlaru,noc_rom
athlete_frode_andresen,noc_nor
athlete_ville_räikkönen,noc_fin
athlete_jodie_henry,noc_aus
athlete_inge_de_bruijn,noc_ned
athlete_emil_milev,noc_bul
athlete_vladimir_vokhmyanin,noc_kaz
athlete_georg_hackl,noc_ger
athlete_jens_müller,noc_ger
athlete_arnaud_tournant,noc_fra
athlete_mnatsakan_iskandaryan,noc_eun
athlete_torbjörn_kornbakk,noc_swe
athlete_hadi_souan_somayli,noc_ksa
athlete_llewellyn_herbert,noc_rsa
athlete_gabi_zange,noc_gdr
athlete_alireza_dabir,noc_iri
athlete_yevhen_buslovych,noc_ukr
athlete_terry_brands,noc_usa
athlete_tom_dolan,noc_usa
athlete_erik_vendt,noc_usa
athlete_paul_ereng,noc_ken
athlete_joaquim_cruz,noc_bra
athlete_saïd_aouita,noc_mar
athlete_yelena_romanova,noc_eun
athlete_tetyana_dorovskikh,noc_eun
athlete_angela_chalmers,noc_can
athlete_konstantinos_kenteris,noc_gre
athlete_darren_campbell,noc_gbr
athlete_markus_wasmeier,noc_ger
athlete_tommy_moe,noc_usa
athlete_kim_dong_sung,noc_kor
athlete_li_jiajun,noc_chn
athlete_éric_bédard,noc_can
athlete_gerard_van_velde,noc_ned
athlete_yeo_kab_soon,noc_kor
athlete_vesela_letcheva,noc_bul
athlete_aranka_binder,noc_iop
athlete_libor_capalini,noc_cze
athlete_tatiana_gutsu,noc_eun
athlete_shannon_miller,noc_usa
athlete_lavinia_miloșovici,noc_rom
athlete_sevdalin_marinov,noc_bul
athlete_chun_byung_kwan,noc_kor
athlete_he_zhuoqiang,noc_chn
athlete_jung_bu_kyung,noc_kor
athlete_manolo_poulot,noc_cub
athlete_aidyn_smagulov,noc_kgz
athlete_aigars_fadejevs,noc_lat
athlete_joel_sánchez,noc_mex
athlete_erika_salumäe,noc_est
athlete_annett_neumann,noc_ger
athlete_malia_metella,noc_fra
athlete_lisbeth_lenton,noc_aus
athlete_kristina_šmigun,noc_est
athlete_yevgeniya_medvedeva_arbuzova,noc_rus
athlete_hayley_lewis,noc_aus
athlete_jeff_rouse,noc_usa
athlete_rodolfo_falcón,noc_cub
athlete_neisser_bent,noc_cub
athlete_iván_pedroso,noc_cub
athlete_jai_taurima,noc_aus
athlete_roman_shchurenko,noc_ukr
athlete_daniel_kass,noc_usa
athlete_markku_koski,noc_fin
athlete_zhuang_xiaoyan,noc_chn
athlete_natalia_lupino,noc_fra
athlete_yoko_sakaue,noc_jpn
athlete_duje_draganja,noc_cro
athlete_alexei_yagudin,noc_rus
athlete_timothy_goebel,noc_usa
athlete_justine_henin,noc_bel
athlete_amélie_mauresmo,noc_fra
athlete_alicia_molik,noc_aus
athlete_ulla_werbrouck,noc_bel
athlete_yoko_tanabe,noc_jpn
athlete_diadenis_luna,noc_cub
athlete_klete_keller,noc_usa
athlete_michael_phelps_ryan_lochte_peter_vanderkaay_klete_keller_scott_goldblatt_dan_ketchum,noc_usa
athlete_grant_hackett_michael_klim_nicholas_sprenger_ian_thorpe_antony_matkovich_todd_pearson_craig_stevens,noc_aus
athlete_emiliano_brembilla_massimiliano_rosolino_simone_cercato_filippo_magnini_federico_cappellazzo_matteo_pelliciari_indicates_the_swimmer_only_competed_in_the_preliminary_heats,noc_ita
athlete_wang_xiaohong,noc_chn
athlete_beth_botsford,noc_usa
athlete_whitney_hedgepeth,noc_usa
athlete_marianne_kriel,noc_rsa
athlete_denys_sylantyev,noc_ukr
athlete_justin_norris,noc_aus
athlete_debbie_flintoff_king,noc_aus
athlete_tatyana_ledovskaya,noc_urs
athlete_ellen_fiedler,noc_gdr
athlete_franck_dumoulin,noc_fra
athlete_wang_yifu,noc_chn
athlete_yordanka_donkova,noc_bul
athlete_gloria_siebert,noc_gdr
athlete_claudia_zaczkiewicz,noc_frg
athlete_stanislava_komarova,noc_rus
athlete_antje_buschschulte,noc_ger
athlete_million_wolde,noc_eth
athlete_ali_saïdi_sief,noc_alg
athlete_brahim_lahlafi,noc_mar
athlete_frank_peter_roetsch,noc_gdr
athlete_valeriy_medvedtsev,noc_urs
athlete_sergei_tchepikov,noc_urs
athlete_stefano_cerioni,noc_ita
athlete_udo_wagner,noc_gdr
athlete_aleksandr_romankov,noc_urs
athlete_xiao_jun,noc_chn
athlete_miroslav_januš,noc_cze
athlete_vyacheslav_oliynyk,noc_ukr
athlete_jacek_fafiński,noc_pol
athlete_maik_bullmann,noc_ger
athlete_dieter_baumann,noc_ger
athlete_paul_bitok,noc_ken
athlete_fita_bayisa,noc_eth
athlete_ryszard_wolny,noc_pol
athlete_ghani_yalouz,noc_fra
athlete_brimin_kipruto,noc_ken
athlete_paul_kipsiele_koech,noc_ken
athlete_noriko_narazaki,noc_jpn
athlete_liu_yuxiang,noc_chn
athlete_hennadiy_avdyeyenko,noc_urs
athlete_hollis_conway,noc_usa
athlete_rudolf_povarnitsyn,noc_urs
athlete_patrik_sjöberg,noc_swe
athlete_kurt_angle,noc_usa
athlete_abbas_jadidi,noc_iri
athlete_arawat_sabejew,noc_ger
athlete_kim_ki_hoon,noc_kor
athlete_frédéric_blackburn,noc_can
athlete_lee_joon_ho,noc_kor
athlete_aleksandr_dokturishvili,noc_uzb
athlete_marko_yli_hannuksela,noc_fin
athlete_miloslav_mečíř,noc_tch
athlete_tim_mayotte,noc_usa
athlete_stefan_edberg,noc_swe
athlete_brad_gilbert,noc_usa
athlete_andrzej_wroński,noc_pol
athlete_sergey_lishtvan,noc_blr
athlete_mikael_ljungberg,noc_swe
athlete_khadzhimurad_magomedov,noc_rus
athlete_yang_hyung_mo,noc_kor
athlete_hamza_yerlikaya,noc_tur
athlete_thomas_zander,noc_ger
athlete_valery_tsilent,noc_blr
athlete_markus_prock,noc_aut
athlete_galina_chistyakova,noc_urs
athlete_svetlana_bazhanova,noc_rus
athlete_jeon_ki_young,noc_kor
athlete_armen_bagdasarov,noc_uzb
athlete_marko_spittka,noc_ger
athlete_aleksandr_kirichenko,noc_urs
athlete_martin_vinnicombe,noc_aus
athlete_robert_lechner,noc_frg
athlete_carl_verheijen,noc_ned
athlete_mahmut_demir,noc_tur
athlete_aleksey_medvedev,noc_blr
athlete_ross_powers,noc_usa
athlete_jarret_thomas,noc_usa
athlete_kateřina_kůrková,noc_cze
athlete_yuriy_melnichenko,noc_kaz
athlete_dennis_hall,noc_usa
athlete_franziska_van_almsick,noc_ger
athlete_hitoshi_saito,noc_jpn
athlete_henry_stöhr,noc_gdr
athlete_cho_yong_chul,noc_kor
athlete_grigory_verichev,noc_urs
athlete_alessandro_puccini,noc_ita
athlete_lionel_plumenail,noc_fra
athlete_franck_boidin,noc_fra
athlete_inessa_kravets,noc_ukr
athlete_inna_lasovskaya,noc_rus
athlete_šárka_kašpárková,noc_cze
athlete_allen_johnson,noc_usa
athlete_florian_schwarthoff,noc_ger
athlete_hubert_strolz,noc_aut
athlete_bernhard_gstrein,noc_aut
athlete_paul_accola,noc_sui
athlete_rodrigo_pessoa,noc_bra
athlete_chris_kappler,noc_usa
athlete_marco_kutscher,noc_ger
athlete_massimiliano_rosolino,noc_ita
athlete_zhan_xugang,noc_chn
athlete_viktor_mitrou,noc_gre
athlete_arsen_melikyan,noc_arm
athlete_khasan_baroev,noc_rus
athlete_georgiy_tsurtsumia,noc_kaz
athlete_rulon_gardner,noc_usa
athlete_gunde_svan,noc_swe
athlete_maurilio_de_zolt,noc_ita
athlete_andreas_grünenfelder,noc_sui
athlete_ross_rebagliati,noc_can
athlete_thomas_prugger,noc_ita
athlete_ueli_kestenholz,noc_sui
athlete_andrzej_głąb,noc_pol
athlete_bratan_tsenov,noc_bul
athlete_ed_podivinsky,noc_can
athlete_yang_wei_zhang_jiewen,noc_chn
athlete_gao_ling_huang_sui,noc_chn
athlete_lee_kyung_won_ra_kyung_min,noc_kor
athlete_otis_harris,noc_usa
athlete_derrick_brew,noc_usa
athlete_yan_bartelemí,noc_cub
athlete_atagün_yalçınkaya,noc_tur
athlete_sergey_kazakov,noc_rus
athlete_vegard_ulvang,noc_nor
athlete_terje_langli,noc_nor
athlete_alison_bartosikanna_kozlova,noc_usa
athlete_marc_huster,noc_ger
athlete_andrzej_cofalik,noc_pol
athlete_joël_chenal,noc_fra
athlete_maria_mutola,noc_moz
athlete_stephanie_graf,noc_aut
athlete_kelly_holmes,noc_gbr
athlete_olga_kuzenkova,noc_rus
athlete_yunaika_crawford,noc_cub
athlete_pirmin_zurbriggen,noc_sui
athlete_peter_müller,noc_sui
athlete_tor_heiestad,noc_nor
athlete_huang_shiping,noc_chn
athlete_gennadi_avramenko,noc_urs
athlete_ådne_søndrål,noc_nor
athlete_paul_palmer,noc_gbr
athlete_daniel_kowalski,noc_aus
athlete_hossein_tavakkoli,noc_iri
athlete_alan_tsagaev,noc_bul
athlete_said_saif_asaad,noc_qat
athlete_megan_still_kate_slatter,noc_aus
athlete_karen_kraftmelissa_schwen,noc_usa
athlete_christine_gosséhélène_cortin,noc_fra
athlete_steffi_graf,noc_frg
athlete_gabriela_sabatini,noc_arg
athlete_zina_garrison,noc_usa
athlete_manuela_maleeva_fragnière,noc_bul
athlete_mai_nakamura,noc_jpn
athlete_nina_zhivanevskaya,noc_esp
athlete_aleksey_mishin,noc_rus
athlete_ara_abrahamian,noc_swe
athlete_viachaslau_makaranka,noc_blr
athlete_murat_kardanov,noc_rus
athlete_matt_lindland,noc_usa
athlete_tomasz_sikora,noc_pol
athlete_josef_polig,noc_ita
athlete_gianfranco_martin,noc_ita
athlete_steve_locher,noc_sui
athlete_anna_rogowska,noc_pol
athlete_kanstantsin_lukashyk,noc_eun
athlete_andrey_perlov,noc_eun
athlete_carlos_mercenario,noc_mex
athlete_ronald_weigel,noc_ger
athlete_norbert_rózsa,noc_hun
athlete_andrey_korneyev,noc_rus
athlete_tontcho_tontchev,noc_bul
athlete_terrance_cauthen,noc_usa
athlete_leonard_doroftei,noc_rou
athlete_joel_casamayor,noc_cub
athlete_wayne_mccullough,noc_irl
athlete_mohammed_achik,noc_mar
athlete_ri_gwang_sik,noc_prk
athlete_scott_miller,noc_aus
athlete_vladislav_kulikov,noc_rus
athlete_graeme_smith,noc_gbr
athlete_yanina_korolchik,noc_blr
athlete_larisa_peleshenko,noc_rus
athlete_astrid_kumbernuss,noc_ger
athlete_jimmy_shea,noc_usa
athlete_martin_rettl,noc_aut
athlete_falko_zandstra,noc_ned
athlete_nick_hysong,noc_usa
athlete_lawrence_johnson,noc_usa
athlete_maksim_tarasov,noc_rus
athlete_sergey_bubka,noc_urs
athlete_rodion_gataullin,noc_urs
athlete_grigoriy_yegorov,noc_urs
athlete_bjarte_engen_vik,noc_nor
athlete_samppa_lajunen,noc_fin
athlete_valery_stolyarov,noc_rus
athlete_sergey_sharikov_stanislav_pozdnyakov_aleksey_frosin,noc_rus
athlete_mathieu_gourdain_damien_touya_julien_pillet_cédric_séguin,noc_fra
athlete_dennis_bauer_alexander_weber_wiradech_kothny,noc_ger
athlete_kirsten_vlieghuis,noc_ned
athlete_ramaz_nozadze,noc_geo
athlete_mehmet_özal,noc_tur
athlete_heidi_renoth,noc_ger
athlete_brigitte_köck,noc_aut
athlete_kim_kwang_sun,noc_kor
athlete_andreas_tews,noc_gdr
athlete_mario_gonzález,noc_mex
athlete_timofey_skryabin,noc_urs
athlete_domenico_fioravanti,noc_ita
athlete_ed_moses,noc_usa
athlete_roman_sloudnov,noc_rus
athlete_akakios_kakiasvili,noc_gre
athlete_anatoly_khrapaty,noc_kaz
athlete_denys_hotfrid,noc_ukr
athlete_steve_redgravematthew_pinsent,noc_gbr
athlete_david_weightmanrob_scott,noc_aus
athlete_faní_halkiá,noc_gre
athlete_ionela_târlea_manolache,noc_rom
athlete_tetyana_tereshchuk_antipova,noc_ukr
athlete_greg_burgess,noc_usa
athlete_dmitry_shevchenko_ilgar_mammadov_vladislav_pavlovich,noc_rus
athlete_adam_krzesiński_piotr_kiełpikowski_ryszard_sobczak_jarosław_rodzewicz,noc_pol
athlete_elvis_gregory_oscar_garcía_rolando_tucker,noc_cub
athlete_elmar_borrmann_robert_felisiak_arnd_schmitt_uwe_proske_wladimir_resnitschenko,noc_ger
athlete_iván_kovács_krisztián_kulcsár_ferenc_hegedűs_ernő_kolczonay_gábor_totola,noc_hun
athlete_pavel_kolobkov_andrey_shuvalov_serhiy_kravchuk_sergey_kostarev_valery_zakharevich,noc_eun
athlete_paul_hamm,noc_usa
athlete_kim_dae_eun,noc_kor
athlete_yang_tae_young,noc_kor
athlete_sigrun_wodars,noc_gdr
athlete_christine_wachtel,noc_gdr
athlete_kim_gallagher,noc_usa
athlete_sergey_litvinov,noc_urs
athlete_yuriy_sedykh,noc_urs
athlete_jüri_tamm,noc_urs
athlete_atanas_komchev,noc_bul
athlete_harri_koskela,noc_fin
athlete_vladimir_popov,noc_urs
athlete_therese_alshammar,noc_swe
athlete_jenny_thompson,noc_usa
athlete_frankie_fredericks,noc_nam
athlete_dennis_mitchell,noc_usa
athlete_fabrice_guy,noc_fra
athlete_sylvain_guillaume,noc_fra
athlete_natalya_lisovskaya,noc_urs
athlete_kathrin_neimke,noc_gdr
athlete_li_meisu,noc_chn
athlete_jason_gardenerdarren_campbellmarlon_devonishmark_lewis_francis,noc_gbr
athlete_shawn_crawfordjustin_gatlincoby_millermaurice_greenedarvis_patton_only_competed_inthe_preliminary_heats,noc_usa
athlete_olusoji_fasubauchenna_emedoluaaron_egbeledeji_aliu,noc_ngr
athlete_tapio_korjus,noc_fin
athlete_gerard_kemkers,noc_ned
athlete_dmitry_svatkovsky,noc_rus
athlete_gábor_balogh,noc_hun
athlete_pavel_dovgal,noc_blr
athlete_stephen_abas,noc_usa
athlete_chikara_tanabe,noc_jpn
athlete_lars_riedel,noc_ger
athlete_frantz_kruger,noc_rsa
athlete_tetyana_samolenko,noc_urs
athlete_paula_ivan,noc_rom
athlete_yvonne_murray,noc_gbr
athlete_brandon_slay,noc_usa
athlete_adem_bereket,noc_tur
athlete_marc_gagnon,noc_can
athlete_jonathan_guilmette,noc_can
athlete_rusty_smith,noc_usa
athlete_lyubov_bruletova,noc_rus
athlete_anna_maria_gradante,noc_ger
athlete_ann_simons,noc_bel
athlete_marco_albarello,noc_ita
athlete_dan_jansen,noc_usa
athlete_igor_zhelezovski,noc_blr
athlete_daniel_igali,noc_can
athlete_arsen_gitinov,noc_rus
athlete_lincoln_mcilravy,noc_usa
athlete_bernard_williams,noc_usa
athlete_misty_hyman,noc_usa
athlete_petria_thomas,noc_aus
athlete_curt_harnett,noc_can
athlete_mikko_ronkainen,noc_fin
athlete_toby_dawson,noc_usa
athlete_pauline_davis_thompson,noc_bah
athlete_susanthika_jayasinghe,noc_sri
athlete_beverly_mcdonald,noc_jam
athlete_jaakko_tallus,noc_fin
athlete_lin_weining,noc_chn
athlete_erzsébet_márkus,noc_hun
athlete_karnam_malleswari,noc_ind
athlete_jános_martinek,noc_hun
athlete_carlo_massullo,noc_ita
athlete_vakhtang_iagorashvili,noc_urs
athlete_lori_ann_muenzer,noc_can
athlete_tamilla_abassova,noc_rus
athlete_aleksandr_karelin,noc_eun
athlete_ioan_grigoraș,noc_rom
athlete_patrick_ortlieb,noc_aut
athlete_günther_mader,noc_aut
athlete_frédéric_delpla_jean_michel_henry_olivier_lenglet_philippe_riboud_éric_srecki,noc_fra
athlete_elmar_borrmann_volker_fischer_thomas_gerull_alexander_pusch_arnd_schmitt,noc_frg
athlete_andrey_shuvalov_pavel_kolobkov_wladimir_resnitschenko_mykhailo_tyshko_igor_tikhomirov,noc_urs
athlete_sally_gunnell,noc_gbr
athlete_sandra_farmer_patrick,noc_usa
athlete_janeene_vickers,noc_usa
athlete_kim_mi_jung,noc_kor
athlete_irene_de_kok,noc_ned
athlete_laetitia_meignan,noc_fra
athlete_torsten_may,noc_ger
athlete_rostyslav_zaulychnyi,noc_eun
athlete_wojciech_bartnik,noc_pol
athlete_zoltán_béres,noc_hun
athlete_gustavo_borges,noc_bra
athlete_arkadiusz_skrzypaszek,noc_pol
athlete_attila_mizsér,noc_hun
athlete_eduard_zenovka,noc_eun
athlete_jens_müller,noc_gdr
athlete_georg_hackl,noc_frg
athlete_yury_kharchenko,noc_urs
athlete_john_ngugi,noc_ken
athlete_dieter_baumann,noc_frg
athlete_hansjörg_kunze,noc_gdr
athlete_jeremy_wotherspoon,noc_can
athlete_kevin_overland,noc_can
athlete_björn_lind,noc_swe
athlete_roddy_darragon,noc_fra
athlete_thobias_fredriksson,noc_swe
athlete_tatyana_tomashova,noc_rus
athlete_maria_cioncan,noc_rom
athlete_tom_wilkens,noc_usa
athlete_andré_steinerandreas_hajekstephan_volkertandré_willms,noc_ger
athlete_tim_youngbrian_jamiesoneric_muellerjason_gailes,noc_usa
athlete_janusz_hookerduncan_freeronald_snookbo_hanson,noc_aus
athlete_yang_xia,noc_chn
athlete_li_feng_ying,noc_tpe
athlete_winarni_binti_slamet,noc_ina
athlete_kennedy_mckinney,noc_usa
athlete_aleksandar_khristov,noc_bul
athlete_jorge_eliécer_julio,noc_col
athlete_phajol_moolsan,noc_tha
athlete_andre_phillips,noc_usa
athlete_amadou_dia_ba,noc_sen
athlete_edwin_moses,noc_usa
athlete_sagid_murtazaliev,noc_rus
athlete_islam_bayramukov,noc_kaz
athlete_eldar_kurtanidze,noc_geo
athlete_markus_schmidt,noc_aut
athlete_amir_khan,noc_gbr
athlete_serik_yeleuov,noc_kaz
athlete_murat_khrachev,noc_rus
athlete_monique_garbrecht_enfeldt,noc_ger
athlete_daniela_meuli,noc_sui
athlete_rosey_fletcher,noc_usa
athlete_ernst_vettori,noc_aut
athlete_martin_höllwarth,noc_aut
athlete_toni_nieminen,noc_fin
athlete_soraya_jiménez,noc_mex
athlete_khassaraporn_suta,noc_tha
athlete_albert_taillandier,noc_fra
athlete_fernand_sanz,noc_fra
athlete_john_henry_lake,noc_usa
athlete_bart_veldkamp,noc_bel
athlete_tea_donguzashvili,noc_rus
athlete_alexander_povetkin,noc_rus
athlete_mohamed_aly,noc_egy
athlete_michel_lópez_núñez,noc_cub
athlete_urs_kälin,noc_sui
athlete_christian_mayer,noc_aut
athlete_bulat_jumadilov,noc_kaz
athlete_albert_pakeyev,noc_rus
athlete_zoltan_lunka,noc_ger
athlete_halvard_hanevoldfrode_andresenegil_gjellandole_einar_bjørndalen,noc_nor
athlete_ricco_großpeter_sendelsven_fischerfrank_luck,noc_ger
athlete_gilles_marguetvincent_defrasnejulien_robertraphaël_poirée,noc_fra
athlete_otylia_jędrzejczak,noc_pol
athlete_armen_nazaryan,noc_bul
athlete_kim_in_sub,noc_kor
athlete_istván_majoros,noc_hun
athlete_geidar_mamedaliyev,noc_rus
athlete_artiom_kiouregkian,noc_gre
athlete_yelena_slesarenko,noc_rus
athlete_vita_styopina,noc_ukr
athlete_lennox_lewis,noc_can
athlete_riddick_bowe,noc_usa
athlete_aleksandr_miroshnichenko,noc_urs
athlete_janusz_zarenkiewicz,noc_pol
athlete_kenzo_nakamura,noc_jpn
athlete_kwak_dae_sung,noc_kor
athlete_jimmy_pedro,noc_usa
athlete_christophe_gagliano,noc_fra
athlete_tor_arne_hetland,noc_nor
athlete_peter_schlickenrieder,noc_ger
athlete_cristian_zorzi,noc_ita
athlete_arnd_schmitt,noc_frg
athlete_philippe_riboud,noc_fra
athlete_andrey_shuvalov,noc_urs
athlete_alexander_popov,noc_eun
athlete_odalis_revé,noc_cub
athlete_heidi_rakels,noc_bel
athlete_khadzhimurat_gatsalov,noc_rus
athlete_alireza_heidari,noc_iri
athlete_cristina_teuscher,noc_usa
athlete_danny_everettsteve_lewiskevin_robinzinebutch_reynoldsantonio_mckayandrew_valmon,noc_usa
athlete_howard_davisdevon_morriswinthrop_grahambert_camerontrevor_graham,noc_jam
athlete_norbert_dobeleitedgar_ittjörg_vaihingerralf_lübkebodo_kuhnmark_henrich,noc_frg
athlete_armen_nazaryan,noc_arm
athlete_brandon_paulson,noc_usa
athlete_andriy_kalashnikov,noc_ukr
athlete_erika_salumäe,noc_urs
athlete_christa_luding_rothenburger,noc_gdr
athlete_connie_paraskevin,noc_usa
athlete_peter_rono,noc_ken
athlete_peter_elliott,noc_gbr
athlete_jens_peter_herold,noc_gdr
athlete_jean_luc_brassard,noc_can
athlete_sergey_shupletsov,noc_rus
athlete_carolina_klüft,noc_swe
athlete_wang_huifeng,noc_chn
athlete_tatyana_sadovskaya,noc_eun
athlete_qin_dongya,noc_chn
athlete_annett_böhm,noc_ger
athlete_william_tanui,noc_ken
athlete_nixon_kiprotich,noc_ken
athlete_johnny_gray,noc_usa
athlete_victor_feddersenniels_henriksenthomas_poulseneskild_ebbesen,noc_den
athlete_brian_peakerjeffrey_laydave_boyesgavin_hassett,noc_can
athlete_marc_schneiderjeff_pfaendtnerdavid_collinswilliam_carlucci,noc_usa
athlete_péter_farkas,noc_hun
athlete_piotr_stępień,noc_pol
athlete_daulet_turlykhanov,noc_eun
athlete_fred_børre_lundberg,noc_nor
athlete_takanori_kono,noc_jpn
athlete_petra_felke,noc_gdr
athlete_fatima_whitbread,noc_gbr
athlete_beate_koch,noc_gdr
athlete_yvonne_bönisch,noc_ger
athlete_yurisleydis_lupetey,noc_cub
athlete_yun_mi_jin,noc_kor
athlete_kim_nam_soon,noc_kor
athlete_harald_czudajkarsten_brannascholaf_hampelalexander_szelig,noc_ger
athlete_gustav_wederdonat_acklinkurt_meierdomenico_semeraro,noc_sui
athlete_wolfgang_hoppeulf_hielscherrené_hannemanncarsten_embach,noc_ger
athlete_irina_privalova,noc_rus
athlete_deon_hemmings,noc_jam
athlete_nezha_bidouane,noc_mar
athlete_héctor_milián,noc_cub
athlete_dennis_koslowski,noc_usa
athlete_sergey_demyashkevich,noc_eun
athlete_roberto_balado,noc_cub
athlete_richard_igbineghu,noc_ngr
athlete_svilen_rusinov,noc_bul
athlete_brian_nielsen,noc_den
athlete_kristy_kowal,noc_usa
athlete_liping_wang,noc_chn
athlete_maría_vasco,noc_esp
athlete_atsuji_miyahara,noc_jpn
athlete_lee_jae_suk,noc_kor
athlete_geir_karlstad,noc_nor
athlete_nicholas_greendrew_ginnjames_tomkinsmike_mckay,noc_aus
athlete_bertrand_vectenolivier_monceletdaniel_fauchégilles_bosquet,noc_fra
athlete_gregory_searlejonathan_william_searlerupert_john_obholzertim_foster,noc_gbr
athlete_gustav_wederdonat_acklin,noc_sui
athlete_reto_götschiguido_acklin,noc_sui
athlete_günther_huberstefano_ticci,noc_ita
athlete_giorgio_vanzetta,noc_ita
athlete_david_reid,noc_usa
athlete_alfredo_duvergel,noc_cub
athlete_karim_tulaganov,noc_uzb
athlete_megan_quann,noc_usa
athlete_ariel_hernández,noc_cub
athlete_chris_byrd,noc_usa
athlete_chris_johnson,noc_can
athlete_lee_seung_bae,noc_kor
athlete_stephanie_cook,noc_gbr
athlete_emily_de_riel,noc_usa
athlete_kate_allenby,noc_gbr
athlete_jean_pierre_vidal,noc_fra
athlete_sébastien_amiez,noc_fra
athlete_matti_nykänen,noc_fin
athlete_pavel_ploc,noc_tch
athlete_jiří_malec,noc_tch
athlete_gerhard_himmel,noc_frg
athlete_roland_schoeman_lyndon_ferns_darian_townsend_ryk_neethling,noc_rsa
athlete_johan_kenkhuis_mitja_zastrow_klaas_erik_zwering_pieter_van_den_hoogenband_mark_veens,noc_ned
athlete_usaian_crocker_michael_phelps_neil_walker_jason_lezak_nate_dusing_gary_hall_jr_gabe_woodward_indicates_the_swimmer_only_competed_in_the_preliminary_heats,noc_usa
athlete_luo_xuejuan,noc_chn
athlete_brooke_hanson,noc_aus
athlete_juliet_cuthbert,noc_jam
athlete_irina_privalova,noc_eun
athlete_quincy_watts,noc_usa
athlete_samson_kitur,noc_ken
athlete_olga_bondarenko,noc_urs
athlete_liz_mccolgan,noc_gbr
athlete_yelena_zhupiyova,noc_urs
athlete_ray_mercer,noc_usa
athlete_baik_hyun_man,noc_kor
athlete_andrzej_gołota,noc_pol
athlete_arnold_vanderlyde,noc_ned
athlete_kendall_cross,noc_usa
athlete_guivi_sissaouri,noc_can
athlete_ri_yong_sam,noc_prk
athlete_voula_patoulidou,noc_gre
athlete_lavonna_martin,noc_usa
athlete_chae_ji_hoon,noc_kor
athlete_jung_ji_hyun,noc_kor
athlete_roberto_monzón,noc_cub
athlete_farid_mansurov,noc_aze
athlete_şeref_eroğlu,noc_tur
athlete_mkhitar_manukyan,noc_kaz
athlete_artur_taymazov,noc_uzb
athlete_alireza_rezaei,noc_iri
athlete_aydın_polatçı,noc_tur
athlete_eric_namesnik,noc_usa
athlete_hilde_gjermundshaug_pedersen,noc_nor
athlete_vadim_bogiev,noc_rus
athlete_townsend_saunders,noc_usa
athlete_zaza_zazirov,noc_ukr
athlete_włodzimierz_zawadzki,noc_pol
athlete_nikolay_gulyayev,noc_urs
athlete_igor_zhelezovski,noc_urs
athlete_kamila_skolimowska,noc_pol
athlete_kirsten_münchow,noc_ger
athlete_giuseppe_maddaloni,noc_ita
athlete_tiago_camilo,noc_bra
athlete_anatoly_laryukhov,noc_blr
athlete_vsevolods_zeļonijs,noc_lat
athlete_lasse_kjus,noc_nor
athlete_harald_christian_strand_nilsen,noc_nor
athlete_aaron_peirsol_brendan_hansen_ian_crocker_jason_lezak_lenny_krayzelburg_mark_gangloff_michael_phelps_neil_walker,noc_usa
athlete_steffen_driesen_jens_kruppa_thomas_rupprath_lars_conrad_helge_meeuw,noc_ger
athlete_tomomi_morita_kosuke_kitajima_takashi_yamamoto_yoshihiro_okumura_indicates_the_swimmer_only_competed_in_the_preliminary_heats,noc_jpn
athlete_laure_manaudou,noc_fra
athlete_yuri_fedkin,noc_eun
athlete_franck_badiou,noc_fra
athlete_johann_riederer,noc_ger
athlete_niklas_jonsson,noc_swe
athlete_christian_hoffmann,noc_aut
athlete_ernesto_pérez,noc_esp
athlete_frank_möller,noc_ger
athlete_harry_van_barneveld,noc_bel
athlete_valerios_leonidis,noc_gre
athlete_xiao_jiangang,noc_chn
athlete_james_beckford,noc_jam
athlete_barbara_blatter,noc_sui
athlete_margarita_fullana,noc_esp
athlete_chon_chol_ho,noc_prk
athlete_xian_dongmei,noc_chn
athlete_yuki_yokosawa,noc_jpn
athlete_ilse_heylen,noc_bel
athlete_sergei_tchepikov,noc_rus
athlete_sergei_tarasov,noc_rus
athlete_sven_hannawald,noc_ger
athlete_yuriy_borzakovskiy,noc_rus
athlete_mbulaeni_mulaudzi,noc_rsa
athlete_wilson_kipketer,noc_den
athlete_nestor_khergiani,noc_geo
athlete_khashbaataryn_tsagaanbaatar,noc_mgl
athlete_choi_min_ho,noc_kor
athlete_udo_wagner_ulrich_schreck_thorsten_weidner_alexander_koch_ingo_weißenborn,noc_ger
athlete_elvis_gregory_guillermo_betancourt_oscar_garcía_tulio_díaz_hermenegildo_garcía,noc_cub
athlete_marian_sypniewski_piotr_kiełpikowski_adam_krzesiński_cezary_siess_ryszard_sobczak,noc_pol
athlete_gunn_rita_dahle,noc_nor
athlete_marie_hélène_prémont,noc_can
athlete_tünde_szabó,noc_hun
athlete_lea_loveless,noc_usa
athlete_laura_cârlescu_badea,noc_rom
athlete_miriam_blasco,noc_esp
athlete_nicola_fairbrother,noc_gbr
athlete_driulis_gonzález,noc_cub
athlete_chiyori_tateno,noc_jpn
athlete_fritz_strobl,noc_aut
athlete_manus_boonjumnong,noc_tha
athlete_yudel_johnson,noc_cub
athlete_boris_georgiev,noc_bul
athlete_ionuţ_gheorghe,noc_rom
athlete_derek_parra,noc_usa
athlete_george_bovell,noc_tri
athlete_óscar_salazar,noc_mex
athlete_tamer_bayoumi,noc_egy
athlete_mike_barrowman,noc_usa
athlete_anja_fichtel_mauritz_zita_eva_funkenhauser_christiane_weber_sabine_bau_annette_klug,noc_frg
athlete_dorina_vaccaroni_margherita_zalaffi_francesca_bortolozzi_borella_lucia_traversa_annapia_gandolfi,noc_ita
athlete_zsuzsa_némethné_jánosi_gertrúd_stefanek_zsuzsa_szőcs_katalin_tuschák_edit_kovács,noc_hun
athlete_claudia_heill,noc_aut
athlete_waldemar_legień,noc_pol
athlete_pascal_tayot,noc_fra
athlete_hirotaka_okada,noc_jpn
athlete_brice_guyart,noc_fra
athlete_andrea_cassarà,noc_ita
athlete_gelindo_bordin,noc_ita
athlete_douglas_wakiihuri,noc_ken
athlete_hussein_ahmed_salah,noc_dji
athlete_olga_shishigina,noc_kaz
athlete_glory_alozie,noc_ngr
athlete_melissa_morrison,noc_usa
athlete_khalid_skah,noc_mar
athlete_richard_chelimo,noc_ken
athlete_addis_abebe,noc_eth
athlete_hidehiko_yoshida,noc_jpn
athlete_jason_morris,noc_usa
athlete_bertrand_damaisin,noc_fra
athlete_kim_byung_joo,noc_kor
athlete_laura_flessel_colovic_sophie_moressée_pichot_valérie_barlois_mevel_leroux,noc_fra
athlete_elisa_uga_laura_chiesa_margherita_zalaffi,noc_ita
athlete_karina_aznavuryan_mariya_mazina_yuliya_garayeva,noc_rus
athlete_andrew_maynard,noc_usa
athlete_nurmagomed_shanavazov,noc_urs
athlete_damir_škaro,noc_yug
athlete_henryk_petrich,noc_pol
athlete_rui_silva,noc_por
athlete_brendan_hansen,noc_usa
athlete_cécile_nowak,noc_fra
athlete_hülya_şenyurt,noc_tur
athlete_xing_huina,noc_chn
athlete_ejagayehu_dibaba,noc_eth
athlete_kristen_skjeldal,noc_nor
athlete_jolanda_čeplak,noc_slo
athlete_hans_petter_buraas,noc_nor
athlete_ole_kristian_furuseth,noc_nor
athlete_thomas_sykora,noc_aut
athlete_kim_nam_soonkim_soo_nyungyun_mi_jin,noc_kor
athlete_nataliya_burdeynaolena_sadovnychakateryna_serdyuk,noc_ukr
athlete_hamish_carter,noc_nzl
athlete_sven_riederer,noc_sui
athlete_stanislav_pozdnyakov,noc_rus
athlete_sergey_sharikov,noc_rus
athlete_damien_touya,noc_fra
athlete_davyd_saldadze,noc_ukr
athlete_garrett_lowney,noc_usa
athlete_ellina_zvereva,noc_blr
athlete_iryna_yatchenko,noc_blr
athlete_odlanier_solis,noc_cub
athlete_viktar_zuyev,noc_blr
athlete_mohamed_elsayed,noc_egy
athlete_naser_al_shami,noc_syr
athlete_aleksandr_karelin,noc_rus
athlete_matt_ghaffari,noc_usa
athlete_sergei_mureiko,noc_mda
athlete_sim_kwon_ho,noc_kor
athlete_lázaro_rivas,noc_cub
athlete_kang_yong_gyun,noc_prk
athlete_michael_jakosits,noc_ger
athlete_anatoli_asrabayev,noc_eun
athlete_luboš_račanský,noc_tch
athlete_jamill_kelly,noc_usa
athlete_makhach_murtazaliev,noc_rus
athlete_radoslav_židek,noc_svk
athlete_paul_henri_de_le_rue,noc_fra
athlete_david_khakhaleishvili,noc_eun
athlete_naoya_ogawa,noc_jpn
athlete_imre_csősz,noc_hun
athlete_olga_bryzgina,noc_urs
athlete_petra_müller,noc_gdr
athlete_olga_nazarova,noc_urs
athlete_aleksandr_beketov,noc_rus
athlete_iván_trevejo,noc_cub
athlete_gian_simmen,noc_sui
athlete_daniel_franck,noc_nor
athlete_markus_gandler,noc_aut
athlete_joanna_hayes,noc_usa
athlete_olena_krasovska,noc_ukr
athlete_maulen_mamyrov,noc_kaz
athlete_salah_hissou,noc_mar
athlete_gennady_golovkin,noc_kaz
athlete_suriya_prasathinphimai,noc_tha
athlete_andre_dirrell,noc_usa
athlete_pieralberto_carrara,noc_ita
athlete_alexei_aidarov,noc_blr
athlete_andreas_schifferer,noc_aut
athlete_giovanni_parisi,noc_ita
athlete_daniel_dumitrescu,noc_rou
athlete_lee_jae_hyuk,noc_kor
athlete_abdelhak_achik,noc_mar
athlete_gong_zhichao,noc_chn
athlete_camilla_martin,noc_den
athlete_ye_zhaoying,noc_chn
athlete_stev_theloke,noc_ger
athlete_fernando_scherer,noc_bra
athlete_aleksandr_pavlov,noc_blr
athlete_zafar_guliev,noc_rus
athlete_daniel_santos,noc_pur
athlete_marian_simion,noc_rou
athlete_ariel_hernandez,noc_cub
athlete_malik_beyleroglu,noc_tur
athlete_mohamed_bahari,noc_alg
athlete_rhoshii_wells,noc_usa
athlete_hrysopiyi_devetzi,noc_gre
athlete_johann_passler,noc_ita
athlete_sergei_beloglazov,noc_urs
athlete_noh_kyung_sun,noc_kor
athlete_davide_tizzano_agostino_abbagnale,noc_ita
athlete_kjetil_undsetsteffen_størseth,noc_nor
athlete_frédéric_kowalsamuel_barathay,noc_fra
athlete_anders_auklandfrode_estilkristen_skjeldalthomas_alsgaard,noc_nor
athlete_fabio_majgiorgio_di_centapietro_piller_cottrercristian_zorzi,noc_ita
athlete_jens_filbrichandreas_schlüttertobias_angererrené_sommerfeldt,noc_ger
athlete_naoko_takahashi,noc_jpn
athlete_lidia_șimon,noc_rom
athlete_joyce_chepchumba,noc_ken
athlete_rosa_mota,noc_por
athlete_lisa_martin,noc_aus
athlete_katrin_dörre,noc_gdr
athlete_grace_jackson,noc_jam
athlete_stefano_baldini,noc_ita
athlete_meb_keflezighi,noc_usa
athlete_vanderlei_de_lima,noc_bra
athlete_ian_peel,noc_gbr
athlete_tomoko_hasegawa,noc_jpn
athlete_yuriorkis_gamboa,noc_cub
athlete_fuad_aslanov,noc_aze
athlete_rustamhodza_rahimov,noc_ger
athlete_camelia_potec,noc_rom
athlete_solenne_figuès,noc_fra
athlete_lee_sung_jinpark_sung_hyunyun_mi_jin,noc_kor
athlete_he_yinglin_sangzhang_juanjuan,noc_chn
athlete_chen_li_juwu_hui_juyuan_shu_chi,noc_tpe
athlete_david_izonritei,noc_ngr
athlete_david_tua,noc_nzl
athlete_adam_saitiev,noc_rus
athlete_yoel_romero,noc_cub
athlete_magomed_ibragimov,noc_mkd
athlete_lee_kyung_keun,noc_kor
athlete_janusz_pawłowski,noc_pol
athlete_bruno_carabetta,noc_fra
athlete_yōsuke_yamamoto,noc_jpn
athlete_hakkı_başar,noc_tur
athlete_gogi_koguashvili,noc_eun
athlete_andreas_zülow,noc_gdr
athlete_george_cramne,noc_swe
athlete_nergüin_enkhbat,noc_mgl
athlete_romallis_ellis,noc_usa
athlete_lars_frölander,noc_swe
athlete_michael_klim,noc_aus
athlete_geoff_huegill,noc_aus
athlete_grigory_kiriyenko_aleksandr_shirshovheorhiy_pohosov_vadym_huttsait_stanislav_pozdnyakov,noc_eun
athlete_bence_szabó_csaba_köves_györgy_nébald_péter_abay_imre_bujdosó,noc_hun
athlete_jean_françois_lamour_jean_philippe_daurelle_franck_ducheix_hervé_granger_veyron_pierre_guichot,noc_fra
athlete_tatiana_totmianina_maxim_marinin,noc_rus
athlete_zhang_dan_zhang_hao,noc_chn
athlete_shen_xue_zhao_hongbo,noc_chn
athlete_kazuyoshi_funaki,noc_jpn
athlete_jani_soininen,noc_fin
athlete_masahiko_harada,noc_jpn
athlete_philippe_omnès,noc_fra
athlete_serhiy_holubytskiy,noc_eun
athlete_elvis_gregory,noc_cub
athlete_zurab_zviadauri,noc_geo
athlete_hiroshi_izumi,noc_jpn
athlete_khasanbi_taov,noc_rus
athlete_larry_myricks,noc_usa
athlete_yevgeny_redkin,noc_eun
athlete_mikael_löfgren,noc_swe
athlete_ricco_großfrank_luckmark_kirchnersven_fischer,noc_ger
athlete_valeri_kiriyenkovladimir_drachevsergei_tarasovsergei_tchepikov,noc_rus
athlete_thierry_dusserrepatrice_bailly_salinslionel_laurenthervé_flandin,noc_fra
athlete_egil_gjellandhalvard_hanevolddag_bjørndalenole_einar_bjørndalen,noc_nor
athlete_pavel_muslimovvladimir_drachevsergei_tarasovviktor_maigourov,noc_rus
athlete_laura_flessel_colovic,noc_fra
athlete_valérie_barlois_mevel_leroux,noc_fra
athlete_gyöngyi_szalay_horváth,noc_hun
athlete_ahmed_al_maktoum,noc_uae
athlete_rajyavardhan_singh_rathore,noc_ind
athlete_wang_zheng,noc_chn
athlete_roger_black,noc_gbr
athlete_davis_kamoga,noc_uga
athlete_anna_gomis,noc_fra
athlete_kie_kusakabe,noc_jpn
athlete_maria_pekli,noc_aus
athlete_mark_leduc,noc_can
athlete_jyri_kjäll,noc_fin
athlete_galabin_boevski,noc_bul
athlete_georgi_markov,noc_bul
athlete_siarhei_laurenau,noc_blr
athlete_park_si_hun,noc_kor
athlete_roy_jones_jr,noc_usa
athlete_raymond_downey,noc_can
athlete_richard_woodhall,noc_gbr
athlete_jana_henke,noc_ger
athlete_jens_boden,noc_ger
athlete_frank_wörndl,noc_frg
athlete_paul_frommelt,noc_lie
athlete_kate_allen,noc_aut
athlete_loretta_harrop,noc_aus
athlete_susan_williams,noc_usa
athlete_sture_sivertsenerling_jevnebjørn_dæhliethomas_alsgaard,noc_nor
athlete_marco_albarellofulvio_valbusafabio_majsilvio_fauner,noc_ita
athlete_harri_kirvesniemimika_myllyläsami_repojari_isometsä,noc_fin
athlete_dmitry_debelka,noc_blr
athlete_patricia_miranda,noc_usa
athlete_antal_kovács,noc_hun
athlete_raymond_stevens,noc_gbr
athlete_theo_meijer,noc_ned
athlete_dmitri_sergeyev,noc_eun
athlete_sofia_bekatorouaimilia_tsoulfa,noc_gre
athlete_sandra_azónnatalia_vía_dufresne,noc_esp
athlete_therese_torgerssonvendela_zachrisson,noc_swe
athlete_keiji_suzuki,noc_jpn
athlete_dennis_van_der_geest,noc_ned
athlete_lee_eun_chul,noc_kor
athlete_stevan_pletikosić,noc_iop
athlete_dmitry_dorofeyev,noc_rus
athlete_lee_kang_seok,noc_kor
athlete_sandro_cuomo_angelo_mazzoni_maurizio_randazzo,noc_ita
athlete_aleksandr_beketov_pavel_kolobkov_valery_zakharevich,noc_rus
athlete_jean_michel_henry_éric_srecki_robert_leroux,noc_fra
athlete_ludmila_engquist,noc_swe
athlete_brigita_bukovec,noc_slo
athlete_patricia_girard,noc_fra
athlete_gezahegne_abera,noc_eth
athlete_erick_wainaina,noc_ken
athlete_tesfaye_tola,noc_eth
athlete_ian_crocker,noc_usa
athlete_andriy_serdinov,noc_ukr
athlete_györgy_nébald_bence_szabó_imre_bujdosó_imre_gedővári_lászló_csongrádi,noc_hun
athlete_sergey_mindirgasov_mikhail_burtsev_heorhiy_pohosov_andrey_alshan_sergey_koryashkin,noc_urs
athlete_giovanni_scalzo_marco_marin_gianfranco_dalla_barba_ferdinando_meglio_massimo_cavaliere,noc_ita
athlete_hassiba_boulmerka,noc_alg
athlete_lyudmila_rogachova,noc_eun
athlete_qu_yunxia,noc_chn
athlete_tímea_nagy,noc_hun
athlete_gianna_hablützel_bürki,noc_sui
athlete_mark_tewksbury,noc_can
athlete_viatcheslav_ekimov,noc_rus
athlete_valentina_cherkasova,noc_urs
athlete_dmitriy_karpov,noc_kaz
athlete_dorjsürengiin_mönkhbayar,noc_mgl
athlete_sture_sivertsen,noc_nor
athlete_ihar_makarau,noc_blr
athlete_jang_sung_ho,noc_kor
athlete_michael_jurack,noc_ger
athlete_ariel_zeevi,noc_isr
athlete_sergei_pyzhianov,noc_eun
athlete_afanasijs_kuzmins,noc_lat
athlete_vladimir_vokhmyanin,noc_eun
athlete_stepan_sarkisyan,noc_urs
athlete_simeon_shterev,noc_bul
athlete_marko_asell,noc_fin
athlete_robert_wangila,noc_ken
athlete_laurent_boudouani,noc_fra
athlete_jan_dydak,noc_pol
athlete_kenneth_gould,noc_usa
athlete_vyacheslav_yanovski,noc_urs
athlete_grahame_cheney,noc_aus
athlete_lars_myrberg,noc_swe
athlete_reiner_gies,noc_frg
athlete_mikhail_devyatyarov,noc_urs
athlete_pål_gunnar_mikkelsplass,noc_nor
athlete_vladimir_smirnov,noc_urs
athlete_almudena_muñoz,noc_esp
athlete_noriko_mizoguchi,noc_jpn
athlete_li_zhongyun,noc_chn
athlete_sharon_rendle,noc_gbr
athlete_takashi_yamamoto,noc_jpn
athlete_stephen_parry,noc_gbr
athlete_lee_won_hee,noc_kor
athlete_vitaliy_makarov,noc_rus
athlete_leandro_guilheiro,noc_bra
athlete_svetlana_fedotkina,noc_rus
athlete_david_musulbes,noc_rus
athlete_alexis_rodríguez,noc_cub
athlete_bertalan_hajtós,noc_hun
athlete_chung_hoon,noc_kor
athlete_oren_smadja,noc_isr
athlete_lorraine_fenton,noc_jam
athlete_katharine_merry,noc_gbr
athlete_hans_peter_pohlhubert_schwarzthomas_müller,noc_frg
athlete_andreas_schaadhippolyt_kempffredy_glanzmann,noc_sui
athlete_günther_csarhansjörg_aschenwaldklaus_sulzenbacher,noc_aut
athlete_silke_renk,noc_ger
athlete_natalya_shikolenko,noc_eun
athlete_karen_forkel,noc_ger
athlete_elana_meyer,noc_rsa
athlete_lynn_jennings,noc_usa
athlete_cathleen_rund,noc_ger
athlete_albano_pera,noc_ita
athlete_zhang_bing,noc_chn
athlete_bahri_tanrıkulu,noc_tur
athlete_yousef_karami,noc_iri
athlete_sándor_bárdosi,noc_hun
athlete_mukhran_vakhtangadze,noc_geo
athlete_fu_mingxia,noc_chn
athlete_yelena_miroshina,noc_eun
athlete_mary_ellen_clark,noc_usa
athlete_vitaly_scherbo,noc_eun
athlete_grigory_misutin,noc_eun
athlete_valery_belenky,noc_eun
athlete_olha_bryzhina,noc_eun
athlete_ximena_restrepo,noc_col
athlete_glen_housman,noc_aus
athlete_jörg_hoffmann,noc_ger
athlete_nelson_diebel,noc_usa
athlete_phil_rogers,noc_aus
athlete_ronny_ackermann,noc_ger
athlete_nancy_johnson,noc_usa
athlete_kang_cho_hyun,noc_kor
athlete_gao_jing,noc_chn
athlete_peter_seisenbacher,noc_aut
athlete_vladimir_shestakov,noc_urs
athlete_akinobu_osako,noc_jpn
athlete_ben_spijkers,noc_ned
athlete_eric_bergoust,noc_usa
athlete_sébastien_foucras,noc_fra
athlete_dmitry_dashchinsky,noc_blr
athlete_sara_mcmann,noc_usa
athlete_lise_legrand,noc_fra
athlete_laimutė_baikauskaitė,noc_urs
athlete_jonny_moseley,noc_usa
athlete_sami_mustonen,noc_fin
athlete_oksana_baiul,noc_ukr
athlete_nancy_kerrigan,noc_usa
athlete_chen_lu,noc_chn
athlete_bence_szabó,noc_hun
athlete_marco_marin,noc_ita
athlete_thomas_alsgaard,noc_nor
athlete_heinz_kuttin,noc_aut
athlete_diana_bianchedi_giovanna_trillini_valentina_vezzali,noc_ita
athlete_sylwia_gruchała_magdalena_mroczkiewicz_anna_rybicka_barbara_wolnicka_szewczyk,noc_pol
athlete_sabine_bau_rita_könig_monika_weber_koszto,noc_ger
athlete_michael_marsh,noc_usa
athlete_michael_bates,noc_usa
athlete_felix_savon,noc_cub
athlete_david_defiagbon,noc_can
athlete_nate_jones,noc_usa
athlete_luan_krasniqi,noc_ger
athlete_mikhail_mamiashvili,noc_urs
athlete_tibor_komáromi,noc_hun
athlete_kim_sang_kyu,noc_kor
athlete_choi_chol_su,noc_prk
athlete_raúl_gonzález,noc_cub
athlete_tim_austin,noc_usa
athlete_vyacheslav_ivanenko,noc_urs
athlete_ronald_weigel,noc_gdr
athlete_hartwig_gauder,noc_gdr
athlete_szymon_ziółkowski,noc_pol
athlete_nicola_vizzoni,noc_ita
athlete_igor_astapkovich,noc_blr
athlete_michelle_ferris,noc_aus
athlete_mizuki_noguchi,noc_jpn
athlete_deena_kastor,noc_usa
athlete_kyoko_iwasaki,noc_jpn
athlete_aleš_valenta,noc_cze
athlete_joe_pack,noc_usa
athlete_andreas_widhölzl,noc_aut
athlete_dmitri_sautin_igor_lukashin,noc_rus
athlete_hu_jia_tian_liang,noc_chn
athlete_jan_hempel_heiko_meyer,noc_ger
athlete_mario_reiter,noc_aut
athlete_kaitlin_sandeno,noc_usa
athlete_aleksei_petrov,noc_rus
athlete_leonidas_kokas,noc_gre
athlete_oliver_caruso,noc_ger
athlete_stephan_vuckovic,noc_ger
athlete_jan_řehula,noc_cze
athlete_ryan_bayley,noc_aus
athlete_theo_bos,noc_ned
athlete_rené_wolff,noc_ger
athlete_yuko_nakanishi,noc_jpn
athlete_makharbek_khadartsev,noc_rus
athlete_murad_umakhanov,noc_rus
athlete_serafim_barzakov,noc_bul
athlete_makoto_takimoto,noc_jpn
athlete_nuno_delgado,noc_por
athlete_aleksei_budõlin,noc_est
athlete_ulf_timmermann,noc_gdr
athlete_randy_barnes,noc_usa
athlete_werner_günthör,noc_sui
athlete_antti_kasvio,noc_fin
athlete_jozef_pribilinec,noc_tch
athlete_maurizio_damilano,noc_ita
athlete_nouria_mérah_benida,noc_alg
athlete_violeta_szekely,noc_rom
athlete_alexey_prokurorov,noc_urs
athlete_donovan_bailey,noc_can
athlete_frank_fredericks,noc_nam
athlete_nicole_haislett,noc_usa
athlete_kerstin_kielgaß,noc_ger
athlete_georgina_bardach,noc_arg
athlete_bakhtiyar_artayev,noc_kaz
athlete_lorenzo_aragón,noc_cub
athlete_kim_jung_joo,noc_kor
athlete_per_elofsson,noc_swe
athlete_oscar_de_la_hoya,noc_usa
athlete_marco_rudolph,noc_ger
athlete_namjilyn_bayarsaikhan,noc_mgl
athlete_hong_sung_sik,noc_kor
athlete_tara_nott,noc_usa
athlete_sri_indriyani,noc_ina
athlete_jean_luc_crétier,noc_fra
athlete_hannes_trinkl,noc_aut
athlete_maría_isabel_urrutia,noc_col
athlete_ruth_ogbeifo,noc_ngr
athlete_kuo_yi_hang,noc_tpe
athlete_frank_wieneke,noc_frg
athlete_torsten_bréchôt,noc_gdr
athlete_bashir_varaev,noc_urs
athlete_attila_feri,noc_hun
athlete_aleksandr_kurlovich,noc_urs
athlete_manfred_nerlinger,noc_frg
athlete_martin_zawieja,noc_frg
athlete_terence_parkin,noc_rsa
athlete_davide_rummolo,noc_ita
athlete_christer_majbäck,noc_swe
athlete_roman_gontyuk,noc_ukr
athlete_flávio_canto,noc_bra
athlete_dmitri_nossov,noc_rus
athlete_mark_mckoy,noc_can
athlete_tony_dees,noc_usa
athlete_jack_pierce,noc_usa
athlete_jasna_šekarić,noc_scg
athlete_andrás_sike,noc_hun
athlete_stoyan_balov,noc_bul
athlete_haralambos_holidis,noc_gre
athlete_roar_ljøkelsøy,noc_nor
athlete_luca_sacchi,noc_ita
athlete_heike_henkel,noc_ger
athlete_galina_astafei,noc_rom
athlete_ioamnet_quintero,noc_cub
athlete_daina_gudzinevičiūtė,noc_ltu
athlete_delphine_racinet,noc_fra
athlete_han_xiaopeng,noc_chn
athlete_dmitri_dashinski,noc_blr
athlete_vladimir_lebedev,noc_rus
athlete_marc_alexandre,noc_fra
athlete_sven_loll,noc_gdr
athlete_mike_swain,noc_usa
athlete_georgy_tenadze,noc_urs
athlete_masato_uchishiba,noc_jpn
athlete_jozef_krnáč,noc_svk
athlete_georgi_georgiev,noc_bul
athlete_yordanis_arencibia,noc_cub
athlete_mikhail_ignatiev,noc_rus
athlete_guido_fulst,noc_ger
athlete_olaf_zinke,noc_ger
athlete_kim_yoon_man,noc_kor
athlete_yukinori_miyabe,noc_jpn
athlete_jeannie_longo,noc_fra
athlete_imelda_chiappa,noc_ita
athlete_mirko_vuillermin,noc_ita
athlete_nicky_gooch,noc_gbr
athlete_hüseyin_özkan,noc_tur
athlete_larbi_benboudaoud,noc_fra
athlete_giorgi_vazagashvili,noc_geo
athlete_tanja_frieden,noc_sui
athlete_lindsey_jacobellis,noc_usa
athlete_nils_schumann,noc_ger
athlete_djabir_saïd_guerni,noc_alg
athlete_hwang_young_cho,noc_kor
athlete_koichi_morishita,noc_jpn
athlete_stephan_freigang,noc_ger
athlete_im_dong_hyunjang_yong_hopark_kyung_mo,noc_kor
athlete_chen_szu_yuanliu_ming_huangwang_cheng_pang,noc_tpe
athlete_dmytro_hrachovviktor_rubanoleksandr_serdyuk,noc_ukr
