source,target,noc,win_value
event_Q303623,athlete_rudolf_dombiroland_kökény,HUN,3:09.646
event_Q607635,athlete_sven_kramer,NED,6:14.60 speed skating
event_Q939000,athlete_kristin_armstrong,USA,37:34.82
event_Q26233801,athlete_simone_biles,USA,62.198 points
event_Q743905,athlete_dayron_robles,CUB,12.93
event_Q1433269,athlete_félix_sánchez,DOM,47.63
event_Q1005784,athlete_bryan_clay,USA,8791
event_Q1005641,athlete_finn_christian_jagge,NOR,1:44.39
event_Q3628768,athlete_michael_johnson,USA,
event_Q7400295,athlete_allison_jolly_lynne_jewell,USA,
event_Q15506518,athlete_viktor_ahn_semion_elistratov_vladimir_grigorev_ruslan_zakharov,RUS,6:42.100
event_Q4951829,athlete_istván_kovács,HUN,
event_Q26212143,athlete_lasha_talakhadze,GEO,473 kg Olympic weightlifting
event_Q250187,athlete_kosuke_kitajima,JPN,2:07.64 swimming
event_Q1221945,athlete_manuela_di_centa,ITA,39:44.5
event_Q3879591,athlete_diana_mocanu,ROM,2:08.16
event_Q25239321,athlete_oksen_mirzoyan,URS,
event_Q1205250,athlete_jin_jong_oh,KOR,660.4
event_Q766586,athlete_claudia_pechstein,GER,3:57.70 WR
event_Q850246,athlete_wang_meng,CHN,
event_Q2071152,athlete_allison_schmitt,USA,1:53.61 swimming
event_Q2071160,athlete_tyler_clary,USA,1:53.41 swimming
event_Q1204722,athlete_kateřina_emmons,CZE,503.5 (OR)
event_Q26208755,athlete_thomas_röhler,GER,90.30 m
event_Q2500292,athlete_fredrik_lööfmax_salminen,SWE,
event_Q870647,athlete_reiichi_mikatatakanori_konokenji_ogiwara,JPN,Team jump: 645.1Ski time: 1:23:36.5Final time: 1:23:36.5
event_Q7662173,athlete_olga_brusnikinamaria_kisseleva,RUS,99.580
event_Q15619183,athlete_adelina_sotnikova,RUS,224.59 points
event_Q25239533,athlete_joachim_kunz,GDR,
event_Q4951830,athlete_somluck_kamsing,THA,
event_Q1005783,athlete_hadi_saei,IRI,
event_Q7372012,athlete_ekaterina_karsten,BLR,7:28.14
event_Q3879590,athlete_grant_hackett,AUS,14:48.33
event_Q1221969,athlete_tamara_tikhonova,URS,55:53.6
event_Q3628769,athlete_gabriela_szabo,ROM,14:40.79 athletics
event_Q1005640,athlete_thomas_stangassinger,AUT,2:02.02
event_Q744487,athlete_andrey_silnov,RUS,2.36
event_Q26233821,athlete_ruth_beitia,ESP,1.97 m
event_Q1433109,athlete_timothy_mack,USA,5.95 athletics
event_Q1049551,athlete_david_rudisha,KEN,1:40.91 athletics
event_Q2071129,athlete_maryam_yusuf_jamal,BRN,4:10.23
event_Q2071135,athlete_caster_semenya,RSA,1:56.19
event_Q2090641,athlete_meseret_defar,ETH,15:04.25
event_Q26219843,athlete_faith_kipyegon,KEN,4:08.92
event_Q26208467,athlete_conseslus_kipruto,KEN,8:03.28 OR
event_Q2001009,athlete_habiba_ghribi,TUN,9:08.37
event_Q65242144,athlete_gong_lijiao,CHN,20.58 m
event_Q1799275,athlete_tirunesh_dibaba,ETH,30:20.75
event_Q1771990,athlete_ezekiel_kemboi,KEN,8:18.56
event_Q2194130,athlete_laura_trott,GBR,
event_Q26219851,athlete_kim_so_hui,KOR,
event_Q1043342,athlete_nancy_langat,KEN,4:00.23
event_Q1063589,athlete_samuel_sánchez,ESP,6:23:4938.36
event_Q26212188,athlete_rim_jong_sim,PRK,274 kg
event_Q26219850,athlete_cheick_sallah_cissé,CIV,
event_Q256559,athlete_park_tae_hwan,KOR,3:41.86
event_Q1185004,athlete_kirsty_coventry,ZIM,2:05.24 swimming
event_Q657467,athlete_stephanie_brown_trafton,USA,64.74
event_Q754412,athlete_alexander_vinokourov,KAZ,5:45:57
event_Q15056220,athlete_stefan_groothuis,NED,1:08.39
event_Q24760634,athlete_greg_van_avermaet,BEL,6:10:05
event_Q25386275,athlete_inna_deriglazova,RUS,
event_Q950563,athlete_rebecca_soni,USA,2:20.22 swimming
event_Q47296499,athlete_canpatrick_chan_kaetlyn_osmond_gabrielle_daleman_meagan_duhamel_eric_radford_tessa_virtue_scott_moir,,73 points
event_Q26242953,athlete_cao_yuan,CHN,547.60 points
event_Q26235881,athlete_chen_aisenlin_yue,CHN,496.98 points
event_Q26237528,athlete_chen_ruolinliu_huixia,CHN,367.00 points
event_Q26237418,athlete_niccolò_campriani,ITA,458.8
event_Q26243423,athlete_shi_tingmao,CHN,406.05 points
event_Q26234145,athlete_nafissatou_thiam,BEL,6810 NR Belgian
event_Q26261258,athlete_uladzislau_hancharou,BLR,61.745
event_Q26262523,athlete_gong_jinjiezhong_tianshi,CHN,32.107
event_Q26259596,athlete_philip_hindesjason_kennycallum_skinner,GBR,42.440 OR
event_Q26261256,athlete_rosannagh_maclennan,CAN,56.465
event_Q26265815,athlete_kristina_vogel,GER,
event_Q26262252,athlete_jason_kenny,GBR,
event_Q26273359,athlete_brianna_rollins,USA,12.48
event_Q26263572,athlete_elis_ligtlee,NED,11.217
event_Q26260960,athlete_katie_archibaldlaura_trottelinor_barkerjoanna_rowsell_shand,GBR,"4:10.236 WR, OR"
event_Q26234144,athlete_sara_kolak,CRO,66.18 m NR
event_Q26234119,athlete_anita_włodarczyk,POL,82.29 m WR Women's hammer throw
event_Q26291516,athlete_jason_kenny,GBR,
event_Q26234051,athlete_michelle_carter,USA,20.63 m
event_Q26233995,athlete_caterine_ibargüen,COL,15.17 m
event_Q26430868,athlete_chen_aisen,CHN,585.30 points
event_Q284413,athlete_rosannagh_maclennan,CAN,
event_Q3223718,athlete_can_4th_title,,
event_Q26233317,athlete_ruth_jebet,BRN,8:59.75 AR
event_Q26233122,athlete_wang_zhen,CHN,1:19:14
event_Q3082710,athlete_xu_lijia,CHN,
event_Q26229077,athlete_shi_tingmaowu_minxia,CHN,345.60 points
event_Q26233320,athlete_liu_hong,CHN,1:28:35
event_Q284936,athlete_evgeniya_kanaeva,RUS,116.900
event_Q26233297,athlete_almaz_ayana,ETH,"29:17.45 WR 10,000 metres"
event_Q26233103,athlete_kerron_clement,USA,47.73
event_Q284423,athlete_dong_dong,CHN,
event_Q326112,athlete_anastasia_bliznyuk_uliana_donskova_ksenia_dudkina_alina_makarenko_anastasia_nazarenko_karolina_sevastyanova,RUS,57.000
event_Q26233319,athlete_dalilah_muhammad,USA,53.13
event_Q1064016,athlete_kaori_matsumoto,JPN,100-
event_Q1055931,athlete_greg_rutherford,GBR,8.31
event_Q26219862,athlete_vivian_cheruiyot,KEN,14:26.17 OR
event_Q26225492,athlete_tianna_bartoletta,USA,7.17 m
event_Q1064728,athlete_nicole_cooke,GBR,3:32:2435.71
event_Q26212225,athlete_david_rudisha,KEN,1:42.15
event_Q26224939,athlete_katerina_stefanidi,GRE,4.85 m
event_Q26219861,athlete_mo_farah,GBR,13:03.30
event_Q369846,athlete_aaron_peirsol,USA,52.54 swimming
event_Q26225938,athlete_matej_tóth,SVK,3:40:58
event_Q326384,athlete_oleksandr_usyk,UKR,
event_Q26212202,athlete_jeff_henderson,USA,8.38
event_Q1005787,athlete_kim_jae_bum,KOR,
event_Q26223026,athlete_mo_farah,GBR,27:05.17
event_Q26219858,athlete_wayde_van_niekerk,RSA,43.03 WR
event_Q26221551,athlete_alistair_brownlee,GBR,1:45.01
event_Q26219856,athlete_usain_bolt,JAM,19.78
event_Q1050909,athlete_chen_ding,CHN,1:18:46 OR
event_Q1064358,athlete_chen_ruolinwang_hao,CHN,
event_Q1064845,athlete_éva_risztov,HUN,1:57:38.2
event_Q1140736,athlete_lin_dan,CHN,
event_Q62020022,athlete_stefanos_ntouskos,GRE,6:40.45
event_Q65235520,athlete_takanori_nagase,JPN,
event_Q26219821,athlete_barbara_engleder,GER,458.6 shooting
event_Q26219841,athlete_elaine_thompson,JAM,10.71
event_Q110316274,athlete_gabriella_papadakisand_guillaume_cizeron,FRA,226.98 points
event_Q65243912,athlete_yuto_horigome,JPN,37.18
event_Q65235537,athlete_distria_krasniqi,KOS,
event_Q1076273,athlete_lin_dan,CHN,
event_Q2070009,athlete_jared_tallent,AUS,3:36:53 OR
event_Q65235488,athlete_aaron_wolf,JPN,
event_Q1188476,athlete_kateryna_tarasenkonataliya_dovhodkoanastasiya_kozhenkovayana_dementyeva,UKR,6:35.93
event_Q65235512,athlete_shohei_ono,JPN,
event_Q47295256,athlete_alina_zagitova,OAR,239.57 points
event_Q65235562,athlete_chizuru_arai,JPN,
event_Q2000949,athlete_erik_kynard,USA,2.33
event_Q2000999,athlete_aries_merritt,USA,12.92
event_Q65235574,athlete_akira_sone,JPN,
event_Q2000988,athlete_tiki_gelana,ETH,2:23:07 OR
event_Q1094662,athlete_tong_wen,CHN,1001
event_Q110316264,athlete_sui_wenjingand_han_cong,CHN,239.88 points
event_Q627905,athlete_sarah_menezes,BRA,
event_Q65243916,athlete_momiji_nishiya,JPN,15.26
event_Q590226,athlete_yang_xiuli,CHN,0000
event_Q1193963,athlete_giulia_quintavalle,ITA,0011
event_Q26219839,athlete_shaunae_miller,BAH,49.44
event_Q65235568,athlete_shori_hamada,JPN,
event_Q2000979,athlete_christian_taylor,USA,17.81
event_Q65242281,athlete_linoy_ashram,ISR,107.800
event_Q110264101,athlete_francesco_friedrichthorsten_margis,GER,3:56.89
event_Q62020023,athlete_martin_sinkovićvalent_sinković,CRO,6:15.29
event_Q645932,athlete_brittney_reese,USA,7.12 m
event_Q370500,athlete_erin_cafarosusan_franciaesther_lofgrentaylor_ritzelmeghan_musnickielle_logancaroline_lindcaryn_daviesmary_whipple,USA,6:10.59
event_Q1065654,athlete_misty_may_treanorkerri_walsh_jennings,USA,
event_Q110264143,athlete_francesco_friedrichthorsten_margiscandy_baueralexander_schüller,GER,3:54.30
event_Q26214545,athlete_christoph_harting,GER,68.37
event_Q2070547,athlete_anna_chicherova,RUS,2.05
event_Q2071171,athlete_mo_farah,GBR,13:41.66
event_Q62020027,athlete_alexander_purnell_spencer_turrin_jack_hargreaves_alexander_hill,AUS,5:42.76
event_Q26208357,athlete_kim_woo_jinku_bon_chanlee_seung_yun,KOR,
event_Q62020029,athlete_dirk_uittenbogaardabe_wiersmatone_wietenkoen_metsemakers,NED,5:32.03
event_Q1144277,athlete_du_jingyu_yang,CHN,
event_Q1193975,athlete_ayumi_tanimoto,JPN,1000
event_Q531436,athlete_katie_ledecky,USA,8:14.63 AM
event_Q47155555,athlete_marie_dorin_habertanaïs_bescondsimon_desthieuxmartin_fourcade,FRA,1:08:34.3
event_Q26086643,athlete_ashton_eaton,USA,8893 OR
event_Q62020033,athlete_emma_twigg,NZL,7:13.97
event_Q1076798,athlete_kayla_harrison,USA,
event_Q47296003,athlete_tessa_virtueand_scott_moir,CAN,206.07 points
event_Q65242368,athlete_jess_learmonthjonny_brownleegeorgia_taylor_brownalex_yee,GBR,1:23:41
event_Q591384,athlete_taoufik_makhloufi,ALG,3:34.08
event_Q62020025,athlete_hugo_boucheronmatthieu_androdias,FRA,6:00.33
event_Q1076967,athlete_urška_žolnir,SLO,
event_Q47263008,athlete_aljona_savchenkoand_bruno_massot,GER,235.90 points
event_Q2000968,athlete_renaud_lavillenie,FRA,5.97 athletics
event_Q1067177,athlete_ashleigh_mcivor,CAN,
event_Q62020035,athlete_lucy_stephan_rosemary_popa_jessica_morrison_annabelle_mcintyre,AUS,6:15.37
event_Q26208442,athlete_derek_drouin,CAN,2.38
event_Q62020026,athlete_fintan_mccarthypaul_odonovan,IRL,6:06.43
event_Q47455933,athlete_samuel_girard,CAN,1:24.650
event_Q2069991,athlete_anita_włodarczyk,POL,77.60 OR
event_Q110316174,athlete_nathan_chen,USA,332.60 points
event_Q62020030,athlete_chen_yunxiazhang_linglü_yangcui_xiaotong,CHN,6:05.13
event_Q65235495,athlete_naohisa_takato,JPN,
event_Q47310015,athlete_suzanne_schulting,NED,1:29.778
event_Q586832,athlete_tessa_virtueand_scott_moir,CAN,221.57 points
event_Q62020031,athlete_nicoleta_ancuța_bodnarsimona_radiș,ROU,
event_Q110324226,athlete_anna_shcherbakova,ROC,255.95 points
event_Q25991470,athlete_sharon_van_rouwendaal,NED,1:56:32
event_Q2000939,athlete_barbora_špotáková,CZE,69.55
event_Q603519,athlete_idalys_ortiz,CUB,
event_Q26219842,athlete_elaine_thompson,JAM,21.78
event_Q65235505,athlete_hifumi_abe,JPN,
event_Q2036655,athlete_jaroslav_kulhavý,CZE,1:29:07
event_Q110264144,athlete_kaillie_humphries,USA,4:19.27
event_Q26215594,athlete_dilshod_nazarov,TJK,78.68
event_Q62020028,athlete_tom_mackintoshhamish_bondtom_murraymichael_brakedan_williamsonphillip_wilsonshaun_kirkhammatt_macdonaldsam_bosworth,NZL,
event_Q536380,athlete_james_thompsonmatthew_brittainjohn_smithsizwe_ndlovu,RSA,6:02.84
event_Q585714,athlete_arsen_galstyan,RUS,
event_Q26037158,athlete_monica_puig,PUR,
event_Q47155815,athlete_martin_fourcade,FRA,35:47.3
event_Q26208457,athlete_thiago_braz,BRA,"6.03 athletics, AR"
event_Q25991460,athlete_ferry_weertman,NED,1:52:59.8
event_Q65235542,athlete_uta_abe,JPN,
event_Q65243918,athlete_sakura_yosozumi,JPN,60.09
event_Q26203840,athlete_omar_mcleod,JAM,13.05
event_Q26208447,athlete_ryan_crouser,USA,22.52 athletics
event_Q25991453,athlete_michael_phelps,USA,1:53.36
event_Q62020036,athlete_valentina_rodinifederica_cesarini,ITA,6:47.54
event_Q2001050,athlete_nathan_adrian,USA,47.52
event_Q62020024,athlete_grace_prendergastkerri_gowler,NZL,6:50.19
event_Q62020034,athlete_lisa_roman_kasia_gruchalla_wesierski_christine_roper_andrea_proske_susanne_grainger_madison_mailey_sydney_payne_avalon_wasteneys_kristen_kit,CAN,5:59.13
event_Q57083855,athlete_lee_yangwang_chi_lin,TPE,
event_Q47295100,athlete_yuzuru_hanyu,JPN,317.85 points
event_Q1068773,athlete_anna_watkinskatherine_grainger,GBR,6:55.82
event_Q110264107,athlete_laura_noltedeborah_levi,GER,4:03.96
event_Q21858018,athlete_eliud_kipchoge,KEN,2:08:44
event_Q22968982,athlete_mahé_drysdale,NZL,6:41.34
event_Q47155505,athlete_nadezhda_skardinoiryna_kryukodzinara_alimbekavadarya_domracheva,BLR,1:12:03.4
event_Q1772012,athlete_félix_sánchez,DOM,47.63
event_Q1798905,athlete_ryan_lochte,USA,4:05.18
event_Q24906828,athlete_chris_mearsjack_laugher,GBR,454.32 points
event_Q942500,athlete_kaillie_humphriesheather_moyse,CAN,3:32.28
event_Q938805,athlete_sabine_spitz,GER,1:45:11
event_Q28209,athlete_chen_ruolin,CHN,422.30
event_Q25476845,athlete_nino_schurter,SUI,"1h 33' 28"""
event_Q25476835,athlete_jenny_rissveds,SWE,"1h 30' 15"""
event_Q24995398,athlete_laura_ludwigkira_walkenhorst,GER,
event_Q1798873,athlete_jennifer_suhr,USA,4.75 m
event_Q666951,athlete_aksel_lund_svindal,NOR,1:30.34
event_Q25301754,athlete_misaki_matsutomoayaka_takahashi,JPN,
event_Q1649415,athlete_usain_bolt,JAM,19.32
event_Q1827915,athlete_sally_pearson,AUS,12.35 OR
event_Q21858030,athlete_jemima_sumgong,KEN,2:24:04
event_Q25301787,athlete_fu_haifengzhang_nan,CHN,
event_Q739527,athlete_larisa_ilchenko,RUS,1:59:27.7
event_Q47091419,athlete_laura_dahlmeier,GER,21:06.2
event_Q15055975,athlete_kaillie_humphriesheather_moyse,CAN,3:50.61
event_Q938130,athlete_an_kum_ae,PRK,
event_Q247273,athlete_masae_ueno,JPN,1000
event_Q25396697,athlete_chang_hye_jin,KOR,
event_Q47155365,athlete_laura_dahlmeier,GER,30:35.3
event_Q1798983,athlete_stephen_kiprotich,UGA,2:08:01
event_Q25397537,athlete_usain_bolt,JAM,9.81
event_Q693595,athlete_samuel_wanjiru,KEN,2:06:32 athletics
event_Q843287,athlete_marianne_vos,NED,3:35:29
event_Q960100,athlete_tagir_khaybulaev,RUS,
event_Q24825467,athlete_alison_ceruttibruno_oscar_schmidt,BRA,
event_Q2437166,athlete_lasse_norman_hansen,DEN,27
event_Q1753402,athlete_mo_farah,GBR,27:30.42
event_Q956242,athlete_qieyang_shijie,CHN,1:25:16 athletics
event_Q1345726,athlete_li_xuerui,CHN,
event_Q22968981,athlete_lucas_tramèrsimon_schürchsimon_niepmannmario_gyr,SUI,6:20.51
event_Q1222270,athlete_miroslava_knapková,CZE,7:54.37
event_Q932145,athlete_lasha_shavdatuashvili,GEO,
event_Q22968972,athlete_ilse_paulismaaike_head,NED,7:04.73
event_Q1005337,athlete_mahé_drysdale,NZL,6:57.82
event_Q1005506,athlete_alex_gregorytom_jamespete_reedandrew_triggs_hodge,GBR,6:03.97
event_Q782396,athlete_lee_yong_daelee_hyo_jung,KOR,
event_Q25476761,athlete_mariana_pajón,COL,34.093 s
event_Q1337276,athlete_cai_yunfu_haifeng,CHN,
event_Q25301916,athlete_tontowi_ahmadliliyana_natsir,INA,
event_Q47105341,athlete_arnd_peiffer,GER,23:38.8
event_Q938833,athlete_julien_absalon,FRA,1:55:59
event_Q1986718,athlete_keshorn_walcott,TRI,84.58
event_Q937510,athlete_luo_yutongqin_kai,CHN,
event_Q15056097,athlete_maddie_bowman,USA,89.00
event_Q2268451,athlete_oussama_mellouli,TUN,1:49:55.1
event_Q25396702,athlete_chang_hye_jinchoi_mi_sunki_bo_bae,KOR,
event_Q31850,athlete_roniel_iglesias,CUB,
event_Q1798882,athlete_sanya_richards_ross,USA,49.55
event_Q764131,athlete_ilya_zakharov,RUS,555.90
event_Q916735,athlete_yuna_kim,KOR,228.56 points
event_Q937526,athlete_cao_yuanzhang_yanquan,CHN,
event_Q25301472,athlete_chen_long,CHN,
event_Q658077,athlete_shen_xueand_zhao_hongbo,CHN,216.57 points
event_Q24761058,athlete_anna_van_der_breggen,NED,3:51:27
event_Q22968977,athlete_helen_gloverheather_stanning,GBR,7:18.29
event_Q15056098,athlete_david_wise,USA,92.00
event_Q1005551,athlete_mansur_isaev,RUS,
event_Q1636766,athlete_kirani_james,GRN,43.94
event_Q22968980,athlete_pierre_houinjérémie_azou,FRA,6:30.70
event_Q25476545,athlete_laura_trott,GBR,230
event_Q732985,athlete_michael_schmid,SUI,
event_Q843436,athlete_jessica_ennis,GBR,6955
event_Q1799251,athlete_valerie_adams,NZL,20.70 (originally 21.36)
event_Q22968985,athlete_eric_murrayhamish_bond,NZL,6:59.71
event_Q733756,athlete_olga_rypakova,KAZ,14.98
event_Q15620701,athlete_meryl_davisand_charlie_white,USA,195.52 points
event_Q1005683,athlete_karl_schulzephilipp_wendelauritz_schooftim_grohmann,GER,5:42.48
event_Q15620726,athlete_tatiana_volosozharand_maxim_trankov,RUS,236.86 points
event_Q15054997,athlete_matthias_mayer,AUT,2:06.23
event_Q47155425,athlete_hanna_öberg,SWE,41:07.2
event_Q22968983,athlete_martin_sinkovićvalent_sinković,CRO,6:50.28
event_Q1772017,athlete_shelly_ann_fraser_pryce,JAM,10.75
event_Q945090,athlete_mads_rasmussenrasmus_quist_hansen,DEN,6:37.17
event_Q1798867,athlete_allyson_felix,USA,21.88
event_Q47155541,athlete_peppe_femlingjesper_nelinsebastian_samuelssonfredrik_lindström,SWE,1:15:16.5
event_Q22968979,athlete_emily_regankerry_simmondsamanda_polklauren_schmetterlingtessa_gobbomeghan_musnickielle_loganamanda_elmorekatelin_snyder,USA,6:01.49
event_Q767351,athlete_eric_murrayhamish_bond,NZL,6:16.65
event_Q1799157,athlete_lashinda_demus,USA,52.77
event_Q1771958,athlete_sandra_perković,CRO,69.11
event_Q1005508,athlete_nathan_cohenjoseph_sullivan,NZL,6:31.67
event_Q25396694,athlete_ku_bon_chan,KOR,
event_Q22968974,athlete_magdalena_fularczyk_kozłowskanatalia_madaj,POL,7:40.10
event_Q22968986,athlete_alex_gregorymoe_sbihigeorge_nashconstantine_louloudis,GBR,5:58.61
event_Q15052026,athlete_tora_bergertiril_eckhoffole_einar_bjørndalenemil_hegle_svendsen,NOR,1:09:17.0
event_Q15056101,athlete_marielle_thompson,CAN,
event_Q47155408,athlete_johannes_thingnes_bø,NOR,48:03.8
event_Q1005554,athlete_song_dae_nam,KOR,
event_Q947750,athlete_gulnara_samitova_galkina,RUS,8:58.81 athletics
event_Q1005379,athlete_david_boudia,USA,568.65 points
event_Q2269155,athlete_julie_bresset,FRA,
event_Q22968973,athlete_kim_brennan,AUS,7:21.54
event_Q1005663,athlete_teddy_riner,FRA,
event_Q28166,athlete_he_ziwu_minxia,CHN,
event_Q143007,athlete_markis_kidohendra_setiawan,INA,
event_Q1414502,athlete_zhang_nanzhao_yunlei,CHN,
event_Q15055978,athlete_beat_hefti_alex_baumann,SUI,3:46.05
event_Q734020,athlete_usain_bolt,JAM,9.63 s OR
event_Q25476541,athlete_elia_viviani,ITA,207
event_Q15620700,athlete_rusevgeni_plushenko_yulia_lipnitskaya_tatiana_volosozhar_maxim_trankov_ksenia_stolbova_fedor_klimov_ekaterina_bobrova_dmitri_soloviev_elena_ilinykh_nikita_katsalapov,,75 points
event_Q22968984,athlete_philipp_wendelauritz_schoofkarl_schulzehans_gruhne,GER,6:06.81
event_Q1004931,athlete_maarten_van_der_weijden,NED,1:51:51.6
event_Q15292539,athlete_yuzuru_hanyu,JPN,280.09 points
event_Q47155467,athlete_anastasiya_kuzmina,SVK,35:23.0
event_Q1754221,athlete_natalia_ishchenkosvetlana_romashina,RUS,197.100
event_Q779173,athlete_lucie_décosse,FRA,
event_Q225969,athlete_björn_ferry,SWE,33:38.4
event_Q23747965,athlete_andy_murray,GBR,
event_Q427022,athlete_helen_gloverheather_stanning,GBR,7:27.13
event_Q765839,athlete_robert_harting,GER,68.27
event_Q25301483,athlete_carolina_marín,ESP,
event_Q14643120,athlete_martin_fourcade,FRA,33:48.6
event_Q841530,athlete_krisztián_pars,HUN,80.59
event_Q22968976,athlete_annekatrin_thielecarina_bärjulia_lierlisa_schmidla,GER,6:49:39
event_Q832282,athlete_didier_défago,SUI,1:54.31
event_Q918063,athlete_julius_brinkjonas_reckermann,GER,
event_Q15056102,athlete_jean_frédéric_chapuis,FRA,
event_Q47155371,athlete_martin_fourcade,FRA,32:51.7
event_Q769542,athlete_evan_lysacek,USA,257.67 points
event_Q1464256,athlete_tian_qingzhao_yunlei,CHN,
event_Q28163,athlete_wu_minxia,CHN,
event_Q1222420,athlete_katherine_copelandsophie_hosking,GBR,7:09.30
event_Q15056279,athlete_aleksandr_tretyakov,RUS,3:44.29
event_Q26237421,athlete_jin_jong_oh,KOR,193.7 shooting
event_Q26242954,athlete_tom_burton,AUS,73.0 points
event_Q26237420,athlete_henri_junghänel,GER,209.5 shooting
event_Q26237423,athlete_fehaid_al_deehani,IOA,26/30 (in the gold medal match)
event_Q26237427,athlete_diana_bacosi,ITA,15/16 (in the gold medal match)
event_Q26245392,athlete_simone_bilesgabby_douglaslaurie_hernandezmadison_kocianaly_raisman,USA,184.897 points
event_Q26254891,athlete_charline_picon,FRA,64 points
event_Q26250761,athlete_dorian_van_rijsselberghe,NED,25.0 points
event_Q26235041,athlete_anna_korakaki,GRE,8 points (in the gold medal match)
event_Q26237425,athlete_gabriele_rossetti,ITA,16/16 (in the gold medal match)
event_Q26241858,athlete_marit_bouwmeester,NED,61 points
event_Q26237636,athlete_katinka_hosszú,HUN,2:06.58 swimming
event_Q26254912,athlete_margarita_mamun,RUS,76.483 points
event_Q26271841,athlete_artur_aleksanyan,ARM,
event_Q26265496,athlete_simone_biles,USA,15.966
event_Q26262259,athlete_peter_burlingblair_tuke,NZL,35 points
event_Q26269194,athlete_sebastian_brendel,GER,3:56.926
event_Q26263222,athlete_roman_vlasov,RUS,
event_Q26262262,athlete_santiago_langececilia_carranza,ARG,77 points
event_Q26262295,athlete_giles_scott,GBR,36.0 points
event_Q26268459,athlete_mijaín_lópez,CUB,
event_Q26265678,athlete_anastasia_bliznyukanastasia_maksimovaanastasiia_tatarevamaria_tolkachevavera_biryukova,RUS,36.233 points
event_Q26260943,athlete_ed_clancysteven_burkeowain_doullbradley_wiggins,GBR,"3:50.265 WR, OR"
event_Q26269219,athlete_gabriella_szabódanuta_kozák,HUN,1:43.687
event_Q26263261,athlete_šime_fantelaigor_marenić,CRO,43 points
event_Q26256610,athlete_natalia_ishchenkosvetlana_romashina,RUS,194.9910 points
event_Q26269232,athlete_lisa_carrington,NZL,39.864
event_Q26256651,athlete_vlada_chigireva_natalia_ishchenko_svetlana_kolesnichenko_aleksandra_patskevich_svetlana_romashina_alla_shishkina_maria_shurochkina_gelena_topilina_elena_prokofyeva,RUS,196.1439 points
event_Q26271817,athlete_davor_štefanek,SRB,
event_Q26265754,athlete_hannah_millssaskia_clark,GBR,44 points
event_Q26262261,athlete_martine_graelkahena_kunze,BRA,48 points
event_Q26268456,athlete_davit_chakvetadze,RUS,
event_Q2732034,athlete_zac_purchasemark_hunter,GBR,
event_Q26389812,athlete_nick_skelton,GBR,"0 penalties, 42.82 s in the jump off"
event_Q2718015,athlete_jason_kenny,GBR,
event_Q26419091,athlete_kyle_snyder,USA,
event_Q26308744,athlete_sebastian_brendeljan_vandrey,GER,3:43.912
event_Q26406504,athlete_chloe_esposito,AUS,1372 OR
event_Q2648878,athlete_eirik_verås_larsen,NOR,3:26.462
event_Q26404105,athlete_abdulrashid_sadulaev,RUS,
event_Q2726820,athlete_svetlana_boykoaida_chanaevavictoria_nikichinaevgenia_lamonova,RUS,
event_Q26334986,athlete_liam_heath,GBR,35.197
event_Q2726788,athlete_nicolas_lopezjulien_pilletboris_sanson,FRA,
event_Q26334232,athlete_danuta_kozák,HUN,1:52.494
event_Q26305911,athlete_saúl_craviottocristian_toro,ESP,32.075
event_Q26320658,athlete_helen_maroulis,USA,
event_Q2726746,athlete_valentina_vezzali,ITA,
event_Q26308566,athlete_philippe_rozier_kevin_staut_roger_yves_bost_pénélope_leprevost,FRA,
event_Q269521,athlete_chen_wei_ling,TPE,
event_Q26404138,athlete_taha_akgül,TUR,
event_Q26406514,athlete_aleksander_lesun,RUS,1479 points OR
event_Q26328066,athlete_erica_wiebe,CAN,
event_Q26334713,athlete_ren_qian,CHN,439.25 points
event_Q2726750,athlete_fabrice_jeannetjérôme_jeannetulrich_robeiri,FRA,
event_Q263926,athlete_torah_bright,AUS,45.0
event_Q26339635,athlete_hassan_yazdani,IRI,
event_Q26334907,athlete_max_rendschmidttom_liebschermax_hoffmarcus_gross,GER,3:02.143
event_Q2687405,athlete_tom_slingsby,AUS,
event_Q2634280,athlete_sarah_aytonsarah_webbpippa_wilson,GBR,
event_Q2715839,athlete_lin_qingfeng,CHN,
event_Q26280676,athlete_sara_dosho,JPN,
event_Q26294065,athlete_eri_tosaka,JPN,
event_Q26339577,athlete_vladimer_khinchegashvili,GEO,
event_Q2732321,athlete_kirsten_van_der_kolk_and_marit_van_eupen,NED,
event_Q2731531,athlete_konrad_wasielewskimarek_kolbowiczmichał_jelińskiadam_korol,POL,
event_Q2731998,athlete_thomas_ebertmorten_jørgensenmads_anderseneskild_ebbesen,DEN,
event_Q26294109,athlete_kaori_icho,JPN,
event_Q2718019,athlete_anna_meares,AUS,11.218/11.348
event_Q26333692,athlete_yuriy_cheban,UKR,39.279
event_Q26401684,athlete_gwen_jorgensen,USA,1:56:16
event_Q26419030,athlete_soslan_ramonov,RUS,
event_Q26335055,athlete_gabriella_szabódanuta_kozáktamara_csipeskrisztina_fazekas,HUN,1:34.482
event_Q26234091,athlete_sandra_perković,CRO,69.21 m
event_Q26328052,athlete_risako_kawai,JPN,
event_Q2732386,athlete_paul_goodison,GBR,
event_Q26233790,athlete_max_whitlock,GBR,15.633
event_Q26233786,athlete_kōhei_uchimura,JPN,92.365 points
event_Q26233793,athlete_eleftherios_petrounias,GRE,16.000
event_Q26233796,athlete_sanne_wevers,NED,15.466
event_Q26233794,athlete_oleg_verniaiev,UKR,16.041
event_Q26233798,athlete_simone_biles,USA,15.966
event_Q288549,athlete_barbora_špotáková,CZE,71.42
event_Q305439,athlete_alan_khugaev,RUS,
event_Q3039134,athlete_marina_alabau,ESP,
event_Q303268,athlete_jason_lamy_chappuis,FRA,25:47.1
event_Q26233791,athlete_max_whitlock,GBR,15.966
event_Q26233478,athlete_josip_glasnović,CRO,13/15 (in the gold medal match)
event_Q2936542,athlete_yury_postrigayalexander_dyachenko,RUS,33.507
event_Q2740554,athlete_lü_xiaojun,CHN,
event_Q26233783,athlete_ryōhei_katōkenzō_shiraiyūsuke_tanakakōhei_uchimurakoji_yamamuro,JPN,274.094 points
event_Q26233795,athlete_fabian_hambüchen,GER,15.766
event_Q3082335,athlete_carl_hesterlaura_bechtolsheimercharlotte_dujardin,GBR,
event_Q305171,athlete_dana_vollmer,USA,55.98 swimming
event_Q26233789,athlete_ri_se_gwang,PRK,15.691
event_Q26233797,athlete_aliya_mustafina,RUS,15.900
event_Q326382,athlete_anthony_joshua,GBR,
event_Q26228283,athlete_catherine_skinner,AUS,12/15 (in the gold medal match)
event_Q1043354,athlete_pamela_jelimo,KEN,1:54.87
event_Q1042705,athlete_gabriella_szabódanuta_kozákkatalin_kovácskrisztina_fazekas_zur,HUN,1:30.827
event_Q26212366,athlete_ma_long,CHN,
event_Q26212190,athlete_xiang_yanmei,CHN,261 kg
event_Q1043361,athlete_dawn_harper,USA,12.54 s
event_Q1043405,athlete_sun_yang,CHN,3:40.14 swimming
event_Q348720,athlete_egor_mekhontsev,RUS,
event_Q1043347,athlete_tirunesh_dibaba,ETH,15:41.40
event_Q3513763,athlete_wu_jingyu,CHN,
event_Q348714,athlete_serik_sapiyev,KAZ,
event_Q26220718,athlete_zhang_mengxue,CHN,199.4 swimming
event_Q1005771,athlete_jan_frodeno,GER,1:48:53.28
event_Q26219852,athlete_radik_isayev,AZE,
event_Q1064571,athlete_victoria_pendleton,GBR,11.363/11.118
event_Q26212275,athlete_denis_gargaud_chanut,FRA,94.17 s
event_Q26212310,athlete_meng_suping,CHN,307 kg
event_Q26219853,athlete_jade_jones,GBR,
event_Q1064381,athlete_anne_caroline_chausson,FRA,35.976
event_Q334901,athlete_niccolò_campriani,ITA,1278.5
event_Q332673,athlete_robeisy_ramírez,CUB,
event_Q1005722,athlete_artur_ayvazyan,UKR,702.7
event_Q1042441,athlete_anastasia_davydovaanastasia_ermakova,RUS,99.251
event_Q26219865,athlete_sönke_rothenbergerdorothee_schneiderkristina_bröring_spreheisabell_werth,GER,81.936%
event_Q1064410,athlete_nicolien_sauerbreij,NED,
event_Q26219855,athlete_zheng_shuyin,CHN,
event_Q1051974,athlete_britta_heidemann,GER,
event_Q26212177,athlete_deng_wei,CHN,262 kg Olympic weightlifting
event_Q26213159,athlete_maialen_chourraut,ESP,98.65 s
event_Q368950,athlete_antón_paz_fernando_echávarri,ESP,
event_Q1005719,athlete_vincent_hancock,USA,145 (OR)
event_Q1750589,athlete_taner_sağır,TUR,
event_Q25991462,athlete_rie_kaneto,JPN,2:20.30
event_Q1077323,athlete_marianne_vos,NED,
event_Q497491,athlete_jo_alehpolly_powrie,NZL,
event_Q1565131,athlete_ha_tae_kwon_kim_dong_moon,KOR,
event_Q2171151,athlete_kim_hyeon_woo,KOR,
event_Q107861717,athlete_johannes_thingnes_bø,NOR,38:14.4
event_Q544177,athlete_brimin_kiprop_kipruto,KEN,
event_Q539696,athlete_tate_smithdave_smithmurray_stewartjacob_clear,AUS,2:55.085
event_Q26218171,athlete_virginia_thrasher,USA,208.0 shooting
event_Q656724,athlete_bernhard_gruberfelix_gottwaldmario_stecherdavid_kreiner,AUT,Team jump: 479.9Ski time: 48:55.6Final time: 49:31.6
event_Q7372006,athlete_rob_waddell,NZL,6:48.90
event_Q370708,athlete_saori_yoshida,JPN,
event_Q2570052,athlete_matteo_tagliariol,ITA,
event_Q7400301,athlete_michael_mcintyre_bryn_vaile,GBR,
event_Q2070431,athlete_claressa_shields,USA,
event_Q1573389,athlete_kathryn_watt,AUS,2:04:42
event_Q2563908,athlete_iain_percyandrew_simpson,GBR,
event_Q18391270,athlete_thomas_lange,GDR,6:58.65
event_Q22964432,athlete_kerstin_köppenkathrin_boron,GER,
event_Q25991452,athlete_joseph_schooling,SIN,50.39 swimming
event_Q7400304,athlete_luis_doreste_domingo_manrique,ESP,
event_Q7372003,athlete_agostino_abbagnalealessio_sartorirossano_galtarossasimone_raineri,ITA,5:45.56
event_Q1439757,athlete_florence_griffith_joyner,USA,10.54
event_Q1573400,athlete_monique_knol,NED,2:00.52
event_Q526367,athlete_sebastian_brendel,GER,3:47.176
event_Q1066796,athlete_lim_su_jeong,KOR,
event_Q25932069,athlete_katie_ledecky,USA,1:53.73
event_Q602540,athlete_rebecca_adlington,GBR,8:14.10 swimming
event_Q25863642,athlete_pernille_blume,DEN,24.07
event_Q2570149,athlete_zhong_man,CHN,
event_Q47309900,athlete_lim_hyo_jun,KOR,2:10.485
event_Q22964430,athlete_andy_holmessteve_redgrave,GBR,
event_Q1560063,athlete_ji_xinpeng,CHN,
event_Q7400296,athlete_thierry_péponnet_luc_pillot,FRA,
event_Q7372011,athlete_angela_alupeiconstanța_burcică,ROM,7:02.64
event_Q26212154,athlete_arlen_lópez,CUB,
event_Q2070029,athlete_ranomi_kromowidjojo,NED,24.05 swimming
event_Q17063531,athlete_kristin_otto,GDR,1:00.89
event_Q47309816,athlete_wu_dajing,CHN,39.584
event_Q26155833,athlete_justin_rose,GBR,268 (−16)
event_Q522820,athlete_zhang_xiangxiang,CHN,
event_Q26212159,athlete_beslan_mudranov,RUS,
event_Q2070048,athlete_katie_taylor,IRL,
event_Q2071238,athlete_tony_estanguet,FRA,97.06
event_Q107802331,athlete_marte_olsbu_røiselandtiril_eckhofftarjei_bøjohannes_thingnes_bø,NOR,1:06:45.6
event_Q1067796,athlete_sun_yang,CHN,14:31.02 swimming
event_Q26212148,athlete_shi_zhiyong,CHN,352 kg
event_Q2022105,athlete_bang_soo_hyun,KOR,
event_Q603505,athlete_liu_zige,CHN,2:04.18 swimming
event_Q2566720,athlete_jonas_warrer_martin_kirketerp,DEN,
event_Q526698,athlete_ryan_lochte,USA,1:53.94 swimming
event_Q1997551,athlete_om_yun_chol,PRK,
event_Q383513,athlete_anastasiya_kuzmina,SVK,19:55.6
event_Q2026292,athlete_ranomi_kromowidjojo,NED,53.00 swimming
event_Q1192124,athlete_chen_yanqing,CHN,
event_Q1856784,athlete_miguel_martinez,FRA,2:09:02
event_Q508776,athlete_lu_yong,CHN,
event_Q65242336,athlete_belinda_bencic,SUI,
event_Q26212150,athlete_long_qingquan,CHN,307 kg WR
event_Q2065523,athlete_sara_carrigan,AUS,3:24:24
event_Q580474,athlete_chris_hoy,GBR,
event_Q578012,athlete_simon_ammann,SUI,276.5
event_Q1444605,athlete_valentina_yegorova,EUN,2:32:41
event_Q2071266,athlete_jiao_liuyang,CHN,2:04.06 swimming
event_Q17033536,athlete_ennio_falco,ITA,149 (OR)
event_Q379473,athlete_charles_hamelin,CAN,40.981
event_Q727674,athlete_amanda_beard,USA,2:23.37 swimming
event_Q15056263,athlete_guillermo_rigondeaux,CUB,
event_Q7400300,athlete_jorgen_bojsen_moller_christian_gronborg,DEN,
event_Q65242164,athlete_nafissatou_thiam,BEL,6791
event_Q734628,athlete_philipp_schoch,SUI,
event_Q26212147,athlete_vacant,,379 kg
event_Q2212666,athlete_julien_absalon,FRA,2:15:02
event_Q609985,athlete_kristin_armstrong,USA,34:51.72
event_Q727687,athlete_pieter_van_den_hoogenband,NED,48.17
event_Q107802335,athlete_quentin_fillon_maillet,FRA,48:47.4
event_Q2133123,athlete_leontien_zijlaard,NED,3:06:31
event_Q26218913,athlete_charlotte_dujardin,GBR,93.857%
event_Q22964428,athlete_agostino_abbagnaledavide_tizzanogianluca_farinapiero_poli,ITA,
event_Q22964421,athlete_kerstin_försterkristina_mundtbeate_schrammjana_sorgers,GDR,
event_Q22964427,athlete_roland_schröderralf_brudelolaf_försterthomas_greiner,GDR,
event_Q635304,athlete_gbred_clancy_paul_manning_geraint_thomas_bradley_wiggins,,3:53.314 track cycling
event_Q25927636,athlete_mack_horton,AUS,3:41.55
event_Q25991454,athlete_michael_phelps,USA,1:54.66
event_Q7372004,athlete_georgeta_damiandoina_ignat,ROM,7:11.00
event_Q684586,athlete_anier_garcía,CUB,13.00
event_Q25932068,athlete_katie_ledecky,USA,3:56.46 swimming
event_Q22964424,athlete_annegret_strauchjudith_zeidlerkathrin_haackerute_wildanja_klugebeatrix_schröerramona_balthasarute_stangedaniela_neunast,GDR,
event_Q1184283,athlete_hinrich_romeike,GER,
event_Q1067970,athlete_maría_del_rosario_espinoza,MEX,
event_Q26208276,athlete_robson_conceição,BRA,
event_Q26218605,athlete_claressa_shields,USA,
event_Q17018014,athlete_florian_rousseau,FRA,1:02.712 track cycling
event_Q65235550,athlete_nora_gjakova,KOS,
event_Q7400311,athlete_jordi_calafat_kiko_sánchez,ESP,
event_Q1095367,athlete_oxana_slivenko,RUS,
event_Q574129,athlete_zhang_ning,CHN,
event_Q7372002,athlete_tomasz_kucharskirobert_sycz,POL,6:21.75
event_Q22964423,athlete_rodica_arba_olga_homeghi,ROU,7:28.13
event_Q26217722,athlete_ma_longxu_xinzhang_jike,CHN,
event_Q1194001,athlete_rebecca_adlington,GBR,4:03.22
event_Q2025976,athlete_wang_haozhang_jikema_long,CHN,
event_Q1139399,athlete_kim_un_guk,PRK,
event_Q600157,athlete_mijaín_lópez,CUB,
event_Q257545,athlete_lashawn_merritt,USA,43.75
event_Q25932666,athlete_maya_dirado,USA,2:05.99
event_Q17063534,athlete_heike_friedrich,GDR,1:57.65 swimming
event_Q1750582,athlete_nurcan_taylan,TUR,
event_Q17515791,athlete_xeno_müller,SUI,6:44.85
event_Q26218947,athlete_adam_peaty,GBR,57.13 swimming
event_Q2563992,athlete_zhang_yining,CHN,
event_Q7372009,athlete_veronica_cochelageorgeta_damianmaria_magdalena_dumitracheliliana_gafencuelena_georgescudoina_ignatelisabeta_lipăioana_olteanuviorica_susanu,ROM,6:06.44
event_Q374871,athlete_ki_bo_bae,KOR,
event_Q2022221,athlete_tony_gunawancandra_wijaya,INA,
event_Q26212176,athlete_sukanya_srisurat,THA,240 kg
event_Q571174,athlete_steeve_guénot,FRA,
event_Q2022115,athlete_poul_erik_høyer_larsen,DEN,
event_Q65242363,athlete_kristian_blummenfelt,NOR,1:45:04
event_Q1750592,athlete_shi_zhiyong,CHN,
event_Q571263,athlete_evi_sachenbacher_stehleclaudia_nystad,GER,18:03.7
event_Q15703663,athlete_hippolyt_kempf,SUI,39:27.5
event_Q613571,athlete_martin_fourcade,FRA,35:35.7
event_Q22964422,athlete_jutta_behrendt,GDR,
event_Q2051400,athlete_missy_franklin,USA,2:04.06 swimming
event_Q595972,athlete_lee_seung_hoon,KOR,12:58.55
event_Q17515790,athlete_markus_giermichael_gier,SUI,6:23.47
event_Q593761,athlete_tomasz_majewski,POL,21.89
event_Q65242200,athlete_damian_warner,CAN,9018 athletics
event_Q47309929,athlete_choi_min_jeong,KOR,2:24.948
event_Q26208602,athlete_evgeny_tishchenko,RUS,
event_Q737066,athlete_taufik_hidayat,INA,
event_Q22964434,athlete_kirsten_barnesjessica_monroebrenda_taylorkay_worthington,CAN,
event_Q628945,athlete_māris_štrombergs,LAT,36.190
event_Q2570068,athlete_mariel_zagunis,USA,
event_Q26212144,athlete_ruslan_nurudinov,UZB,431 kg
event_Q107861723,athlete_denise_herrmann,GER,44:12.7
event_Q1066390,athlete_nataliya_dobrynska,UKR,6733
event_Q7400298,athlete_josé_luis_doreste,ESP,
event_Q26212146,athlete_kianoush_rostami,IRI,396 kg WR
event_Q26219832,athlete_khasan_khalmurzaev,RUS,
event_Q17088224,athlete_hrachya_petikyan,EUN,1267.4 (OR)
event_Q47309958,athlete_shim_suk_heechoi_min_jeongkim_ye_jinkim_a_langlee_yu_bin,KOR,4:07.361 short-track speed skating
event_Q198766,athlete_joe_deloach,USA,19.75 athletics
event_Q1067077,athlete_wu_jingyu,CHN,
event_Q25991451,athlete_dmitriy_balandin,KAZ,2:07.46 NR
event_Q584030,athlete_laura_asadauskaitė,LTU,5408 OR
event_Q7371998,athlete_james_cracknellsteve_redgravetim_fostermatthew_pinsent,GBR,5:56.24
event_Q595962,athlete_charlotte_kalla,SWE,24:58.4
event_Q581364,athlete_bakhtiyar_akhmedov,RUS,
event_Q26217871,athlete_haruka_tachimoto,JPN,
event_Q20948675,athlete_max_rendschmidtmarcus_gross,GER,3:10.781
event_Q25927635,athlete_sun_yang,CHN,1:44.65
event_Q7400299,athlete_jochen_schümann_thomas_flach_bernd_jäkel,GDR,
event_Q1137721,athlete_yi_siling,CHN,502.9
event_Q26218607,athlete_estelle_mossely,FRA,
event_Q547331,athlete_georgina_evers_swindellcaroline_evers_swindell,NZL,
event_Q26219824,athlete_christian_reitz,GER,34
event_Q1440658,athlete_natalya_sadova,RUS,67.02
event_Q18449954,athlete_karen_josephsonsarah_josephson,USA,192.175
event_Q2142977,athlete_servet_tazegül,TUR,
event_Q7400307,athlete_jesper_bank_steen_secher_jesper_seier,DEN,
event_Q2048869,athlete_jordan_burroughs,USA,
event_Q25991449,athlete_ryan_murphy,USA,1:53.62
event_Q1156695,athlete_yana_shemyakina,UKR,
event_Q2198226,athlete_christian_olsson,SWE,17.79
event_Q1143843,athlete_rubén_limardo,VEN,
event_Q16968702,athlete_meike_everskerstin_kowalskimanja_kowalskimanuela_lutze,GER,6:19.58
event_Q1750576,athlete_halil_mutlu,TUR,
event_Q1193987,athlete_britta_steffen,GER,53.12 swimming
event_Q679870,athlete_zhang_guozheng,CHN,
event_Q374383,athlete_bob_bryanmike_bryan,USA,
event_Q735286,athlete_sébastien_vieilledentadrien_hardy,FRA,
event_Q2563962,athlete_elise_rechichitessa_parkinson,AUS,
event_Q1089565,athlete_federica_pellegrini,ITA,1:54.82 swimming
event_Q1439323,athlete_osleidys_menéndez,CUB,71.53 athletics
event_Q2563927,athlete_tom_ashley,NZL,
event_Q26212160,athlete_fabio_basile,ITA,
event_Q577260,athlete_chris_hoy,GBR,
event_Q26219830,athlete_shohei_ono,JPN,
event_Q2091137,athlete_hamid_sourian,IRI,
event_Q220855,athlete_justin_gatlin,USA,9.85 s
event_Q26213161,athlete_ladislav_škantárpeter_škantár,SVK,101.58 s
event_Q2618235,athlete_michael_jung,GER,
event_Q1075752,athlete_andrey_moiseev,RUS,5632
event_Q1439338,athlete_veronica_campbell,JAM,22.05
event_Q25991466,athlete_katinka_hosszú,HUN,4:26.36 swimming
event_Q656634,athlete_nelson_évora,POR,17.67
event_Q579227,athlete_michael_phelps,USA,50.58 swimming
event_Q25991463,athlete_sarah_sjöström,SWE,55.48 swimming
event_Q221335,athlete_giorgio_di_centa,ITA,2:06:11.8
event_Q613470,athlete_bill_demong,USA,25:32.9
event_Q1156706,athlete_li_naluo_xiaojuansun_yujiexu_anqi,CHN,
event_Q1156710,athlete_andrea_baldinigiorgio_avolaandrea_cassaràvalerio_aspromonte,ITA,
event_Q25932055,athlete_penny_oleksiak,CAN,52.70 swimming
event_Q25932055,athlete_simone_manuel,USA,52.70 swimming
event_Q65235579,athlete_fraamandine_buchardguillaume_chainesarah_léonie_cysiquekilian_le_blouchclarisse_agbegnenouaxel_clergetmargaux_pinotalexandre_iddirromane_dickoteddy_rinermadeleine_malonga,,
event_Q1156700,athlete_lei_sheng,CHN,
event_Q607576,athlete_sa_jae_hyouk,KOR,
event_Q2157561,athlete_milica_mandić,SRB,
event_Q65242174,athlete_neeraj_chopra,IND,87.58 m
event_Q2112865,athlete_paola_pezzo,ITA,1:50:51
event_Q1575430,athlete_zhang_ning,CHN,
event_Q596094,athlete_oussama_mellouli,TUN,14:40.84 AF
event_Q107861696,athlete_sturla_holm_lægreidtarjei_bøjohannes_thingnes_bøvetle_sjåstad_christiansen,NOR,1:19:50.2
event_Q2070832,athlete_philip_hindeschris_hoyjason_kenny,GBR,"42.600 WR, OR"
event_Q107861714,athlete_marte_olsbu_røiseland,NOR,34:46.9
event_Q47309836,athlete_arianna_fontana,ITA,42.569
event_Q584005,athlete_dorian_van_rijsselberghe,NED,
event_Q517035,athlete_gerd_kanter,EST,68.82
event_Q1750716,athlete_chen_yanqing,CHN,
event_Q26212152,athlete_robeisy_ramírez,CUB,
event_Q1604222,athlete_jin_sun_yu,KOR,
event_Q162056,athlete_zhang_jun_gao_ling,CHN,
event_Q107861706,athlete_linn_perssonmona_brorssonhanna_öbergelvira_öberg,SWE,1:11:03.9
event_Q7400306,athlete_linda_andersen,NOR,
event_Q1084677,athlete_melaine_walker,JAM,52.64 s athletics
event_Q22964420,athlete_martina_walthergerlinde_doberschützcarola_hornigbirte_siechsylvia_rose,GDR,
event_Q107861726,athlete_justine_braisaz_bouchet,FRA,40:18.0
event_Q733026,athlete_fermín_cacho,ESP,3:40.12
event_Q1534918,athlete_kjetil_andré_aamodt,NOR,1:13.04
event_Q25863624,athlete_anthony_ervin,USA,21.40
event_Q259965,athlete_simon_ammann,SUI,283.6
event_Q7400309,athlete_franck_david,FRA,
event_Q16953154,athlete_vassili_jirov,KAZ,
event_Q2072744,athlete_kim_il,PRK,
event_Q609385,athlete_georgeta_damianviorica_susanu,ROU,
event_Q26217896,athlete_kayla_harrison,USA,
event_Q19819174,athlete_matthew_ryan,AUS,
event_Q47309990,athlete_shaoang_liushaolin_sándor_liuviktor_knochcsaba_burján,HUN,6:31.971
event_Q25991461,athlete_lilly_king,USA,1:04.93 swimming
event_Q1094686,athlete_leisel_jones,AUS,1:05.17 swimming
event_Q2096231,athlete_saori_yoshida,JPN,
event_Q26155830,athlete_hsu_shu_ching,TPE,212 kg
event_Q26218598,athlete_tina_trstenjak,SLO,
event_Q26212155,athlete_tony_yoka,FRA,
event_Q26155834,athlete_inbee_park,KOR,268 (−16)
event_Q2570158,athlete_benjamin_kleibrink,GER,
event_Q25991459,athlete_katinka_hosszú,HUN,58.45
event_Q7400308,athlete_josé_van_der_ploeg,ESP,
event_Q1067772,athlete_ye_shiwen,CHN,4:28.43 swimming
event_Q1750578,athlete_udomporn_polsak,THA,
event_Q107861699,athlete_johannes_thingnes_bø,NOR,24:00.4
event_Q107861710,athlete_marte_olsbu_røiseland,NOR,20:44.3
event_Q26212161,athlete_majlinda_kelmendi,KOS,
event_Q1193982,athlete_natalie_coughlin,USA,58.96 AM
event_Q635823,athlete_jasey_jay_anderson,CAN,
event_Q2201769,athlete_dwight_phillips,USA,8.59
event_Q7371997,athlete_michel_andrieuxjean_christophe_rolland,FRA,6:32.97
event_Q1005685,athlete_son_tae_jin,KOR,
event_Q2564420,athlete_nathan_wilmotmalcolm_page,AUS,
event_Q586729,athlete_ireen_wüst,NED,1:56.89
event_Q22964419,athlete_birgit_petermartina_schröter,GDR,
event_Q26218466,athlete_teddy_riner,FRA,
event_Q22964425,athlete_nico_rienksronald_florijn,NED,
event_Q26215191,athlete_christian_taylor,USA,17.86
event_Q26155829,athlete_sopita_tanasan,THA,200 kg
event_Q1075735,athlete_lena_schöneborn,GER,5792
event_Q1193966,athlete_lisbeth_trickett,AUS,56.73 OC
event_Q26217865,athlete_rafaela_silva,BRA,
event_Q1156715,athlete_kim_ji_yeon,KOR,
event_Q662887,athlete_evelyne_leu,SUI,202.55
event_Q1439291,athlete_hicham_el_guerrouj,MAR,13:14.39
event_Q580481,athlete_martina_sáblíková,CZE,4:02.53
event_Q1131387,athlete_eric_lamaze,CAN,0 faults
event_Q2070058,athlete_nicola_adams,GBR,
event_Q65235532,athlete_lukáš_krpálek,CZE,
event_Q7400302,athlete_jean_yves_le_déroff_nicolas_hénard,FRA,
event_Q1997032,athlete_lydia_valentín,ESP,
event_Q7372007,athlete_kathrin_boronjana_thieme,GER,6:55.44
event_Q1750591,athlete_pawina_thongsuk,THA,
event_Q26212162,athlete_paula_pareto,ARG,
event_Q610603,athlete_vincent_jay,FRA,24:07.8
event_Q26218320,athlete_karim_laghouagthibaut_vallettemathieu_lemoineastier_nicolas,FRA,169.00
event_Q2022215,athlete_ge_fei_gu_jun,CHN,
event_Q1750587,athlete_liu_chunhong,CHN,
event_Q664418,athlete_clara_hughes,CAN,6:59.07
event_Q634029,athlete_tom_jamessteve_williamspete_reedandrew_triggs_hodge,GBR,
event_Q1067383,athlete_lee_sung_jinki_bo_baechoi_hyeonju,KOR,
event_Q25932075,athlete_katie_ledecky,USA,8:04.79 swimming
event_Q26212145,athlete_sohrab_moradi,IRI,403 kg
event_Q20670790,athlete_kristen_babb_sprague,USA,191.848
event_Q20670790,athlete_sylvie_fréchette,CAN,191.848
event_Q26212151,athlete_fazliddin_gaibnazarov,UZB,
event_Q26218274,athlete_michael_jung,GER,40.90 points
event_Q1750595,athlete_giorgi_asanidze,GEO,
event_Q26219847,athlete_lukáš_krpálek,CZE,
event_Q651065,athlete_wang_jiao,CHN,
event_Q107861704,athlete_quentin_fillon_maillet,FRA,39:07.5
event_Q1439276,athlete_andreas_thorkildsen,NOR,86.50
event_Q25991448,athlete_gregorio_paltrinieri,ITA,14:34.57
event_Q7400297,athlete_bruce_kendall,NZL,
event_Q1137646,athlete_elisa_di_francisca,ITA,
event_Q735299,athlete_jari_mantilahannu_manninenjaakko_tallussamppa_lajunen,FIN,48:42.2
event_Q22964429,athlete_carmine_abbagnalegiuseppe_abbagnalegiuseppe_di_capua_cox,ITA,6:58.79
event_Q26219831,athlete_mashu_baker,JPN,
event_Q25927634,athlete_kyle_chalmers,AUS,47.58 WJ
event_Q15056264,athlete_aleksei_tishchenko,RUS,
event_Q1092809,athlete_prapawadee_jaroenrattanatarakoon,THA,
event_Q65242345,athlete_alexander_zverev,GER,
event_Q25991456,athlete_caeleb_dressel_michael_phelps_ryan_held_nathan_adrian_jimmy_feigen_blake_pieroni_anthony_ervin,USA,3:09.92
event_Q2562124,athlete_ma_lin,CHN,
event_Q26205999,athlete_shakhobidin_zoirov,UZB,
event_Q26213160,athlete_joe_clarke,GBR,88.53 s
event_Q1065640,athlete_jang_mi_ran,KOR,
event_Q26212149,athlete_óscar_figueroa,COL,318 kg
event_Q1094667,athlete_britta_steffen,GER,24.06 swimming
event_Q722895,athlete_manfred_kurzer,GER,682.4
event_Q65242359,athlete_flora_duffy,BER,1:55:36
event_Q26037184,athlete_hasanboy_dusmatov,UZB,
event_Q7400305,athlete_mark_reynolds_hal_haenel,USA,
event_Q548072,athlete_maëlle_ricker,CAN,
event_Q730927,athlete_anna_dahlberg_lina_andersson,SWE,16:36.9
event_Q65235526,athlete_lasha_bekauri,GEO,
event_Q26218608,athlete_nicola_adams,GBR,
event_Q65242331,athlete_barbora_krejčíkovákateřina_siniaková,CZE,
event_Q1570183,athlete_alan_budikusuma,INA,
event_Q1750579,athlete_milen_dobrev,BUL,
event_Q65235557,athlete_clarisse_agbegnenou,FRA,
event_Q22964435,athlete_sybille_schmidtbirgit_peterkerstin_müllerkristina_mundt,GER,
event_Q26208316,athlete_daniyar_yeleussinov,KAZ,
event_Q734997,athlete_nicolás_massú,CHI,
event_Q614894,athlete_wang_meng,CHN,
event_Q1750583,athlete_dmitry_berestov,RUS,
event_Q26208513,athlete_julio_césar_la_cruz,CUB,
event_Q599412,athlete_áron_szilágyi,HUN,
event_Q25991447,athlete_ryan_murphy,USA,51.97 swimming
event_Q26219849,athlete_ahmad_abughaush,JOR,
event_Q25991455,athlete_kosuke_hagino,JPN,4:06.05 AS
event_Q17063526,athlete_adrian_moorhouse,GBR,1:02.04 NR
event_Q581788,athlete_andy_murray,GBR,
event_Q588440,athlete_scott_brash_peter_charles_ben_maher_nick_skelton,GBR,
event_Q260204,athlete_hwang_kyung_seon,KOR,
event_Q25991464,athlete_mireia_belmonte,ESP,2:04.85
event_Q7371994,athlete_thomas_lange,GER,6:51.40
event_Q26217860,athlete_liu_shiwending_ningli_xiaoxia,CHN,
event_Q26218599,athlete_émilie_andéol,FRA,
event_Q2174649,athlete_nicola_spirig,SUI,1:59:48
event_Q7371999,athlete_luka_špikiztok_čop,SLO,6:16.33
event_Q2000524,athlete_zou_shiming,CHN,
event_Q662184,athlete_patric_leitner_alexander_resch,GER,
event_Q26219848,athlete_zhao_shuai,CHN,
event_Q7372001,athlete_laurent_porchierjean_christophe_betteyves_hocdéxavier_dorfman,FRA,6:01.68
event_Q1194982,athlete_kaori_icho,JPN,
event_Q384953,athlete_dario_cologna,SUI,33:36.3
event_Q1439249,athlete_liu_xiang,CHN,12.91 athletics
event_Q22964437,athlete_elisabeta_lipă,ROU,
event_Q7400312,athlete_barbara_kendall,NZL,
event_Q1222467,athlete_kerrin_lee_gartner,CAN,1:52.55
event_Q22964445,athlete_matthew_pinsentsteve_redgrave,GBR,
event_Q1222171,athlete_larisa_lazutina,RUS,17:37.9
event_Q826852,athlete_aleksandr_golubev,RUS,36.33 OR
event_Q1221935,athlete_ekaterina_dafovska,BUL,54:52.0
event_Q31844,athlete_vasyl_lomachenko,UKR,
event_Q1222146,athlete_beckie_scott,CAN,25:09.9
event_Q917323,athlete_irving_saladino,PAN,8.34
event_Q7500747,athlete_miroslav_varga,TCH,703.9 (OR)
event_Q1222543,athlete_erin_cafarolindsay_shoopanna_goodaleelle_logananna_cumminssusan_franciacaroline_lindcaryn_daviescox_mary_whipple,USA,
event_Q22964449,athlete_constanța_burcicăcamelia_macoviciuc,ROU,
event_Q3001407,athlete_giovanni_lombardi,ITA,44 (0 laps behind)
event_Q2550697,athlete_mijaín_lópez,CUB,
event_Q748648,athlete_giorgio_di_centapietro_piller_cottrerfulvio_valbusacristian_zorzi,ITA,1:43:45.7
event_Q14643126,athlete_ole_einar_bjørndalen,NOR,24:33.5
event_Q7656687,athlete_igor_polyansky,URS,1:59.37
event_Q7500819,athlete_renata_mauer,POL,684.6
event_Q4786035,athlete_jay_barrs,USA,
event_Q2299006,athlete_tatsuhiro_yonemitsu,JPN,
event_Q2494175,athlete_peter_kretschmerkurt_kuschela,GER,3:33.804
event_Q2358274,athlete_omid_norouzi,IRI,
event_Q8979743,athlete_steve_guerdat,SUI,0 faults
event_Q782429,athlete_mark_tuitert,NED,1:45.57
event_Q15056068,athlete_eric_frenzel,GER,23:50.2
event_Q905472,athlete_alexandre_bilodeau,CAN,26.75
event_Q2521962,athlete_kaori_icho,JPN,
event_Q848666,athlete_lee_sang_hwa,KOR,76.09
event_Q27961940,athlete_cho_min_sun,KOR,
event_Q826539,athlete_jochem_uytdehaage,NED,12:58.92 WR
event_Q25397018,athlete_ding_ning,CHN,
event_Q769467,athlete_martín_lópez_zubero,ESP,1:58.47 swimming
event_Q1005322,athlete_chris_hoy_jason_kenny_jamie_staff,GBR,43.128
event_Q1222469,athlete_katja_seizinger,GER,1:35.93
event_Q7979982,athlete_tymur_taimazov,UKR,430.0 kg
event_Q15055009,athlete_sandro_viletta,SUI,2:45.20
event_Q15055028,athlete_marit_bjørgen,NOR,1:11:05.2
event_Q15055033,athlete_marit_bjørgeningvild_flugstad_østberg,NOR,16:04.05
event_Q886732,athlete_alexei_nemov,RUS,58.474
event_Q1433101,athlete_adam_nelson,USA,21.16
event_Q7979974,athlete_israel_militosyan,EUN,337.5 kg
event_Q3499001,athlete_makharbek_khadartsev,EUN,
event_Q1432187,athlete_sergey_klyugin,RUS,2.35
event_Q1005244,athlete_liao_hui,CHN,
event_Q7500847,athlete_diána_igaly,HUN,97
event_Q781406,athlete_mikhail_ivanov,RUS,2:06:20.8
event_Q906128,athlete_magdalena_neuner,GER,35:19.6
event_Q1221939,athlete_olga_danilova,RUS,46:55.4
event_Q848696,athlete_shani_davis,USA,1:08.94
event_Q22964443,athlete_andreas_hajekmichael_steinbachstephan_volkertandré_willms,GER,
event_Q963859,athlete_li_xiaoshuang,CHN,58.423
event_Q1222533,athlete_hilde_gerg,GER,1:32.40
event_Q7979972,athlete_jeon_byeong_gwan,KOR,287.5 kg
event_Q3001455,athlete_fabio_casartelli,ITA,4:35:21
event_Q685266,athlete_rumyana_neykova,BUL,
event_Q7979977,athlete_pyrros_dimas,GRE,370.0 kg
event_Q765657,athlete_svetlana_zhurova,RUS,76.57
event_Q7500737,athlete_goran_maksimović,YUG,695.6 (OR)
event_Q1005423,athlete_oleksandr_petriv,UKR,780.2 shooting
event_Q61539,athlete_mavlet_batirov,RUS,
event_Q899312,athlete_primož_kozmus,SLO,82.02
event_Q22964442,athlete_andrew_coopernick_greenmike_mckayjames_tomkins,AUS,
event_Q7400314,athlete_theresa_zabell_patricia_guerra,ESP,
event_Q1222168,athlete_marjo_matikainen,FIN,15:04.0
event_Q15056105,athlete_joss_christensen,USA,95.80
event_Q7674783,athlete_lee_sun_hee,KOR,
event_Q4951839,athlete_wijan_ponlid,THA,
event_Q15056067,athlete_jørgen_graabak,NOR,23:27.5
event_Q2353351,athlete_émilie_fer,FRA,105.90
event_Q932865,athlete_christine_ohuruogu,GBR,49.62 s
event_Q906859,athlete_nataliya_skakun,UKR,
event_Q3498676,athlete_vasile_puşcaşu,ROU,
event_Q677063,athlete_komeil_ghasemi,IRI,
event_Q677063,athlete_bilyal_makhov,RUS,
event_Q846788,athlete_michael_greis,GER,54:23.0
event_Q247070,athlete_alex_schwazer,ITA,3:37:09 athletics
event_Q691742,athlete_shaun_white,USA,48.4
event_Q7400334,athlete_mark_reynolds_magnus_liljedahl,USA,
event_Q7500748,athlete_axel_wegner,GDR,222 (OR)
event_Q1222651,athlete_alisa_camplin,AUS,193.47
event_Q7656712,athlete_kristin_otto,GDR,59.00 swimming
event_Q1222109,athlete_claudia_pechstein,GER,7:14.37
event_Q240257,athlete_stephanie_rice,AUS,4:29.45 swimming
event_Q15056095,athlete_justine_dufour_lapointe,CAN,22.44
event_Q7656705,athlete_tanya_dangalakova,BUL,1:07.95 swimming
event_Q5280017,athlete_alexei_urmanov,RUS,
event_Q1222524,athlete_vreni_schneider,SUI,1:36.69
event_Q22964439,athlete_kirsten_barnesshannon_crawfordmegan_delehantykathleen_heddlemarnie_mcbeanjessica_monroebrenda_taylorlesley_thompsonkay_worthington,CAN,
event_Q1221810,athlete_chun_lee_kyung,KOR,1:36.87
event_Q15055034,athlete_iivo_niskanensami_jauhojärvi,FIN,23:14.89
event_Q638285,athlete_marianne_timmer,NED,1:16.51
event_Q15054994,athlete_tina_maze,SLO,1:41.57
event_Q15054994,athlete_dominique_gisin,SUI,1:41.57
event_Q4786049,athlete_justin_huish,USA,
event_Q917752,athlete_antoine_dénériaz,FRA,1:48.80
event_Q7656695,athlete_uwe_daßler,GDR,3:46.95 swimming
event_Q3498940,athlete_kenny_monday,USA,
event_Q2724464,athlete_stefan_holm,SWE,2.36
event_Q847288,athlete_vincent_defrasne,FRA,35:20.2
event_Q1222212,athlete_pernilla_wiberg,SWE,3:05.16
event_Q870649,athlete_masashi_abetakanori_konokenji_ogiwara,JPN,Team jump: 733.5Ski time: 1:22:51.8Final time: 1:22:51.8
event_Q775967,athlete_david_kostelecký,CZE,146 shooting
event_Q917348,athlete_veronica_campbell_brown,JAM,21.74 s
event_Q3498987,athlete_leri_khabelov,EUN,
event_Q4951834,athlete_daniel_petrov,BUL,
event_Q1202526,athlete_rebecca_romero,GBR,3:28.321
event_Q1222025,athlete_yuliya_chepalova,RUS,1:22:01.5
event_Q15052012,athlete_emil_hegle_svendsen,NOR,42:29.1
event_Q1222529,athlete_vreni_schneider,SUI,1:56.01
event_Q7500840,athlete_lioubov_galkina,RUS,689.4 shooting
event_Q1221864,athlete_vida_vencienė,URS,30:08.3
event_Q15056096,athlete_alexandre_bilodeau,CAN,26.31
event_Q7400342,athlete_robert_scheidt,BRA,
event_Q1337042,athlete_michele_frangillimarco_galiazzomauro_nespoli,ITA,219
event_Q25386274,athlete_emese_szász,HUN,
event_Q7656689,athlete_józsef_szabó,HUN,2:13.52 EU
event_Q841897,athlete_maria_riesch,GER,2:09.14
event_Q1432476,athlete_haile_gebrselassie,ETH,27:18.20
event_Q7500739,athlete_afanasijs_kuzmins,URS,698 shooting
event_Q2557145,athlete_behdad_salimi,IRI,
event_Q15055073,athlete_pierre_vaultier,FRA,
event_Q3400664,athlete_antonella_bellutti,ITA,
event_Q7400341,athlete_ben_ainslie,GBR,
event_Q7500816,athlete_mykola_milchev,UKR,150 (=WR)
event_Q762663,athlete_yang_wei,CHN,94.575
event_Q15055013,athlete_kjetil_jansrud,NOR,1:18.14
event_Q15055074,athlete_jamie_anderson,USA,95.25
event_Q906865,athlete_tang_gonghong,CHN,
event_Q853003,athlete_usain_bolt,JAM,19.30 athletics
event_Q3001409,athlete_joan_llaneras,ESP,14 (0 laps behind)
event_Q7979978,athlete_kakhi_kakhiashvili,EUN,412.5 kg
event_Q7979968,athlete_viktor_tregubov,EUN,410.0 kg
event_Q771886,athlete_long_qingquan,CHN,
event_Q4951846,athlete_jorge_gutiérrez,CUB,
event_Q2364389,athlete_navab_nassirshalal,IRI,
event_Q1433079,athlete_tatyana_lebedeva,RUS,7.07
event_Q15056100,athlete_anton_kushnir,BLR,
event_Q7400319,athlete_yevhen_braslavets_ihor_matviyenko,UKR,
event_Q7656686,athlete_anthony_nesty,SUR,53.00 swimming
event_Q3498597,athlete_kevin_jackson,USA,
event_Q3498966,athlete_alejandro_puerto,CUB,
event_Q1360895,athlete_chen_ying,CHN,793.4 (OR)
event_Q1222466,athlete_marina_kiehl,FRG,1:25.86
event_Q24906829,athlete_ismael_borrero,CUB,
event_Q7400328,athlete_iain_percy,GBR,
event_Q3001459,athlete_jan_ullrich,GER,5:29:08
event_Q7400320,athlete_nikolaos_kaklamanakis,GRE,
event_Q279295,athlete_tristan_gale,USA,
event_Q841946,athlete_lindsey_vonn,USA,1:44.19
event_Q14643199,athlete_darya_domracheva,BLR,29:30.7
event_Q1222632,athlete_maya_pedersen,SUI,
event_Q1005235,athlete_nazyr_mankiev,RUS,
event_Q923513,athlete_revaz_mindorashvili,GEO,
event_Q704595,athlete_guillermo_pérez,MEX,
event_Q942244,athlete_venus_williams,USA,
event_Q15056104,athlete_dara_howell,CAN,94.20
event_Q1432289,athlete_derartu_tulu,ETH,30:17.49 athletics
event_Q2297621,athlete_ed_clancygeraint_thomassteven_burkepeter_kennaugh,GBR,"3:51.659 WR, OR"
event_Q917333,athlete_maurren_maggi,BRA,7.04
event_Q1372090,athlete_saeid_mohammadpour,IRI,
event_Q488601,athlete_carl_lewis,USA,9.92 athletics
event_Q1222644,athlete_diann_roffe,USA,1:22.15
event_Q3498626,athlete_makharbek_khadartsev,URS,
event_Q1222474,athlete_katja_seizinger,GER,1:28.89
event_Q15055083,athlete_patrizia_kummer,SUI,
event_Q681571,athlete_giovanni_cernogoraz,CRO,146 shooting
event_Q523492,athlete_jens_weißflog,GER,274.5
event_Q15055007,athlete_maria_höfl_riesch,GER,2:34.62
event_Q936086,athlete_alain_bernard,FRA,47.21
event_Q2430785,athlete_ding_ningli_xiaoxiaguo_yue,CHN,
event_Q1221869,athlete_lyubov_yegorova,EUN,25:53.7
event_Q1222299,athlete_kelly_clark,USA,47.9
event_Q7500827,athlete_mikhail_nestruyev,RUS,663.3
event_Q917747,athlete_ted_ligety,USA,3:09.35
event_Q1222092,athlete_katrin_apeluschi_dislandrea_henkelkati_wilhelm,GER,1:27:55.0
event_Q905493,athlete_wang_mingjuan,CHN,
event_Q3499032,athlete_arsen_fadzaev,URS,
event_Q7500842,athlete_kim_rhode,USA,146
event_Q780808,athlete_gunda_niemann_kleemann,GER,7:31.57
event_Q1005260,athlete_manuchar_kvirkvelia,GEO,
event_Q15055036,athlete_ola_vigen_hattestad,NOR,3:38.39
event_Q917217,athlete_tora_berger,NOR,40:52.8
event_Q7979967,athlete_aleksandr_kurlovich,EUN,450 kg
event_Q7500813,athlete_rajmond_debevec,SLO,1275.1 (OR)
event_Q1222023,athlete_manuela_di_centa,ITA,1:25:41.6
event_Q1221915,athlete_marianne_timmer,NED,1:57.58 WR
event_Q7656694,athlete_tamás_darnyi,HUN,2:00.17 swimming
event_Q15056225,athlete_michel_mulder,NED,69.31 (34.63 & 34.67)
event_Q2308161,athlete_david_svoboda,CZE,5928 OR
event_Q4786036,athlete_park_sung_soochun_in_soolee_han_sup,KOR,
event_Q1198508,athlete_ye_shiwen,CHN,2:07.57 swimming
event_Q1005486,athlete_andré_langekevin_kuske,GER,3:27.51
event_Q679802,athlete_ramazan_şahin,TUR,
event_Q1426735,athlete_gail_devers,USA,10.94
event_Q15052025,athlete_vita_semerenkojuliya_dzhymavalentyna_semerenkoolena_pidhrushna,UKR,1:10:02.5
event_Q1222497,athlete_janica_kostelić,CRO,1:46.10
event_Q7979984,athlete_tang_lingsheng,CHN,307.5 kg
event_Q918076,athlete_jon_montgomery,CAN,3:29.73
event_Q1222232,athlete_anfisa_reztsova,EUN,24:29.2
event_Q3499929,athlete_levon_julfalakyan,URS,
event_Q263070,athlete_janica_kostelić,CRO,2:43.28
event_Q7674782,athlete_jung_jae_eun,KOR,
event_Q761318,athlete_shawn_johnson,USA,
event_Q3400667,athlete_andrea_collinelli,ITA,
event_Q15054999,athlete_tina_maze,SLO,2:36.87
event_Q841622,athlete_serena_williamsvenus_williams,USA,
event_Q904345,athlete_tia_hellebaut,BEL,2.05
event_Q1432202,athlete_yelena_yelesina,RUS,2.01
event_Q22964447,athlete_kathleen_heddlemarnie_mcbean,CAN,
event_Q1222127,athlete_catriona_le_may_doan,CAN,1:16.60
event_Q15055004,athlete_mario_matt,AUT,1:41.84
event_Q4786041,athlete_juan_holgadoalfonso_menéndezantonio_vázquez,ESP,
event_Q975449,athlete_zhang_jungao_ling,CHN,
event_Q429621,athlete_maria_riesch,GER,1:42.89
event_Q915092,athlete_anna_bogaliysvetlana_ishmouratovaolga_zaitsevaalbina_akhatova,RUS,1:16:12.5
event_Q942805,athlete_li_tingsun_tiantian,CHN,
event_Q1221917,athlete_ko_gi_hyun,KOR,2:31.581
event_Q2329168,athlete_victoria_pendleton,GBR,
event_Q15056099,athlete_alla_tsuper,BLR,98.01
event_Q7500743,athlete_sorin_babii,ROU,660 shooting
event_Q1222187,athlete_galina_kukleva,RUS,23:08.0
event_Q1222124,athlete_yang_yang_a,CHN,44.187
event_Q2460802,athlete_olaf_tufte,NOR,6:59.83
event_Q2358214,athlete_dzhamal_otarsultanov,RUS,
event_Q637365,athlete_dan_obrien,USA,8824
event_Q7674793,athlete_luo_wei,CHN,
event_Q22964450,athlete_katrin_rutschowjana_sorgerskerstin_köppenkathrin_boron,GER,
event_Q2521899,athlete_peter_thomsen_dirk_schrade_ingrid_klimke_sandra_auffarth_michael_jung,GER,
event_Q970610,athlete_tomas_gustafson,SWE,13:48.20 speed skating
event_Q6303884,athlete_yuan_hua,CHN,
event_Q827175,athlete_natalya_baranova_masalkinalarisa_kurkinayuliya_chepalovayevgeniya_medvedeva_arbuzova,RUS,54:47.7
event_Q7500822,athlete_pia_hansen,SWE,148 (OR)
event_Q3499038,athlete_arsen_fadzaev,EUN,
event_Q956359,athlete_andrus_veerpalu,EST,37:07.4
event_Q1222186,athlete_myriam_bédard,CAN,26:08.8
event_Q906117,athlete_giuliano_razzoli,ITA,1:39.32
event_Q1222259,athlete_silke_kraushaar,GER,3:18.436
event_Q955688,athlete_uwe_jens_mey,GDR,36.45 WR
event_Q7656707,athlete_kristin_otto,GDR,54.93
event_Q1222137,athlete_annie_perreault,CAN,46.568
event_Q7500809,athlete_tanyu_kiryakov,BUL,666.0
event_Q1222492,athlete_stine_lise_hattestad,NOR,25.97
event_Q1222654,athlete_lina_cheryazova,UZB,166.84
event_Q2358254,athlete_ghasem_rezaei,IRI,
event_Q922361,athlete_yipsi_moreno,CUB,76.34 athletics
event_Q870651,athlete_fred_børre_lundbergkenneth_braatenhalldor_skardbjarte_engen_vik,NOR,Team jump: 901.0Ski time: 54:03.5Final time: 54:11.5
event_Q25384916,athlete_aleksey_cheremisinovartur_akhmatkhuzintimur_safin,RUS,
event_Q6303861,athlete_tadahiro_nomura,JPN,
event_Q914969,athlete_emma_snowsill,AUS,1:58:27.66
event_Q1222101,athlete_uschi_dislmartina_zellnerkatrin_apelpetra_behle,GER,1:40:13.6
event_Q1438466,athlete_jean_galfione,FRA,5.92 athletics
event_Q5198393,athlete_félicia_ballanger,FRA,
event_Q840683,athlete_blr_victoria_azarenka_max_mirnyi,,
event_Q632742,athlete_pavel_kolobkov,RUS,
event_Q1221912,athlete_jacqueline_börner,GER,2:05.87
event_Q1222549,athlete_tang_binjin_ziweixi_aihuazhang_yangyang,CHN,
event_Q752428,athlete_rafael_nadal,ESP,
event_Q7500741,athlete_tanyu_kiryakov,BUL,687.9 (OR)
event_Q1222437,athlete_carole_montillet,FRA,1:39.56
event_Q7656701,athlete_matt_biondi,USA,22.14 swimming
event_Q3499009,athlete_david_gobejishvili,URS,
event_Q1005036,athlete_michael_phelps,USA,1:52.03 swimming
event_Q15055029,athlete_alexander_legkov,RUS,1:46:55.2
event_Q3001452,athlete_olaf_ludwig,GDR,4:32:22
event_Q7500830,athlete_ralf_schumann,GER,694.9
event_Q15055018,athlete_justyna_kowalczyk,POL,28:17.8
event_Q910720,athlete_bode_miller,USA,2:44.92
event_Q962650,athlete_charlotte_dujardin,GBR,
event_Q7500802,athlete_aleksandra_ivošev,YUG,686.1 (OR)
event_Q526793,athlete_yvonne_van_gennip,NED,2:00.68
event_Q31843483,athlete_ludger_beerbaumwolfgang_brinkmanndirk_hafemeisterfranke_sloothaak,FRG,
event_Q1222018,athlete_stefania_belmondo,ITA,1:22:30.1
event_Q7400345,athlete_gal_fridman,ISR,
event_Q940196,athlete_pang_wei,CHN,688.2
event_Q7500810,athlete_sergei_alifirenko,RUS,687.6
event_Q4903025,athlete_elena_berezhnayaand_anton_sikharulidze,RUS,
event_Q4903025,athlete_jamie_saléand_david_pelletier,CAN,
event_Q30680431,athlete_nicole_uphoff,GER,
event_Q7400325,athlete_theresa_zabell_begoña_vía_dufresne,ESP,
event_Q746397,athlete_philipp_schoch,SUI,
event_Q1426854,athlete_vebjørn_rodal,NOR,1:42.58 athletics
event_Q7400340,athlete_siren_sundby,NOR,
event_Q848641,athlete_felix_loch,GER,3:13.085
event_Q829370,athlete_serena_williams,USA,
event_Q635603,athlete_claudia_pechstein,GER,6:49.91 WR
event_Q3499066,athlete_han_myung_woo,KOR,
event_Q782385,athlete_tatiana_navka_roman_kostomarov,RUS,200.64
event_Q7500832,athlete_matthew_emmons,USA,703.3
event_Q1222251,athlete_doris_neuner,AUT,3:06.049
event_Q6303859,athlete_udo_quellmalz,GER,
event_Q2558792,athlete_yin_jian,CHN,
event_Q18728,athlete_can,,
event_Q736527,athlete_guo_wenjun,CHN,492.3 (OR)
event_Q24906792,athlete_kristin_armstrong,USA,44:26.42
event_Q7400344,athlete_paul_foerster_kevin_burnham,USA,
event_Q3390067,athlete_halil_mutlu,TUR,287.5 kg
event_Q22964444,athlete_greg_searlejonny_searlegarry_herbert_cox,GBR,6:49.83
event_Q4951843,athlete_yermakhan_ibraimov,KAZ,
event_Q1005262,athlete_buvaisar_saitiev,RUS,
event_Q2269694,athlete_kristina_vogelmiriam_welte,GER,32.798
event_Q30680433,athlete_nicole_uphoff,FRG,
event_Q2410252,athlete_ben_ainslie,GBR,
event_Q847592,athlete_yelena_isinbayeva,RUS,5.05 m athletics
event_Q1222641,athlete_sigrid_wolf,AUT,1:19.03
event_Q2269716,athlete_rebecca_soni,USA,2:19.59 swimming
event_Q2634499,athlete_kenenisa_bekele,ETH,27:05.10 athletics
event_Q905715,athlete_viktoria_rebensburg,GER,2:27.11
event_Q936622,athlete_ivano_brugnetti,ITA,1:19:40
event_Q7400317,athlete_kristine_roug,DEN,
event_Q7400350,athlete_shirley_robertsonsarah_webbsarah_ayton,GBR,
event_Q15052022,athlete_darya_domracheva,BLR,35:25.6
event_Q1426826,athlete_erki_nool,EST,8641
event_Q919242,athlete_lisa_carrington,NZL,44.638
event_Q901754,athlete_marc_rosset,SUI,
event_Q853040,athlete_shelly_ann_fraser,JAM,10.78 s
event_Q1222257,athlete_gerda_weissensteiner,ITA,3:15.517
event_Q919388,athlete_danuta_kozák,HUN,1:51.456
event_Q15056224,athlete_lee_sang_hwa,KOR,74.70
event_Q1005237,athlete_islambek_albiev,RUS,
event_Q15055037,athlete_ida_ingemarsdotteremma_wikénanna_haagcharlotte_kalla,SWE,53:02.7
event_Q7500798,athlete_olga_klochneva,RUS,490.1 (OR)
event_Q901122,athlete_jennifer_capriati,USA,
event_Q2303578,athlete_hwang_kyung_seon,KOR,
event_Q1222203,athlete_anita_wachter,AUT,29.25
event_Q853023,athlete_valeriy_borchin,RUS,1:19:01
event_Q4786038,athlete_kim_soo_nyungwang_hee_kyungyun_young_sook,KOR,
event_Q15055081,athlete_iouri_podladtchikov,SUI,94.75
event_Q7674779,athlete_steven_lópez,USA,
event_Q2451718,athlete_li_xiaoxia,CHN,
event_Q7656727,athlete_kristin_otto,GDR,25.49 swimming
event_Q25396733,athlete_hoàng_xuân_vinh,VIE,202.5 shooting
event_Q1005660,athlete_cha_dong_min,KOR,
event_Q7500799,athlete_renata_mauer,POL,497.6
event_Q916724,athlete_petter_northug,NOR,2:05:35.5
event_Q1001497,athlete_ben_ainslie,GBR,
event_Q2268100,athlete_vincent_hancock,USA,148
event_Q1005434,athlete_ed_mckeever,GBR,36.246
event_Q917743,athlete_benjamin_raich,AUT,1:43.14
event_Q15055079,athlete_kaitlyn_farrington,USA,91.75
event_Q1360804,athlete_zhang_juanjuan,CHN,110
event_Q1222176,athlete_kati_wilhelm,GER,20:41.4
event_Q2723756,athlete_meseret_defar,ETH,14:45.65
event_Q963453,athlete_amanda_borden_amy_chow_dominique_dawes_shannonmiller_dominique_moceanujaycie_phelps_and_kerri_strug,USA,
event_Q1222165,athlete_marjut_lukkarinen,FIN,14:13.8
event_Q2390636,athlete_yuriy_cheban,UKR,42.291
event_Q767959,athlete_jake_varner,USA,
event_Q683164,athlete_michael_phelps,USA,4:03.84 swimming
event_Q2380135,athlete_christine_girard,CAN,
event_Q339188,athlete_bonnie_blair,USA,40.33
event_Q3499941,athlete_kamandar_madzhidov,URS,
event_Q241789,athlete_hsu_shu_ching,TPE,
event_Q1222108,athlete_claudia_pechstein,GER,6:59.61 WR
event_Q7656716,athlete_kathleen_nord,GDR,2:09.51
event_Q15055001,athlete_ted_ligety,USA,2:45.29
event_Q947678,athlete_olga_kaniskina,RUS,1:26:31 athletics
event_Q1005606,athlete_abhinav_bindra,IND,700.5
event_Q7656720,athlete_janet_evans,USA,4:03.85 swimming
event_Q782722,athlete_nathan_outteridgeiain_jensen,AUS,
event_Q3498614,athlete_john_smith,USA,
event_Q275887,athlete_miguel_induráin,ESP,1:04:05
event_Q15021060,athlete_martin_fourcade,FRA,49:31.7
event_Q7656713,athlete_krisztina_egerszegi,HUN,2:09.29 swimming
event_Q1221812,athlete_chun_lee_kyung,KOR,1:42.776
event_Q6303882,athlete_mark_huizinga,NED,
event_Q220386,athlete_marit_bjørgen,NOR,39:58.1
event_Q938791,athlete_lee_jung_su,KOR,1:23.747
event_Q1005363,athlete_chris_hoy,GBR,10.228/10.216
event_Q7400316,athlete_mateusz_kusznierewicz,POL,
event_Q1005614,athlete_juan_curuchetwalter_pérez,ARG,
event_Q7500834,athlete_andrea_benelli,ITA,149
event_Q927660,athlete_andre_agassi,USA,
event_Q629871,athlete_georg_hettich,GER,39:44.6
event_Q848278,athlete_valerie_vili,NZL,20.56
event_Q916711,athlete_øystein_pettersenpetter_northug,NOR,19:01.0
event_Q2196657,athlete_adrian_zieliński,POL,
event_Q15056222,athlete_zbigniew_bródka,POL,1:45.00
event_Q1222134,athlete_cathy_turner,USA,47.04
event_Q1346374,athlete_qiu_jian,CHN,1272.5
event_Q903439,athlete_steven_hooker,AUS,5.96 athletics
event_Q25455359,athlete_marcus_walz,ESP,3:31.447
event_Q905555,athlete_dániel_gyurta,HUN,2:07.28 swimming
event_Q727488,athlete_fabian_cancellara,SUI,1:02:1146.05
event_Q1222209,athlete_petra_kronberger,AUT,2.55
event_Q2353509,athlete_jessica_rossi,ITA,99
event_Q15052019,athlete_darya_domracheva,BLR,43:19.6
event_Q531844,athlete_felix_gottwald,AUT,18:38.6
event_Q1004896,athlete_andrei_aramnau,BLR,
event_Q1222646,athlete_picabo_street,USA,1:18.02
event_Q916771,athlete_martina_sáblíková,CZE,6:50.92
event_Q276040,athlete_zulfiya_zabirova,RUS,36:40
event_Q905659,athlete_emil_hegle_svendsen,NOR,
event_Q1222066,athlete_manuela_henkelviola_bauerclaudia_künzelevi_sachenbacher,GER,49:30.6
event_Q7979973,athlete_naim_süleymanoğlu,TUR,320.0 kg
event_Q25386262,athlete_park_sang_young,KOR,
event_Q31843481,athlete_mark_todd,NZL,
event_Q7500753,athlete_irina_shilova,URS,498.5 (OR)
event_Q938779,athlete_wang_meng,CHN,43.048
event_Q7400318,athlete_robert_scheidt,BRA,
event_Q7656726,athlete_janet_evans,USA,
event_Q3498949,athlete_mehmet_akif_pirim,TUR,
event_Q1426670,athlete_jan_železný,CZE,88.16
event_Q1433072,athlete_virgilijus_alekna,LTU,69.89 athletics
event_Q280553,athlete_ole_einar_bjørndalen,NOR,32:34.6
event_Q15052014,athlete_erik_lesserdaniel_böhmarnd_peiffersimon_schempp,GER,1:12:15.9
event_Q7500838,athlete_mariya_grozdeva,BUL,688.2 shooting
event_Q1432033,athlete_stacy_dragila,USA,4.60 athletics
event_Q7500750,athlete_dmitry_monakov,URS,222 shooting
event_Q850209,athlete_apolo_ohno,USA,
event_Q7500804,athlete_kim_rhode,USA,141 (OR)
event_Q7400335,athlete_roman_hagara_hans_peter_steinacher,AUT,
event_Q7674778,athlete_ángel_matos,CUB,
event_Q917760,athlete_michaela_dorfmeister,AUT,1:32.47
event_Q7400322,athlete_jochen_schümann_thomas_flach_bernd_jäkel,GER,
event_Q15055011,athlete_anna_fenninger,AUT,1:25.52
event_Q750803,athlete_janne_lahtela,FIN,"27,97"
event_Q942846,athlete_marie_josé_pérec,FRA,48.25 athletics
event_Q7674788,athlete_moon_dae_sung,KOR,
event_Q4951837,athlete_guillermo_rigondeaux,CUB,
event_Q1202903,athlete_viktor_ruban,UKR,113
event_Q4786045,athlete_cho_youn_jeongkim_soo_nyunglee_eun_kyung,KOR,
event_Q850196,athlete_jennifer_heil,CAN,
event_Q15055087,athlete_vic_wild,RUS,
event_Q302701,athlete_shizuka_arakawa,JPN,191.34
event_Q7979969,athlete_ronny_weller,GER,432.5 kg
event_Q776835,athlete_svetlana_sleptsovaanna_bogaliy_titovetsolga_medvedtsevaolga_zaytseva,RUS,1:09:36.3
event_Q6303889,athlete_tang_lin,CHN,
event_Q7500807,athlete_yang_ling,CHN,681.1
event_Q4951842,athlete_aleksandr_lebziak,RUS,
event_Q1339098,athlete_carlo_molfetta,ITA,
event_Q946243,athlete_simon_ammann,SUI,281.4
event_Q7500814,athlete_richard_faulds,GBR,187
event_Q843860,athlete_magdalena_neuner,GER,30:16.0
event_Q220866,athlete_serena_williamsvenus_williams,USA,
event_Q1222238,athlete_sylke_otto,GER,
event_Q830711,athlete_kenenisa_bekele,ETH,27:01.17 athletics
event_Q25384919,athlete_yekaterina_dyachenkoyuliya_gavrilovayana_egoriansofya_velikaya,RUS,
event_Q1426809,athlete_trine_hattestad,NOR,68.91 athletics
event_Q905561,athlete_hannah_kearney,USA,26.63
event_Q3499898,athlete_mitsuru_sato,JPN,
event_Q4471528,athlete_phil_dalhaussertodd_rogers,USA,
event_Q853049,athlete_tirunesh_dibaba,ETH,29:54.66 athletics
event_Q2362858,athlete_mariana_pajón,COL,37.706 s
event_Q784131,athlete_stephanie_rice,AUS,2:08.45 swimming
event_Q1202770,athlete_bradley_wiggins,GBR,4:15.977
event_Q7400332,athlete_alessandra_sensini,ITA,
event_Q853072,athlete_kenenisa_bekele,ETH,
event_Q1222080,athlete_svetlana_nageykinanina_gavrylyuktamara_tikhonovaanfisa_reztsova,URS,59:51.1
event_Q1004892,athlete_kosuke_kitajima,JPN,58.91 swimming
event_Q1005294,athlete_aslanbek_khushtov,RUS,
event_Q1222173,athlete_lyubov_yegorova,RUS,14:08.8
event_Q4951841,athlete_brahim_asloum,FRA,
event_Q1222255,athlete_steffi_walter_martin,GDR,3:03.973
event_Q962842,athlete_satu_mäkelä_nummela,FIN,91 (OR)
event_Q977229,athlete_kerri_walsh_jenningsmisty_may_treanor,USA,
event_Q1222483,athlete_kari_traa,NOR,"25,94"
event_Q963481,athlete_lilia_podkopayeva,UKR,
event_Q1221867,athlete_olga_pyleva,RUS,31:07.7
event_Q5198382,athlete_josé_manuel_moreno,ESP,1:03.342
event_Q7656719,athlete_daniela_hunger,GDR,2:12.59 swimming
event_Q1222287,athlete_yuliya_chepalova,RUS,
event_Q7400349,athlete_faustine_merret,FRA,
event_Q532360,athlete_johann_olav_koss,NOR,6:34.96 WR
event_Q826846,athlete_anni_friesinger,GER,1:54.02 WR
event_Q15055072,athlete_eva_samková,CZE,
event_Q766954,athlete_angelo_taylor,USA,47.25
event_Q527985,athlete_tereza_marinova,BUL,15.20
event_Q4951845,athlete_mario_kindelán,CUB,
event_Q1005040,athlete_michael_phelps,USA,1:54.23 swimming
event_Q757054,athlete_roger_federerstan_wawrinka,SUI,
event_Q1005230,athlete_henry_cejudo,USA,
event_Q2521952,athlete_hitomi_obara,JPN,
event_Q7979975,athlete_tudor_casapu,EUN,357.5 kg
event_Q28402472,athlete_yuko_emoto,JPN,
event_Q754844,athlete_usain_bolt,JAM,9.69 WR
event_Q7674780,athlete_chen_zhong,CHN,
event_Q934172,athlete_sebastián_crismanich,ARG,
event_Q1360866,athlete_park_sung_hyunyun_ok_heejoo_hyun_jung,KOR,224
event_Q848689,athlete_marcus_hellner,SWE,1:15:11.4
event_Q15055085,athlete_julia_dujmovits,AUT,
event_Q1222526,athlete_petra_kronberger,AUT,1:44.39
event_Q15055980,athlete_oskars_melbārdisarvis_vilkastedaumants_dreiškensjānis_strenga,LAT,
event_Q3498926,athlete_bruce_baumgartner,USA,
event_Q972253,athlete_jade_jones,GBR,
event_Q647742,athlete_mihai_covaliu,ROU,
event_Q15055031,athlete_marit_bjørgen,NOR,38:33.6
event_Q1005298,athlete_māris_štrombergs,LAT,37.576 s
event_Q2322860,athlete_david_crawshay_scott_brennan,AUS,
event_Q952970,athlete_isabelle_blanc,FRA,
event_Q7674777,athlete_michalis_mouroutsos,GRE,
event_Q4786042,athlete_sébastien_flute,FRA,
event_Q765044,athlete_evgeni_plushenko,RUS,258.33
event_Q841942,athlete_mo_tae_bum,KOR,69.82
event_Q7400346,athlete_roman_hagarahans_peter_steinacher,AUT,
event_Q647750,athlete_jean_noël_ferrari_lionel_plumenailbrice_guyart_patrice_lhôtellier,FRA,
event_Q7500821,athlete_zemfira_meftahatdinova,AZE,98 (OR)
event_Q7400333,athlete_jesper_bank_henrik_blakskjær_thomas_jacobsen,DEN,
event_Q1222639,athlete_deborah_compagnoni,ITA,1:21.22
event_Q4786037,athlete_kim_soo_nyung,KOR,
event_Q793973,athlete_alexander_moskalenko,RUS,
event_Q827019,athlete_andreas_linger_wolfgang_linger,AUT,
event_Q2352412,athlete_daniele_molmenti,ITA,93.43
event_Q4951844,athlete_mahammatkodir_abdullaev,UZB,
event_Q938164,athlete_lydia_lassila,AUS,214.74
event_Q763031,athlete_chiara_cainero,ITA,93 (OR)
event_Q3001405,athlete_nathalie_lancien,FRA,24 (0 laps behind)
event_Q905485,athlete_lee_jung_su,KOR,2:17.611
event_Q25384917,athlete_loredana_dinusimona_ghermansimona_popana_maria_popescu,ROM,
event_Q4786044,athlete_cho_youn_jeong,KOR,
event_Q1221932,athlete_myriam_bédard,CAN,52:06.6
event_Q963420,athlete_pak_hyon_suk,PRK,
event_Q2774005,athlete_leontien_zijlaard,NED,42:00.781
event_Q7674790,athlete_chen_zhong,CHN,
event_Q1222098,athlete_nadezhda_talanovanatalya_snytinaluiza_noskovaanfisa_reztsova,RUS,1:47:19.5
event_Q632472,athlete_kim_young_ho,KOR,
event_Q915058,athlete_kati_wilhelm,GER,36:43.6
event_Q15056267,athlete_andreas_wank_marinus_krausandreas_wellingerseverin_freund,GER,"1,041.1"
event_Q7500745,athlete_malcolm_cooper,GBR,1279.3 (OR)
event_Q2361588,athlete_mathew_belchermalcolm_page,AUS,
event_Q1203058,athlete_joan_llaneras,ESP,60
event_Q1005018,athlete_michael_phelps,USA,1:42.96 swimming
event_Q1371783,athlete_zhou_lulu,CHN,
event_Q632754,athlete_angelo_mazzoni_paolo_milanoli_alfredo_rota_maurizio_randazzo,ITA,
event_Q916916,athlete_justyna_kowalczyk,POL,1:30:33.7
event_Q7400329,athlete_ben_ainslie,GBR,
event_Q939181,athlete_amy_williams,GBR,3:35.64
event_Q18713,athlete_sweden,SWE,
event_Q7674781,athlete_lauren_burns,AUS,
event_Q7500817,athlete_mariya_grozdeva,BUL,690.3 (OR)
event_Q6303879,athlete_david_douillet,FRA,
event_Q848681,athlete_andrea_fischbacher,AUT,1:20.14
event_Q1221793,athlete_bonnie_blair,USA,1:18.74
event_Q6303863,athlete_kye_sun_hui,PRK,
event_Q2353475,athlete_jin_jong_oh,KOR,662.0
event_Q385563,athlete_carol_huynh,CAN,
event_Q1344366,athlete_im_dong_hyunlee_chang_hwanpark_kyung_mo,KOR,227
event_Q729339,athlete_szymon_kołecki,POL,
event_Q955943,athlete_jan_železný,TCH,89.66
event_Q659097,athlete_césar_cielo,BRA,21.30 swimming
event_Q279234,athlete_gunda_niemann_kleemann,GER,4:19.90
event_Q955487,athlete_alla_vazhenina,KAZ,
event_Q786799,athlete_chad_hedrick,USA,6:14.68
event_Q536083,athlete_lindsay_davenport,USA,
event_Q22964440,athlete_peter_antoniestephen_hawkins,AUS,
event_Q15056065,athlete_magnus_moanmagnus_krogjørgen_graabakhåvard_klemetsen,NOR,47:13.5
event_Q7674791,athlete_jang_ji_won,KOR,
event_Q6303877,athlete_kōsei_inoue,JPN,
event_Q249265,athlete_florent_manaudou,FRA,21.34
event_Q7400321,athlete_lai_shan_lee,HKG,
event_Q7656722,athlete_janet_evans,USA,4:37.76
event_Q2995946,athlete_bernd_dittert_christian_meyeruwe_peschelmichael_rich,GER,
event_Q25386279,athlete_yana_egorian,RUS,
event_Q658704,athlete_olha_zhovnirolga_kharlanhalyna_pundykolena_khomrova,UKR,
event_Q7500812,athlete_jonas_edman,SWE,701.3
event_Q653672,athlete_florence_baverel_robert,FRA,22:31.4
event_Q1426702,athlete_maurice_greene,USA,9.87
event_Q15055002,athlete_mikaela_shiffrin,USA,1:44.54
event_Q7656681,athlete_daichi_suzuki,JPN,55.05 AS
event_Q886372,athlete_carly_patterson,USA,38.387
event_Q7500796,athlete_michael_diamond,AUS,149 shooting
event_Q938765,athlete_gu_bon_gilwon_woo_youngkim_jung_hwanoh_eun_seok,KOR,
event_Q7656697,athlete_tamás_darnyi,HUN,4:14.75 swimming
event_Q140244,athlete_shirvani_muradov,RUS,
event_Q7400313,athlete_yves_loday_nicolas_hénard,FRA,
event_Q737732,athlete_zhang_jike,CHN,
event_Q4951838,athlete_bekzat_sattarkhanov,KAZ,
event_Q7674792,athlete_chen_shih_hsin,TPE,
event_Q15056223,athlete_sven_kramer,NED,6:10.76 speed skating
event_Q645460,athlete_jürgen_schult,GDR,68.82 athletics
event_Q1221934,athlete_stefania_belmondo,ITA,39:54.4
event_Q6303888,athlete_sibelis_veranes,CUB,
event_Q7400339,athlete_iker_martínezxabier_fernández,ESP,
event_Q7656684,athlete_matt_biondi,USA,48.63 swimming
event_Q7656714,athlete_silke_hörner,GDR,2:26.71 swimming
event_Q2297633,athlete_dani_kinglaura_trottjoanna_rowsell,GBR,"3:14.051 WR, OR"
event_Q771123,athlete_michaela_dorfmeister,AUT,1:56.49
event_Q3498666,athlete_jon_rønningen,NOR,
event_Q5124014,athlete_ekaterina_gordeevasergei_grinkov,RUS,
event_Q1222498,athlete_tae_satoya,JPN,25.06
event_Q7500801,athlete_li_duihong,CHN,687.9 (OR)
event_Q4951848,athlete_oleg_saitov,RUS,
event_Q4951847,athlete_audley_harrison,GBR,
event_Q15055032,athlete_dario_cologna,SUI,1:08:15.4
event_Q875653,athlete_pieter_van_den_hoogenband,NED,48.30
event_Q5395306,athlete_jia_zhanbo,CHN,1264.5
event_Q1222301,athlete_nicola_thost,GER,74.6
event_Q7656691,athlete_michael_gross,FRG,1:56.94 swimming
event_Q916976,athlete_françoise_mbango_etone,CMR,15.39 athletics
event_Q916930,athlete_michael_phelps,USA,1:54.27
event_Q752413,athlete_elena_dementieva,RUS,
event_Q900405,athlete_robert_korzeniowski,POL,3:38:46
event_Q31843484,athlete_pierre_durand_jr,FRA,1.25 faults
event_Q2268043,athlete_guo_wenjun,CHN,488.1
event_Q2254560,athlete_alin_moldoveanu,ROU,702.1
event_Q1221927,athlete_antje_misersky,GER,51:47.2
event_Q826560,athlete_sylke_otto,GER,
event_Q1005272,athlete_andrea_minguzzi,ITA,
event_Q670039,athlete_carlo_janka,SUI,2:37.83
event_Q2332511,athlete_támara_echegoyenángela_pumariegasofía_toro,ESP,
event_Q2455198,athlete_drew_ginn_duncan_free,AUS,
event_Q7400324,athlete_fernando_leon_jose_luis_ballester,ESP,
event_Q1221836,athlete_bente_skari,NOR,28:05.6
event_Q921100,athlete_peter_wilson,GBR,188
event_Q847284,athlete_svetlana_ishmouratova,RUS,49:24.1
event_Q905540,athlete_christine_nesbitt,CAN,1:16.56
event_Q848291,athlete_tomasz_majewski,POL,21.51
event_Q906854,athlete_hossein_rezazadeh,IRI,
event_Q7500751,athlete_jasna_šekarić,YUG,489.5 (WR)
event_Q7400347,athlete_torben_graelmarcelo_ferreira,BRA,
event_Q7674776,athlete_kim_kyong_hun,KOR,
event_Q922248,athlete_andreas_thorkildsen,NOR,90.57 athletics
event_Q14643284,athlete_anastasiya_kuzmina,SVK,21:06.8
event_Q267771,athlete_aaron_peirsol,USA,1:54.95 swimming
event_Q905503,athlete_seth_wescott,USA,
event_Q25386268,athlete_áron_szilágyi,HUN,
event_Q2353533,athlete_kim_jang_mi,KOR,792.4
event_Q6303864,athlete_driulys_gonzález,CUB,
event_Q952458,athlete_bonnie_blair,USA,39.25
event_Q15055075,athlete_sage_kotsenburg,USA,93.50
event_Q5198390,athlete_jason_queally,GBR,1:01.609 track cycling
event_Q15055038,athlete_lars_nelsondaniel_rickardssonjohan_olssonmarcus_hellner,SWE,1:28:42.0
event_Q916174,athlete_bradley_wiggins,GBR,50:39.54
event_Q4951836,athlete_wladimir_klitschko,UKR,
event_Q3498605,athlete_an_han_bong,KOR,
event_Q22964438,athlete_kathleen_heddlemarnie_mcbean,CAN,
event_Q15055084,athlete_vic_wild,RUS,
event_Q4786048,athlete_justin_huishrichard_johnsonrod_white,USA,
event_Q917328,athlete_asbel_kiprop,KEN,3:33.11
event_Q4951840,athlete_félix_savón,CUB,
event_Q1221875,athlete_larisa_lazutina,RUS,28:29.9
event_Q4786050,athlete_kim_kyung_wook,KOR,
event_Q1222214,athlete_katja_seizinger,GER,2:40.74
event_Q942891,athlete_andré_hoffmann,GDR,1:52.06 WR
event_Q776870,athlete_bonnie_blair,USA,39.10
event_Q1360834,athlete_walton_eller,USA,190 (OR)
event_Q938848,athlete_valentina_vezzalielisa_di_franciscaarianna_errigoilaria_salvatori,ITA,
event_Q1004861,athlete_matthias_steiner,GER,
event_Q1221922,athlete_andrea_henkel,GER,47:29.1
event_Q943291,athlete_denise_lewis,GBR,6584
event_Q927998,athlete_kateřina_neumannová,CZE,1:22:25.4
event_Q385894,athlete_alexei_grishin,BLR,248.41
event_Q677027,athlete_wilfred_bungei,KEN,1:44.65
event_Q843851,athlete_nikita_kryukov,RUS,3:36.3
event_Q15055035,athlete_maiken_caspersen_falla,NOR,2:35.49
event_Q4820134,athlete_nikolaj_pešalov,CRO,
event_Q4786051,athlete_kim_jo_sunkim_kyung_wookyoon_hye_young,KOR,
event_Q7400330,athlete_christoph_sieber,AUT,
event_Q2268082,athlete_kim_rhode,USA,99
event_Q15055025,athlete_dario_cologna,SUI,38:29.7
event_Q794388,athlete_irina_karavaeva,RUS,
event_Q7656692,athlete_duncan_armstrong,AUS,1:47.25 swimming
event_Q776944,athlete_jefferson_pérez,ECU,1:20:07
event_Q7979971,athlete_ivan_ivanov,BUL,265.0 kg
event_Q1222133,athlete_cathy_turner,USA,45.98
event_Q31843476,athlete_ludger_beerbaum,GER,0 faults
event_Q7500836,athlete_alexey_alipov,RUS,149 shooting
event_Q1221798,athlete_yang_yang_a,CHN,1:36.391
event_Q2574045,athlete_julia_mancuso,USA,2:09.19
event_Q3498697,athlete_park_jang_soon,KOR,
event_Q2352927,athlete_tim_baillieetienne_stott,GBR,106.41
event_Q921409,athlete_halvard_hanevoldtarjei_bøemil_hegle_svendsenole_einar_bjørndalen,NOR,1:21:38.1
event_Q256759,athlete_ole_einar_bjørndalen,NOR,49:03.3
event_Q2353523,athlete_leuris_pupo,CUB,34
event_Q848655,athlete_marit_bjørgen,NOR,3:39.2
event_Q903679,athlete_oh_jin_hyek,KOR,
event_Q2289605,athlete_natalia_vorobieva,RUS,
event_Q525031,athlete_gunda_niemann_stirnemann,GER,4:07.29 OR
event_Q25386266,athlete_daniele_garozzo,ITA,
event_Q25384913,athlete_gauthier_grumieryannick_boreldaniel_jérentjean_michel_lucenay,FRA,
event_Q7979983,athlete_andrey_chemerkin,RUS,457.5 kg
event_Q2341653,athlete_anna_tunnicliffe,USA,
event_Q905607,athlete_tatjana_hüfner,GER,2:46.524
event_Q847280,athlete_anna_carin_olofsson,SWE,40:36.5
event_Q1222635,athlete_daniela_ceccarelli,ITA,1:13.59
event_Q947691,athlete_constantina_diṭă_tomescu,ROU,2:26:44
event_Q1222014,athlete_gabriella_paruzzi,ITA,1:30:57.1
event_Q4786058,athlete_jang_yong_hokim_chung_taeoh_kyo_moon,KOR,
event_Q1221877,athlete_lyubov_yegorova,RUS,27:30.1
event_Q1221943,athlete_lyubov_yegorova,EUN,42:20.8
event_Q826580,athlete_armin_zöggeler,ITA,
event_Q7500829,athlete_zhu_qinan,CHN,702.7 WR
event_Q3499058,athlete_oleg_kucherenko,EUN,
event_Q916747,athlete_zhou_yang,CHN,2:16.993
event_Q7500849,athlete_suzanne_balogh,AUS,88
event_Q5198388,athlete_marty_nothstein,USA,
event_Q3498573,athlete_ri_hak_son,PRK,
event_Q1222488,athlete_donna_weinbrecht,USA,23.69
event_Q919261,athlete_franziska_webertina_dietze,GER,1:42.213
event_Q7400323,athlete_torben_grael_marcelo_ferreira,BRA,
event_Q7400327,athlete_shirley_robertson,GBR,
event_Q886359,athlete_simona_amânar,ROU,
event_Q3001408,athlete_silvio_martinello,ITA,37 (0 laps behind)
event_Q3879624,athlete_penny_heyns,RSA,2:25.41 swimming
event_Q25803,athlete_grigory_kiriyenko_sergey_sharikov_stanislav_pozdnyakov,RUS,
event_Q8037964,athlete_namig_abdullayev,AZE,
event_Q3879652,athlete_lin_li,CHN,2:11.65 swimming
event_Q3811011,athlete_noriko_anno,JPN,1010
event_Q5443156,athlete_valentina_vezzali,ITA,
event_Q3879619,athlete_michelle_smith,IRL,2:13.93 NR
event_Q1004918,athlete_ole_einar_bjørndalen,NOR,24:51.3
event_Q1005749,athlete_hermann_maier,AUT,1:34.82
event_Q3879623,athlete_denis_pankratov,RUS,1:56.51
event_Q3998590,athlete_brigitte_mcmahon,SUI,2:00:40.52
event_Q3628689,athlete_steve_lewis,USA,43.87
event_Q3628678,athlete_brahim_boutayeb,MAR,27:21.48 athletics
event_Q3628682,athlete_roger_kingdom,USA,12.98 athletics
event_Q7500779,athlete_launi_meili,USA,684.3 (OR)
event_Q1004860,athlete_shani_davis,USA,1:08.89
event_Q10572415,athlete_rogelio_marcelo,CUB,
event_Q3951953,athlete_valentina_vezzali,ITA,
event_Q10572416,athlete_ivailo_marinov,BUL,
event_Q5443153,athlete_karina_aznavuryan_tatyana_logunova_mariya_mazina_oksana_yermakova,RUS,
event_Q1005277,athlete_kjetil_andré_aamodt,NOR,3:17.56
event_Q3628765,athlete_reuben_kosgei,KEN,8:21.43
event_Q8037927,athlete_kim_il,PRK,
event_Q8037900,athlete_takashi_kobayashi,JPN,
event_Q3879615,athlete_le_jingyi,CHN,54.50 swimming
event_Q10522584,athlete_lutz_heßlich,GDR,
event_Q10466379,athlete_cathérine_fleury,FRA,
event_Q10522549,athlete_djamel_bouras,FRA,
event_Q1005744,athlete_franck_piccard,FRA,1:39.66
event_Q10522555,athlete_pawel_nastula,POL,
event_Q129295,athlete_pascal_richard,SUI,4:53:56
event_Q1422131,athlete_fernanda_ribeiro,POR,31:01.63 athletics
event_Q5443144,athlete_anja_fichtel_mauritz,FRG,
event_Q1028699,athlete_ian_thorpe,AUS,1:44.71 swimming
event_Q3837513,athlete_cael_sanderson,USA,
event_Q3879643,athlete_yelena_rudkovskaya,EUN,1:08.00 NR
event_Q1076253,athlete_brooke_bennett,USA,4:05.80
event_Q25791,athlete_francesca_bortolozzi_borella_giovanna_trillini_valentina_vezzali,ITA,
event_Q38591,athlete_giovanna_trillini_margherita_zalaffi_francesca_bortolozzi_borella_diana_bianchedi_dorina_vaccaroni,ITA,
event_Q3879653,athlete_melvin_stewart,USA,1:56.26 swimming
event_Q5443138,athlete_aleksandr_romankov_ilgar_mammadov_vladimer_aptsiauri_anvar_ibragimov_boris_koretsky,URS,
event_Q1004914,athlete_johann_olav_koss,NOR,13:30.55 speed skating
event_Q1004868,athlete_ids_postma,NED,1:10.64
event_Q10522554,athlete_aurélio_miguel,BRA,
event_Q1409048,athlete_matthew_birir,KEN,8:08.84
event_Q3879625,athlete_michelle_smith,IRL,4:39.18 NR
event_Q2297686,athlete_bart_brentjens,NED,2:17.38
event_Q1408913,athlete_daniel_plaza,ESP,1:21:45
event_Q7500771,athlete_zhang_shan,CHN,223 (OR)
event_Q587012,athlete_zsuzsanna_vörös,HUN,5448
event_Q1408709,athlete_chen_yueling,CHN,44:32 athletics
event_Q2311876,athlete_stefka_kostadinova,BUL,2.05 athletics
event_Q3628696,athlete_martina_hellmann,GDR,72.30 athletics
event_Q3837511,athlete_wang_xu,CHN,
event_Q3879664,athlete_yevgeny_sadovyi,EUN,3:45.00 swimming
event_Q3879579,athlete_giaan_rooney_leisel_jones_petria_thomas_jodie_henry_brooke_hanson_alice_mills_jessicah_schipper,AUS,3:57.32 swimming
event_Q7500774,athlete_marina_logvinenko,EUN,486.4 (OR)
event_Q1005740,athlete_duff_gibson,CAN,
event_Q1005810,athlete_hermann_maier,AUT,2:38.51
event_Q5443137,athlete_jean_françois_lamour,FRA,
event_Q10495989,athlete_andreas_tews,GER,
event_Q1222684,athlete_janica_kostelić,CRO,2:30.01
event_Q3628786,athlete_jonathan_edwards,GBR,17.71
event_Q7980004,athlete_chen_xiaomin,CHN,
event_Q3837512,athlete_buvaisar_saitiev,RUS,
event_Q4160921,athlete_kim_jae_yup,KOR,
event_Q13655354,athlete_jackie_joyner_kersee,USA,7291 athletics
event_Q3879621,athlete_attila_czene,HUN,1:59.91 swimming
event_Q3879645,athlete_qian_hong,CHN,58.62 swimming
event_Q10581226,athlete_henry_maske,GDR,
event_Q3879650,athlete_krisztina_egerszegi,HUN,2:07.06 swimming
event_Q3879610,athlete_amy_van_dyken,USA,59.13
event_Q3628781,athlete_robert_korzeniowski,POL,1:18:59 athletics
event_Q7979994,athlete_hossein_rezazadeh,IRI,
event_Q988363,athlete_espen_bredesen,NOR,282.0
event_Q4443763,athlete_cai_yalin,CHN,696.4 (OR)
event_Q25239316,athlete_naim_süleymanoğlu,TUR,
event_Q1222715,athlete_deborah_compagnoni,ITA,2:30.97
event_Q3879646,athlete_pablo_morales,USA,53.32
event_Q3628761,athlete_noah_ngeny,KEN,3:32.07 athletics
event_Q1005069,athlete_mika_myllylä,FIN,1:33:55.8
event_Q8037958,athlete_varteres_samurgashev,RUS,
event_Q4467907,athlete_halil_mutlu,TUR,
event_Q1004927,athlete_mark_kirchner,GER,26:02.3
event_Q3879658,athlete_krisztina_egerszegi,HUN,4:36.54 NR
event_Q1406131,athlete_louise_ritter,USA,2.03 athletics
event_Q825048,athlete_chandra_crawford,CAN,
event_Q3925465,athlete_andre_ward,USA,
event_Q823754,athlete_casey_fitzrandolph,USA,69.23 OR
event_Q3837507,athlete_yandro_quintana,CUB,
event_Q613746,athlete_yumileidi_cumbá,CUB,19.59
event_Q2303728,athlete_carl_lewis,USA,8.67
event_Q1133965,athlete_susi_susanti,INA,
event_Q2303535,athlete_kevin_young,USA,46.78 athletics
event_Q2313511,athlete_tonique_williams_darling,BAH,49.42
event_Q1042778,athlete_marianne_timmer,NED,1:16.05
event_Q7500789,athlete_christian_klees,GER,704.8 WR
event_Q1004987,athlete_bjørn_dæhlie,NOR,35:48.8
event_Q4443764,athlete_tao_luna,CHN,488.2
event_Q3565567,athlete_aleksandr_karelin,URS,
event_Q3628775,athlete_arsi_harju,FIN,21.29
event_Q1042789,athlete_cindy_klassen,CAN,1:55.27
event_Q2445057,athlete_paolo_bettini,ITA,5:41:44
event_Q7980002,athlete_ding_meiyuan,CHN,
event_Q10466402,athlete_sun_fuming,CHN,
event_Q7500772,athlete_petr_hrdlička,TCH,219
event_Q1005190,athlete_takafumi_nishitani,JPN,42.862
event_Q1005188,athlete_uwe_jens_mey,GER,37.14
event_Q3811003,athlete_ryoko_tani,JPN,0112
event_Q585893,athlete_kjetil_andré_aamodt,NOR,1:30.65
event_Q8037907,athlete_attila_repka,HUN,
event_Q2313481,athlete_yulia_nestsiarenka,BLR,10.93 s
event_Q7500793,athlete_jean_pierre_amat,FRA,1273.9 (OR)
event_Q10572441,athlete_héctor_vinent,CUB,
event_Q10719576,athlete_michael_carruth,IRL,
event_Q10466376,athlete_marie_claire_restoux,FRA,
event_Q8037959,athlete_filiberto_azcuy,CUB,
event_Q7980001,athlete_akakios_kakiasvilis,GRE,
event_Q10522543,athlete_rogério_sampaio,BRA,
event_Q1005755,athlete_andreas_schönbächler,SUI,234.67
event_Q10466381,athlete_séverine_vandenhende,FRA,
event_Q38594,athlete_éric_srecki,FRA,
event_Q251465,athlete_thomas_morgenstern,AUT,276.9
event_Q3879620,athlete_brad_bridgewater,USA,1:58.54
event_Q7500788,athlete_boris_kokorev,RUS,666.4 shooting
event_Q8037930,athlete_tom_brands,USA,
event_Q8037934,athlete_buvaisar_saitiev,RUS,
event_Q2377414,athlete_christian_schenk,GDR,8488
event_Q3628705,athlete_khristo_markov,BUL,17.61 athletics
event_Q2318836,athlete_athanasia_tsoumeleka,GRE,1:29.12
event_Q3879667,athlete_yang_wenyi,CHN,24.79 swimming
event_Q3879614,athlete_frédérik_deburghgraeve,BEL,1:00.65
event_Q1115025,athlete_aaron_peirsol,USA,54.06
event_Q3879585,athlete_lenny_krayzelburg,USA,1:56.76 swimming
event_Q58412558,athlete_juan_carlos_lemus,CUB,
event_Q3565575,athlete_kim_young_nam,KOR,
event_Q10522535,athlete_nazim_huseynov,EUN,
event_Q22964454,athlete_liliana_gafencuveronica_cochelaelena_georgescuanca_tănasedoina_spîrcumarioara_popescuioana_olteanuelisabeta_lipădoina_ignat,ROU,
event_Q825035,athlete_hannah_teter,USA,46.4
event_Q5970589,athlete_vladimir_salnikov,URS,15:00.40
event_Q3980076,athlete_hadi_saei,IRI,
event_Q5448039,athlete_oksana_grishukevgeni_platov,RUS,
event_Q1408881,athlete_ellen_van_langen,NED,1:55.54 min NR Dutch
event_Q589310,athlete_yevgeny_kafelnikov,RUS,
event_Q1005616,athlete_edgar_grospiron,FRA,25.81
event_Q1222717,athlete_deborah_compagnoni,ITA,2:50.59
event_Q3879598,athlete_susie_oneill,AUS,1:58.24
event_Q1076376,athlete_yana_klochkova,UKR,4:33.59 swimming
event_Q1004934,athlete_ole_einar_bjørndalen,NOR,27:16.2
event_Q3879567,athlete_jodie_henry,AUS,53.84
event_Q7500786,athlete_ralf_schumann,GER,698.0 shooting
event_Q1005334,athlete_georg_hackl,GER,3:18.436
event_Q1421749,athlete_chris_hoy,GBR,1:00.711 track cycling
event_Q8037908,athlete_mnatsakan_iskandaryan,EUN,
event_Q595055,athlete_angelo_taylor,USA,47.50
event_Q252875,athlete_yvonne_van_gennip,NED,4:11.94 WR
event_Q8037965,athlete_alireza_dabir,IRI,
event_Q3879600,athlete_tom_dolan,USA,4:11.76 swimming
event_Q3628692,athlete_paul_ereng,KEN,1:43.55
event_Q1408936,athlete_yelena_romanova,EUN,8:46.04
event_Q3628764,athlete_konstantinos_kenteris,GRE,20.09
event_Q1005746,athlete_markus_wasmeier,GER,1:32.53
event_Q1004871,athlete_kim_dong_sung,KOR,1:32.375
event_Q826510,athlete_gerard_van_velde,NED,1:07.18 WR
event_Q7500777,athlete_yeo_kab_soon,KOR,498.2 (OR)
event_Q1005365,athlete_andrey_moiseev,RUS,5480
event_Q1026904,athlete_tatiana_gutsu,EUN,
event_Q25239314,athlete_sevdalin_marinov,BUL,
event_Q4160924,athlete_tadahiro_nomura,JPN,
event_Q3628782,athlete_robert_korzeniowski,POL,3:42:22
event_Q3561230,athlete_erika_salumäe,EST,
event_Q570058,athlete_inge_de_bruijn,NED,24.58
event_Q478542,athlete_kristina_šmigun,EST,42:48.7
event_Q3879662,athlete_dagmar_hase,GER,4:07.18
event_Q3879607,athlete_jeff_rouse,USA,54.10
event_Q3628785,athlete_iván_pedroso,CUB,8.55
event_Q824928,athlete_shaun_white,USA,
event_Q10466403,athlete_zhuang_xiaoyan,CHN,
event_Q1130659,athlete_gary_hall_jr,USA,21.93
event_Q5644525,athlete_alexei_yagudin,RUS,1.5
event_Q1183979,athlete_justine_henin,BEL,
event_Q10466384,athlete_ulla_werbrouck,BEL,
event_Q599322,athlete_ian_thorpe,AUS,3:43.10
event_Q3879583,athlete_michael_phelps_ryan_lochte_peter_vanderkaay_klete_keller_scott_goldblatt_dan_ketchum,USA,7:07.33 AM
event_Q3879651,athlete_summer_sanders,USA,2:08.67
event_Q3879608,athlete_beth_botsford,USA,1:01.19
event_Q3879593,athlete_tom_malchow,USA,1:55.35 swimming
event_Q3628686,athlete_debbie_flintoff_king,AUS,53.17 athletics
event_Q4443765,athlete_franck_dumoulin,FRA,688.9 (OR)
event_Q3628680,athlete_yordanka_donkova,BUL,12.38 athletics
event_Q3879569,athlete_kirsty_coventry,ZIM,2:09.19 AF
event_Q3628770,athlete_million_wolde,ETH,13:35.49
event_Q1004926,athlete_frank_peter_roetsch,GDR,25:08.1
event_Q5443136,athlete_stefano_cerioni,ITA,
event_Q7500785,athlete_yang_ling,CHN,685.8 (OR)
event_Q8037923,athlete_vyacheslav_oliynyk,UKR,
event_Q1408927,athlete_dieter_baumann,GER,13:12.52
event_Q8037919,athlete_ryszard_wolny,POL,
event_Q2557141,athlete_ezekiel_kemboi,KEN,8:05.81
event_Q4160925,athlete_legna_verdecia,CUB,
event_Q3628703,athlete_hennadiy_avdyeyenko,URS,2.38 athletics
event_Q8037924,athlete_kurt_angle,USA,
event_Q1004869,athlete_kim_ki_hoon,KOR,1:30.76
event_Q370917,athlete_aleksandr_dokturishvili,UZB,
event_Q562654,athlete_miloslav_mečíř,TCH,
event_Q8037913,athlete_andrzej_wroński,POL,
event_Q7500784,athlete_artem_khadjibekov,RUS,695.7 (OR)
event_Q8037937,athlete_khadzhimurad_magomedov,RUS,
event_Q8037922,athlete_hamza_yerlikaya,TUR,
event_Q1005313,athlete_armin_zöggeler,ITA,
event_Q3628704,athlete_jackie_joyner_kersee,USA,7.40 athletics
event_Q826500,athlete_svetlana_bazhanova,RUS,4:17.43
event_Q10522577,athlete_jeon_ki_young,KOR,
event_Q10522587,athlete_aleksandr_kirichenko,URS,1:04.499
event_Q587805,athlete_bob_de_jong,NED,13:01.57
event_Q8037926,athlete_mahmut_demir,TUR,
event_Q1005371,athlete_ross_powers,USA,46.1
event_Q1222712,athlete_pernilla_wiberg,SWE,2:12.74
event_Q4354074,athlete_du_li,CHN,502.0 shooting
event_Q8037917,athlete_yuriy_melnichenko,KAZ,
event_Q3879628,athlete_claudia_poll,CRC,1:58.16
event_Q10522589,athlete_hitoshi_saito,JPN,
event_Q25939,athlete_alessandro_puccini,ITA,
event_Q1422103,athlete_inessa_kravets,UKR,15.33 athletics
event_Q3628792,athlete_allen_johnson,USA,12.95 athletics
event_Q1005284,athlete_hubert_strolz,AUT,36.55
event_Q3730943,athlete_rodrigo_pessoa,BRA,8 faults
event_Q1076363,athlete_ian_thorpe,AUS,3:40.59 swimming
event_Q7979997,athlete_zhan_xugang,CHN,
event_Q3837496,athlete_khasan_baroev,RUS,
event_Q1005211,athlete_gunde_svan,SWE,2:04:30.9
event_Q1005811,athlete_ross_rebagliati,CAN,2:03.96
event_Q3565605,athlete_vincenzo_maenza,ITA,
event_Q1005575,athlete_tommy_moe,USA,1:45.75
event_Q1377439,athlete_yang_wei_zhang_jiewen,CHN,
event_Q2463752,athlete_jeremy_wariner,USA,44.00
event_Q3925468,athlete_yan_bartelemí,CUB,
event_Q1005065,athlete_vegard_ulvang,NOR,1:22:27.8
event_Q3879761,athlete_anastasia_davydovaanastasia_ermakova,RUS,99.334
event_Q13572928,athlete_pyrros_dimas,GRE,392.5 kg
event_Q1005801,athlete_benjamin_raich,AUT,2:35.00
event_Q3628772,athlete_maria_mutola,MOZ,1:56.15
event_Q2318914,athlete_olga_kuzenkova,RUS,75.02 athletics
event_Q1005571,athlete_pirmin_zurbriggen,SUI,1:59.63
event_Q5403447,athlete_tor_heiestad,NOR,689 (OR)
event_Q1004961,athlete_johann_olav_koss,NOR,1:54.81
event_Q3879632,athlete_danyon_loader,NZL,3:47.97 NR
event_Q7979995,athlete_hossein_tavakkoli,IRI,
event_Q22964453,athlete_megan_still_kate_slatter,AUS,
event_Q562647,athlete_steffi_graf,FRG,
event_Q1074316,athlete_diana_mocanu,ROM,1:00.21 swimming
event_Q3837498,athlete_aleksey_mishin,RUS,
event_Q8037960,athlete_murat_kardanov,RUS,
event_Q256529,athlete_michael_greis,GER,47:20.0
event_Q1005286,athlete_josef_polig,ITA,14.58
event_Q2557677,athlete_yelena_isinbayeva,RUS,4.91 m athletics
event_Q7500761,athlete_kanstantsin_lukashyk,EUN,658
event_Q1408888,athlete_andrey_perlov,EUN,3:50:13
event_Q3879626,athlete_norbert_rózsa,HUN,2:12.57
event_Q10572465,athlete_hocine_soltani,ALG,
event_Q10426127,athlete_joel_casamayor,CUB,
event_Q3879611,athlete_denis_pankratov,RUS,52.27 swimming
event_Q3879617,athlete_kieren_perkins,AUS,14:56.40
event_Q3628774,athlete_yanina_korolchik,BLR,20.56
event_Q1005731,athlete_jimmy_shea,USA,
event_Q1004964,athlete_johann_olav_koss,NOR,1:51.29 WR
event_Q3628783,athlete_nick_hysong,USA,5.90
event_Q3628702,athlete_sergey_bubka,URS,5.90 athletics
event_Q988370,athlete_bjarte_engen_vik,NOR,41:21.1
event_Q5443151,athlete_sergey_sharikov_stanislav_pozdnyakov_aleksey_frosin,RUS,
event_Q3879635,athlete_brooke_bennett,USA,8:27.89
event_Q3837500,athlete_karam_gaber,EGY,
event_Q1222721,athlete_karine_ruby,FRA,2:17.34
event_Q10497007,athlete_kim_kwang_sun,KOR,
event_Q1076295,athlete_domenico_fioravanti,ITA,1:00.46 swimming
event_Q12808128,athlete_akakios_kakiasvili,GRE,420.0 kg
event_Q22964459,athlete_steve_redgravematthew_pinsent,GBR,6:20.09
event_Q3628752,athlete_faní_halkiá,GRE,52.82
event_Q3879654,athlete_tamás_darnyi,HUN,2:00.76
event_Q25800,athlete_dmitry_shevchenko_ilgar_mammadov_vladislav_pavlovich,RUS,
event_Q38601,athlete_elmar_borrmann_robert_felisiak_arnd_schmitt_uwe_proske_wladimir_resnitschenko,GER,
event_Q384008,athlete_paul_hamm,USA,57.823
event_Q3628691,athlete_sigrun_wodars,GDR,1:56.10
event_Q3628698,athlete_sergey_litvinov,URS,84.80 athletics
event_Q3565736,athlete_atanas_komchev,BUL,
event_Q3879589,athlete_inge_de_bruijn,NED,53.83
event_Q2303677,athlete_linford_christie,GBR,9.96
event_Q988374,athlete_fabrice_guy,FRA,44:28.1
event_Q3628694,athlete_natalya_lisovskaya,URS,22.24
event_Q3628754,athlete_jason_gardenerdarren_campbellmarlon_devonishmark_lewis_francis,GBR,38.07
event_Q3628710,athlete_tapio_korjus,FIN,84.28
event_Q1005155,athlete_tomas_gustafson,SWE,6:44.63 OR
event_Q3899247,athlete_dmitry_svatkovsky,RUS,5376
event_Q3837508,athlete_mavlet_batirov,RUS,
event_Q3628777,athlete_virgilijus_alekna,LTU,69.30
event_Q3628685,athlete_tetyana_samolenko,URS,8:26.53 athletics
event_Q8037969,athlete_brandon_slay,USA,
event_Q1005189,athlete_marc_gagnon,CAN,41.802
event_Q4160922,athlete_ryoko_tamura,JPN,
event_Q1004936,athlete_bjørn_dæhlie,NOR,24:20.1
event_Q255955,athlete_dan_jansen,USA,1:12.43 WR
event_Q8037967,athlete_daniel_igali,CAN,
event_Q1004968,athlete_apolo_anton_ohno,USA,2:18.541
event_Q2313564,athlete_shawn_crawford,USA,19.79
event_Q3879588,athlete_misty_hyman,USA,2:05.88 swimming
event_Q3561235,athlete_jens_fiedler,GER,
event_Q823663,athlete_dale_begg_smith,AUS,
event_Q3628763,athlete_pauline_davis_thompson,BAH,22.27
event_Q988367,athlete_samppa_lajunen,FIN,39:11.7
event_Q1005804,athlete_alberto_tomba,ITA,2:06.37
event_Q7980006,athlete_lin_weining,CHN,
event_Q3879573,athlete_yana_klochkova,UKR,2:11.14
event_Q577507,athlete_yvonne_van_gennip,NED,7:14.13 WR
event_Q3899244,athlete_jános_martinek,HUN,
event_Q1421581,athlete_lori_ann_muenzer,CAN,
event_Q8037902,athlete_aleksandr_karelin,EUN,
event_Q1005572,athlete_patrick_ortlieb,AUT,1:50.37
event_Q5443140,athlete_frédéric_delpla_jean_michel_henry_olivier_lenglet_philippe_riboud_éric_srecki,FRA,
event_Q1409055,athlete_sally_gunnell,GBR,53.23
event_Q10466383,athlete_kim_mi_jung,KOR,
event_Q10572431,athlete_torsten_may,GER,
event_Q3879616,athlete_alexander_popov,RUS,48.74
event_Q3899249,athlete_arkadiusz_skrzypaszek,POL,
event_Q1005328,athlete_jens_müller,GDR,3:05.548
event_Q3879602,athlete_inge_de_bruijn,NED,24.32
event_Q3879604,athlete_anthony_ervin,USA,21.98
event_Q3879604,athlete_gary_hall_jr,USA,21.98
event_Q3628690,athlete_john_ngugi,KEN,13:11.70
event_Q1005187,athlete_hiroyasu_shimizu,JPN,1:11.35 OR
event_Q825731,athlete_björn_lind,SWE,
event_Q2313552,athlete_kelly_holmes,GBR,3:57.90 NR
event_Q3879595,athlete_massimiliano_rosolino,ITA,1:58.98 swimming
event_Q22964458,athlete_andré_steinerandreas_hajekstephan_volkertandré_willms,GER,5:56.93
event_Q4467905,athlete_yang_xia,CHN,
event_Q10426128,athlete_kennedy_mckinney,USA,
event_Q3628687,athlete_andre_phillips,USA,47.19 athletics
event_Q8037974,athlete_sagid_murtazaliev,RUS,
event_Q2311975,athlete_koji_murofushi,JPN,82.91
event_Q1005331,athlete_georg_hackl,GER,3:02.363
event_Q3925463,athlete_mario_kindelán,CUB,
event_Q825222,athlete_catriona_le_may_doan,CAN,74.75
event_Q825088,athlete_daniela_meuli,SUI,
event_Q988361,athlete_ernst_vettori,AUT,222.8
event_Q4467910,athlete_soraya_jiménez,MEX,
event_Q1156252,athlete_albert_taillandier,FRA,
event_Q1005158,athlete_gianni_romme,NED,6:22.20
event_Q3811001,athlete_maki_tsukada,JPN,1000
event_Q3925469,athlete_alexander_povetkin,RUS,
event_Q1005808,athlete_markus_wasmeier,GER,2:52.46
event_Q10497009,athlete_maikro_romero,CUB,
event_Q1005108,athlete_halvard_hanevoldfrode_andresenegil_gjellandole_einar_bjørndalen,NOR,1:23:42.3
event_Q3879562,athlete_petria_thomas,AUS,57.72
event_Q8037956,athlete_armen_nazaryan,BUL,
event_Q822588,athlete_istván_majoros,HUN,
event_Q2312004,athlete_yelena_slesarenko,RUS,2.06 athletics
event_Q3879630,athlete_michelle_smith,IRL,4:07.25 NR
event_Q10684072,athlete_lennox_lewis,CAN,
event_Q10522572,athlete_kenzo_nakamura,JPN,
event_Q1005351,athlete_tor_arne_hetland,NOR,02:56.9
event_Q5443142,athlete_arnd_schmitt,FRG,
event_Q3879668,athlete_alexander_popov,EUN,21.91 swimming
event_Q10466392,athlete_odalis_revé,CUB,
event_Q3837518,athlete_khadzhimurat_gatsalov,RUS,
event_Q3879594,athlete_yana_klochkova,UKR,2:10.68 swimming
event_Q3628708,athlete_danny_everettsteve_lewiskevin_robinzinebutch_reynoldsantonio_mckayandrew_valmon,USA,2:56.16 athletics
event_Q1076347,athlete_inge_de_bruijn,NED,56.61 swimming
event_Q8037915,athlete_armen_nazaryan,ARM,
event_Q10466400,athlete_erika_salumäe,URS,
event_Q3628683,athlete_peter_rono,KEN,3:35.96
event_Q1004965,athlete_ådne_søndrål,NOR,1:47.87 WR
event_Q1005617,athlete_jean_luc_brassard,CAN,27.24
event_Q2558525,athlete_carolina_klüft,SWE,6952
event_Q38410,athlete_giovanna_trillini,ITA,
event_Q3811009,athlete_masae_ueno,JPN,1000
event_Q1069209,athlete_ireen_wüst,NED,4:02.43
event_Q1408901,athlete_william_tanui,KEN,1:43.66
event_Q22964457,athlete_victor_feddersenniels_henriksenthomas_poulseneskild_ebbesen,DEN,
event_Q8037906,athlete_péter_farkas,HUN,
event_Q988372,athlete_fred_børre_lundberg,NOR,39:07.9
event_Q3628709,athlete_petra_felke,GDR,74.68 athletics
event_Q3811005,athlete_yvonne_bönisch,GER,0011
event_Q2328217,athlete_yun_mi_jin,KOR,
event_Q4088890,athlete_harald_czudajkarsten_brannascholaf_hampelalexander_szelig,GER,3:27.78
event_Q3628766,athlete_irina_privalova,RUS,53.02
event_Q8037901,athlete_héctor_milián,CUB,
event_Q3879633,athlete_amy_van_dyken,USA,24.87 AM
event_Q10684073,athlete_roberto_balado,CUB,
event_Q3879596,athlete_ágnes_kovács,HUN,2:24.35
event_Q2311908,athlete_liping_wang,CHN,1:29:05 athletics
event_Q3500417,athlete_jon_rønningen,NOR,
event_Q1004913,athlete_bart_veldkamp,NED,14:12.12
event_Q22964456,athlete_nicholas_greendrew_ginnjames_tomkinsmike_mckay,AUS,
event_Q4088891,athlete_gustav_wederdonat_acklin,SUI,3:30.81
event_Q1004989,athlete_bjørn_dæhlie,NOR,38:01.9
event_Q10572423,athlete_david_reid,USA,
event_Q1076244,athlete_megan_quann,USA,1:07.05 AM
event_Q10581228,athlete_ariel_hernández,CUB,
event_Q3899246,athlete_stephanie_cook,GBR,5318
event_Q1005621,athlete_jean_pierre_vidal,FRA,1:41.06
event_Q988359,athlete_matti_nykänen,FIN,229.1
event_Q3500407,athlete_andrzej_wroński,POL,
event_Q3879581,athlete_roland_schoeman_lyndon_ferns_darian_townsend_ryk_neethling,RSA,3:13.17 swimming
event_Q3879564,athlete_luo_xuejuan,CHN,1:06.64 swimming
event_Q1408869,athlete_gail_devers,USA,10.82
event_Q1408852,athlete_quincy_watts,USA,43.50 athletics
event_Q3628679,athlete_olga_bondarenko,URS,31:05.20 athletics
event_Q10706346,athlete_ray_mercer,USA,
event_Q8037929,athlete_kendall_cross,USA,
event_Q1141105,athlete_michael_phelps,USA,4:08.26 swimming
event_Q1005157,athlete_geir_karlstad,NOR,6:59.97
event_Q1408920,athlete_voula_patoulidou,GRE,12.64
event_Q1004870,athlete_kim_ki_hoon,KOR,1:34.57
event_Q3837497,athlete_jung_ji_hyun,KOR,
event_Q3837499,athlete_farid_mansurov,AZE,
event_Q3837505,athlete_artur_taymazov,UZB,
event_Q3879627,athlete_tom_dolan,USA,4:14.90
event_Q824919,athlete_kristina_šmigun,EST,27:51.4
event_Q8037932,athlete_vadim_bogiev,RUS,
event_Q8037918,athlete_włodzimierz_zawadzki,POL,
event_Q541316,athlete_nikolay_gulyayev,URS,1:13.03 speed skating
event_Q2311887,athlete_kamila_skolimowska,POL,71.16 athletics
event_Q4160927,athlete_giuseppe_maddaloni,ITA,
event_Q1005292,athlete_lasse_kjus,NOR,3:17.53
event_Q3879580,athlete_aaron_peirsol_brendan_hansen_ian_crocker_jason_lezak_lenny_krayzelburg_mark_gangloff_michael_phelps_neil_walker,USA,3:30.68 swimming
event_Q3879561,athlete_natalie_coughlin,USA,1:00.37
event_Q7500758,athlete_yuri_fedkin,EUN,695.3 (OR)
event_Q824803,athlete_yevgeny_dementyev,RUS,1:17:00.8
event_Q1005214,athlete_bjørn_dæhlie,NOR,2:05:08.2
event_Q10522594,athlete_david_douillet,FRA,
event_Q4354615,athlete_wang_yifu,CHN,690.0 shooting
event_Q7979985,athlete_naim_süleymanoğlu,TUR,335.0 kg
event_Q1423968,athlete_carl_lewis,USA,8.50
event_Q2426715,athlete_paola_pezzo,ITA,1:49:24
event_Q7979988,athlete_pablo_lara,CUB,367.5 kg
event_Q3811004,athlete_xian_dongmei,CHN,1000
event_Q1004928,athlete_sergei_tchepikov,RUS,27:16.2
event_Q988351,athlete_simon_ammann,SUI,269.0
event_Q3879629,athlete_danyon_loader,NZL,1:47.63
event_Q2312939,athlete_yuriy_borzakovskiy,RUS,1:44.45
event_Q3811006,athlete_tadahiro_nomura,JPN,0100
event_Q38605,athlete_udo_wagner_ulrich_schreck_thorsten_weidner_alexander_koch_ingo_weißenborn,GER,
event_Q1004924,athlete_sven_fischer,GER,26:11.6
event_Q2310230,athlete_gunn_rita_dahle,NOR,1:56:51
event_Q3879642,athlete_krisztina_egerszegi,HUN,1:00.68 swimming
event_Q25784,athlete_laura_cârlescu_badea,ROM,
event_Q10466389,athlete_miriam_blasco,ESP,
event_Q1005557,athlete_fritz_strobl,AUT,1:39.13
event_Q3925471,athlete_manus_boonjumnong,THA,
event_Q826487,athlete_derek_parra,USA,1:43.95 WR
event_Q3879613,athlete_penny_heyns,RSA,1:07.73
event_Q825058,athlete_andrus_veerpalu,EST,38:01.3
event_Q3879574,athlete_michael_phelps,USA,1:57.14 swimming
event_Q3980074,athlete_chu_mu_yen,TPE,
event_Q3879656,athlete_mike_barrowman,USA,2:10.16 swimming
event_Q5443145,athlete_anja_fichtel_mauritz_zita_eva_funkenhauser_christiane_weber_sabine_bau_annette_klug,FRG,
event_Q3811007,athlete_ayumi_tanimoto,JPN,0200
event_Q10522575,athlete_waldemar_legień,POL,
event_Q3951952,athlete_brice_guyart,FRA,
event_Q3628699,athlete_gelindo_bordin,ITA,2:10:59
event_Q3628759,athlete_olga_shishigina,KAZ,12.65
event_Q1408856,athlete_khalid_skah,MAR,27:46.70
event_Q10522548,athlete_hidehiko_yoshida,JPN,
event_Q25782,athlete_laura_flessel_colovic_sophie_moressée_pichot_valérie_barlois_mevel_leroux,FRA,
event_Q10572432,athlete_andrew_maynard,USA,
event_Q2558983,athlete_hicham_el_guerrouj,MAR,3:34.19
event_Q3879565,athlete_kosuke_kitajima,JPN,1:00.08
event_Q10466371,athlete_cécile_nowak,FRA,
event_Q2313443,athlete_xing_huina,CHN,30:24.36
event_Q376518,athlete_christian_hoffmann,AUT,1:11:31.0
event_Q2557129,athlete_kelly_holmes,GBR,1:56.38
event_Q1005643,athlete_hans_petter_buraas,NOR,1:49.31
event_Q1005782,athlete_stephan_eberharter,AUT,2:23.28
event_Q579346,athlete_kim_nam_soonkim_soo_nyungyun_mi_jin,KOR,
event_Q3998587,athlete_hamish_carter,NZL,1:51:07.73
event_Q25780,athlete_stanislav_pozdnyakov,RUS,
event_Q8037962,athlete_mikael_ljungberg,SWE,
event_Q3628776,athlete_ellina_zvereva,BLR,68.40
event_Q3925462,athlete_odlanier_solis,CUB,
event_Q8037914,athlete_aleksandr_karelin,RUS,
event_Q8037957,athlete_sim_kwon_ho,KOR,
event_Q7500762,athlete_michael_jakosits,GER,673 (OR)
event_Q3837510,athlete_elbrus_tedeyev,UKR,
event_Q1222713,athlete_vreni_schneider,SUI,2:06.49
event_Q823194,athlete_seth_wescott,USA,
event_Q10522593,athlete_david_khakhaleishvili,EUN,
event_Q3628688,athlete_olga_bryzgina,URS,48.65 athletics
event_Q25793,athlete_aleksandr_beketov,RUS,
event_Q1005374,athlete_gian_simmen,SUI,85.2
event_Q1004937,athlete_bjørn_dæhlie,NOR,27:24.5
event_Q1110152,athlete_joanna_hayes,USA,12.37 athletics
event_Q8037928,athlete_valentin_yordanov,BUL,
event_Q1424018,athlete_haile_gebrselassie,ETH,27:07.34 athletics
event_Q13583141,athlete_gaydarbek_gaydarbekov,RUS,
event_Q1005047,athlete_halvard_hanevold,NOR,56:16.4
event_Q1005741,athlete_kjetil_andré_aamodt,NOR,1:21.58
event_Q10495988,athlete_giovanni_parisi,ITA,
event_Q1304082,athlete_gong_zhichao,CHN,
event_Q1074357,athlete_lenny_krayzelburg,USA,53.72 swimming
event_Q3879634,athlete_alexander_popov,RUS,22.13
event_Q8037916,athlete_sim_kwon_ho,KOR,
event_Q10719575,athlete_oleg_saitov,RUS,
event_Q10581227,athlete_ariel_hernandez,CUB,
event_Q2558493,athlete_françoise_mbango_etone,CMR,15.30 AF
event_Q1005041,athlete_frank_peter_roetsch,GDR,56:33.3
event_Q8037903,athlete_sergei_beloglazov,URS,
event_Q22964455,athlete_davide_tizzano_agostino_abbagnale,ITA,
event_Q591555,athlete_anders_auklandfrode_estilkristen_skjeldalthomas_alsgaard,NOR,1:32:45.5
event_Q3628779,athlete_naoko_takahashi,JPN,2:23:14 OR
event_Q3628697,athlete_rosa_mota,POR,2:25:40
event_Q3628684,athlete_florence_griffith_joyner,USA,21.34 athletics
event_Q2443986,athlete_stefano_baldini,ITA,2:10:55
event_Q4443767,athlete_michael_diamond,AUS,147
event_Q11883936,athlete_nino_salukvadze,URS,690 (OR)
event_Q3925466,athlete_yuriorkis_gamboa,CUB,
event_Q370863,athlete_camelia_potec,ROM,1:58.03
event_Q3991750,athlete_lee_sung_jinpark_sung_hyunyun_mi_jin,KOR,241
event_Q10706347,athlete_félix_savón,CUB,
event_Q8037970,athlete_adam_saitiev,RUS,
event_Q55615395,athlete_lee_kyung_keun,KOR,
event_Q8037909,athlete_maik_bullmann,GER,
event_Q10572462,athlete_andreas_zülow,GDR,
event_Q3879587,athlete_lars_frölander,SWE,52.00 EU
event_Q38407,athlete_grigory_kiriyenko_aleksandr_shirshovheorhiy_pohosov_vadym_huttsait_stanislav_pozdnyakov,EUN,
event_Q605663,athlete_tatiana_totmianina_maxim_marinin,RUS,204.48
event_Q988348,athlete_kazuyoshi_funaki,JPN,272.3
event_Q38599,athlete_philippe_omnès,FRA,
event_Q3811013,athlete_zurab_zviadauri,GEO,1001
event_Q1405425,athlete_carl_lewis,USA,8.72
event_Q1005042,athlete_yevgeny_redkin,EUN,57:34.4
event_Q1005124,athlete_ricco_großfrank_luckmark_kirchnersven_fischer,GER,1:30:22.1
event_Q1005133,athlete_ricco_großpeter_sendelsven_fischerfrank_luck,GER,1:21:36.2
event_Q25795,athlete_laura_flessel_colovic,FRA,
event_Q4357642,athlete_ahmed_al_maktoum,UAE,189 shooting
event_Q2308435,athlete_michael_johnson,USA,43.49 athletics
event_Q3837506,athlete_saori_yoshida,JPN,
event_Q4160923,athlete_isabel_fernández,ESP,
event_Q1005213,athlete_bjørn_dæhlie,NOR,2:03:41.5
event_Q10572439,athlete_héctor_vinent,CUB,
event_Q7979998,athlete_galabin_boevski,BUL,
event_Q10572421,athlete_park_si_hun,KOR,
event_Q7500782,athlete_roberto_di_donna,ITA,684.2
event_Q3879669,athlete_janet_evans,USA,8:25.52
event_Q826529,athlete_jochem_uytdehaage,NED,6:14.66 WR
event_Q1005639,athlete_alberto_tomba,ITA,1:39.47
event_Q3998589,athlete_kate_allen,AUT,2:04:43.45
event_Q3561232,athlete_jens_fiedler,GER,
event_Q1005103,athlete_sture_sivertsenerling_jevnebjørn_dæhliethomas_alsgaard,NOR,1:40:55.7
event_Q8037955,athlete_rulon_gardner,USA,
event_Q3837504,athlete_iryna_merleni,UKR,
event_Q10522553,athlete_antal_kovács,HUN,
event_Q3879622,athlete_susie_oneill,AUS,2:07.76
event_Q10609400,athlete_sofia_bekatorouaimilia_tsoulfa,GRE,
event_Q2311149,athlete_jan_železný,CZE,90.17 athletics
event_Q3811000,athlete_keiji_suzuki,JPN,1000
event_Q7500768,athlete_lee_eun_chul,KOR,702.5 OR
event_Q1005172,athlete_joey_cheek,USA,69.76
event_Q25798,athlete_sandro_cuomo_angelo_mazzoni_maurizio_randazzo,ITA,
event_Q3628791,athlete_ludmila_engquist,SWE,12.58
event_Q3628780,athlete_gezahegne_abera,ETH,2:10:11
event_Q3879563,athlete_michael_phelps,USA,51.25 swimming
event_Q5443139,athlete_györgy_nébald_bence_szabó_imre_bujdosó_imre_gedővári_lászló_csongrádi,HUN,
event_Q1408906,athlete_hassiba_boulmerka,ALG,3:55.30
event_Q13424670,athlete_tímea_nagy,HUN,
event_Q3879641,athlete_mark_tewksbury,CAN,53.98 swimming
event_Q2526348,athlete_viatcheslav_ekimov,RUS,57:40.420
event_Q1408846,athlete_gwen_torrence,USA,21.81
event_Q1076288,athlete_pieter_van_den_hoogenband,NED,1:45.35 swimming
event_Q7500760,athlete_silvia_sperber,FRG,685.6 (OR)
event_Q582514,athlete_roman_šebrle,CZE,8893 athletics
event_Q7500776,athlete_marina_logvinenko,EUN,684 (OR)
event_Q1005212,athlete_vladimir_smirnov,KAZ,2:07:20.3
event_Q3811002,athlete_ihar_makarau,BLR,0101
event_Q7500756,athlete_wang_yifu,CHN,684.8 (OR)
event_Q7500764,athlete_ralf_schumann,GER,885 shooting
event_Q8037905,athlete_john_smith,USA,
event_Q8037920,athlete_filiberto_azcuy,CUB,
event_Q10719573,athlete_robert_wangila,KEN,
event_Q10572440,athlete_vyacheslav_yanovski,URS,
event_Q1004985,athlete_mikhail_devyatyarov,URS,41:18.9
event_Q10466375,athlete_almudena_muñoz,ESP,
event_Q3879570,athlete_michael_phelps,USA,1:54.04 swimming
event_Q3811010,athlete_lee_won_hee,KOR,1021
event_Q252584,athlete_emese_hunyady,AUT,2:02.19
event_Q8037963,athlete_david_musulbes,RUS,
event_Q10522571,athlete_toshihiko_koga,JPN,
event_Q3628767,athlete_cathy_freeman,AUS,49.11
event_Q988369,athlete_hans_peter_pohlhubert_schwarzthomas_müller,FRG,Team jump: 629.8Ski time: 1:20:46.0Final time: 1:20:46.0
event_Q1409616,athlete_silke_renk,GER,68.34
event_Q1221778,athlete_christa_rothenburger,GDR,1:17.65 speed skating
event_Q2306535,athlete_derartu_tulu,ETH,31:06.02
event_Q3879618,athlete_krisztina_egerszegi,HUN,2:07.83
event_Q7500791,athlete_russell_mark,AUS,189 (OR)
event_Q3980075,athlete_steven_lópez,USA,
event_Q1004952,athlete_enrico_fabris,ITA,1:45.97
event_Q10581231,athlete_hamza_yerlikaya,TUR,
event_Q4000244,athlete_fu_mingxia,CHN,
event_Q826519,athlete_chris_witty,USA,1:13.83 WR
event_Q1027135,athlete_vitaly_scherbo,EUN,
event_Q1408797,athlete_marie_josé_pérec,FRA,48.83
event_Q3879649,athlete_kieren_perkins,AUS,14:43.48 swimming
event_Q3879644,athlete_nelson_diebel,USA,1:01.50 swimming
event_Q988364,athlete_samppa_lajunen,FIN,16:40.1
event_Q4354069,athlete_nancy_johnson,USA,497.7
event_Q10522576,athlete_peter_seisenbacher,AUT,
event_Q1005757,athlete_eric_bergoust,USA,255.64
event_Q3837509,athlete_kaori_icho,JPN,
event_Q3628681,athlete_paula_ivan,ROM,3:53.96 athletics
event_Q1005618,athlete_jonny_moseley,USA,26.93
event_Q5448040,athlete_oksana_baiul,UKR,
event_Q38412,athlete_bence_szabó,HUN,
event_Q1004991,athlete_thomas_alsgaard,NOR,39:37.7
event_Q988347,athlete_toni_nieminen,FIN,239.5
event_Q5443155,athlete_diana_bianchedi_giovanna_trillini_valentina_vezzali,ITA,
event_Q1408897,athlete_michael_marsh,USA,20.01
event_Q10706348,athlete_felix_savon,CUB,
event_Q3565760,athlete_mikhail_mamiashvili,URS,
event_Q596754,athlete_swe_thobias_fredriksson_björn_lind,,17:02.9
event_Q10497008,athlete_choi_chol_su,PRK,
event_Q3628701,athlete_vyacheslav_ivanenko,URS,3:38:29 athletics
event_Q3879647,athlete_zhuang_yong,CHN,54.64 swimming
event_Q3628778,athlete_szymon_ziółkowski,POL,80.02
event_Q3561228,athlete_félicia_ballanger,FRA,
event_Q2552272,athlete_mizuki_noguchi,JPN,2:26:20
event_Q3879655,athlete_kyoko_iwasaki,JPN,2:26.65 swimming
event_Q1005753,athlete_aleš_valenta,CZE,257.02
event_Q988362,athlete_jani_soininen,FIN,234.5
event_Q4000234,athlete_dmitri_sautin_igor_lukashin,RUS,
event_Q1005296,athlete_mario_reiter,AUT,3:08.06
event_Q1005066,athlete_thomas_alsgaard,NOR,1:12:26.4
event_Q3879576,athlete_laure_manaudou,FRA,4:05.34 EU
event_Q7979991,athlete_aleksei_petrov,RUS,402.5 kg
event_Q3998591,athlete_simon_whitfield,CAN,1:48:24.02
event_Q1004915,athlete_gianni_romme,NED,13:15.33 WR
event_Q1415848,athlete_ryan_bayley,AUS,
event_Q3879572,athlete_otylia_jędrzejczak,POL,2:06.05
event_Q8037940,athlete_rasoul_khadem,IRI,
event_Q8037966,athlete_murad_umakhanov,RUS,
event_Q10522550,athlete_makoto_takimoto,JPN,
event_Q3628695,athlete_ulf_timmermann,GDR,22.47 athletics
event_Q3879660,athlete_yevgeny_sadovyi,EUN,1:46.70 swimming
event_Q3628700,athlete_jozef_pribilinec,TCH,1:19:57 athletics
event_Q3628760,athlete_nouria_mérah_benida,ALG,4:05.10
event_Q1005063,athlete_alexey_prokurorov,URS,1:24:26.3
event_Q26860,athlete_donovan_bailey,CAN,9.84 athletics
event_Q3879659,athlete_nicole_haislett,USA,1:57.90 AM
event_Q1141034,athlete_yana_klochkova,UKR,4:34.83
event_Q1005333,athlete_georg_hackl,GER,3:21.571
event_Q3925470,athlete_bakhtiyar_artayev,KAZ,
event_Q1004888,athlete_frode_estil,NOR,49:48.9
event_Q1004888,athlete_thomas_alsgaard,NOR,49:48.9
event_Q1005044,athlete_sergei_tarasov,RUS,57:25.3
event_Q10572463,athlete_oscar_de_la_hoya,USA,
event_Q4467904,athlete_tara_nott,USA,
event_Q1005576,athlete_jean_luc_crétier,FRA,1:50.11
event_Q12808144,athlete_maría_isabel_urrutia,COL,
event_Q55615399,athlete_waldemar_legień,POL,
event_Q7979987,athlete_zhan_xugang,CHN,357.5 kg
event_Q25239317,athlete_aleksandr_kurlovich,URS,
event_Q3879597,athlete_domenico_fioravanti,ITA,2:10.87 EU
event_Q1042644,athlete_anja_pärson,SWE,1:29.04
event_Q1004935,athlete_vegard_ulvang,NOR,27:36.0
event_Q3811012,athlete_ilias_iliadis,GRE,1110
event_Q1408876,athlete_mark_mckoy,CAN,13.12
event_Q5481589,athlete_olena_kostevych,UKR,483.3
event_Q3500383,athlete_andrás_sike,HUN,
event_Q372925,athlete_lars_bystøl,NOR,266.5
event_Q3879657,athlete_tamás_darnyi,HUN,4:14.23 swimming
event_Q2306561,athlete_heike_henkel,GER,2.02
event_Q4443766,athlete_daina_gudzinevičiūtė,LTU,93 (OR)
event_Q615345,athlete_janica_kostelić,CRO,2:51.08
event_Q576599,athlete_han_xiaopeng,CHN,250.77
event_Q7979999,athlete_pyrros_dimas,GRE,
event_Q1005805,athlete_alberto_tomba,ITA,2:06.98
event_Q55615398,athlete_marc_alexandre,FRA,
event_Q3879648,athlete_alexander_popov,EUN,49.02
event_Q3811008,athlete_masato_uchishiba,JPN,1000
event_Q1421727,athlete_mikhail_ignatiev,RUS,93
event_Q1004863,athlete_olaf_zinke,GER,1:14.85
event_Q128040,athlete_jeannie_longo,FRA,02:36:13
event_Q1005192,athlete_chae_ji_hoon,KOR,43.45
event_Q4160926,athlete_hüseyin_özkan,TUR,
event_Q823675,athlete_tanja_frieden,SUI,
event_Q3628773,athlete_nils_schumann,GER,1:45.08
event_Q3879603,athlete_brooke_bennett,USA,8:19.67 swimming
event_Q1407627,athlete_hwang_young_cho,KOR,2:13:23
event_Q1408300,athlete_im_dong_hyunjang_yong_hopark_kyung_mo,KOR,
