source,target,noc
event_Q303623,athlete_martin_hollsteinandreas_ihle,GER
event_Q607635,athlete_ivan_skobrev,RUS
event_Q939000,athlete_olga_zabelinskaya,RUS
event_Q26233801,athlete_aliya_mustafina,RUS
event_Q743905,athlete_david_oliver,USA
event_Q1433269,athlete_naman_keïta,FRA
event_Q1005784,athlete_leonel_suárez,CUB
event_Q1005641,athlete_michael_tritscher,AUT
event_Q3628768,athlete_gregory_haughton,JAM
event_Q7400295,athlete_larisa_moskalenko_iryna_chunykhovska,URS
event_Q15506518,athlete_chen_dequan_han_tianyu_shi_jingnan_wu_dajing,CHN
event_Q4951829,athlete_vichairachanon_khadpo,THA
event_Q4951829,athlete_raimkul_malakhbekov,RUS
event_Q26212143,athlete_irakli_turmanidze,GEO
event_Q250187,athlete_hugues_duboscq,FRA
event_Q1221945,athlete_nina_gavrylyuk,RUS
event_Q3879591,athlete_miki_nakao,JPN
event_Q25239321,athlete_liu_shoubin,CHN
event_Q1205250,athlete_vladimir_isakov,RUS
event_Q766586,athlete_cindy_klassen,CAN
event_Q850246,athlete_anouk_leblanc_boucher,CAN
event_Q2071152,athlete_bronte_barratt,AUS
event_Q2071160,athlete_ryan_lochte,USA
event_Q1204722,athlete_snježana_pejčić,CRO
event_Q26208755,athlete_keshorn_walcott,TTO
event_Q2500292,athlete_robert_scheidtbruno_prada,BRA
event_Q870647,athlete_klaus_ofnerstefan_kreinerklaus_sulzenbacher,AUT
event_Q7662173,athlete_virginie_dedieumyriam_lignot,FRA
event_Q15619183,athlete_carolina_kostner,ITA
event_Q25239533,athlete_li_jinhe,CHN
event_Q4951830,athlete_pablo_chacón,ARG
event_Q4951830,athlete_floyd_mayweather,USA
event_Q1005783,athlete_zhu_guo,CHN
event_Q1005783,athlete_steven_lópez,USA
event_Q7372012,athlete_katrin_rutschow_stomporowski,GER
event_Q3879590,athlete_chris_thompson,USA
event_Q1221969,athlete_raisa_smetanina,URS
event_Q3628769,athlete_gete_wami,ETH
event_Q1005640,athlete_jure_košir,SLO
event_Q744487,athlete_yaroslav_rybakov,RUS
event_Q26233821,athlete_blanka_vlašić,CRO
event_Q1433109,athlete_giuseppe_gibilisco,ITA
event_Q1049551,athlete_timothy_kitum,KEN
event_Q2071129,athlete_shannon_rowbury,USA
event_Q2071135,athlete_alysia_johnson_montaño,USA
event_Q2090641,athlete_tirunesh_dibaba,ETH
event_Q26219843,athlete_jennifer_simpson,USA
event_Q26208467,athlete_mahiedine_mekhissi_benabbad,FRA
event_Q2001009,athlete_milcah_chemos_cheywa,KEN
event_Q65242144,athlete_valerie_adams,NZL
event_Q1799275,athlete_vivian_cheruiyot,KEN
event_Q1771990,athlete_abel_mutai,KEN
event_Q2194130,athlete_annette_edmondson,AUS
event_Q26219851,athlete_patimat_abakarova,AZE
event_Q26219851,athlete_panipak_wongpattanakit,THA
event_Q1043342,athlete_nataliya_tobias,UKR
event_Q1063589,athlete_alexandr_kolobnev,RUS
event_Q26212188,athlete_lydia_valentín,ESP
event_Q26219850,athlete_oussama_oueslati,TUN
event_Q26219850,athlete_milad_beigi,AZE
event_Q256559,athlete_larsen_jensen,USA
event_Q1185004,athlete_reiko_nakamura,JPN
event_Q657467,athlete_song_aimin,CHN
event_Q754412,athlete_alexander_kristoff,NOR
event_Q15056220,athlete_michel_mulder,NED
event_Q24760634,athlete_rafał_majka,POL
event_Q25386275,athlete_inès_boubakri,TUN
event_Q950563,athlete_sara_nordenstam,NOR
event_Q47296499,athlete_usanathan_chen_adam_rippon_bradie_tennell_mirai_nagasu_alexa_scimeca_knierim_chris_knierim_maia_shibutani_alex_shibutani,
event_Q26242953,athlete_patrick_hausding,GER
event_Q26235881,athlete_tom_daleydaniel_goodfellow,GBR
event_Q26237528,athlete_meaghan_benfeitoroseline_filion,CAN
event_Q26237418,athlete_alexis_raynaud,FRA
event_Q26243423,athlete_tania_cagnotto,ITA
event_Q26234145,athlete_brianne_theisen_eaton,CAN
event_Q26261258,athlete_gao_lei,CHN
event_Q26262523,athlete_kristina_vogelmiriam_welte,GER
event_Q26259596,athlete_grégory_baugémichaël_dalmeidafrançois_pervis,FRA
event_Q26261256,athlete_li_dan,CHN
event_Q26265815,athlete_katy_marchant,GBR
event_Q26262252,athlete_denis_dmitriev,RUS
event_Q26273359,athlete_kristi_castlin,USA
event_Q26263572,athlete_anna_meares,AUS
event_Q26260960,athlete_allison_beveridgejasmin_glaesserkirsti_laygeorgia_simmerlinglaura_brown,CAN
event_Q26234144,athlete_barbora_špotáková,CZE
event_Q26234119,athlete_sophie_hitchon,GBR
event_Q26291516,athlete_azizulhasni_awang,MAS
event_Q26234051,athlete_anita_márton,HUN
event_Q26233995,athlete_olga_rypakova,KAZ
event_Q26430868,athlete_david_boudia,USA
event_Q284413,athlete_he_wenna,CHN
event_Q3223718,athlete_sui,
event_Q26233317,athlete_emma_coburn,USA
event_Q26233122,athlete_dane_bird_smith,AUS
event_Q3082710,athlete_evi_van_acker,BEL
event_Q26229077,athlete_maddison_keeneyanabelle_smith,AUS
event_Q26233320,athlete_lü_xiuzhi,CHN
event_Q284936,athlete_liubov_charkashyna,BLR
event_Q26233297,athlete_tirunesh_dibaba,ETH
event_Q26233103,athlete_yasmani_copello,TUR
event_Q284423,athlete_lu_chunlong,CHN
event_Q326112,athlete_elisa_blanchi_romina_laurito_marta_pagnini_elisa_santoni_anzhelika_savrayuk_andreea_stefanescu,ITA
event_Q26233319,athlete_ashley_spencer,USA
event_Q1064016,athlete_marti_malloy,USA
event_Q1064016,athlete_automne_pavia,FRA
event_Q1055931,athlete_will_claye,USA
event_Q26219862,athlete_almaz_ayana,ETH
event_Q26225492,athlete_ivana_španović,SRB
event_Q1064728,athlete_tatiana_guderzo,ITA
event_Q26212225,athlete_clayton_murphy,USA
event_Q26224939,athlete_eliza_mccartney,NZL
event_Q26219861,athlete_hagos_gebrhiwet,ETH
event_Q369846,athlete_hayden_stoeckel,AUS
event_Q369846,athlete_arkady_vyatchanin,RUS
event_Q26225938,athlete_hirooki_arai,JPN
event_Q326384,athlete_tervel_pulev,BUL
event_Q326384,athlete_teymur_mammadov,AZE
event_Q26212202,athlete_greg_rutherford,GBR
event_Q1005787,athlete_ivan_nifontov,RUS
event_Q1005787,athlete_antoine_valois_fortier,CAN
event_Q26223026,athlete_tamirat_tola,ETH
event_Q26219858,athlete_lashawn_merritt,USA
event_Q26221551,athlete_henri_schoeman,RSA
event_Q26219856,athlete_christophe_lemaitre,FRA
event_Q1050909,athlete_wang_zhen,CHN
event_Q1064358,athlete_meaghan_benfeitoroseline_filion,CAN
event_Q1064845,athlete_martina_grimaldi,ITA
event_Q1140736,athlete_chen_long,CHN
event_Q62020022,athlete_damir_martin,CRO
event_Q65235520,athlete_shamil_borchashvili,AUT
event_Q65235520,athlete_matthias_casse,BEL
event_Q26219821,athlete_du_li,CHN
event_Q26219841,athlete_shelly_ann_fraser_pryce,JAM
event_Q110316274,athlete_madison_hubbelland_zachary_donohue,USA
event_Q65243912,athlete_jagger_eaton,USA
event_Q65235537,athlete_daria_bilodid,UKR
event_Q65235537,athlete_urantsetseg_munkhbat,MGL
event_Q1076273,athlete_chen_jin,CHN
event_Q2070009,athlete_robert_heffernan,IRL
event_Q65235488,athlete_jorge_fonseca,POR
event_Q65235488,athlete_niyaz_ilyasov,ROC
event_Q1188476,athlete_natalie_dellkara_kohlermegan_kalmoeadrienne_martelli,USA
event_Q65235512,athlete_an_chang_rim,KOR
event_Q65235512,athlete_tsend_ochiryn_tsogtbaatar,MGL
event_Q47295256,athlete_kaetlyn_osmond,CAN
event_Q65235562,athlete_madina_taimazova,ROC
event_Q65235562,athlete_sanne_van_dijke,NED
event_Q2000999,athlete_hansle_parchment,JAM
event_Q65235574,athlete_iryna_kindzerska,AZE
event_Q65235574,athlete_romane_dicko,FRA
event_Q2000988,athlete_tatyana_petrova_arkhipova,RUS
event_Q1094662,athlete_lucija_polavder,SLO
event_Q1094662,athlete_idalys_ortiz,CUB
event_Q110316264,athlete_anastasia_mishinaand_aleksandr_galliamov,ROC
event_Q627905,athlete_charline_van_snick,BEL
event_Q627905,athlete_éva_csernoviczki,HUN
event_Q65243916,athlete_funa_nakayama,JPN
event_Q590226,athlete_jeong_gyeong_mi,KOR
event_Q590226,athlete_stéphanie_possamaï,FRA
event_Q1193963,athlete_xu_yan,CHN
event_Q1193963,athlete_ketleyn_quadros,BRA
event_Q26219839,athlete_shericka_jackson,JAM
event_Q65235568,athlete_anna_maria_wagner,GER
event_Q65235568,athlete_mayra_aguiar,BRA
event_Q2000979,athlete_fabrizio_donato,ITA
event_Q65242281,athlete_alina_harnasko,BLR
event_Q110264101,athlete_christoph_hafermatthias_sommer,GER
event_Q62020023,athlete_frederic_vystaveljoachim_sutton,DEN
event_Q645932,athlete_janay_deloach,USA
event_Q370500,athlete_jacobine_veenhovenninke_kingmachantal_achterbergsytske_de_grootroline_repelaer_van_drielclaudia_belderboscarline_bouwannemiek_de_haananne_schellekens,NED
event_Q1065654,athlete_juliana_felisbertalarissa_frança,BRA
event_Q110264143,athlete_justin_krippsryan_sommercam_stonesben_coakwell,CAN
event_Q26214545,athlete_daniel_jasinski,GER
event_Q2070547,athlete_ruth_beitia,ESP
event_Q2071171,athlete_thomas_pkemeilongosiwa,KEN
event_Q62020027,athlete_matteo_castaldo_matteo_lodo_giuseppe_vicinomarco_di_costanzo_bruno_rosetti_h,ITA
event_Q26208357,athlete_alec_pottsryan_tyacktaylor_worth,AUS
event_Q62020029,athlete_jack_clearycaleb_antillcameron_girdlestoneluke_letcher,AUS
event_Q1144277,athlete_wei_yilizhang_yawen,CHN
event_Q1193975,athlete_elisabeth_willeboordse,NED
event_Q1193975,athlete_won_ok_im,PRK
event_Q531436,athlete_rebecca_adlington,GBR
event_Q47155555,athlete_lisa_vittozzidorothea_wiererlukas_hoferdominik_windisch,ITA
event_Q26086643,athlete_damian_warner,CAN
event_Q62020033,athlete_magdalena_lobnig,AUT
event_Q1076798,athlete_audrey_tcheuméo,FRA
event_Q1076798,athlete_mayra_aguiar,BRA
event_Q47296003,athlete_maia_shibutaniand_alex_shibutani,USA
event_Q65242368,athlete_léonie_périaultdorian_coninxcassandre_beaugrandvincent_luis,FRA
event_Q591384,athlete_abdalaati_iguider,MAR
event_Q62020025,athlete_liu_zhiyuzhang_liang,CHN
event_Q1076967,athlete_yoshie_ueno,JPN
event_Q1076967,athlete_gévrise_émane,FRA
event_Q47263008,athlete_meagan_duhameland_eric_radford,CAN
event_Q2000968,athlete_raphael_holzdeppe,GER
event_Q1067177,athlete_marion_josserand,FRA
event_Q62020035,athlete_aifric_keogh_eimear_lambe_fiona_murtagh_emily_hegarty,IRL
event_Q26208442,athlete_bohdan_bondarenko,UKR
event_Q62020026,athlete_stefano_oppopietro_ruta,ITA
event_Q47455933,athlete_seo_yi_ra,KOR
event_Q2069991,athlete_zhang_wenxiu,CHN
event_Q110316174,athlete_shoma_uno,JPN
event_Q62020030,athlete_ria_thompsonrowena_meredithharriet_hudsoncaitlin_cronin,AUS
event_Q65235495,athlete_yeldos_smetov,KAZ
event_Q65235495,athlete_luka_mkheidze,FRA
event_Q47310015,athlete_arianna_fontana,ITA
event_Q586832,athlete_oksana_domninaand_maxim_shabalin,RUS
event_Q62020031,athlete_roos_de_jonglisa_scheenaard,NED
event_Q110324226,athlete_kaori_sakamoto,JPN
event_Q25991470,athlete_poliana_okimoto,BRA
event_Q2000939,athlete_linda_stahl,GER
event_Q603519,athlete_karina_bryant,GBR
event_Q603519,athlete_tong_wen,CHN
event_Q26219842,athlete_tori_bowie,USA
event_Q65235505,athlete_an_ba_ul,KOR
event_Q65235505,athlete_daniel_cargnin,BRA
event_Q2036655,athlete_marco_aurelio_fontana,ITA
event_Q110264144,athlete_christine_de_bruin,CAN
event_Q26215594,athlete_wojciech_nowicki,POL
event_Q62020028,athlete_josh_bugajskijacob_dawsonthomas_georgemoe_sbihicharles_elwesoliver_wynne_griffithjames_rudkinthomas_fordhenry_fieldman,GBR
event_Q536380,athlete_kasper_winther_jørgensenmorten_jørgensenjacob_barsøeeskild_ebbesen,DEN
event_Q585714,athlete_felipe_kitadai,BRA
event_Q585714,athlete_rishod_sobirov,UZB
event_Q26037158,athlete_petra_kvitová,CZE
event_Q47155815,athlete_emil_hegle_svendsen,NOR
event_Q26208457,athlete_sam_kendricks,USA
event_Q25991460,athlete_marc_antoine_olivier,FRA
event_Q65235542,athlete_odette_giuffrida,ITA
event_Q65235542,athlete_chelsie_giles,GBR
event_Q65243918,athlete_sky_brown,GBR
event_Q26203840,athlete_dimitri_bascou,FRA
event_Q26208447,athlete_tomas_walsh,NZL
event_Q25991453,athlete_tamás_kenderesi,HUN
event_Q62020036,athlete_marieke_keijserilse_paulis,NED
event_Q2001050,athlete_brent_hayden,CAN
event_Q62020024,athlete_caileigh_filmerhillary_janssens,CAN
event_Q62020034,athlete_wang_zifeng_wang_yuwei_xu_fei_miao_tian_zhang_min_ju_rui_li_jingjing_guo_linlin_zhang_dechang,CHN
event_Q57083855,athlete_aaron_chiasoh_wooi_yik,MAS
event_Q47295100,athlete_javier_fernández,ESP
event_Q1068773,athlete_magdalena_fularczykjulia_michalska,POL
event_Q110264107,athlete_elana_meyers_taylorsylvia_hoffman,USA
event_Q21858018,athlete_galen_rupp,USA
event_Q22968982,athlete_ondřej_synek,CZE
event_Q47155505,athlete_anaïs_chevaliermarie_dorin_habertjustine_braisazanaïs_bescond,FRA
event_Q1772012,athlete_javier_culson,PUR
event_Q1798905,athlete_kosuke_hagino,JPN
event_Q24906828,athlete_cao_yuanqin_kai,CHN
event_Q942500,athlete_erin_pacelana_meyers,USA
event_Q938805,athlete_irina_kalentieva,RUS
event_Q28209,athlete_pandelela_rinong,MAS
event_Q25476845,athlete_carlos_coloma_nicolás,ESP
event_Q25476835,athlete_catharine_pendrel,CAN
event_Q24995398,athlete_april_rosskerri_walsh_jennings,USA
event_Q1798873,athlete_yelena_isinbayeva,RUS
event_Q666951,athlete_andrew_weibrecht,USA
event_Q25301754,athlete_jung_kyung_eunshin_seung_chan,KOR
event_Q1649415,athlete_warren_weir,JAM
event_Q1827915,athlete_kellie_wells,USA
event_Q21858030,athlete_mare_dibaba,ETH
event_Q25301787,athlete_marcus_ellischris_langridge,GBR
event_Q739527,athlete_cassandra_patten,GBR
event_Q47091419,athlete_veronika_vítková,CZE
event_Q15055975,athlete_jamie_greubelaja_evans,USA
event_Q938130,athlete_priscilla_gneto,FRA
event_Q938130,athlete_rosalba_forciniti,ITA
event_Q247273,athlete_ronda_rousey,USA
event_Q247273,athlete_edith_bosch,NED
event_Q25396697,athlete_ki_bo_bae,KOR
event_Q47155365,athlete_anaïs_bescond,FRA
event_Q1798983,athlete_wilson_kipsang,KEN
event_Q25397537,athlete_andre_de_grasse,CAN
event_Q693595,athlete_tsegay_kebede,ETH
event_Q843287,athlete_olga_zabelinskaya,RUS
event_Q960100,athlete_dimitri_peters,GER
event_Q960100,athlete_henk_grol,NED
event_Q24825467,athlete_alexander_brouwerrobert_meeuwsen,NED
event_Q2437166,athlete_ed_clancy,GBR
event_Q1753402,athlete_tariku_bekele,ETH
event_Q956242,athlete_lü_xiuzhi,CHN
event_Q1345726,athlete_saina_nehwal,IND
event_Q22968981,athlete_franck_solforosithomas_baroukhguillaume_raineauthibault_colard,FRA
event_Q1222270,athlete_kim_crow,AUS
event_Q932145,athlete_cho_jun_ho,KOR
event_Q932145,athlete_masashi_ebinuma,JPN
event_Q22968972,athlete_huang_wenyipan_feihong,CHN
event_Q1005337,athlete_alan_campbell,GBR
event_Q1005506,athlete_charlie_colescott_gaultglenn_ochalhenrik_rummel,USA
event_Q782396,athlete_he_hanbinyu_yang,CHN
event_Q25476761,athlete_stefany_hernández,VEN
event_Q1337276,athlete_jung_jae_sunglee_yong_dae,KOR
event_Q25301916,athlete_zhang_nanzhao_yunlei,CHN
event_Q47105341,athlete_dominik_windisch,ITA
event_Q938833,athlete_nino_schurter,SUI
event_Q1986718,athlete_vítězslav_veselý,CZE
event_Q937510,athlete_troy_dumaiskristian_ipsen,USA
event_Q15056097,athlete_ayana_onozuka,JPN
event_Q2268451,athlete_richard_weinberger,CAN
event_Q25396702,athlete_le_chien_yinglin_shih_chiatan_ya_ting,TPE
event_Q31850,athlete_vincenzo_mangiacapre,ITA
event_Q31850,athlete_uranchimegiin_mönkh_erdene,MGL
event_Q1798882,athlete_deedee_trotter,USA
event_Q764131,athlete_he_chong,CHN
event_Q916735,athlete_joannie_rochette,CAN
event_Q937526,athlete_david_boudianicholas_mccrory,USA
event_Q25301472,athlete_viktor_axelsen,DEN
event_Q658077,athlete_aljona_savchenkoand_robin_szolkowy,GER
event_Q24761058,athlete_elisa_longo_borghini,ITA
event_Q22968977,athlete_hedvig_rasmussenanne_andersen,DEN
event_Q15056098,athlete_kevin_rolland,FRA
event_Q1005551,athlete_nyam_ochir_sainjargal,MGL
event_Q1005551,athlete_ugo_legrand,FRA
event_Q1636766,athlete_lalonde_gordon,TRI
event_Q22968980,athlete_kristoffer_brunare_strandli,NOR
event_Q25476545,athlete_jolien_dhoore,BEL
event_Q732985,athlete_audun_grønvold,NOR
event_Q843436,athlete_austra_skujytė,LTU
event_Q1799251,athlete_li_ling,CHN
event_Q22968985,athlete_giovanni_abagnalemarco_di_costanzo,ITA
event_Q733756,athlete_olha_saladukha,UKR
event_Q15620701,athlete_elena_ilinykhand_nikita_katsalapov,RUS
event_Q1005683,athlete_chris_morgankarsten_forsterlingjames_mcraedaniel_noonan,AUS
event_Q15620726,athlete_aljona_savchenkoand_robin_szolkowy,GER
event_Q15054997,athlete_kjetil_jansrud,NOR
event_Q47155425,athlete_laura_dahlmeier,GER
event_Q22968983,athlete_kjetil_borcholaf_tufte,NOR
event_Q1772017,athlete_veronica_campbell_brown,JAM
event_Q945090,athlete_storm_urupeter_taylor,NZL
event_Q1798867,athlete_carmelita_jeter,USA
event_Q47155541,athlete_erik_lesserbenedikt_dollarnd_peiffersimon_schempp,GER
event_Q22968979,athlete_roxana_cogianuioana_strungarumihaela_petrilăiuliana_popamădălina_bereslaura_opreaadelina_bogușandreea_boghiandaniela_druncea,ROU
event_Q767351,athlete_george_nashwill_satch,GBR
event_Q1799157,athlete_kaliese_spencer,JAM
event_Q1771958,athlete_yarelys_barrios,CUB
event_Q1005508,athlete_luka_špikiztok_čop,SLO
event_Q25396694,athlete_brady_ellison,USA
event_Q22968974,athlete_donata_vištartaitėmilda_valčiukaitė,LTU
event_Q22968986,athlete_domenico_montronematteo_castaldomatteo_lodogiuseppe_vicino,ITA
event_Q15052026,athlete_dorothea_wiererkarin_oberhoferdominik_windischlukas_hofer,ITA
event_Q15056101,athlete_anna_holmlund,SWE
event_Q47155408,athlete_dominik_landertinger,AUT
event_Q1005554,athlete_ilias_iliadis,GRE
event_Q1005554,athlete_masashi_nishiyama,JPN
event_Q947750,athlete_tatyana_petrova_arkhipova,RUS
event_Q1005379,athlete_tom_daley,GBR
event_Q2269155,athlete_georgia_gould,USA
event_Q22968973,athlete_duan_jingli,CHN
event_Q1005663,athlete_rafael_silva,BRA
event_Q1005663,athlete_andreas_tölzer,GER
event_Q28166,athlete_jennifer_abelémilie_heymans,CAN
event_Q143007,athlete_hwang_ji_manlee_jae_jin,KOR
event_Q1414502,athlete_joachim_fischer_nielsenchristinna_pedersen,DEN
event_Q15055978,athlete_oskars_melbārdis_daumants_dreiškens,LAT
event_Q734020,athlete_justin_gatlin,USA
event_Q25476541,athlete_lasse_norman_hansen,DEN
event_Q15620700,athlete_usajeremy_abbott_jason_brown_ashley_wagner_gracie_gold_marissa_castelli_simon_shnapir_meryl_davis_charlie_white,
event_Q22968984,athlete_andrei_jämsäallar_rajatõnu_endreksonkaspar_taimsoo,EST
event_Q1004931,athlete_thomas_lurz,GER
event_Q15292539,athlete_denis_ten,KAZ
event_Q47155467,athlete_tiril_eckhoff,NOR
event_Q1754221,athlete_huang_xuechenliu_ou,CHN
event_Q779173,athlete_yuri_alvear,COL
event_Q779173,athlete_edith_bosch,NED
event_Q225969,athlete_vincent_jay,FRA
event_Q23747965,athlete_kei_nishikori,JPN
event_Q427022,athlete_juliette_haighrebecca_scown,NZL
event_Q765839,athlete_gerd_kanter,EST
event_Q25301483,athlete_nozomi_okuhara,JPN
event_Q14643120,athlete_jean_guillaume_béatrix,FRA
event_Q841530,athlete_koji_murofushi,JPN
event_Q22968976,athlete_maria_springwaldjoanna_leszczyńskaagnieszka_kobusmonika_ciaciuch,POL
event_Q832282,athlete_bode_miller,USA
event_Q918063,athlete_mārtiņš_pļaviņšjānis_šmēdiņš,LAT
event_Q15056102,athlete_jonathan_midol,FRA
event_Q47155371,athlete_benedikt_doll,GER
event_Q769542,athlete_daisuke_takahashi,JPN
event_Q1464256,athlete_valeria_sorokinanina_vislova,RUS
event_Q28163,athlete_laura_sánchez,MEX
event_Q1222420,athlete_christina_giazitzidoualexandra_tsiavou,GRE
event_Q15056279,athlete_matthew_antoine,USA
event_Q26237421,athlete_kim_song_guk,PRK
event_Q26242954,athlete_sam_meech,NZL
event_Q26237420,athlete_kirill_grigoryan,RUS
event_Q26237423,athlete_steven_scott,GBR
event_Q26237427,athlete_kim_rhode,USA
event_Q26245392,athlete_fan_yilinmao_yishang_chunsongtan_jiaxinwang_yan,CHN
event_Q26254891,athlete_stefania_elfutina,RUS
event_Q26250761,athlete_pierre_le_coq,FRA
event_Q26235041,athlete_heidi_diethelm_gerber,SUI
event_Q26237425,athlete_abdullah_al_rashidi,IOA
event_Q26241858,athlete_anne_marie_rindom,DEN
event_Q26237636,athlete_maya_dirado,USA
event_Q26254912,athlete_ganna_rizatdinova,UKR
event_Q26271841,athlete_cenk_i̇ldem,TUR
event_Q26271841,athlete_ghasem_rezaei,IRI
event_Q26265496,athlete_amy_tinkler,GBR
event_Q26262259,athlete_erik_heilthomas_plößel,GER
event_Q26269194,athlete_ilia_shtokalov,RUS
event_Q26263222,athlete_kim_hyeon_woo,KOR
event_Q26263222,athlete_saeid_abdevali,IRI
event_Q26262262,athlete_thomas_zajactanja_frank,AUT
event_Q26262295,athlete_caleb_paine,USA
event_Q26268459,athlete_sabah_shariati,AZE
event_Q26268459,athlete_sergey_semenov,RUS
event_Q26265678,athlete_reneta_kamberovalyubomira_kazanovamihaela_maevska_velichkovatsvetelina_naydenovahristiana_todorova,BUL
event_Q26260943,athlete_lasse_norman_hansenniklas_larsenfrederik_madsencasper_von_folsachrasmus_quaade,DEN
event_Q26269219,athlete_karolina_najabeata_mikołajczyk,POL
event_Q26263261,athlete_panagiotis_mantispavlos_kagialis,GRE
event_Q26256610,athlete_yukiko_inuirisako_mitsui,JPN
event_Q26269232,athlete_inna_osypenko_radomska,AZE
event_Q26256651,athlete_aika_hakoyama_yukiko_inui_kei_marumo_risako_mitsui_kanami_nakamaki_mai_nakamura_kano_omata_kurumi_yoshida_aiko_hayashi,JPN
event_Q26271817,athlete_shmagi_bolkvadze,GEO
event_Q26271817,athlete_rasul_chunayev,AZE
event_Q26265754,athlete_camille_lecointrehélène_defrance,FRA
event_Q26262261,athlete_jena_hansenkatja_salskov_iversen,DEN
event_Q26268456,athlete_javid_hamzatau,BLR
event_Q26268456,athlete_denis_kudla,GER
event_Q2732034,athlete_mads_rasmussen_and_rasmus_quist_hansen,DEN
event_Q26389812,athlete_eric_lamaze,CAN
event_Q2718015,athlete_shane_perkins,AUS
event_Q26419091,athlete_albert_saritov,ROU
event_Q26419091,athlete_magomed_ibragimov,UZB
event_Q26308744,athlete_dmytro_ianchuktaras_mishchuk,UKR
event_Q26406504,athlete_oktawia_nowacka,POL
event_Q2648878,athlete_max_hoff,GER
event_Q26404105,athlete_sharif_sharifov,AZE
event_Q26404105,athlete_jden_cox,USA
event_Q2726820,athlete_margherita_granbassiilaria_salvatorigiovanna_trillinivalentina_vezzali,ITA
event_Q26334986,athlete_saúl_craviotto,ESP
event_Q26334986,athlete_ronald_rauhe,GER
event_Q2726788,athlete_aldo_montanodiego_occhiuzzigiampiero_pastoreluigi_tarantino,ITA
event_Q26334232,athlete_lisa_carrington,NZL
event_Q26305911,athlete_aurimas_lankasedvinas_ramanauskas,LTU
event_Q26320658,athlete_nataliya_synyshyn,AZE
event_Q26320658,athlete_sofia_mattsson,SWE
event_Q2726746,athlete_margherita_granbassi,ITA
event_Q26308566,athlete_daniel_deusser_meredith_michaels_beerbaum_ludger_beerbaum_christian_ahlmann,GER
event_Q269521,athlete_pensiri_laosirikul,THA
event_Q26404138,athlete_ibrahim_saidau,BLR
event_Q26404138,athlete_geno_petriashvili,GEO
event_Q26406514,athlete_ismael_hernández,MEX
event_Q26328066,athlete_zhang_fengliu,CHN
event_Q26328066,athlete_ekaterina_bukina,RUS
event_Q26334713,athlete_meaghan_benfeito,CAN
event_Q2726750,athlete_stefano_carozzodiego_confalonierialfredo_rotamatteo_tagliariol,ITA
event_Q263926,athlete_kelly_clark,USA
event_Q26339635,athlete_jabrayil_hasanov,AZE
event_Q26339635,athlete_soner_demirtaş,TUR
event_Q26334907,athlete_daniel_havellukáš_trefiljosef_dostáljan_štěrba,CZE
event_Q2687405,athlete_rasmus_myrgren,SWE
event_Q2634280,athlete_sofia_bekatorouvirginia_kravariotisofia_papadopoulou,GRE
event_Q2715839,athlete_kim_myong_hyok,PRK
event_Q26280676,athlete_elmira_syzdykova,KAZ
event_Q26280676,athlete_jenny_fransson,SWE
event_Q26294065,athlete_sun_yanan,CHN
event_Q26294065,athlete_elitsa_yankova,BUL
event_Q26339577,athlete_haji_aliyev,AZE
event_Q26339577,athlete_hassan_rahimi,IRI
event_Q2732321,athlete_tracy_cameron_and_melanie_kok,CAN
event_Q2731531,athlete_jonathan_coefficpierre_jean_peltierjulien_bahaincédric_berrest,FRA
event_Q2731998,athlete_iain_brambelljon_bearemike_lewisliam_parsons,CAN
event_Q26294109,athlete_marwa_amri,TUN
event_Q26294109,athlete_sakshi_malik,IND
event_Q2718019,athlete_guo_shuang,CHN
event_Q26333692,athlete_isaquias_queiroz,BRA
event_Q26401684,athlete_vicky_holland,GBR
event_Q26419030,athlete_frank_chamizo,ITA
event_Q26419030,athlete_ikhtiyor_navruzov,UZB
event_Q26335055,athlete_marharyta_makhnevanadzeya_liapeshkavolha_khudzenkamaryna_litvinchuk,BLR
event_Q26234091,athlete_denia_caballero,CUB
event_Q26328052,athlete_yekaterina_larionova,KAZ
event_Q26328052,athlete_monika_michalik,POL
event_Q2732386,athlete_diego_romero,ITA
event_Q26233790,athlete_arthur_mariano,BRA
event_Q26233786,athlete_max_whitlock,GBR
event_Q26233793,athlete_denis_ablyazin,RUS
event_Q26233796,athlete_simone_biles,USA
event_Q26233794,athlete_david_belyavskiy,RUS
event_Q26233798,athlete_giulia_steingruber,SUI
event_Q288549,athlete_goldie_sayers,GBR
event_Q305439,athlete_daniyal_gadzhiyev,KAZ
event_Q305439,athlete_damian_janikowski,POL
event_Q3039134,athlete_zofia_klepacka,POL
event_Q303268,athlete_alessandro_pittin,ITA
event_Q26233791,athlete_alexander_naddour,USA
event_Q26233478,athlete_edward_ling,GBR
event_Q2936542,athlete_liam_heathjon_schofield,GBR
event_Q2740554,athlete_iván_cambar,CUB
event_Q26233783,athlete_deng_shudilin_chaopanliu_yangyou_haozhang_chenglong,CHN
event_Q26233795,athlete_nile_wilson,GBR
event_Q3082335,athlete_anky_van_grunsvenedward_galadelinde_cornelissen,NED
event_Q305171,athlete_alicia_coutts,AUS
event_Q26233789,athlete_kenzō_shirai,JPN
event_Q26233797,athlete_sophie_scheder,GER
event_Q326382,athlete_magomedrasul_majidov,AZE
event_Q326382,athlete_ivan_dychko,KAZ
event_Q26228283,athlete_corey_cogdell,USA
event_Q1043354,athlete_hasna_benhassi,MAR
event_Q1042705,athlete_iryna_pamialovanadzeya_papokvolha_khudzenkamaryna_pautaran,BLR
event_Q26212366,athlete_jun_mizutani,JPN
event_Q26212190,athlete_sara_ahmed,EGY
event_Q1043361,athlete_priscilla_lopes_schliep,CAN
event_Q1043405,athlete_peter_vanderkaay,USA
event_Q348720,athlete_yamaguchi_falcão,BRA
event_Q348720,athlete_oleksandr_gvozdyk,UKR
event_Q1043347,athlete_sylvia_kibet,KEN
event_Q3513763,athlete_chanatip_sonkham,THA
event_Q3513763,athlete_lucija_zaninović,CRO
event_Q348714,athlete_taras_shelestyuk,UKR
event_Q348714,athlete_andrey_zamkovoy,RUS
event_Q26220718,athlete_anna_korakaki,GRE
event_Q1005771,athlete_bevan_docherty,NZL
event_Q26219852,athlete_maicon_siqueira,BRA
event_Q26219852,athlete_cha_dong_min,KOR
event_Q1064571,athlete_guo_shuang,CHN
event_Q26212275,athlete_takuya_haneda,JPN
event_Q26212310,athlete_sarah_robles,USA
event_Q26219853,athlete_hedaya_malak,EGY
event_Q26219853,athlete_kimia_alizadeh,IRI
event_Q1064381,athlete_jill_kintner,USA
event_Q334901,athlete_matthew_emmons,USA
event_Q332673,athlete_misha_aloyan,RUS
event_Q332673,athlete_michael_conlan,IRL
event_Q1005722,athlete_warren_potent,AUS
event_Q1042441,athlete_saho_haradaemiko_suzuki,JPN
event_Q26219865,athlete_allison_brockkasey_perry_glasssteffen_peterslaura_graves,USA
event_Q1064410,athlete_marion_kreiner,AUT
event_Q26219855,athlete_bianca_walkden,GBR
event_Q26219855,athlete_jackie_galloway,USA
event_Q1051974,athlete_ildikó_mincza_nébald,HUN
event_Q26212177,athlete_karina_goricheva,KAZ
event_Q26213159,athlete_jessica_fox,AUS
event_Q368950,athlete_santiago_lange_carlos_espínola,ARG
event_Q1005719,athlete_anthony_terras,FRA
event_Q1750589,athlete_reyhan_arabacıoğlu,TUR
event_Q25991462,athlete_shi_jinglin,CHN
event_Q1077323,athlete_leire_olaberria,ESP
event_Q497491,athlete_lisa_westerhoflobke_berkhout,NED
event_Q1565131,athlete_eng_hianflandy_limpele,INA
event_Q2171151,athlete_manuchar_tskhadaia,GEO
event_Q2171151,athlete_steeve_guénot,FRA
event_Q107861717,athlete_vetle_sjåstad_christiansen,NOR
event_Q544177,athlete_richard_kipkemboi_mateelong,KEN
event_Q539696,athlete_daniel_havellukáš_trefiljosef_dostáljan_štěrba,CZE
event_Q26218171,athlete_yi_siling,CHN
event_Q656724,athlete_johannes_rydzektino_edelmanneric_frenzelbjörn_kircheisen,GER
event_Q7372006,athlete_marcel_hacker,GER
event_Q370708,athlete_tonya_verbeek,CAN
event_Q370708,athlete_jackeline_rentería,COL
event_Q2570052,athlete_josé_luis_abajo,ESP
event_Q7400301,athlete_torben_grael_nelson_falcão,BRA
event_Q2070431,athlete_marina_volnova,KAZ
event_Q2070431,athlete_li_jinzi,CHN
event_Q1573389,athlete_monique_knol,NED
event_Q2563908,athlete_fredrik_lööfanders_ekström,SWE
event_Q18391270,athlete_eric_verdonk,NZL
event_Q22964432,athlete_gu_xiaolilu_huali,CHN
event_Q7400304,athlete_jørgen_bojsen_møller_jens_bojsen_møller,DEN
event_Q7372003,athlete_marco_geislerandreas_hajekstephan_volkertandré_willms,GER
event_Q1439757,athlete_heike_drechsler,GDR
event_Q1573400,athlete_laima_zilporytė,URS
event_Q526367,athlete_mark_oldershaw,CAN
event_Q1066796,athlete_diana_lópez,USA
event_Q1066796,athlete_martina_zubčić,CRO
event_Q25932069,athlete_emma_mckeon,AUS
event_Q602540,athlete_lotte_friis,DEN
event_Q25863642,athlete_aliaksandra_herasimenia,BLR
event_Q2570149,athlete_mihai_covaliu,ROU
event_Q47309900,athlete_semion_elistratov,OAR
event_Q22964430,athlete_sadik_mujkičbojan_prešern,YUG
event_Q1560063,athlete_xia_xuanze,CHN
event_Q7400296,athlete_john_shadden_charles_mckee,USA
event_Q7372011,athlete_christine_collinssarah_garner,USA
event_Q26212154,athlete_kamran_shakhsuvarly,AZE
event_Q26212154,athlete_misael_rodríguez,MEX
event_Q2070029,athlete_marleen_veldhuis,NED
event_Q17063531,athlete_cornelia_sirch,GDR
event_Q47309816,athlete_lim_hyo_jun,KOR
event_Q26155833,athlete_matt_kuchar,USA
event_Q522820,athlete_triyatno,INA
event_Q26212159,athlete_naohisa_takato,JPN
event_Q26212159,athlete_diyorbek_urozboev,UZB
event_Q2070048,athlete_mavzuna_chorieva,TJK
event_Q2070048,athlete_adriana_araujo,BRA
event_Q2071238,athlete_michal_martikán,SVK
event_Q107802331,athlete_uliana_nigmatullinakristina_reztsovaalexander_loginoveduard_latypov,ROC
event_Q1067796,athlete_oussama_mellouli,TUN
event_Q26212148,athlete_luis_javier_mosquera,COL
event_Q2022105,athlete_susi_susanti,INA
event_Q603505,athlete_jessicah_schipper,AUS
event_Q2566720,athlete_jan_peter_peckolt_hannes_peckolt,GER
event_Q526698,athlete_arkady_vyatchanin,RUS
event_Q1997551,athlete_trần_lê_quốc_toàn,VIE
event_Q383513,athlete_marie_dorin,FRA
event_Q2026292,athlete_tang_yi,CHN
event_Q1192124,athlete_wandee_kameaim,THA
event_Q1856784,athlete_christoph_sauser,SUI
event_Q508776,athlete_jadier_valladares,CUB
event_Q65242336,athlete_elina_svitolina,UKR
event_Q26212150,athlete_sinphet_kruaithong,THA
event_Q2065523,athlete_olga_slyusareva,RUS
event_Q580474,athlete_simon_van_velthooven,NZL
event_Q580474,athlete_teun_mulder,NED
event_Q578012,athlete_gregor_schlierenzauer,AUT
event_Q1444605,athlete_lorraine_moller,NZL
event_Q2071266,athlete_natsumi_hoshi,JPN
event_Q17033536,athlete_andrea_benelli,ITA
event_Q379473,athlete_françois_louis_tremblay,CAN
event_Q727674,athlete_anne_poleska,GER
event_Q15056263,athlete_aghasi_mammadov,AZE
event_Q15056263,athlete_bahodirjon_sultonov,UZB
event_Q7400300,athlete_frank_mclaughlin_john_millen,CAN
event_Q65242164,athlete_emma_oosterwegel,NED
event_Q734628,athlete_chris_klug,USA
event_Q26212147,athlete_mohamed_ehab,EGY
event_Q2212666,athlete_bart_brentjens,NED
event_Q609985,athlete_karin_thürig,SUI
event_Q727687,athlete_ian_thorpe,AUS
event_Q107802335,athlete_johannes_thingnes_bø,NOR
event_Q2133123,athlete_diana_žiliūtė,LTU
event_Q26218913,athlete_kristina_bröring_sprehe,GER
event_Q22964428,athlete_jens_köppensteffen_zühlkesteffen_bogsheiko_habermann,GDR
event_Q22964421,athlete_anișoara_bălananişoara_mineaveronica_cogeanuelisabeta_lipă,ROU
event_Q22964427,athlete_guido_grabowvolker_grabownorbert_keßlaujörg_puttlitz,FRG
event_Q635304,athlete_nzlsam_bewley_hayden_roulston_marc_ryan_jesse_sergent_westley_gough,
event_Q25927636,athlete_gabriele_detti,ITA
event_Q25991454,athlete_wang_shun,CHN
event_Q7372004,athlete_karen_kraftmelissa_ryan,USA
event_Q684586,athlete_mark_crear,USA
event_Q25932068,athlete_leah_smith,USA
event_Q22964424,athlete_zhou_xiuhuazhang_yalihe_yanwenhan_yaqinzhang_xianghuazhou_shouyingyang_xiaohu_yadongli_ronghua,CHN
event_Q1184283,athlete_kristina_cook,GBR
event_Q1067970,athlete_sarah_stevenson,GBR
event_Q1067970,athlete_natália_falavigna,BRA
event_Q26208276,athlete_lázaro_álvarez,CUB
event_Q26208276,athlete_dorjnyambuugiin_otgondalai,MGL
event_Q26218605,athlete_dariga_shakimova,KAZ
event_Q26218605,athlete_li_qian,CHN
event_Q17018014,athlete_takanobu_jumonji,JPN
event_Q65235550,athlete_tsukasa_yoshida,JPN
event_Q65235550,athlete_jessica_klimkait,CAN
event_Q7400311,athlete_tõnu_tõniste_toomas_tõniste,EST
event_Q1095367,athlete_abeer_abdelrahman,EGY
event_Q574129,athlete_maria_kristin_yulianti,INA
event_Q7372002,athlete_pascal_touronthibaud_chapelle,FRA
event_Q22964423,athlete_nikki_payne_lynley_hannen,NZL
event_Q26217722,athlete_timo_bolldimitrij_ovtcharovbastian_steger,GER
event_Q1194001,athlete_joanne_jackson,GBR
event_Q2025976,athlete_timo_bolldimitrij_ovtcharovbastian_steger,GER
event_Q1139399,athlete_eko_yuli_irawan,INA
event_Q600157,athlete_yannick_szczepaniak,FRA
event_Q600157,athlete_yury_patrikeyev,ARM
event_Q257545,athlete_david_neville,USA
event_Q25932666,athlete_hilary_caldwell,CAN
event_Q17063534,athlete_manuela_stellmach,GDR
event_Q1750582,athlete_aree_wiratthaworn,THA
event_Q17515791,athlete_thomas_lange,GER
event_Q26218947,athlete_cody_miller,USA
event_Q2563992,athlete_guo_yue,CHN
event_Q7372009,athlete_buffy_alexanderlaryssa_biesenthalheather_davisalison_korntheresa_lukeheather_mcdermidemma_robinsonlesley_thompsondorota_urbaniak,CAN
event_Q374871,athlete_mariana_avitia,MEX
event_Q2022221,athlete_ha_tae_kwonkim_dong_moon,KOR
event_Q26212176,athlete_kuo_hsing_chun,TPE
event_Q571174,athlete_armen_vardanyan,UKR
event_Q571174,athlete_mikhail_siamionau,BLR
event_Q2022115,athlete_rashid_sidek,MAS
event_Q65242363,athlete_hayden_wilde,NZL
event_Q1750592,athlete_israel_josé_rubio,VEN
event_Q571263,athlete_irina_khazova_natalya_korostelyova,RUS
event_Q15703663,athlete_allar_levandi,URS
event_Q613571,athlete_christoph_sumann,AUT
event_Q22964422,athlete_magdalena_georgieva,BUL
event_Q2051400,athlete_elizabeth_beisel,USA
event_Q595972,athlete_bob_de_jong,NED
event_Q17515790,athlete_anthony_edwardsbruce_hick,AUS
event_Q593761,athlete_reese_hoffa,USA
event_Q65242200,athlete_ashley_moloney,AUS
event_Q47309929,athlete_kim_boutin,CAN
event_Q26208602,athlete_rustam_tulaganov,UZB
event_Q26208602,athlete_erislandy_savón,CUB
event_Q737066,athlete_sony_dwi_kuncoro,INA
event_Q22964434,athlete_antje_frankannette_hohngabriele_mehlbirte_siech,GER
event_Q628945,athlete_donny_robinson,USA
event_Q2570068,athlete_rebecca_ward,USA
event_Q26212144,athlete_aleksandr_zaychikov,KAZ
event_Q107861723,athlete_marte_olsbu_røiseland,NOR
event_Q1066390,athlete_kelly_sotherton,GBR
event_Q7400298,athlete_john_cutler,NZL
event_Q26212146,athlete_denis_ulanov,KAZ
event_Q26219832,athlete_sergiu_toma,UAE
event_Q26219832,athlete_takanori_nagase,JPN
event_Q17088224,athlete_ryohei_koba,JPN
event_Q47309958,athlete_suzanne_schultingyara_van_kerkhoflara_van_ruijvenjorien_ter_mors,NED
event_Q198766,athlete_robson_da_silva,BRA
event_Q1067077,athlete_daynellis_montejo,CUB
event_Q1067077,athlete_dalia_contreras,VEN
event_Q25991451,athlete_anton_chupkov,RUS
event_Q584030,athlete_yane_marques,BRA
event_Q7371998,athlete_james_stewartben_dodwellgeoff_stewartbo_hanson,AUS
event_Q595962,athlete_marit_bjørgen,NOR
event_Q581364,athlete_disney_rodríguez,CUB
event_Q581364,athlete_marid_mutalimov,KAZ
event_Q26217871,athlete_sally_conway,GBR
event_Q26217871,athlete_laura_vargas_koch,GER
event_Q20948675,athlete_ken_wallacelachlan_tame,AUS
event_Q25927635,athlete_conor_dwyer,USA
event_Q7400299,athlete_jesper_bank_jan_mathiasen_steen_secher,DEN
event_Q1137721,athlete_yu_dan,CHN
event_Q26218607,athlete_mira_potkonen,FIN
event_Q26218607,athlete_anastasia_belyakova,RUS
event_Q547331,athlete_elise_laverick_and_anna_bebington,GBR
event_Q26219824,athlete_li_yuehong,CHN
event_Q1440658,athlete_věra_pospíšilová_cechlová,CZE
event_Q18449954,athlete_fumiko_okunoaki_takayama,JPN
event_Q2142977,athlete_terrence_jennings,USA
event_Q2142977,athlete_rohullah_nikpai,AFG
event_Q7400307,athlete_lawrie_smith_robert_cruickshank_ossie_stewart,GBR
event_Q2048869,athlete_gábor_hatos,HUN
event_Q2048869,athlete_denis_tsargush,RUS
event_Q25991449,athlete_evgeny_rylov,RUS
event_Q1156695,athlete_sun_yujie,CHN
event_Q2198226,athlete_danil_burkenya,RUS
event_Q1143843,athlete_jung_jin_sun,KOR
event_Q16968702,athlete_oksana_dorodnovairina_fedotovayuliya_levinalarisa_merk,RUS
event_Q1750576,athlete_sedat_artuç,TUR
event_Q1193987,athlete_natalie_coughlin,USA
event_Q679870,athlete_nikolaj_pešalov,CRO
event_Q374383,athlete_julien_benneteaurichard_gasquet,FRA
event_Q735286,athlete_rossano_galtarossaalessio_sartori,ITA
event_Q2563962,athlete_fernanda_oliveiraisabel_swan,BRA
event_Q1089565,athlete_pang_jiaying,CHN
event_Q1439323,athlete_miréla_manjani,GRE
event_Q2563927,athlete_shahar_tzuberi,ISR
event_Q26212160,athlete_rishod_sobirov,UZB
event_Q26212160,athlete_masashi_ebinuma,JPN
event_Q577260,athlete_kiyofumi_nagai,JPN
event_Q26219830,athlete_lasha_shavdatuashvili,GEO
event_Q26219830,athlete_dirk_van_tichelt,BEL
event_Q2091137,athlete_péter_módos,HUN
event_Q2091137,athlete_mingiyan_semenov,RUS
event_Q220855,athlete_maurice_greene,USA
event_Q26213161,athlete_gauthier_klaussmatthieu_péché,FRA
event_Q2618235,athlete_sandra_auffarth,GER
event_Q1075752,athlete_andrejus_zadneprovskis,LTU
event_Q1439338,athlete_debbie_ferguson,BAH
event_Q25991466,athlete_mireia_belmonte,ESP
event_Q656634,athlete_leevan_sands,BAH
event_Q579227,athlete_andrew_lauterstein,AUS
event_Q25991463,athlete_dana_vollmer,USA
event_Q221335,athlete_mikhail_botvinov,AUT
event_Q613470,athlete_bernhard_gruber,AUT
event_Q1156706,athlete_maya_lawrencecourtney_hurleykelley_hurleysusie_scanlan,USA
event_Q1156710,athlete_peter_joppichsebastian_bachmannbenjamin_kleibrinkandré_weßels,GER
event_Q25932055,athlete_sarah_sjöström,SWE
event_Q65235579,athlete_isrtohar_butbultimna_nelson_levybaruch_shmailovshira_rishonyli_kochmangili_sharirsagi_mukiraz_hershkopeter_paltchikinbar_laniror_sasson,
event_Q65235579,athlete_gersebastian_seidlkatharina_menzigor_wandtketheresa_stolldominic_resselgiovanna_scoccimarroeduard_trippelmartyna_trajdosjohannes_freyjasmin_grabowskikarl_richard_freyanna_maria_wagner,
event_Q1156700,athlete_choi_byung_chul,KOR
event_Q607576,athlete_gevorg_davtyan,ARM
event_Q2157561,athlete_anastasia_baryshnikova,RUS
event_Q2157561,athlete_maría_espinoza,MEX
event_Q65242174,athlete_vítězslav_veselý,CZE
event_Q2112865,athlete_susan_demattei,USA
event_Q1575430,athlete_zhou_mi,CHN
event_Q596094,athlete_ryan_cochrane,CAN
event_Q107861696,athlete_said_karimulla_khalilialexander_loginovmaxim_tsvetkoveduard_latypov,ROC
event_Q2070832,athlete_rené_endersmaximilian_levyrobert_förstemann,GER
event_Q107861714,athlete_tiril_eckhoff,NOR
event_Q47309836,athlete_kim_boutin,CAN
event_Q584005,athlete_przemysław_miarczyński,POL
event_Q517035,athlete_virgilijus_alekna,LTU
event_Q1750716,athlete_wandee_kameaim,THA
event_Q26212152,athlete_vladimir_nikitin,RUS
event_Q26212152,athlete_murodjon_akhmadaliev,UZB
event_Q1604222,athlete_yang_yang_a,CHN
event_Q162056,athlete_simon_archer_joanne_goode,GBR
event_Q107861706,athlete_vanessa_voigtvanessa_hinzfranziska_preußdenise_herrmann,GER
event_Q7400306,athlete_julia_trotman,USA
event_Q1084677,athlete_tasha_danvers,GBR
event_Q22964420,athlete_marioara_trașcăveronica_neculaherta_anitașdoina_șnep_bălanecaterina_oancia,ROU
event_Q107861726,athlete_marte_olsbu_røiseland,NOR
event_Q733026,athlete_mohamed_suleiman,QAT
event_Q1534918,athlete_jan_einar_thorsen,NOR
event_Q25863624,athlete_nathan_adrian,USA
event_Q259965,athlete_gregor_schlierenzauer,AUT
event_Q7400309,athlete_lars_kleppich,AUS
event_Q16953154,athlete_antonio_tarver,USA
event_Q16953154,athlete_thomas_ulrich,GER
event_Q2072744,athlete_vugar_orujov,EUN
event_Q609385,athlete_yuliya_bichyknatallia_helakh,BLR
event_Q26217896,athlete_mayra_aguiar,BRA
event_Q26217896,athlete_anamari_velenšek,SLO
event_Q19819174,athlete_blyth_tait,NZL
event_Q47309990,athlete_samuel_girardcharles_hamelincharle_cournoyerpascal_dion,CAN
event_Q25991461,athlete_katie_meili,USA
event_Q1094686,athlete_mirna_jukić,AUT
event_Q2096231,athlete_jackeline_rentería,COL
event_Q2096231,athlete_yuliya_ratkevich,AZE
event_Q26155830,athlete_yoon_jin_hee,KOR
event_Q26218598,athlete_yarden_gerbi,ISR
event_Q26218598,athlete_anicka_van_emden,NED
event_Q26212155,athlete_filip_hrgović,CRO
event_Q26212155,athlete_ivan_dychko,KAZ
event_Q26155834,athlete_shanshan_feng,CHN
event_Q2570158,athlete_salvatore_sanzo,ITA
event_Q25991459,athlete_kylie_masse,CAN
event_Q25991459,athlete_fu_yuanhui,CHN
event_Q7400308,athlete_craig_monk,NZL
event_Q1067772,athlete_li_xuanxu,CHN
event_Q1750578,athlete_mabel_mosquera,COL
event_Q107861699,athlete_tarjei_bø,NOR
event_Q107861710,athlete_dorothea_wierer,ITA
event_Q26212161,athlete_misato_nakamura,JPN
event_Q26212161,athlete_natalia_kuziutina,RUS
event_Q1193982,athlete_margaret_hoelzer,USA
event_Q635823,athlete_mathieu_bozzetto,FRA
event_Q2201769,athlete_joan_lino_martínez,ESP
event_Q7371997,athlete_matthew_longjames_tomkins,AUS
event_Q1005685,athlete_servet_tazegül,TUR
event_Q1005685,athlete_sung_yu_chi,TPE
event_Q2564420,athlete_nicolas_charbonnierolivier_bausset,FRA
event_Q586729,athlete_martina_sáblíková,CZE
event_Q22964419,athlete_violeta_ninovastefka_madina,BUL
event_Q26218466,athlete_rafael_silva,BRA
event_Q26218466,athlete_or_sasson,ISR
event_Q22964425,athlete_oleksandr_marchenkovasil_yakusha,URS
event_Q26215191,athlete_dong_bin,CHN
event_Q26155829,athlete_hiromi_miyake,JPN
event_Q1075735,athlete_anastasiya_samusevich,BLR
event_Q1193966,athlete_jessicah_schipper,AUS
event_Q26217865,athlete_telma_monteiro,POR
event_Q26217865,athlete_kaori_matsumoto,JPN
event_Q1156715,athlete_olha_kharlan,UKR
event_Q662887,athlete_alisa_camplin,AUS
event_Q1439291,athlete_eliud_kipchoge,KEN
event_Q580481,athlete_kristina_groves,CAN
event_Q1131387,athlete_beezie_madden,USA
event_Q2070058,athlete_mary_kom,IND
event_Q2070058,athlete_marlen_esparza,USA
event_Q65235532,athlete_teddy_riner,FRA
event_Q65235532,athlete_tamerlan_bashaev,ROC
event_Q7400302,athlete_lars_grael_clinio_freitas,BRA
event_Q1997032,athlete_madias_nzesso,CMR
event_Q7372007,athlete_kristina_poplavskajabirutė_šakickienė,LTU
event_Q1750591,athlete_valentina_popova,RUS
event_Q26212162,athlete_ami_kondo,JPN
event_Q26212162,athlete_galbadrakhyn_otgontsetseg,KAZ
event_Q610603,athlete_jakov_fak,CRO
event_Q26218320,athlete_shane_rosestuart_tinneysam_griffithschris_burton,AUS
event_Q2022215,athlete_gao_ling_qin_yiyuan,CHN
event_Q1750587,athlete_zarema_kasaeva,RUS
event_Q664418,athlete_cindy_klassen,CAN
event_Q634029,athlete_julien_desprèsbenjamin_rondeaugermain_chardindorian_mortelette,FRA
event_Q1067383,athlete_kaori_kawanakaren_hayakawamiki_kanie,JPN
event_Q25932075,athlete_boglárka_kapás,HUN
event_Q26212145,athlete_aurimas_didžbalis,LTU
event_Q20670790,athlete_fumiko_okuno,JPN
event_Q26212151,athlete_vitaly_dunaytsev,RUS
event_Q26212151,athlete_artem_harutyunyan,GER
event_Q26218274,athlete_phillip_dutton,USA
event_Q1750595,athlete_pyrros_dimas,GRE
event_Q26219847,athlete_cyrille_maret,FRA
event_Q26219847,athlete_ryunosuke_haga,JPN
event_Q651065,athlete_kyoko_hamaguchi,JPN
event_Q651065,athlete_agnieszka_wieszczek,POL
event_Q107861704,athlete_eduard_latypov,ROC
event_Q1439276,athlete_sergey_makarov,RUS
event_Q25991448,athlete_gabriele_detti,ITA
event_Q7400297,athlete_mike_gebhardt,USA
event_Q1137646,athlete_valentina_vezzali,ITA
event_Q735299,athlete_christoph_bielermichael_grubermario_stecherfelix_gottwald,AUT
event_Q22964429,athlete_andy_holmessteve_redgravepatrick_sweeney_cox,GBR
event_Q26219831,athlete_gwak_dong_han,KOR
event_Q26219831,athlete_cheng_xunzhao,CHN
event_Q25927634,athlete_nathan_adrian,USA
event_Q15056264,athlete_vitali_tajbert,GER
event_Q15056264,athlete_jo_seok_hwan,KOR
event_Q1092809,athlete_raema_lisa_rumbewas,INA
event_Q65242345,athlete_pablo_carreño_busta,ESP
event_Q25991456,athlete_james_roberts_kyle_chalmers_james_magnussen_cameron_mcevoy_matthew_abood_indicates_the_swimmer_only_competed_in_the_preliminary_heats,AUS
event_Q2562124,athlete_wang_liqin,CHN
event_Q26205999,athlete_hu_jianguan,CHN
event_Q26213160,athlete_jiří_prskavec,CZE
event_Q1065640,athlete_mariam_usman,NGR
event_Q26212149,athlete_farkhad_kharki,KAZ
event_Q1094667,athlete_cate_campbell,AUS
event_Q722895,athlete_dimitri_lykin,RUS
event_Q65242359,athlete_katie_zaferes,USA
event_Q26037184,athlete_joahnys_argilagos,CUB
event_Q26037184,athlete_nico_hernández,USA
event_Q7400305,athlete_ross_macdonald_eric_jespersen,CAN
event_Q548072,athlete_olivia_nobs,SUI
event_Q730927,athlete_aino_kaisa_saarinen_virpi_kuitunen,FIN
event_Q65235526,athlete_davlat_bobonov,UZB
event_Q65235526,athlete_krisztián_tóth,HUN
event_Q26218608,athlete_ren_cancan,CHN
event_Q26218608,athlete_ingrit_valencia,COL
event_Q65242331,athlete_laura_pigossiluisa_stefani,BRA
event_Q1570183,athlete_thomas_stuer_lauridsen,DEN
event_Q1570183,athlete_hermawan_susanto,INA
event_Q1750579,athlete_eduard_tyukin,RUS
event_Q65235557,athlete_maria_centracchio,ITA
event_Q65235557,athlete_catherine_beauchemin_pinard,CAN
event_Q22964435,athlete_antonina_zelikovichtetiana_ustiuzhaninaekaterina_karstenyelena_khloptseva,EUN
event_Q26208316,athlete_mohammed_rabii,MAR
event_Q26208316,athlete_souleymane_cissokho,FRA
event_Q734997,athlete_fernando_gonzález,CHI
event_Q614894,athlete_park_seung_hi,KOR
event_Q1750583,athlete_gleb_pisarevskiy,RUS
event_Q26208513,athlete_mathieu_bauderlique,FRA
event_Q26208513,athlete_joshua_buatsi,GBR
event_Q599412,athlete_nikolay_kovalev,RUS
event_Q25991447,athlete_david_plummer,USA
event_Q26219849,athlete_joel_gonzález,ESP
event_Q26219849,athlete_lee_dae_hoon,KOR
event_Q25991455,athlete_daiya_seto,JPN
event_Q17063526,athlete_dmitry_volkov,URS
event_Q581788,athlete_juan_martín_del_potro,ARG
event_Q588440,athlete_ramzy_al_duhami_abdullah_bin_mutaib_al_saud_kamal_bahamdan_abdullah_waleed_sharbatly,KSA
event_Q260204,athlete_sandra_šarić,CRO
event_Q260204,athlete_gwladys_épangue,FRA
event_Q25991464,athlete_natsumi_hoshi,JPN
event_Q7371994,athlete_kajetan_broniewski,POL
event_Q26217860,athlete_kasumi_ishikawaai_fukuharamima_ito,JPN
event_Q26218599,athlete_kanae_yamabe,JPN
event_Q26218599,athlete_yu_song,CHN
event_Q2174649,athlete_erin_densham,AUS
event_Q7371999,athlete_giovanni_calabresenicola_sartori,ITA
event_Q2000524,athlete_paddy_barnes,IRL
event_Q2000524,athlete_david_ayrapetyan,RUS
event_Q662184,athlete_chris_thorpe_clay_ives,USA
event_Q26219848,athlete_luisito_pié,DOM
event_Q26219848,athlete_kim_tae_hun,KOR
event_Q7372001,athlete_søren_madsenthomas_eberteskild_ebbesenvictor_feddersen,DEN
event_Q1194982,athlete_yelena_shalygina,KAZ
event_Q1194982,athlete_randi_miller,USA
event_Q384953,athlete_lukáš_bauer,CZE
event_Q1439249,athlete_anier_garcía,CUB
event_Q22964437,athlete_silken_laumann,CAN
event_Q7400312,athlete_dorien_de_vries,NED
event_Q1222467,athlete_veronika_stallmaier,AUT
event_Q22964445,athlete_iztok_čopdenis_žvegelj,SLO
event_Q1222171,athlete_bente_martinsen,NOR
event_Q826852,athlete_manabu_horii,JPN
event_Q1221935,athlete_uschi_disl,GER
event_Q31844,athlete_yasniel_toledo,CUB
event_Q31844,athlete_evaldas_petrauskas,LTU
event_Q1222146,athlete_viola_bauer,GER
event_Q917323,athlete_ibrahim_camejo,CUB
event_Q7500747,athlete_attila_záhonyi,HUN
event_Q1222543,athlete_constanța_burcicăviorica_susanurodica_şerbanenikő_barabássimona_muşatioana_papucgeorgeta_andrunachedoina_ignatcox_elena_georgescu,ROU
event_Q22964449,athlete_virginia_leerebecca_joyce,AUS
event_Q3001407,athlete_cédric_mathy,BEL
event_Q2550697,athlete_rıza_kayaalp,TUR
event_Q2550697,athlete_johan_eurén,SWE
event_Q748648,athlete_mathias_fredrikssonmats_larssonjohan_olsson_anders_södergren,SWE
event_Q14643126,athlete_jaroslav_soukup,CZE
event_Q7656687,athlete_paul_kingsman,NZL
event_Q7500819,athlete_maria_feklistova,RUS
event_Q4786035,athlete_vladimir_yesheyev,URS
event_Q2299006,athlete_akzhurek_tanatarov,KAZ
event_Q2299006,athlete_liván_lópez,CUB
event_Q2494175,athlete_alexey_korovashkovilya_pervukhin,RUS
event_Q2358274,athlete_zaur_kuramagomedov,RUS
event_Q2358274,athlete_ryutaro_matsumoto,JPN
event_Q8979743,athlete_cian_oconnor,IRL
event_Q782429,athlete_håvard_bøkko,NOR
event_Q15056068,athlete_magnus_krog,NOR
event_Q905472,athlete_bryon_wilson,USA
event_Q2521962,athlete_soronzonboldyn_battsetseg,MGL
event_Q2521962,athlete_lubov_volosova,RUS
event_Q848666,athlete_wang_beixing,CHN
event_Q27961940,athlete_wang_xianbo,CHN
event_Q27961940,athlete_claudia_zwiers,NED
event_Q826539,athlete_lasse_sætre,NOR
event_Q25397018,athlete_kim_song_i,PRK
event_Q769467,athlete_stefano_battistelli,ITA
event_Q1005322,athlete_rené_enders_maximilian_levy_stefan_nimke,GER
event_Q1222469,athlete_isolde_kostner,ITA
event_Q7979982,athlete_nicu_vlad,ROU
event_Q15055009,athlete_christof_innerhofer,ITA
event_Q15055028,athlete_kristin_størmer_steira,NOR
event_Q15055033,athlete_ida_ingemarsdotterstina_nilsson,SWE
event_Q886732,athlete_oleksandr_beresch,UKR
event_Q1433101,athlete_manuel_martínez,ESP
event_Q7979974,athlete_andreas_behm,GER
event_Q3499001,athlete_chris_campbell,USA
event_Q1432187,athlete_abderrahmane_hammad,ALG
event_Q1005244,athlete_yordanis_borrero,CUB
event_Q7500847,athlete_zemfira_meftahatdinova,AZE
event_Q781406,athlete_odd_bjørn_hjelmeset,NOR
event_Q906128,athlete_simone_hauswald,GER
event_Q1221939,athlete_anita_moen_guidon,NOR
event_Q848696,athlete_chad_hedrick,USA
event_Q22964443,athlete_alessandro_coronagianluca_farinarossano_galtarossafilippo_soffici,ITA
event_Q963859,athlete_vitaly_scherbo,BLR
event_Q1222533,athlete_zali_steggall,AUS
event_Q7979972,athlete_luo_jianming,CHN
event_Q3001455,athlete_dainis_ozols,LAT
event_Q685266,athlete_ekaterina_karsten,BLR
event_Q7979977,athlete_not_awarded,
event_Q765657,athlete_ren_hui,CHN
event_Q7500737,athlete_johann_riederer,FRG
event_Q1005423,athlete_christian_reitz,GER
event_Q61539,athlete_bazar_bazarguruev,KGZ
event_Q61539,athlete_morad_mohammadi,IRI
event_Q899312,athlete_ivan_tsikhan,BLR
event_Q22964442,athlete_milan_janšasadik_mujkičsašo_mirjaničjanez_klemenčič,SLO
event_Q7400314,athlete_jennifer_isler_pamela_healy,USA
event_Q1222168,athlete_vida_vencienė,URS
event_Q15056105,athlete_nick_goepper,USA
event_Q7674783,athlete_yoriko_okamoto,JPN
event_Q4951839,athlete_jérôme_thomas,FRA
event_Q4951839,athlete_vladimir_sidorenko,UKR
event_Q15056067,athlete_fabian_rießle,GER
event_Q2353351,athlete_maialen_chourraut,ESP
event_Q932865,athlete_sanya_richards,USA
event_Q906859,athlete_tatsiana_stukalava,BLR
event_Q3498676,athlete_william_scherr,USA
event_Q677063,athlete_tervel_dlagnev,USA
event_Q677063,athlete_daulet_shabanbay,KAZ
event_Q846788,athlete_halvard_hanevold,NOR
event_Q247070,athlete_denis_nizhegorodov,RUS
event_Q691742,athlete_scott_lago,USA
event_Q7400334,athlete_torben_grael_marcelo_ferreira,BRA
event_Q7500748,athlete_jorge_guardiola,ESP
event_Q1222651,athlete_deidra_dionne,CAN
event_Q7656712,athlete_qian_hong,CHN
event_Q1222109,athlete_hiromi_yamamoto,JPN
event_Q240257,athlete_katie_hoff,USA
event_Q15056095,athlete_hannah_kearney,USA
event_Q7656705,athlete_silke_hörner,GDR
event_Q5280017,athlete_philippe_candeloro,FRA
event_Q1222524,athlete_christa_kinshofer,FRG
event_Q22964439,athlete_sylvia_dördelmannkathrin_haackerchristiane_harzendorfdaniela_neunastcerstin_petersmanndana_pyritzannegret_strauchute_schelljudith_zeidler,GER
event_Q1221810,athlete_kim_so_hee,KOR
event_Q15055034,athlete_emil_jönssonteodor_peterson,SWE
event_Q638285,athlete_catriona_lemay_doan,CAN
event_Q15054994,athlete_lara_gut,SUI
event_Q4786049,athlete_oh_kyo_moon,KOR
event_Q917752,athlete_bruno_kernen,SUI
event_Q7656695,athlete_artur_wojdat,POL
event_Q3498940,athlete_rahmat_sofiadi,BUL
event_Q2724464,athlete_jaroslav_bába,CZE
event_Q847288,athlete_sven_fischer,GER
event_Q1222212,athlete_alenka_dovžan,SLO
event_Q870649,athlete_jean_yves_cuendetandreas_schaadhippolyt_kempf,SUI
event_Q775967,athlete_aleksei_alipov,RUS
event_Q917348,athlete_kerron_stewart,JAM
event_Q3498987,athlete_ali_kayalı,TUR
event_Q4951834,athlete_oleg_kiryukhin,UKR
event_Q4951834,athlete_rafael_lozano,ESP
event_Q1202526,athlete_lesya_kalytovska,UKR
event_Q1222025,athlete_larisa_lazutina,RUS
event_Q15052012,athlete_ondřej_moravec,CZE
event_Q1222529,athlete_katja_koren,SLO
event_Q7500840,athlete_wang_chengyi,CHN
event_Q1221864,athlete_marjo_matikainen,FIN
event_Q15056096,athlete_alexandr_smyshlyaev,RUS
event_Q7400342,athlete_vasilij_žbogar,SLO
event_Q1337042,athlete_im_dong_hyunkim_bub_minoh_jin_hyek,KOR
event_Q25386274,athlete_sun_yiwen,CHN
event_Q7656689,athlete_sergio_lópez_miró,ESP
event_Q841897,athlete_anja_pärson,SWE
event_Q1432476,athlete_assefa_mezgebu,ETH
event_Q7500739,athlete_zoltán_kovács,HUN
event_Q2557145,athlete_jeon_sang_guen,KOR
event_Q15055073,athlete_alex_deibold,USA
event_Q3400664,athlete_judith_arndt,GER
event_Q7400341,athlete_mateusz_kusznierewicz,POL
event_Q7500816,athlete_james_graves,USA
event_Q762663,athlete_benoît_caranobe,FRA
event_Q15055013,athlete_jan_hudec,CAN
event_Q15055013,athlete_bode_miller,USA
event_Q15055074,athlete_jenny_jones,GBR
event_Q906865,athlete_agata_wróbel,POL
event_Q853003,athlete_walter_dix,USA
event_Q3001409,athlete_aleksei_markov,RUS
event_Q7979978,athlete_sergiusz_wołczaniecki,POL
event_Q7979968,athlete_waldemar_malak,POL
event_Q771886,athlete_eko_yuli_irawan,INA
event_Q4951846,athlete_vugar_alakbarov,AZE
event_Q4951846,athlete_zsolt_erdei,HUN
event_Q2364389,athlete_ivan_efremov,UZB
event_Q1433079,athlete_tatyana_kotova,RUS
event_Q15056100,athlete_jia_zongyang,CHN
event_Q7400319,athlete_hugo_rocha_nuno_barreto,POR
event_Q7656686,athlete_andy_jameson,GBR
event_Q3498597,athlete_rasoul_khadem,IRI
event_Q3498966,athlete_kim_yong_sik,PRK
event_Q1360895,athlete_munkhbayar_dorjsuren,GER
event_Q1222466,athlete_karen_percy,CAN
event_Q24906829,athlete_elmurat_tasmuradov,UZB
event_Q24906829,athlete_stig_andré_berge,NOR
event_Q7400328,athlete_fredrik_lööf,SWE
event_Q3001459,athlete_andreas_klöden,GER
event_Q7400320,athlete_gal_fridman,ISR
event_Q279295,athlete_alex_coomber,GBR
event_Q841946,athlete_elisabeth_görgl,AUT
event_Q14643199,athlete_teja_gregorin,SLO
event_Q1222632,athlete_mellisa_hollingsworth,CAN
event_Q1005235,athlete_roman_amoyan,ARM
event_Q1005235,athlete_park_eun_chul,KOR
event_Q923513,athlete_taras_danko,UKR
event_Q923513,athlete_georgy_ketoev,RUS
event_Q704595,athlete_chu_mu_yen,TPE
event_Q704595,athlete_rohullah_nikpai,AFG
event_Q942244,athlete_monica_seles,USA
event_Q15056104,athlete_kim_lamarre,CAN
event_Q1432289,athlete_fernanda_ribeiro,POR
event_Q2297621,athlete_sam_bewleyaaron_gatemarc_ryanjesse_sergentwestley_gough,NZL
event_Q917333,athlete_chelsea_hammond,JAM
event_Q1372090,athlete_tomasz_zieliński,POL
event_Q488601,athlete_calvin_smith,USA
event_Q1222644,athlete_isolde_kostner,ITA
event_Q3498626,athlete_kim_tae_woo,KOR
event_Q1222474,athlete_florence_masnada,FRA
event_Q15055083,athlete_alena_zavarzina,RUS
event_Q681571,athlete_fehaid_al_deehani,KUW
event_Q523492,athlete_andreas_goldberger,AUT
event_Q15055007,athlete_julia_mancuso,USA
event_Q936086,athlete_césar_cielo,BRA
event_Q936086,athlete_jason_lezak,USA
event_Q2430785,athlete_li_jiaweifeng_tianweiwang_yuegu,SIN
event_Q1221869,athlete_yelena_välbe,EUN
event_Q1222299,athlete_fabienne_reuteler,SUI
event_Q7500827,athlete_kim_jong_su,PRK
event_Q917747,athlete_rainer_schönfelder,AUT
event_Q1222092,athlete_olga_pylevagalina_kuklevasvetlana_ishmuratovaalbina_akhatova,RUS
event_Q905493,athlete_ryang_chun_hwa,PRK
event_Q3499032,athlete_nate_carr,USA
event_Q7500842,athlete_gao_e,CHN
event_Q780808,athlete_claudia_pechstein,GER
event_Q1005260,athlete_yavor_yanakiev,BUL
event_Q1005260,athlete_christophe_guénot,FRA
event_Q15055036,athlete_emil_jönsson,SWE
event_Q917217,athlete_darya_domracheva,BLR
event_Q7979967,athlete_manfred_nerlinger,GER
event_Q7500813,athlete_harald_stenvaag,NOR
event_Q1222023,athlete_marja_liisa_kirvesniemi,FIN
event_Q1221915,athlete_chris_witty,USA
event_Q7656694,athlete_vadim_yaroshchuk,URS
event_Q15056225,athlete_ronald_mulder,NED
event_Q2308161,athlete_ádám_marosi,HUN
event_Q4786036,athlete_leroy_watsonsteven_hallardrichard_priestman,GBR
event_Q1198508,athlete_caitlin_leverenz,USA
event_Q1005486,athlete_alexandr_zubkovalexey_voyevoda,RUS
event_Q679802,athlete_otar_tushishvili,GEO
event_Q679802,athlete_sushil_kumar,IND
event_Q1426735,athlete_gwen_torrence,USA
event_Q15052025,athlete_eva_puskarčíkovágabriela_soukalovájitka_landováveronika_vítková,CZE
event_Q1222497,athlete_anja_pärson,SWE
event_Q7979984,athlete_nikolaj_pešalov,BUL
event_Q918076,athlete_aleksandr_tretyakov,RUS
event_Q1222232,athlete_yelena_belova,EUN
event_Q3499929,athlete_tapio_sipilä,FIN
event_Q263070,athlete_martina_ertl,GER
event_Q7674782,athlete_hamide_bıkçın_tosun,TUR
event_Q761318,athlete_cheng_fei,CHN
event_Q3400667,athlete_bradley_mcgee,AUS
event_Q15054999,athlete_viktoria_rebensburg,GER
event_Q841622,athlete_maria_kirilenko_nadia_petrova,RUS
event_Q904345,athlete_chaunté_howard,USA
event_Q1432202,athlete_kajsa_bergqvist,SWE
event_Q1432202,athlete_oana_pantelimon,ROM
event_Q22964447,athlete_irene_eijseeke_van_nes,NED
event_Q1222127,athlete_tomomi_okazaki,JPN
event_Q15055004,athlete_henrik_kristoffersen,NOR
event_Q4786041,athlete_steven_hallardrichard_priestmansimon_terry,GBR
event_Q975449,athlete_jens_eriksenmette_schjoldager,DEN
event_Q429621,athlete_šárka_záhrobská,CZE
event_Q915092,athlete_delphyne_perettoflorence_baverel_robertsylvie_becaertsandrine_bailly,FRA
event_Q942805,athlete_paola_suárezpatricia_tarabini,ARG
event_Q1221917,athlete_evgeniya_radanova,BUL
event_Q2329168,athlete_lee_wai_sze,HKG
event_Q15056099,athlete_lydia_lassila,AUS
event_Q7500743,athlete_igor_basinski,URS
event_Q1222187,athlete_katrin_apel,GER
event_Q1222124,athlete_wang_chunlu,CHN
event_Q2460802,athlete_mahé_drysdale,NZL
event_Q2358214,athlete_yang_kyong_il,PRK
event_Q2358214,athlete_shinichi_yumoto,JPN
event_Q637365,athlete_tomáš_dvořák,CZE
event_Q7674793,athlete_hwang_kyung_seon,KOR
event_Q22964450,athlete_laryssa_biesenthaldiane_ogradykathleen_heddlemarnie_mcbean,CAN
event_Q2521899,athlete_jonelle_richards_jonathan_paget_caroline_powell_andrew_nicholson_mark_todd,NZL
event_Q970610,athlete_leo_visser,NED
event_Q6303884,athlete_kim_seon_young,KOR
event_Q6303884,athlete_mayumi_yamashita,JPN
event_Q827175,athlete_arianna_follisgabriella_paruzziantonella_confortolasabina_valbusa,ITA
event_Q7500822,athlete_kim_rhode,USA
event_Q3499038,athlete_kosei_akaishi,JPN
event_Q956359,athlete_jaak_mae,EST
event_Q1222186,athlete_valentina_tserbe,UKR
event_Q906117,athlete_andré_myhrer,SWE
event_Q1222259,athlete_angelika_neuner,AUT
event_Q955688,athlete_akira_kuroiwa,JPN
event_Q7656707,athlete_catherine_plewinski,FRA
event_Q1222137,athlete_chun_lee_kyung,KOR
event_Q7500809,athlete_martin_tenk,CZE
event_Q1222492,athlete_yelizaveta_kozhevnikova,RUS
event_Q1222654,athlete_hilde_synnøve_lid,NOR
event_Q2358254,athlete_artur_aleksanyan,ARM
event_Q2358254,athlete_jimmy_lidberg,SWE
event_Q922361,athlete_manuela_montebrun,FRA
event_Q870651,athlete_fabrice_guynicolas_balludovic_rouxsylvain_guillaume,FRA
event_Q25384916,athlete_miles_chamley_watsonalexander_massialasgerek_meinhardtrace_imboden,USA
event_Q6303861,athlete_richard_trautmann,GER
event_Q6303861,athlete_dorjpalamyn_narmandakh,MGL
event_Q914969,athlete_emma_moffatt,AUS
event_Q1222101,athlete_ann_elen_skjelbreidannette_sikvelandgunn_margit_andreassenliv_grete_skjelbreid,NOR
event_Q1438466,athlete_andrei_tivontchik,GER
event_Q5198393,athlete_iryna_yanovych,UKR
event_Q840683,athlete_usa_lisa_raymond_mike_bryan,
event_Q632742,athlete_lee_sang_ki,KOR
event_Q1221912,athlete_seiko_hashimoto,JPN
event_Q1222549,athlete_britta_oppeltmanuela_lutzekathrin_boronstephanie_schiller,GER
event_Q752428,athlete_novak_djokovic,SRB
event_Q7500741,athlete_xu_haifeng,CHN
event_Q1222437,athlete_renate_götschl,AUT
event_Q7656701,athlete_gennadiy_prigoda,URS
event_Q3499009,athlete_andreas_schröder,GDR
event_Q1005036,athlete_takeshi_matsuda,JPN
event_Q15055029,athlete_ilia_chernousov,RUS
event_Q3001452,athlete_christian_henn,FRG
event_Q7500830,athlete_sergei_alifirenko,RUS
event_Q15055018,athlete_therese_johaug,NOR
event_Q910720,athlete_silvan_zurbriggen,SUI
event_Q962650,athlete_laura_bechtolsheimer,GBR
event_Q7500802,athlete_renata_mauer,POL
event_Q526793,athlete_andrea_ehrig,GDR
event_Q31843483,athlete_hubert_bourdyfrédéric_cottiermichel_robertpierre_durand_jr,FRA
event_Q1222018,athlete_yelena_välbe,EUN
event_Q7400345,athlete_nick_dempsey,GBR
event_Q940196,athlete_jason_turner,USA
event_Q7500810,athlete_iulian_raicea,ROU
event_Q4903025,athlete_shen_xueand_zhao_hongbo,CHN
event_Q30680431,athlete_klaus_balkenhol,GER
event_Q7400325,athlete_ruslana_taran_olena_pakholchik,UKR
event_Q746397,athlete_siegfried_grabner,AUT
event_Q1426854,athlete_fred_onyancha,KEN
event_Q7400340,athlete_signe_livbjerg,DEN
event_Q848641,athlete_armin_zoeggeler,ITA
event_Q829370,athlete_victoria_azarenka,BLR
event_Q635603,athlete_clara_hughes,CAN
event_Q3499066,athlete_jozef_lohyňa,TCH
event_Q782385,athlete_elena_grushina_ruslan_goncharov,UKR
event_Q7500832,athlete_sergei_martynov,BLR
event_Q1222251,athlete_susi_erdmann,GER
event_Q6303859,athlete_israel_hernández,CUB
event_Q6303859,athlete_henrique_guimarães,BRA
event_Q2558792,athlete_bryony_shaw,GBR
event_Q18728,athlete_sui,
event_Q736527,athlete_nino_salukvadze,GEO
event_Q24906792,athlete_anna_van_der_breggen,NED
event_Q7400344,athlete_kazuto_seki_kenjiro_todoroki,JPN
event_Q3390067,athlete_sevdalin_minchev,BUL
event_Q22964444,athlete_dimitrie_popescunicolae_țagadumitru_răducanu_cox,ROU
event_Q4951843,athlete_pornchai_thongburan,THA
event_Q4951843,athlete_jermain_taylor,USA
event_Q1005262,athlete_gheorghiță_ștefan,ROU
event_Q1005262,athlete_kiril_terziev,BUL
event_Q2269694,athlete_kaarle_mccullochanna_meares,AUS
event_Q30680433,athlete_christine_stückelberger,SUI
event_Q2410252,athlete_jonathan_lobert,FRA
event_Q847592,athlete_svetlana_feofanova,RUS
event_Q1222641,athlete_karen_percy,CAN
event_Q2269716,athlete_yuliya_yefimova,RUS
event_Q2634499,athlete_zersenay_tadese,ERI
event_Q905715,athlete_elisabeth_görgl,AUT
event_Q936622,athlete_nathan_deakes,AUS
event_Q7400317,athlete_courtenay_becker_dey,USA
event_Q7400350,athlete_dorte_jensenhelle_jespersenchristina_otzen,DEN
event_Q15052022,athlete_tiril_eckhoff,NOR
event_Q1426826,athlete_chris_huffins,USA
event_Q919242,athlete_nataša_dušev_janić,HUN
event_Q901754,athlete_goran_ivanišević,CRO
event_Q901754,athlete_andrei_cherkasov,EUN
event_Q1222257,athlete_andrea_tagwerker,AUT
event_Q919388,athlete_bridgette_hartley,RSA
event_Q15056224,athlete_margot_boer,NED
event_Q1005237,athlete_ruslan_tyumenbayev,KGZ
event_Q1005237,athlete_sheng_jiang,CHN
event_Q15055037,athlete_nicole_fesselstefanie_böhlerclaudia_nystaddenise_herrmann,GER
event_Q7500798,athlete_mariya_grozdeva,BUL
event_Q901122,athlete_mary_joe_fernández,USA
event_Q901122,athlete_arantxa_sánchez_vicario,ESP
event_Q2303578,athlete_paige_mcpherson,USA
event_Q2303578,athlete_helena_fromm,GER
event_Q1222203,athlete_maria_walliser,SUI
event_Q853023,athlete_jared_tallent,AUS
event_Q4786038,athlete_deborah_ochsdenise_parkermelanie_skillman,USA
event_Q15055081,athlete_taku_hiraoka,JPN
event_Q7674779,athlete_hadi_saei,IRI
event_Q2451718,athlete_feng_tianwei,SIN
event_Q7656727,athlete_katrin_meissner,GDR
event_Q7656727,athlete_jill_sterkel,USA
event_Q25396733,athlete_pang_wei,CHN
event_Q1005660,athlete_chika_chukwumerije,NGR
event_Q1005660,athlete_arman_chilmanov,KAZ
event_Q7500799,athlete_aleksandra_ivošev,YUG
event_Q916724,athlete_johan_olsson,SWE
event_Q1001497,athlete_guillaume_florent,FRA
event_Q2268100,athlete_nasser_al_attiyah,QAT
event_Q1005434,athlete_mark_de_jonge,CAN
event_Q917743,athlete_rainer_schönfelder,AUT
event_Q15055079,athlete_kelly_clark,USA
event_Q1360804,athlete_yun_ok_hee,KOR
event_Q1222176,athlete_magdalena_forsberg,SWE
event_Q2723756,athlete_tirunesh_dibaba,ETH
event_Q963453,athlete_simona_amânar_gina_gogean_ionela_loaieș_alexandramarinescu_lavinia_miloșoviciand_mirela_țugurlan,ROU
event_Q1222165,athlete_yelena_välbe,EUN
event_Q2390636,athlete_alfonso_benavides,ESP
event_Q767959,athlete_giorgi_gogshelidze,GEO
event_Q767959,athlete_khetag_gazyumov,AZE
event_Q683164,athlete_ryan_lochte,USA
event_Q2380135,athlete_luz_acosta,MEX
event_Q339188,athlete_christa_luding_r,GER
event_Q3499941,athlete_an_dae_hyun,KOR
event_Q241789,athlete_iulia_paratova,UKR
event_Q1222108,athlete_lyudmila_prokasheva,KAZ
event_Q7656716,athlete_mary_t_meagher,USA
event_Q15055001,athlete_alexis_pinturault,FRA
event_Q947678,athlete_elisa_rigaudo,ITA
event_Q1005606,athlete_henri_häkkinen,FIN
event_Q7656720,athlete_anke_möhring,GDR
event_Q782722,athlete_allan_nørregaardpeter_lang,DEN
event_Q3498614,athlete_lázaro_reinoso,CUB
event_Q275887,athlete_chris_boardman,GBR
event_Q15021060,athlete_evgeniy_garanichev,RUS
event_Q7656713,athlete_cornelia_sirch,GDR
event_Q1221812,athlete_won_hye_kyung,KOR
event_Q6303882,athlete_frédéric_demontfaucon,FRA
event_Q6303882,athlete_ruslan_mashurenko,UKR
event_Q220386,athlete_justyna_kowalczyk,POL
event_Q938791,athlete_apolo_anton_ohno,USA
event_Q1005363,athlete_mickaël_bourgain,FRA
event_Q7400316,athlete_roy_heiner,NED
event_Q1005614,athlete_mikhail_ignatievalexei_markov,RUS
event_Q7500834,athlete_juan_miguel_rodríguez,CUB
event_Q927660,athlete_leander_paes,IND
event_Q629871,athlete_magnus_moan,NOR
event_Q848278,athlete_gong_lijiao,CHN
event_Q916711,athlete_nikolay_morilovalexey_petukhov,RUS
event_Q2196657,athlete_tarek_yehia,EGY
event_Q15056222,athlete_denny_morrison,CAN
event_Q1222134,athlete_hwang_ok_sil,PRK
event_Q1346374,athlete_rajmond_debevec,SLO
event_Q903439,athlete_derek_miles,USA
event_Q25455359,athlete_roman_anoshkin,RUS
event_Q905555,athlete_ryo_tateishi,JPN
event_Q727488,athlete_levi_leipheimer,USA
event_Q1222209,athlete_florence_masnada,FRA
event_Q2353509,athlete_delphine_reau,FRA
event_Q15052019,athlete_nadezhda_skardino,BLR
event_Q531844,athlete_georg_hettich,GER
event_Q1004896,athlete_marcin_dołęga,POL
event_Q1222646,athlete_alexandra_meissnitzer,AUT
event_Q916771,athlete_clara_hughes,CAN
event_Q276040,athlete_clara_hughes,CAN
event_Q1222066,athlete_andrea_huberlaurence_rochatbrigitte_albrecht_loretannatascia_leonardi_cortesi,SUI
event_Q7979973,athlete_he_yingqiang,CHN
event_Q25386262,athlete_gauthier_grumier,FRA
event_Q31843481,athlete_virginia_leng,GBR
event_Q7500753,athlete_anna_maloukhina,URS
event_Q938779,athlete_arianna_fontana,ITA
event_Q7400318,athlete_peer_moberg,NOR
event_Q7656726,athlete_julie_mcdonald,AUS
event_Q3498949,athlete_juan_marén,CUB
event_Q1426670,athlete_seppo_räty,FIN
event_Q1433072,athlete_aleksander_tammert,EST
event_Q280553,athlete_ricco_groß,GER
event_Q15052014,athlete_tarjei_bøjohannes_thingnes_bøole_einar_bjørndalenemil_hegle_svendsen,NOR
event_Q7500838,athlete_irada_ashumova,AZE
event_Q1432033,athlete_vala_flosadóttir,ISL
event_Q7500750,athlete_frans_peeters,BEL
event_Q850209,athlete_ahn_hyun_soo,KOR
event_Q7500804,athlete_deserie_huddleston,AUS
event_Q7400335,athlete_roland_gaebler_rene_schwall,GER
event_Q7674778,athlete_víctor_estrada,MEX
event_Q917760,athlete_alexandra_meissnitzer,AUT
event_Q7400322,athlete_jeff_madrigali_jim_barton_kent_massey,USA
event_Q15055011,athlete_nicole_hosp,AUT
event_Q750803,athlete_richard_gay,FRA
event_Q942846,athlete_falilat_ogunkoya,NGR
event_Q7674788,athlete_pascal_gentil,FRA
event_Q4951837,athlete_serhiy_danylchenko,UKR
event_Q4951837,athlete_clarence_vinson,USA
event_Q1202903,athlete_bair_badënov,RUS
event_Q4786045,athlete_natalia_valeevakhatouna_kvrivichvililyudmila_arzhanikova,EUN
event_Q850196,athlete_sandra_laoura,FRA
event_Q15055087,athlete_benjamin_karl,AUT
event_Q302701,athlete_irina_slutskaya,RUS
event_Q7979969,athlete_stefan_botev,BUL
event_Q776835,athlete_kati_wilhelmsimone_hauswaldmartina_beckandrea_henkel,GER
event_Q6303889,athlete_simona_richter,ROU
event_Q6303889,athlete_emanuela_pierantozzi,ITA
event_Q7500807,athlete_niu_zhiyuan,CHN
event_Q4951842,athlete_andriy_fedchuk,UKR
event_Q4951842,athlete_sergey_mihaylov,UZB
event_Q1339098,athlete_robelis_despaigne,CUB
event_Q1339098,athlete_liu_xiaobo,CHN
event_Q946243,athlete_matti_hautamäki,FIN
event_Q7500814,athlete_fehaid_al_deehani,KUW
event_Q843860,athlete_marie_laure_brunet,FRA
event_Q220866,athlete_yan_zizheng_jie,CHN
event_Q1222238,athlete_silke_kraushaar,GER
event_Q830711,athlete_micah_kogo,KEN
event_Q25384919,athlete_monica_aksamitibtihaj_muhammaddagmara_wozniakmariel_zagunis,USA
event_Q1426809,athlete_osleidys_menéndez,CUB
event_Q905561,athlete_shannon_bahrke,USA
event_Q3499898,athlete_vladimir_toguzov,URS
event_Q4471528,athlete_ricardo_santosemanuel_rego,BRA
event_Q853049,athlete_linet_masai,KEN
event_Q2362858,athlete_laura_smulders,NED
event_Q784131,athlete_natalie_coughlin,USA
event_Q1202770,athlete_steven_burke,GBR
event_Q7400332,athlete_barbara_kendall,NZL
event_Q853072,athlete_edwin_cheruiyot_soi,KEN
event_Q1222080,athlete_pirkko_määttämarja_liisa_kirvesniemimarjo_matikainenjaana_savolainen,FIN
event_Q1004892,athlete_hugues_duboscq,FRA
event_Q1005294,athlete_adam_wheeler,USA
event_Q1005294,athlete_marek_švec,CZE
event_Q1222173,athlete_marja_liisa_kirvesniemi,FIN
event_Q4951841,athlete_maikro_romero,CUB
event_Q4951841,athlete_kim_un_chol,PRK
event_Q1222255,athlete_cerstin_schmidt,GDR
event_Q962842,athlete_corey_cogdell,USA
event_Q977229,athlete_xue_chenzhang_xi,CHN
event_Q1222483,athlete_tae_satoya,JPN
event_Q963481,athlete_simona_amânar,ROU
event_Q963481,athlete_lavinia_miloșovici,ROU
event_Q1221867,athlete_irina_nikulchina,BUL
event_Q5198382,athlete_erin_hartwell,USA
event_Q7656719,athlete_noemi_lung,ROM
event_Q1222287,athlete_anita_moen,NOR
event_Q7400349,athlete_alessandra_sensini,ITA
event_Q532360,athlete_rintje_ritsma,NED
event_Q826846,athlete_jennifer_rodriguez,USA
event_Q15055072,athlete_chloé_trespeuch,FRA
event_Q766954,athlete_bershawn_jackson,USA
event_Q527985,athlete_olena_hovorova,UKR
event_Q4951845,athlete_cristián_bejarano,MEX
event_Q4951845,athlete_aleksandr_maletin,RUS
event_Q1005040,athlete_ryan_lochte,USA
event_Q757054,athlete_bob_bryanmike_bryan,USA
event_Q1005230,athlete_radoslav_velikov,BUL
event_Q1005230,athlete_besik_kudukhov,RUS
event_Q2521952,athlete_carol_huynh,CAN
event_Q2521952,athlete_clarissa_chun,USA
event_Q7979975,athlete_kim_myong_nam,PRK
event_Q28402472,athlete_jenny_gal,NED
event_Q28402472,athlete_jung_sung_sook,KOR
event_Q754844,athlete_walter_dix,USA
event_Q7674780,athlete_dominique_bosshart,CAN
event_Q934172,athlete_lutalo_muhammad,GBR
event_Q934172,athlete_mauro_sarmiento,ITA
event_Q1360866,athlete_bérengère_schuhsophie_dodemontvirginie_arnold,FRA
event_Q848689,athlete_johan_olsson,SWE
event_Q15055085,athlete_amelie_kober,GER
event_Q1222526,athlete_blanca_fernández_ochoa,ESP
event_Q15055980,athlete_john_james_jacksonbruce_taskerstuart_bensonjoel_fearon,GBR
event_Q3498926,athlete_david_gobejishvili,EUN
event_Q972253,athlete_marlène_harnois,FRA
event_Q972253,athlete_tseng_li_cheng,TPE
event_Q647742,athlete_wiradech_kothny,GER
event_Q15055031,athlete_heidi_weng,NOR
event_Q1005298,athlete_carlos_oquendo,COL
event_Q2322860,athlete_stephen_rowbotham_matthew_wells,GBR
event_Q952970,athlete_lidia_trettel,ITA
event_Q7674777,athlete_huang_chih_hsiung,TPE
event_Q4786042,athlete_simon_terry,GBR
event_Q765044,athlete_jeffrey_buttle,CAN
event_Q841942,athlete_joji_kato,JPN
event_Q7400346,athlete_santiago_langecarlos_espínola,ARG
event_Q647750,athlete_salvatore_sanzo_matteo_zennaro_daniele_crosta_gabriele_magni,ITA
event_Q7500821,athlete_diána_igaly,HUN
event_Q7400333,athlete_herman_horn_johannessen_paul_davis_espen_stokkeland,NOR
event_Q1222639,athlete_katja_seizinger,GER
event_Q4786037,athlete_yun_young_sook,KOR
event_Q793973,athlete_mathieu_turgeon,CAN
event_Q827019,athlete_gerhard_plankensteiner_oswald_haselrieder,ITA
event_Q2352412,athlete_hannes_aigner,GER
event_Q4951844,athlete_mohamed_allalou,ALG
event_Q4951844,athlete_diógenes_luña,CUB
event_Q938164,athlete_guo_xinxin,CHN
event_Q763031,athlete_christine_brinker,GER
event_Q3001405,athlete_lucy_tyler_sharman,AUS
event_Q905485,athlete_j_r_celski,USA
event_Q25384917,athlete_olga_kochnevavioletta_kolobovatatiana_logunovalyubov_shutova,RUS
event_Q4786044,athlete_natalia_valeeva,EUN
event_Q1221932,athlete_uschi_disl,GER
event_Q963420,athlete_christine_girard,CAN
event_Q2774005,athlete_jeannie_longo_ciprelli,FRA
event_Q7674790,athlete_adriana_carmona,VEN
event_Q1222098,athlete_corinne_niogretvéronique_claudeldelphyne_heymannanne_briand,FRA
event_Q632472,athlete_dmitry_shevchenko,RUS
event_Q915058,athlete_albina_akhatova,RUS
event_Q15056267,athlete_reruhi_shimizu_taku_takeuchidaiki_itonoriaki_kasai,JPN
event_Q7500745,athlete_kirill_ivanov,URS
event_Q2361588,athlete_lucas_calabresejuan_de_la_fuente,ARG
event_Q1203058,athlete_chris_newton,GBR
event_Q1005018,athlete_peter_vanderkaay,USA
event_Q1371783,athlete_jang_mi_ran,KOR
event_Q632754,athlete_carlos_pedroso_iván_trevejo_nelson_loyola,CUB
event_Q916916,athlete_aino_kaisa_saarinen,FIN
event_Q7400329,athlete_michael_blackburn,AUS
event_Q939181,athlete_anja_huber,GER
event_Q18713,athlete_china,CHN
event_Q7674781,athlete_chi_shu_ju,TPE
event_Q7500817,athlete_lalita_yauhleuskaya,BLR
event_Q6303879,athlete_indrek_pertelson,EST
event_Q6303879,athlete_tamerlan_tmenov,RUS
event_Q848681,athlete_lindsey_vonn,USA
event_Q1221793,athlete_ye_qiaobo,CHN
event_Q6303863,athlete_amarilis_savón,CUB
event_Q6303863,athlete_yolanda_soler,ESP
event_Q2353475,athlete_wang_zhiwei,CHN
event_Q385563,athlete_mariya_stadnik,AZE
event_Q385563,athlete_iryna_merleni,UKR
event_Q1344366,athlete_xue_haifengjiang_linli_wenquan,CHN
event_Q729339,athlete_yoandry_hernández,CUB
event_Q955943,athlete_steve_backley,GBR
event_Q659097,athlete_alain_bernard,FRA
event_Q279234,athlete_emese_hunyady,AUT
event_Q955487,athlete_damaris_aguirre,MEX
event_Q786799,athlete_enrico_fabris,ITA
event_Q536083,athlete_jana_novotná,CZE
event_Q22964440,athlete_nico_rienkshenk_jan_zwolle,NED
event_Q15056065,athlete_lukas_klapferchristoph_bielermario_stecherbernhard_gruber,AUT
event_Q7674791,athlete_iridia_salazar,MEX
event_Q6303877,athlete_yury_styopkin,RUS
event_Q6303877,athlete_stéphane_traineau,FRA
event_Q249265,athlete_césar_cielo,BRA
event_Q7400321,athlete_alessandra_sensini,ITA
event_Q7656722,athlete_daniela_hunger,GDR
event_Q2995946,athlete_hervé_boussarddidier_faivre_pierretphilippe_gaumontjean_louis_harel,FRA
event_Q25386279,athlete_olha_kharlan,UKR
event_Q658704,athlete_sada_jacobsonrebecca_wardmariel_zagunis,USA
event_Q7500812,athlete_sergei_martynov,BLR
event_Q653672,athlete_lilia_efremova,UKR
event_Q1426702,athlete_obadele_thompson,BAR
event_Q15055002,athlete_kathrin_zettel,AUT
event_Q7656681,athlete_igor_polyansky,URS
event_Q886372,athlete_zhang_nan,CHN
event_Q7500796,athlete_lance_bade,USA
event_Q938765,athlete_diego_occhuizzialdo_montanoluigi_sameleluigi_tarantino,ITA
event_Q7656697,athlete_stefano_battistelli,ITA
event_Q140244,athlete_michel_batista,CUB
event_Q140244,athlete_khetag_gazyumov,AZE
event_Q7400313,athlete_mitch_booth_john_robert_forbes,AUS
event_Q737732,athlete_dimitrij_ovtcharov,GER
event_Q4951838,athlete_tahar_tamsamani,MAR
event_Q4951838,athlete_kamil_djamaloudinov,RUS
event_Q7674792,athlete_yaowapa_boorapolchai,THA
event_Q15056223,athlete_jorrit_bergsma,NED
event_Q645460,athlete_rolf_danneberg,FRG
event_Q1221934,athlete_yuliya_chepalova,RUS
event_Q6303888,athlete_cho_min_sun,KOR
event_Q6303888,athlete_ylenia_scapin,ITA
event_Q7400339,athlete_chris_drapersimon_hiscocks,GBR
event_Q7656684,athlete_stéphan_caron,FRA
event_Q7656714,athlete_antoaneta_frenkeva,BUL
event_Q2297633,athlete_tara_whittengillian_carletonjasmin_glaesser,CAN
event_Q771123,athlete_anja_pärson,SWE
event_Q3498666,athlete_min_kyung_gab,KOR
event_Q5124014,athlete_isabelle_brasseurlloyd_eisler,CAN
event_Q1222498,athlete_kari_traa,NOR
event_Q7500801,athlete_marina_logvinenko,RUS
event_Q4951848,athlete_vitaly_gruşac,MDA
event_Q4951848,athlete_dorel_simion,ROM
event_Q4951847,athlete_paolo_vidoz,ITA
event_Q4951847,athlete_rustam_saidov,UZB
event_Q15055032,athlete_martin_johnsrud_sundby,NOR
event_Q875653,athlete_gary_hall_jr,USA
event_Q5395306,athlete_christian_planer,AUT
event_Q1222301,athlete_shannon_dunn_downing,USA
event_Q7656691,athlete_anthony_mosse,NZL
event_Q916976,athlete_yargelis_savigne,CUB
event_Q916930,athlete_lászló_cseh,HUN
event_Q752413,athlete_vera_zvonareva,RUS
event_Q900405,athlete_aleksey_voyevodin,RUS
event_Q31843484,athlete_karsten_huck,FRG
event_Q2268043,athlete_olena_kostevych,UKR
event_Q2254560,athlete_gagan_narang,IND
event_Q1221927,athlete_myriam_bédard,CAN
event_Q826560,athlete_tatjana_hüfner,GER
event_Q1005272,athlete_nazmi_avluca,TUR
event_Q1005272,athlete_not_awarded,
event_Q670039,athlete_aksel_lund_svindal,NOR
event_Q2332511,athlete_silja_lehtinensilja_kanerva_mikaela_wulff,FIN
event_Q2455198,athlete_nathan_twaddle_george_bridgewater,NZL
event_Q7400324,athlete_lars_grael_henrique_pellicano,BRA
event_Q1221836,athlete_stefania_belmondo,ITA
event_Q921100,athlete_vasily_mosin,RUS
event_Q847284,athlete_albina_akhatova,RUS
event_Q905540,athlete_laurine_van_riessen,NED
event_Q848291,athlete_dylan_armstrong,CAN
event_Q906854,athlete_velichko_cholakov,BUL
event_Q7500751,athlete_marina_dobrantcheva,URS
event_Q7400347,athlete_pascal_rambeauxavier_rohart,FRA
event_Q7674776,athlete_pascal_gentil,FRA
event_Q922248,athlete_tero_pitkämäki,FIN
event_Q14643284,athlete_vita_semerenko,UKR
event_Q267771,athlete_răzvan_florea,ROM
event_Q905503,athlete_tony_ramoin,FRA
event_Q25386268,athlete_kim_jung_hwan,KOR
event_Q2353533,athlete_olena_kostevych,UKR
event_Q6303864,athlete_isabel_fernández,ESP
event_Q6303864,athlete_marisabel_lomba,BEL
event_Q952458,athlete_franziska_schenk,GER
event_Q15055075,athlete_mark_mcmorris,CAN
event_Q5198390,athlete_shane_kelly,AUS
event_Q15055038,athlete_jean_marc_gaillardmaurice_manificatrobin_duvillardivan_perrillat_boiteux,FRA
event_Q916174,athlete_chris_froome,GBR
event_Q4951836,athlete_duncan_dokiwari,NGR
event_Q4951836,athlete_alexei_lezin,RUS
event_Q3498605,athlete_sheng_zetian,CHN
event_Q22964438,athlete_stephanie_piersonanna_seaton,USA
event_Q15055084,athlete_žan_košir,SLO
event_Q4786048,athlete_matteo_bisianimichele_frangilliandrea_parenti,ITA
event_Q917328,athlete_mehdi_baala,FRA
event_Q4951840,athlete_vladimer_tchanturia,GEO
event_Q4951840,athlete_sebastian_köber,GER
event_Q1221875,athlete_kateřina_neumannová,CZE
event_Q4786050,athlete_olena_sadovnycha,UKR
event_Q1222214,athlete_hilde_gerg,GER
event_Q942891,athlete_michael_hadschieff,AUT
event_Q776870,athlete_karin_kania,GDR
event_Q1360834,athlete_hu_binyuan,CHN
event_Q938848,athlete_nam_hyun_heejeon_hee_sookjung_gil_okoh_ha_na,KOR
event_Q1004861,athlete_viktors_ščerbatihs,LAT
event_Q1221922,athlete_magdalena_forsberg,SWE
event_Q943291,athlete_natallia_sazanovich,BLR
event_Q927998,athlete_justyna_kowalczyk,POL
event_Q385894,athlete_liu_zhongqing,CHN
event_Q677027,athlete_alfred_kirwa_yego,KEN
event_Q843851,athlete_petter_northug,NOR
event_Q15055035,athlete_vesna_fabjan,SLO
event_Q4820134,athlete_henadzi_aliashchuk,BLR
event_Q4786051,athlete_iwona_dzięciołkatarzyna_klatajoanna_nowicka,POL
event_Q7400330,athlete_aaron_mcintosh,NZL
event_Q2268082,athlete_danka_barteková,SVK
event_Q15055025,athlete_daniel_rickardsson,SWE
event_Q794388,athlete_karen_cockburn,CAN
event_Q7656692,athlete_matt_biondi,USA
event_Q776944,athlete_bernardo_segura,MEX
event_Q7979971,athlete_traian_cihărean,ROU
event_Q1222133,athlete_amy_peterson,USA
event_Q31843476,athlete_norman_dello_joio,USA
event_Q7500836,athlete_adam_vella,AUS
event_Q1221798,athlete_yang_yang_s,CHN
event_Q2574045,athlete_anna_ottosson,SWE
event_Q3498697,athlete_amir_reza_khadem,IRI
event_Q2352927,athlete_pavol_hochschornerpeter_hochschorner,SVK
event_Q921409,athlete_fredrik_lindströmcarl_johan_bergmanmattias_nilssonbjörn_ferry,SWE
event_Q256759,athlete_viktor_maigourov,RUS
event_Q2353523,athlete_ding_feng,CHN
event_Q848655,athlete_petra_majdič,SLO
event_Q903679,athlete_dai_xiaoxiang,CHN
event_Q2289605,athlete_guzel_manyurova,KAZ
event_Q2289605,athlete_maider_unda,ESP
event_Q525031,athlete_anni_friesinger,GER
event_Q25386266,athlete_timur_safin,RUS
event_Q25384913,athlete_géza_imregábor_boczkóandrás_rédlipéter_somfai,HUN
event_Q7979983,athlete_stefan_botev_khristov,AUS
event_Q2341653,athlete_xu_lijia,CHN
event_Q905607,athlete_natalie_geisenberger,GER
event_Q847280,athlete_uschi_disl,GER
event_Q1222635,athlete_karen_putzer,ITA
event_Q947691,athlete_zhou_chunxiu,CHN
event_Q1222014,athlete_bente_skari,NOR
event_Q4786058,athlete_butch_johnsonrod_whitevic_wunderle,USA
event_Q1221877,athlete_stefania_belmondo,ITA
event_Q1221943,athlete_yelena_välbe,EUN
event_Q826580,athlete_mārtiņš_rubenis,LAT
event_Q7500829,athlete_jozef_gönci,SVK
event_Q3499058,athlete_wilber_sánchez,CUB
event_Q916747,athlete_park_seung_hi,KOR
event_Q7500849,athlete_lee_bo_na,KOR
event_Q5198388,athlete_jens_fiedler,GER
event_Q3498573,athlete_valentin_yordanov,BUL
event_Q1222488,athlete_stine_lise_hattestad,NOR
event_Q919261,athlete_karolina_najabeata_mikołajczyk,POL
event_Q7400323,athlete_colin_beashel_david_giles,AUS
event_Q7400327,athlete_serena_amato,ARG
event_Q886359,athlete_liu_xuan,CHN
event_Q3001408,athlete_stuart_ogrady,AUS
event_Q3879624,athlete_ágnes_kovács,HUN
event_Q25803,athlete_luigi_tarantino_raffaelo_caserta_tonhi_terenzi,ITA
event_Q8037964,athlete_amiran_kardanov,GRE
event_Q3879652,athlete_daniela_hunger,GER
event_Q3811011,athlete_yurisel_laborde,CUB
event_Q3811011,athlete_lucia_morico,ITA
event_Q5443156,athlete_giovanna_trillini,ITA
event_Q3879619,athlete_lin_li,CHN
event_Q1004918,athlete_wolfgang_perner,AUT
event_Q3879623,athlete_scott_goodman,AUS
event_Q3998590,athlete_magali_messmer,SUI
event_Q3628689,athlete_danny_everett,USA
event_Q3628678,athlete_kipkemboi_kimeli,KEN
event_Q3628682,athlete_tonie_campbell,USA
event_Q7500779,athlete_małgorzata_książkiewicz,POL
event_Q1004860,athlete_erben_wennemars,NED
event_Q10572415,athlete_jan_quast,GER
event_Q10572415,athlete_roel_velasco,PHI
event_Q3951953,athlete_sylwia_gruchała,POL
event_Q10572416,athlete_leopoldo_serantes,PHI
event_Q10572416,athlete_róbert_isaszegi,HUN
event_Q5443153,athlete_li_na_liang_qin_yang_shaoqi,CHN
event_Q1005277,athlete_benjamin_raich,AUT
event_Q3628765,athlete_ali_ezzine,MAR
event_Q8037927,athlete_alexis_vila,CUB
event_Q8037900,athlete_sergey_karamchakov,URS
event_Q3879615,athlete_angel_martino,USA
event_Q10522584,athlete_gary_neiwand,AUS
event_Q10466379,athlete_yelena_petrova,EUN
event_Q10466379,athlete_zhang_di,CHN
event_Q10522549,athlete_cho_in_chul,KOR
event_Q10522549,athlete_soso_liparteliani,GEO
event_Q1005744,athlete_lars_börje_eriksson,SWE
event_Q10522555,athlete_stéphane_traineau,FRA
event_Q10522555,athlete_aurélio_miguel,BRA
event_Q129295,athlete_max_sciandri,GBR
event_Q1422131,athlete_gete_wami,ETH
event_Q5443144,athlete_zita_eva_funkenhauser,FRG
event_Q1028699,athlete_michael_phelps,USA
event_Q3837513,athlete_sazhid_sazhidov,RUS
event_Q3879643,athlete_samantha_riley,AUS
event_Q1076253,athlete_claudia_poll,CRC
event_Q25791,athlete_anja_fichtel_mauritz_monika_weber_koszto_sabine_bau,GER
event_Q38591,athlete_reka_zsofia_lazăr_szabo_claudia_grigorescu_elisabeta_guzganu_tufan_laura_cârlescu_badea_roxana_dumitrescu,ROU
event_Q3879653,athlete_franck_esposito,FRA
event_Q5443138,athlete_zsolt_érsek_pál_szekeres_istván_szelei_istván_busa_róbert_gátai,HUN
event_Q1004914,athlete_bart_veldkamp,NED
event_Q1004868,athlete_hiroyasu_shimizu,JPN
event_Q10522554,athlete_dennis_stewart,GBR
event_Q10522554,athlete_robert_van_de_walle,BEL
event_Q1409048,athlete_william_mutwol,KEN
event_Q3879625,athlete_krisztina_egerszegi,HUN
event_Q2297686,athlete_miguel_martinez,FRA
event_Q1408913,athlete_giovanni_de_benedictis,ITA
event_Q7500771,athlete_bruno_rossetti,ITA
event_Q587012,athlete_georgina_harland,GBR
event_Q1408709,athlete_li_chunxiu,CHN
event_Q2311876,athlete_inha_babakova,UKR
event_Q3628696,athlete_tsvetanka_khristova,BUL
event_Q3837511,athlete_kyoko_hamaguchi,JPN
event_Q3879664,athlete_anders_holmertz,SWE
event_Q3879579,athlete_antje_buschschulte_sarah_poewe_franziska_van_almsick_daniela_götz_indicates_the_swimmer_only_competed_in_the_preliminary_heats,GER
event_Q7500774,athlete_mariya_grozdeva,BUL
event_Q1005740,athlete_gregor_stähli,SUI
event_Q1005810,athlete_michael_von_grünigen,SUI
event_Q5443137,athlete_giovanni_scalzo,ITA
event_Q10495989,athlete_ramaz_paliani,EUN
event_Q10495989,athlete_hocine_soltani,ALG
event_Q1222684,athlete_sonja_nef,SUI
event_Q3628786,athlete_denis_kapustin,RUS
event_Q7980004,athlete_ioanna_chatziioannou,GRE
event_Q3837512,athlete_iván_fundora,CUB
event_Q4160921,athlete_shinji_hosokawa,JPN
event_Q4160921,athlete_amiran_totikashvili,URS
event_Q13655354,athlete_anke_behmer,GDR
event_Q3879621,athlete_curtis_myden,CAN
event_Q3879645,athlete_catherine_plewinski,FRA
event_Q10581226,athlete_chris_sande,KEN
event_Q10581226,athlete_hussain_shah,PAK
event_Q3879650,athlete_nicole_stevenson,AUS
event_Q3879610,athlete_angel_martino,USA
event_Q3628781,athlete_vladimir_andreyev,RUS
event_Q7979994,athlete_andrey_chemerkin,RUS
event_Q988363,athlete_dieter_thoma,GER
event_Q4443763,athlete_yevgeni_aleinikov,RUS
event_Q25239316,athlete_ye_huanming,CHN
event_Q1222715,athlete_vreni_schneider,SUI
event_Q3879646,athlete_anthony_nesty,SUR
event_Q3628761,athlete_bernard_lagat,KEN
event_Q1005069,athlete_silvio_fauner,ITA
event_Q8037958,athlete_akaki_chachua,GEO
event_Q4467907,athlete_zhang_xiangxiang,CHN
event_Q1004927,athlete_harri_eloranta,FIN
event_Q3879658,athlete_summer_sanders,USA
event_Q1406131,athlete_tamara_bykova,URS
event_Q825048,athlete_alyona_sidko,RUS
event_Q3925465,athlete_ahmed_ismail_el_shamy,EGY
event_Q3925465,athlete_utkirbek_haydarov,UZB
event_Q823754,athlete_kip_carpenter,USA
event_Q3837507,athlete_kenji_inoue,JPN
event_Q613746,athlete_not_awarded,
event_Q2303728,athlete_joe_greene,USA
event_Q1133965,athlete_huang_hua,CHN
event_Q1133965,athlete_tang_jiuhong,CHN
event_Q2303535,athlete_kriss_akabusi,GBR
event_Q2313511,athlete_natalya_antyukh,RUS
event_Q1042778,athlete_anni_friesinger,GER
event_Q7500789,athlete_jozef_gönci,SVK
event_Q1004987,athlete_silvio_fauner,ITA
event_Q4443764,athlete_annemarie_forder,AUS
event_Q3565567,athlete_tomas_johansson,SWE
event_Q3628775,athlete_john_godina,USA
event_Q1042789,athlete_ireen_wüst,NED
event_Q2445057,athlete_axel_merckx,BEL
event_Q7980002,athlete_cheryl_haworth,USA
event_Q10466402,athlete_johanna_hagn,GER
event_Q10466402,athlete_christine_cicot,FRA
event_Q7500772,athlete_marco_venturini,ITA
event_Q1005190,athlete_hitoshi_uematsu,JPN
event_Q1005188,athlete_junichi_inoue,JPN
event_Q3811003,athlete_gao_feng,CHN
event_Q3811003,athlete_julia_matijass,GER
event_Q585893,athlete_ambrosi_hoffmann,SUI
event_Q8037907,athlete_rodney_smith,USA
event_Q2313481,athlete_veronica_campbell,JAM
event_Q7500793,athlete_wolfram_waibel,AUT
event_Q10572441,athlete_fathi_missaoui,TUN
event_Q10572441,athlete_bolat_niyazymbetov,KAZ
event_Q10719576,athlete_aníbal_santiago_acevedo,PUR
event_Q10719576,athlete_arkhom_chenglai,THA
event_Q10466376,athlete_noriko_sugawara,JPN
event_Q10466376,athlete_legna_verdecia,CUB
event_Q8037959,athlete_aleksey_glushkov,RUS
event_Q7980001,athlete_aleksey_petrov,RUS
event_Q10522543,athlete_israel_hernández,CUB
event_Q10522543,athlete_udo_quellmalz,GER
event_Q1005755,athlete_lloyd_langlois,CAN
event_Q10466381,athlete_gella_vandecaveye,BEL
event_Q10466381,athlete_jung_sung_sook,KOR
event_Q38594,athlete_jean_michel_henry,FRA
event_Q251465,athlete_lars_bystøl,NOR
event_Q3879620,athlete_emanuele_merisi,ITA
event_Q7500788,athlete_roberto_di_donna,ITA
event_Q8037930,athlete_elbrus_tedeyev,UKR
event_Q8037934,athlete_takuya_ota,JPN
event_Q2377414,athlete_dave_steen,CAN
event_Q3628705,athlete_aleksandr_kovalenko,URS
event_Q2318836,athlete_jane_saville,AUS
event_Q3879667,athlete_angel_martino,USA
event_Q3879614,athlete_mark_warnecke,GER
event_Q1115025,athlete_tomomi_morita,JPN
event_Q3879585,athlete_matt_welsh,AUS
event_Q58412558,athlete_györgy_mizsei,HUN
event_Q58412558,athlete_robin_reid,GBR
event_Q3565575,athlete_józef_tracz,POL
event_Q10522535,athlete_tadanori_koshino,JPN
event_Q10522535,athlete_richard_trautmann,GER
event_Q22964454,athlete_yelena_mikulichmarina_znaknataliya_volcheknataliya_stasyuktamara_davydenkovalentina_skrabatunnataliya_lavrinenkoyaroslava_pavlovichaleksandra_pankina,BLR
event_Q825035,athlete_kjersti_buaas,NOR
event_Q5970589,athlete_uwe_daßler,GDR
event_Q3980076,athlete_song_myeong_seob,KOR
event_Q5448039,athlete_jayne_torvillchristopher_dean,GBR
event_Q1408881,athlete_ana_fidelia_quirot,CUB
event_Q589310,athlete_arnaud_di_pasquale,FRA
event_Q1005616,athlete_nelson_carmichael,USA
event_Q1222717,athlete_katja_seizinger,GER
event_Q3879598,athlete_claudia_poll,CRC
event_Q1076376,athlete_beatrice_câșlaru,ROM
event_Q1004934,athlete_ville_räikkönen,FIN
event_Q3879567,athlete_natalie_coughlin,USA
event_Q7500786,athlete_vladimir_vokhmyanin,KAZ
event_Q1005334,athlete_jens_müller,GER
event_Q1421749,athlete_stefan_nimke,GER
event_Q8037908,athlete_torbjörn_kornbakk,SWE
event_Q595055,athlete_llewellyn_herbert,RSA
event_Q252875,athlete_gabi_zange,GDR
event_Q8037965,athlete_terry_brands,USA
event_Q3879600,athlete_curtis_myden,CAN
event_Q3628692,athlete_saïd_aouita,MAR
event_Q1408936,athlete_angela_chalmers,CAN
event_Q3628764,athlete_ato_boldon,TRI
event_Q1005746,athlete_kjetil_andré_aamodt,NOR
event_Q1004871,athlete_éric_bédard,CAN
event_Q826510,athlete_joey_cheek,USA
event_Q7500777,athlete_aranka_binder,IOP
event_Q1005365,athlete_libor_capalini,CZE
event_Q1026904,athlete_lavinia_miloșovici,ROM
event_Q25239314,athlete_he_zhuoqiang,CHN
event_Q4160924,athlete_manolo_poulot,CUB
event_Q4160924,athlete_aidyn_smagulov,KGZ
event_Q3628782,athlete_joel_sánchez,MEX
event_Q3561230,athlete_ingrid_haringa,NED
event_Q570058,athlete_lisbeth_lenton,AUS
event_Q478542,athlete_yevgeniya_medvedeva_arbuzova,RUS
event_Q3879662,athlete_hayley_lewis,AUS
event_Q3879607,athlete_neisser_bent,CUB
event_Q3628785,athlete_roman_shchurenko,UKR
event_Q824928,athlete_markku_koski,FIN
event_Q10466403,athlete_natalia_lupino,FRA
event_Q10466403,athlete_yoko_sakaue,JPN
event_Q1130659,athlete_roland_schoeman,RSA
event_Q5644525,athlete_timothy_goebel,USA
event_Q1183979,athlete_alicia_molik,AUS
event_Q10466384,athlete_ylenia_scapin,ITA
event_Q10466384,athlete_diadenis_luna,CUB
event_Q599322,athlete_klete_keller,USA
event_Q3879583,athlete_emiliano_brembilla_massimiliano_rosolino_simone_cercato_filippo_magnini_federico_cappellazzo_matteo_pelliciari_indicates_the_swimmer_only_competed_in_the_preliminary_heats,ITA
event_Q3879651,athlete_susie_oneill,AUS
event_Q3879608,athlete_marianne_kriel,RSA
event_Q3879593,athlete_justin_norris,AUS
event_Q3628686,athlete_ellen_fiedler,GDR
event_Q4443765,athlete_igor_basinski,BLR
event_Q3628680,athlete_claudia_zaczkiewicz,FRG
event_Q3879569,athlete_reiko_nakamura,JPN
event_Q3879569,athlete_antje_buschschulte,GER
event_Q3628770,athlete_brahim_lahlafi,MAR
event_Q1004926,athlete_sergei_tchepikov,URS
event_Q5443136,athlete_aleksandr_romankov,URS
event_Q7500785,athlete_miroslav_januš,CZE
event_Q8037923,athlete_maik_bullmann,GER
event_Q1408927,athlete_fita_bayisa,ETH
event_Q8037919,athlete_aleksandr_tretyakov,RUS
event_Q2557141,athlete_paul_kipsiele_koech,KEN
event_Q4160925,athlete_kye_sun_hui,PRK
event_Q4160925,athlete_liu_yuxiang,CHN
event_Q3628703,athlete_rudolf_povarnitsyn,URS
event_Q3628703,athlete_patrik_sjöberg,SWE
event_Q8037924,athlete_arawat_sabejew,GER
event_Q1004869,athlete_lee_joon_ho,KOR
event_Q370917,athlete_varteres_samurgashev,RUS
event_Q562654,athlete_stefan_edberg,SWE
event_Q562654,athlete_brad_gilbert,USA
event_Q8037913,athlete_mikael_ljungberg,SWE
event_Q7500784,athlete_jean_pierre_amat,FRA
event_Q8037937,athlete_amir_reza_khadem,IRI
event_Q8037922,athlete_valery_tsilent,BLR
event_Q1005313,athlete_markus_prock,AUT
event_Q3628704,athlete_galina_chistyakova,URS
event_Q826500,athlete_claudia_pechstein,GER
event_Q10522577,athlete_marko_spittka,GER
event_Q10522577,athlete_mark_huizinga,NED
event_Q10522587,athlete_robert_lechner,FRG
event_Q587805,athlete_carl_verheijen,NED
event_Q8037926,athlete_bruce_baumgartner,USA
event_Q1005371,athlete_jarret_thomas,USA
event_Q4354074,athlete_kateřina_kůrková,CZE
event_Q8037917,athlete_sheng_zetian,CHN
event_Q3879628,athlete_dagmar_hase,GER
event_Q10522589,athlete_cho_yong_chul,KOR
event_Q10522589,athlete_grigory_verichev,URS
event_Q25939,athlete_franck_boidin,FRA
event_Q1422103,athlete_šárka_kašpárková,CZE
event_Q3628792,athlete_florian_schwarthoff,GER
event_Q1005284,athlete_paul_accola,SUI
event_Q3730943,athlete_marco_kutscher,GER
event_Q1076363,athlete_klete_keller,USA
event_Q7979997,athlete_arsen_melikyan,ARM
event_Q3837496,athlete_rulon_gardner,USA
event_Q1005211,athlete_andreas_grünenfelder,SUI
event_Q1005811,athlete_ueli_kestenholz,SUI
event_Q3565605,athlete_bratan_tsenov,BUL
event_Q1005575,athlete_ed_podivinsky,CAN
event_Q1377439,athlete_lee_kyung_won_ra_kyung_min,KOR
event_Q2463752,athlete_derrick_brew,USA
event_Q3925468,athlete_zou_shiming,CHN
event_Q3925468,athlete_sergey_kazakov,RUS
event_Q1005065,athlete_terje_langli,NOR
event_Q3879761,athlete_alison_bartosikanna_kozlova,USA
event_Q13572928,athlete_andrzej_cofalik,POL
event_Q1005801,athlete_hermann_maier,AUT
event_Q3628772,athlete_kelly_holmes,GBR
event_Q2318914,athlete_yunaika_crawford,CUB
event_Q1005571,athlete_franck_piccard,FRA
event_Q5403447,athlete_gennadi_avramenko,URS
event_Q1004961,athlete_leo_visser,NED
event_Q3879632,athlete_daniel_kowalski,AUS
event_Q7979995,athlete_said_saif_asaad,QAT
event_Q22964453,athlete_christine_gosséhélène_cortin,FRA
event_Q562647,athlete_zina_garrison,USA
event_Q562647,athlete_manuela_maleeva_fragnière,BUL
event_Q1074316,athlete_nina_zhivanevskaya,ESP
event_Q3837498,athlete_viachaslau_makaranka,BLR
event_Q8037960,athlete_marko_yli_hannuksela,FIN
event_Q256529,athlete_ole_einar_bjørndalen,NOR
event_Q1005286,athlete_steve_locher,SUI
event_Q2557677,athlete_anna_rogowska,POL
event_Q7500761,athlete_ragnar_skanåker,SWE
event_Q1408888,athlete_ronald_weigel,GER
event_Q3879626,athlete_andrey_korneyev,RUS
event_Q10572465,athlete_terrance_cauthen,USA
event_Q10572465,athlete_leonard_doroftei,ROU
event_Q10426127,athlete_mohammed_achik,MAR
event_Q10426127,athlete_ri_gwang_sik,PRK
event_Q3879611,athlete_vladislav_kulikov,RUS
event_Q3879617,athlete_graeme_smith,GBR
event_Q3628774,athlete_astrid_kumbernuss,GER
event_Q1005731,athlete_gregor_stähli,SUI
event_Q1004964,athlete_falko_zandstra,NED
event_Q3628783,athlete_maksim_tarasov,RUS
event_Q3628702,athlete_grigoriy_yegorov,URS
event_Q988370,athlete_valery_stolyarov,RUS
event_Q5443151,athlete_dennis_bauer_alexander_weber_wiradech_kothny,GER
event_Q3879635,athlete_kirsten_vlieghuis,NED
event_Q3837500,athlete_mehmet_özal,TUR
event_Q1222721,athlete_brigitte_köck,AUT
event_Q10497007,athlete_mario_gonzález,MEX
event_Q10497007,athlete_timofey_skryabin,URS
event_Q1076295,athlete_roman_sloudnov,RUS
event_Q12808128,athlete_denys_hotfrid,UKR
event_Q22964459,athlete_michel_andrieuxjean_christophe_rolland,FRA
event_Q3628752,athlete_tetyana_tereshchuk_antipova,UKR
event_Q3879654,athlete_attila_czene,HUN
event_Q25800,athlete_elvis_gregory_oscar_garcía_rolando_tucker,CUB
event_Q38601,athlete_pavel_kolobkov_andrey_shuvalov_serhiy_kravchuk_sergey_kostarev_valery_zakharevich,EUN
event_Q384008,athlete_yang_tae_young,KOR
event_Q3628691,athlete_kim_gallagher,USA
event_Q3628698,athlete_jüri_tamm,URS
event_Q3565736,athlete_vladimir_popov,URS
event_Q3879589,athlete_jenny_thompson,USA
event_Q3879589,athlete_dara_torres,USA
event_Q2303677,athlete_dennis_mitchell,USA
event_Q988374,athlete_klaus_sulzenbacher,AUT
event_Q3628694,athlete_li_meisu,CHN
event_Q3628754,athlete_olusoji_fasubauchenna_emedoluaaron_egbeledeji_aliu,NGR
event_Q3628710,athlete_seppo_räty,FIN
event_Q1005155,athlete_gerard_kemkers,NED
event_Q3899247,athlete_pavel_dovgal,BLR
event_Q3837508,athlete_chikara_tanabe,JPN
event_Q3628777,athlete_frantz_kruger,RSA
event_Q3628685,athlete_yvonne_murray,GBR
event_Q8037969,athlete_adem_bereket,TUR
event_Q1005189,athlete_rusty_smith,USA
event_Q4160922,athlete_anna_maria_gradante,GER
event_Q4160922,athlete_ann_simons,BEL
event_Q1004936,athlete_marco_albarello,ITA
event_Q255955,athlete_sergey_klevchenya,RUS
event_Q8037967,athlete_lincoln_mcilravy,USA
event_Q1004968,athlete_marc_gagnon,CAN
event_Q2313564,athlete_justin_gatlin,USA
event_Q3879588,athlete_petria_thomas,AUS
event_Q3561235,athlete_curt_harnett,CAN
event_Q823663,athlete_toby_dawson,USA
event_Q3628763,athlete_beverly_mcdonald,JAM
event_Q988367,athlete_felix_gottwald,AUT
event_Q1005804,athlete_pirmin_zurbriggen,SUI
event_Q7980006,athlete_karnam_malleswari,IND
event_Q3879573,athlete_kirsty_coventry,ZIM
event_Q577507,athlete_gabi_zange,GDR
event_Q3899244,athlete_vakhtang_iagorashvili,URS
event_Q1421581,athlete_anna_meares,AUS
event_Q8037902,athlete_ioan_grigoraș,ROM
event_Q1005572,athlete_günther_mader,AUT
event_Q5443140,athlete_andrey_shuvalov_pavel_kolobkov_wladimir_resnitschenko_mykhailo_tyshko_igor_tikhomirov,URS
event_Q1409055,athlete_janeene_vickers,USA
event_Q10466383,athlete_irene_de_kok,NED
event_Q10466383,athlete_laetitia_meignan,FRA
event_Q10572431,athlete_wojciech_bartnik,POL
event_Q10572431,athlete_zoltán_béres,HUN
event_Q3879616,athlete_gustavo_borges,BRA
event_Q3899249,athlete_eduard_zenovka,EUN
event_Q1005328,athlete_yury_kharchenko,URS
event_Q3879602,athlete_dara_torres,USA
event_Q3879604,athlete_pieter_van_den_hoogenband,NED
event_Q3628690,athlete_hansjörg_kunze,GDR
event_Q1005187,athlete_kevin_overland,CAN
event_Q825731,athlete_thobias_fredriksson,SWE
event_Q2313552,athlete_maria_cioncan,ROM
event_Q3879595,athlete_tom_wilkens,USA
event_Q22964458,athlete_janusz_hookerduncan_freeronald_snookbo_hanson,AUS
event_Q4467905,athlete_winarni_binti_slamet,INA
event_Q10426128,athlete_jorge_eliécer_julio,COL
event_Q10426128,athlete_phajol_moolsan,THA
event_Q3628687,athlete_edwin_moses,USA
event_Q8037974,athlete_eldar_kurtanidze,GEO
event_Q2311975,athlete_not_awarded,
event_Q1005331,athlete_markus_schmidt,AUT
event_Q3925463,athlete_serik_yeleuov,KAZ
event_Q3925463,athlete_murat_khrachev,RUS
event_Q825222,athlete_sabine_völker,GER
event_Q825088,athlete_rosey_fletcher,USA
event_Q988361,athlete_toni_nieminen,FIN
event_Q4467910,athlete_khassaraporn_suta,THA
event_Q1156252,athlete_john_henry_lake,USA
event_Q1005158,athlete_bart_veldkamp,BEL
event_Q3811001,athlete_tea_donguzashvili,RUS
event_Q3811001,athlete_sun_fuming,CHN
event_Q3925469,athlete_michel_lópez_núñez,CUB
event_Q3925469,athlete_roberto_cammarelle,ITA
event_Q1005808,athlete_christian_mayer,AUT
event_Q10497009,athlete_albert_pakeyev,RUS
event_Q10497009,athlete_zoltan_lunka,GER
event_Q1005108,athlete_gilles_marguetvincent_defrasnejulien_robertraphaël_poirée,FRA
event_Q3879562,athlete_inge_de_bruijn,NED
event_Q8037956,athlete_sheng_zetian,CHN
event_Q822588,athlete_artiom_kiouregkian,GRE
event_Q2312004,athlete_vita_styopina,UKR
event_Q3879630,athlete_kirsten_vlieghuis,NED
event_Q10684072,athlete_aleksandr_miroshnichenko,URS
event_Q10684072,athlete_janusz_zarenkiewicz,POL
event_Q10522572,athlete_jimmy_pedro,USA
event_Q10522572,athlete_christophe_gagliano,FRA
event_Q1005351,athlete_cristian_zorzi,ITA
event_Q5443142,athlete_andrey_shuvalov,URS
event_Q3879668,athlete_tom_jager,USA
event_Q10466392,athlete_kate_howey,GBR
event_Q10466392,athlete_heidi_rakels,BEL
event_Q3837518,athlete_alireza_heidari,IRI
event_Q3879594,athlete_cristina_teuscher,USA
event_Q3628708,athlete_norbert_dobeleitedgar_ittjörg_vaihingerralf_lübkebodo_kuhnmark_henrich,FRG
event_Q1076347,athlete_dara_torres,USA
event_Q8037915,athlete_andriy_kalashnikov,UKR
event_Q10466400,athlete_connie_paraskevin,USA
event_Q3628683,athlete_jens_peter_herold,GDR
event_Q1004965,athlete_rintje_ritsma,NED
event_Q1005617,athlete_edgar_grospiron,FRA
event_Q2558525,athlete_kelly_sotherton,GBR
event_Q38410,athlete_tatyana_sadovskaya,EUN
event_Q3811009,athlete_qin_dongya,CHN
event_Q3811009,athlete_annett_böhm,GER
event_Q1069209,athlete_cindy_klassen,CAN
event_Q1408901,athlete_johnny_gray,USA
event_Q22964457,athlete_marc_schneiderjeff_pfaendtnerdavid_collinswilliam_carlucci,USA
event_Q8037906,athlete_daulet_turlykhanov,EUN
event_Q988372,athlete_bjarte_engen_vik,NOR
event_Q3628709,athlete_beate_koch,GDR
event_Q3811005,athlete_yurisleydis_lupetey,CUB
event_Q3811005,athlete_deborah_gravenstijn,NED
event_Q2328217,athlete_kim_soo_nyung,KOR
event_Q4088890,athlete_wolfgang_hoppeulf_hielscherrené_hannemanncarsten_embach,GER
event_Q3628766,athlete_nezha_bidouane,MAR
event_Q8037901,athlete_sergey_demyashkevich,EUN
event_Q3879633,athlete_sandra_völker,GER
event_Q10684073,athlete_svilen_rusinov,BUL
event_Q10684073,athlete_brian_nielsen,DEN
event_Q3879596,athlete_amanda_beard,USA
event_Q2311908,athlete_maría_vasco,ESP
event_Q3500417,athlete_lee_jae_suk,KOR
event_Q1004913,athlete_geir_karlstad,NOR
event_Q22964456,athlete_gregory_searlejonathan_william_searlerupert_john_obholzertim_foster,GBR
event_Q4088891,athlete_günther_huberstefano_ticci,ITA
event_Q1004989,athlete_giorgio_vanzetta,ITA
event_Q10572423,athlete_karim_tulaganov,UZB
event_Q10572423,athlete_yermakhan_ibraimov,KAZ
event_Q1076244,athlete_penny_heyns,RSA
event_Q10581228,athlete_chris_johnson,CAN
event_Q10581228,athlete_lee_seung_bae,KOR
event_Q3899246,athlete_kate_allenby,GBR
event_Q1005621,athlete_benjamin_raich,AUT
event_Q988359,athlete_jiří_malec,TCH
event_Q3500407,athlete_dennis_koslowski,USA
event_Q3879581,athlete_usaian_crocker_michael_phelps_neil_walker_jason_lezak_nate_dusing_gary_hall_jr_gabe_woodward_indicates_the_swimmer_only_competed_in_the_preliminary_heats,USA
event_Q3879564,athlete_leisel_jones,AUS
event_Q1408869,athlete_irina_privalova,EUN
event_Q1408852,athlete_samson_kitur,KEN
event_Q3628679,athlete_yelena_zhupiyova,URS
event_Q10706346,athlete_andrzej_gołota,POL
event_Q10706346,athlete_arnold_vanderlyde,NED
event_Q8037929,athlete_ri_yong_sam,PRK
event_Q1141105,athlete_lászló_cseh,HUN
event_Q1005157,athlete_leo_visser,NED
event_Q1408920,athlete_yordanka_donkova,BUL
event_Q1004870,athlete_marc_gagnon,CAN
event_Q3837497,athlete_armen_nazaryan,BUL
event_Q3837499,athlete_mkhitar_manukyan,KAZ
event_Q3837505,athlete_aydın_polatçı,TUR
event_Q3879627,athlete_curtis_myden,CAN
event_Q824919,athlete_hilde_gjermundshaug_pedersen,NOR
event_Q8037932,athlete_zaza_zazirov,UKR
event_Q8037918,athlete_mehmet_akif_pirim,TUR
event_Q541316,athlete_igor_zhelezovski,URS
event_Q2311887,athlete_kirsten_münchow,GER
event_Q4160927,athlete_anatoly_laryukhov,BLR
event_Q4160927,athlete_vsevolods_zeļonijs,LAT
event_Q1005292,athlete_harald_christian_strand_nilsen,NOR
event_Q3879580,athlete_tomomi_morita_kosuke_kitajima_takashi_yamamoto_yoshihiro_okumura_indicates_the_swimmer_only_competed_in_the_preliminary_heats,JPN
event_Q3879561,athlete_laure_manaudou,FRA
event_Q7500758,athlete_johann_riederer,GER
event_Q824803,athlete_pietro_piller_cottrer,ITA
event_Q1005214,athlete_christian_hoffmann,AUT
event_Q10522594,athlete_frank_möller,GER
event_Q10522594,athlete_harry_van_barneveld,BEL
event_Q4354615,athlete_vladimir_isakov,RUS
event_Q7979985,athlete_xiao_jiangang,CHN
event_Q1423968,athlete_joe_greene,USA
event_Q2426715,athlete_margarita_fullana,ESP
event_Q7979988,athlete_chon_chol_ho,PRK
event_Q3811004,athlete_ilse_heylen,BEL
event_Q3811004,athlete_amarilis_savón,CUB
event_Q1004928,athlete_sergei_tarasov,RUS
event_Q988351,athlete_adam_małysz,POL
event_Q3879629,athlete_daniel_kowalski,AUS
event_Q2312939,athlete_wilson_kipketer,DEN
event_Q3811006,athlete_khashbaataryn_tsagaanbaatar,MGL
event_Q3811006,athlete_choi_min_ho,KOR
event_Q38605,athlete_marian_sypniewski_piotr_kiełpikowski_adam_krzesiński_cezary_siess_ryszard_sobczak,POL
event_Q1004924,athlete_frode_andresen,NOR
event_Q2310230,athlete_sabine_spitz,GER
event_Q3879642,athlete_lea_loveless,USA
event_Q25784,athlete_giovanna_trillini,ITA
event_Q10466389,athlete_driulis_gonzález,CUB
event_Q10466389,athlete_chiyori_tateno,JPN
event_Q1005557,athlete_stephan_eberharter,AUT
event_Q3925471,athlete_boris_georgiev,BUL
event_Q3925471,athlete_ionuţ_gheorghe,ROM
event_Q826487,athlete_ådne_søndrål,NOR
event_Q3879613,athlete_samantha_riley,AUS
event_Q825058,athlete_tobias_angerer,GER
event_Q3879574,athlete_george_bovell,TRI
event_Q3980074,athlete_tamer_bayoumi,EGY
event_Q3879656,athlete_nick_gillingham,GBR
event_Q5443145,athlete_zsuzsa_némethné_jánosi_gertrúd_stefanek_zsuzsa_szőcs_katalin_tuschák_edit_kovács,HUN
event_Q3811007,athlete_driulis_gonzález,CUB
event_Q3811007,athlete_urška_žolnir,SLO
event_Q10522575,athlete_nicolas_gill,CAN
event_Q10522575,athlete_hirotaka_okada,JPN
event_Q3951952,athlete_andrea_cassarà,ITA
event_Q3628699,athlete_hussein_ahmed_salah,DJI
event_Q3628759,athlete_melissa_morrison,USA
event_Q1408856,athlete_addis_abebe,ETH
event_Q10522548,athlete_bertrand_damaisin,FRA
event_Q10522548,athlete_kim_byung_joo,KOR
event_Q25782,athlete_karina_aznavuryan_mariya_mazina_yuliya_garayeva,RUS
event_Q10572432,athlete_damir_škaro,YUG
event_Q10572432,athlete_henryk_petrich,POL
event_Q2558983,athlete_rui_silva,POR
event_Q3879565,athlete_hugues_duboscq,FRA
event_Q10466371,athlete_amarilis_savón,CUB
event_Q10466371,athlete_hülya_şenyurt,TUR
event_Q2313443,athlete_derartu_tulu,ETH
event_Q376518,athlete_kristen_skjeldal,NOR
event_Q2557129,athlete_jolanda_čeplak,SLO
event_Q1005643,athlete_thomas_sykora,AUT
event_Q1005782,athlete_lasse_kjus,NOR
event_Q579346,athlete_barbara_mensingcornelia_pfohlsandra_wagner_sachse,GER
event_Q3998587,athlete_sven_riederer,SUI
event_Q25780,athlete_damien_touya,FRA
event_Q8037962,athlete_garrett_lowney,USA
event_Q3628776,athlete_iryna_yatchenko,BLR
event_Q3925462,athlete_mohamed_elsayed,EGY
event_Q3925462,athlete_naser_al_shami,SYR
event_Q8037914,athlete_sergei_mureiko,MDA
event_Q8037957,athlete_kang_yong_gyun,PRK
event_Q7500762,athlete_luboš_račanský,TCH
event_Q3837510,athlete_makhach_murtazaliev,RUS
event_Q1222713,athlete_maria_walliser,SUI
event_Q823194,athlete_paul_henri_de_le_rue,FRA
event_Q10522593,athlete_imre_csősz,HUN
event_Q10522593,athlete_david_douillet,FRA
event_Q3628688,athlete_olga_nazarova,URS
event_Q25793,athlete_géza_imre,HUN
event_Q1005374,athlete_ross_powers,USA
event_Q1004937,athlete_mika_myllylä,FIN
event_Q1110152,athlete_melissa_morrison,USA
event_Q8037928,athlete_maulen_mamyrov,KAZ
event_Q1424018,athlete_salah_hissou,MAR
event_Q13583141,athlete_suriya_prasathinphimai,THA
event_Q13583141,athlete_andre_dirrell,USA
event_Q1005047,athlete_alexei_aidarov,BLR
event_Q1005741,athlete_andreas_schifferer,AUT
event_Q10495988,athlete_lee_jae_hyuk,KOR
event_Q10495988,athlete_abdelhak_achik,MAR
event_Q1304082,athlete_ye_zhaoying,CHN
event_Q1074357,athlete_stev_theloke,GER
event_Q3879634,athlete_fernando_scherer,BRA
event_Q8037916,athlete_zafar_guliev,RUS
event_Q10719575,athlete_daniel_santos,PUR
event_Q10719575,athlete_marian_simion,ROU
event_Q10581227,athlete_mohamed_bahari,ALG
event_Q10581227,athlete_rhoshii_wells,USA
event_Q2558493,athlete_tatyana_lebedeva,RUS
event_Q1005041,athlete_johann_passler,ITA
event_Q8037903,athlete_noh_kyung_sun,KOR
event_Q22964455,athlete_frédéric_kowalsamuel_barathay,FRA
event_Q591555,athlete_jens_filbrichandreas_schlüttertobias_angererrené_sommerfeldt,GER
event_Q3628779,athlete_joyce_chepchumba,KEN
event_Q3628697,athlete_katrin_dörre,GDR
event_Q3628684,athlete_heike_drechsler,GDR
event_Q2443986,athlete_vanderlei_de_lima,BRA
event_Q4443767,athlete_giovanni_pellielo,ITA
event_Q11883936,athlete_jasna_šekarić,YUG
event_Q3925466,athlete_fuad_aslanov,AZE
event_Q3925466,athlete_rustamhodza_rahimov,GER
event_Q370863,athlete_solenne_figuès,FRA
event_Q3991750,athlete_chen_li_juwu_hui_juyuan_shu_chi,TPE
event_Q10706347,athlete_david_tua,NZL
event_Q10706347,athlete_arnold_vanderlyde,NED
event_Q8037970,athlete_magomed_ibragimov,MKD
event_Q55615395,athlete_bruno_carabetta,FRA
event_Q55615395,athlete_yōsuke_yamamoto,JPN
event_Q8037909,athlete_gogi_koguashvili,EUN
event_Q10572462,athlete_nergüin_enkhbat,MGL
event_Q10572462,athlete_romallis_ellis,USA
event_Q3879587,athlete_geoff_huegill,AUS
event_Q38407,athlete_jean_françois_lamour_jean_philippe_daurelle_franck_ducheix_hervé_granger_veyron_pierre_guichot,FRA
event_Q605663,athlete_shen_xue_zhao_hongbo,CHN
event_Q988348,athlete_masahiko_harada,JPN
event_Q38599,athlete_elvis_gregory,CUB
event_Q3811013,athlete_mark_huizinga,NED
event_Q3811013,athlete_khasanbi_taov,RUS
event_Q1405425,athlete_larry_myricks,USA
event_Q1005042,athlete_mikael_löfgren,SWE
event_Q1005124,athlete_thierry_dusserrepatrice_bailly_salinslionel_laurenthervé_flandin,FRA
event_Q1005133,athlete_pavel_muslimovvladimir_drachevsergei_tarasovviktor_maigourov,RUS
event_Q25795,athlete_gyöngyi_szalay_horváth,HUN
event_Q4357642,athlete_wang_zheng,CHN
event_Q2308435,athlete_davis_kamoga,UGA
event_Q3837506,athlete_anna_gomis,FRA
event_Q4160923,athlete_kie_kusakabe,JPN
event_Q4160923,athlete_maria_pekli,AUS
event_Q1005213,athlete_giorgio_vanzetta,ITA
event_Q10572439,athlete_leonard_doroftei,ROU
event_Q10572439,athlete_jyri_kjäll,FIN
event_Q7979998,athlete_siarhei_laurenau,BLR
event_Q10572421,athlete_raymond_downey,CAN
event_Q10572421,athlete_richard_woodhall,GBR
event_Q7500782,athlete_tanyu_kiryakov,BUL
event_Q3879669,athlete_jana_henke,GER
event_Q826529,athlete_jens_boden,GER
event_Q1005639,athlete_paul_frommelt,LIE
event_Q3998589,athlete_susan_williams,USA
event_Q3561232,athlete_curt_harnett,CAN
event_Q1005103,athlete_harri_kirvesniemimika_myllyläsami_repojari_isometsä,FIN
event_Q8037955,athlete_dmitry_debelka,BLR
event_Q3837504,athlete_patricia_miranda,USA
event_Q10522553,athlete_theo_meijer,NED
event_Q10522553,athlete_dmitri_sergeyev,EUN
event_Q3879622,athlete_michelle_smith,IRL
event_Q10609400,athlete_therese_torgerssonvendela_zachrisson,SWE
event_Q2311149,athlete_sergey_makarov,RUS
event_Q3811000,athlete_indrek_pertelson,EST
event_Q3811000,athlete_dennis_van_der_geest,NED
event_Q7500768,athlete_stevan_pletikosić,IOP
event_Q1005172,athlete_lee_kang_seok,KOR
event_Q25798,athlete_jean_michel_henry_éric_srecki_robert_leroux,FRA
event_Q3628791,athlete_patricia_girard,FRA
event_Q3628780,athlete_tesfaye_tola,ETH
event_Q3879563,athlete_andriy_serdinov,UKR
event_Q5443139,athlete_giovanni_scalzo_marco_marin_gianfranco_dalla_barba_ferdinando_meglio_massimo_cavaliere,ITA
event_Q1408906,athlete_qu_yunxia,CHN
event_Q13424670,athlete_laura_flessel_colovic,FRA
event_Q3879641,athlete_david_berkoff,USA
event_Q1408846,athlete_merlene_ottey,JAM
event_Q1076288,athlete_massimiliano_rosolino,ITA
event_Q7500760,athlete_valentina_cherkasova,URS
event_Q582514,athlete_dmitriy_karpov,KAZ
event_Q7500776,athlete_dorjsürengiin_mönkhbayar,MGL
event_Q1005212,athlete_sture_sivertsen,NOR
event_Q3811002,athlete_michael_jurack,GER
event_Q3811002,athlete_ariel_zeevi,ISR
event_Q7500756,athlete_sorin_babii,ROU
event_Q7500764,athlete_vladimir_vokhmyanin,EUN
event_Q8037905,athlete_simeon_shterev,BUL
event_Q8037920,athlete_józef_tracz,POL
event_Q10719573,athlete_jan_dydak,POL
event_Q10719573,athlete_kenneth_gould,USA
event_Q10572440,athlete_lars_myrberg,SWE
event_Q10572440,athlete_reiner_gies,FRG
event_Q1004985,athlete_vladimir_smirnov,URS
event_Q10466375,athlete_li_zhongyun,CHN
event_Q10466375,athlete_sharon_rendle,GBR
event_Q3879570,athlete_stephen_parry,GBR
event_Q3811010,athlete_leandro_guilheiro,BRA
event_Q3811010,athlete_jimmy_pedro,USA
event_Q252584,athlete_gunda_niemann_kleemann,GER
event_Q8037963,athlete_alexis_rodríguez,CUB
event_Q10522571,athlete_chung_hoon,KOR
event_Q10522571,athlete_oren_smadja,ISR
event_Q3628767,athlete_katharine_merry,GBR
event_Q988369,athlete_günther_csarhansjörg_aschenwaldklaus_sulzenbacher,AUT
event_Q1409616,athlete_karen_forkel,GER
event_Q1221778,athlete_bonnie_blair,USA
event_Q2306535,athlete_lynn_jennings,USA
event_Q3879618,athlete_cathleen_rund,GER
event_Q7500791,athlete_zhang_bing,CHN
event_Q3980075,athlete_yousef_karami,IRI
event_Q1004952,athlete_chad_hedrick,USA
event_Q10581231,athlete_mukhran_vakhtangadze,GEO
event_Q4000244,athlete_mary_ellen_clark,USA
event_Q826519,athlete_jennifer_rodriguez,USA
event_Q1027135,athlete_valery_belenky,EUN
event_Q1408797,athlete_ximena_restrepo,COL
event_Q3879649,athlete_jörg_hoffmann,GER
event_Q3879644,athlete_phil_rogers,AUS
event_Q988364,athlete_felix_gottwald,AUT
event_Q4354069,athlete_gao_jing,CHN
event_Q10522576,athlete_akinobu_osako,JPN
event_Q10522576,athlete_ben_spijkers,NED
event_Q1005757,athlete_dmitry_dashchinsky,BLR
event_Q3837509,athlete_lise_legrand,FRA
event_Q3628681,athlete_tetyana_samolenko,URS
event_Q1005618,athlete_sami_mustonen,FIN
event_Q5448040,athlete_chen_lu,CHN
event_Q38412,athlete_jean_françois_lamour,FRA
event_Q1004991,athlete_vladimir_smirnov,KAZ
event_Q988347,athlete_heinz_kuttin,AUT
event_Q5443155,athlete_sabine_bau_rita_könig_monika_weber_koszto,GER
event_Q1408897,athlete_michael_bates,USA
event_Q10706348,athlete_nate_jones,USA
event_Q10706348,athlete_luan_krasniqi,GER
event_Q3565760,athlete_kim_sang_kyu,KOR
event_Q596754,athlete_rus_ivan_alypov_vasily_rochev,
event_Q10497008,athlete_tim_austin,USA
event_Q10497008,athlete_istván_kovács,HUN
event_Q3628701,athlete_hartwig_gauder,GDR
event_Q3879647,athlete_franziska_van_almsick,GER
event_Q3628778,athlete_igor_astapkovich,BLR
event_Q3561228,athlete_ingrid_haringa,NED
event_Q2552272,athlete_deena_kastor,USA
event_Q3879655,athlete_anita_nall,USA
event_Q1005753,athlete_alexei_grishin,BLR
event_Q988362,athlete_andreas_widhölzl,AUT
event_Q4000234,athlete_jan_hempel_heiko_meyer,GER
event_Q1005296,athlete_christian_mayer,AUT
event_Q1005066,athlete_mika_myllylä,FIN
event_Q3879576,athlete_kaitlin_sandeno,USA
event_Q7979991,athlete_oliver_caruso,GER
event_Q3998591,athlete_jan_řehula,CZE
event_Q1004915,athlete_rintje_ritsma,NED
event_Q1415848,athlete_rené_wolff,GER
event_Q3879572,athlete_yuko_nakanishi,JPN
event_Q8037940,athlete_eldar_kurtanidze,GEO
event_Q8037966,athlete_jang_jae_sung,KOR
event_Q10522550,athlete_nuno_delgado,POR
event_Q10522550,athlete_aleksei_budõlin,EST
event_Q3628695,athlete_werner_günthör,SUI
event_Q3879660,athlete_antti_kasvio,FIN
event_Q3628700,athlete_maurizio_damilano,ITA
event_Q3628760,athlete_gabriela_szabo,ROM
event_Q1005063,athlete_vegard_ulvang,NOR
event_Q26860,athlete_ato_boldon,TRI
event_Q3879659,athlete_kerstin_kielgaß,GER
event_Q1141034,athlete_georgina_bardach,ARG
event_Q1005333,athlete_armin_zöggeler,ITA
event_Q3925470,athlete_kim_jung_joo,KOR
event_Q3925470,athlete_oleg_saitov,RUS
event_Q1004888,athlete_per_elofsson,SWE
event_Q1005044,athlete_sven_fischer,GER
event_Q10572463,athlete_namjilyn_bayarsaikhan,MGL
event_Q10572463,athlete_hong_sung_sik,KOR
event_Q4467904,athlete_sri_indriyani,INA
event_Q1005576,athlete_hannes_trinkl,AUT
event_Q12808144,athlete_kuo_yi_hang,TPE
event_Q55615399,athlete_torsten_bréchôt,GDR
event_Q55615399,athlete_bashir_varaev,URS
event_Q7979987,athlete_attila_feri,HUN
event_Q25239317,athlete_martin_zawieja,FRG
event_Q3879597,athlete_davide_rummolo,ITA
event_Q1042644,athlete_marlies_schild,AUT
event_Q1004935,athlete_christer_majbäck,SWE
event_Q3811012,athlete_flávio_canto,BRA
event_Q3811012,athlete_dmitri_nossov,RUS
event_Q1408876,athlete_jack_pierce,USA
event_Q5481589,athlete_mariya_grozdeva,BUL
event_Q3500383,athlete_haralambos_holidis,GRE
event_Q372925,athlete_roar_ljøkelsøy,NOR
event_Q3879657,athlete_luca_sacchi,ITA
event_Q2306561,athlete_ioamnet_quintero,CUB
event_Q4443766,athlete_gao_e,CHN
event_Q615345,athlete_anja_pärson,SWE
event_Q576599,athlete_vladimir_lebedev,RUS
event_Q7979999,athlete_giorgi_asanidze,GEO
event_Q1005805,athlete_kjetil_andré_aamodt,NOR
event_Q55615398,athlete_mike_swain,USA
event_Q55615398,athlete_georgy_tenadze,URS
event_Q3879648,athlete_stéphan_caron,FRA
event_Q3811008,athlete_georgi_georgiev,BUL
event_Q3811008,athlete_yordanis_arencibia,CUB
event_Q1421727,athlete_guido_fulst,GER
event_Q1004863,athlete_yukinori_miyabe,JPN
event_Q128040,athlete_clara_hughes,CAN
event_Q1005192,athlete_nicky_gooch,GBR
event_Q4160926,athlete_girolamo_giovinazzo,ITA
event_Q4160926,athlete_giorgi_vazagashvili,GEO
event_Q823675,athlete_dominique_maltais,CAN
event_Q3628773,athlete_djabir_saïd_guerni,ALG
event_Q3879603,athlete_kaitlin_sandeno,USA
event_Q1407627,athlete_stephan_freigang,GER
event_Q1408300,athlete_dmytro_hrachovviktor_rubanoleksandr_serdyuk,UKR
