source,target,noc
event_Q303623,athlete_fernando_pimentaemanuel_silva,POR
event_Q607635,athlete_lee_seung_hoon,KOR
event_Q939000,athlete_judith_arndt,GER
event_Q26233801,athlete_aly_raisman,USA
event_Q743905,athlete_david_payne,USA
event_Q1433269,athlete_danny_mcfarlane,JAM
event_Q1005784,athlete_andrei_krauchanka,BLR
event_Q1005641,athlete_alberto_tomba,ITA
event_Q3628768,athlete_alvin_harrison,USA
event_Q7400295,athlete_marit_söderström_birgitta_bengtsson,SWE
event_Q15506518,athlete_eddy_alvarez_j_r_celski_chris_creveling_jordan_malone,USA
event_Q4951829,athlete_arnaldo_mesa,CUB
event_Q26212143,athlete_gor_minasyan,ARM
event_Q250187,athlete_brenton_rickard,AUS
event_Q1221945,athlete_lyubov_yegorova,RUS
event_Q3879591,athlete_roxana_maracineanu,FRA
event_Q25239321,athlete_he_yingqiang,CHN
event_Q1205250,athlete_tan_zongliang,CHN
event_Q766586,athlete_renate_groenewold,NED
event_Q850246,athlete_evgenia_radanova,BUL
event_Q2071152,athlete_camille_muffat,FRA
event_Q2071160,athlete_ryosuke_irie,JPN
event_Q1204722,athlete_lioubov_galkina,RUS
event_Q26208755,athlete_julius_yego,KEN
event_Q2500292,athlete_iain_percyandrew_simpson,GBR
event_Q870647,athlete_knut_tore_apelandfred_børre_lundbergtrond_einar_elden,NOR
event_Q7662173,athlete_miya_tachibanamiho_takeda,JPN
event_Q15619183,athlete_yuna_kim,KOR
event_Q25239533,athlete_israel_militosyan,URS
event_Q4951830,athlete_serafim_todorov,BUL
event_Q1005783,athlete_mauro_sarmiento,ITA
event_Q7372012,athlete_rumyana_neykova,BUL
event_Q3879590,athlete_kieren_perkins,AUS
event_Q1221969,athlete_anfisa_reztsova,URS
event_Q3628769,athlete_sonia_osullivan,IRL
event_Q1005640,athlete_alberto_tomba,ITA
event_Q744487,athlete_germaine_mason,GBR
event_Q26233821,athlete_mirela_demireva,BUL
event_Q1433109,athlete_toby_stevenson,USA
event_Q1049551,athlete_nijel_amos,BOT
event_Q2071129,athlete_abeba_aregawi,ETH
event_Q2071135,athlete_pamela_jelimo,KEN
event_Q2090641,athlete_vivian_cheruiyot,KEN
event_Q26219843,athlete_genzebe_dibaba,ETH
event_Q26208467,athlete_evan_jager,USA
event_Q2001009,athlete_sofia_assefa,ETH
event_Q65242144,athlete_raven_saunders,USA
event_Q1799275,athlete_sally_kipyego,KEN
event_Q1771990,athlete_mahiedine_mekhissi_benabbad,FRA
event_Q2194130,athlete_sarah_hammer,USA
event_Q26219851,athlete_tijana_bogdanović,SRB
event_Q1043342,athlete_iryna_lishchynska,UKR
event_Q1063589,athlete_fabian_cancellara,SUI
event_Q26212188,athlete_darya_naumava,BLR
event_Q26219850,athlete_lutalo_muhammad,GBR
event_Q256559,athlete_zhang_lin,CHN
event_Q1185004,athlete_margaret_hoelzer,USA
event_Q657467,athlete_olena_antonova,UKR
event_Q754412,athlete_rigoberto_urán,COL
event_Q15056220,athlete_denny_morrison,CAN
event_Q24760634,athlete_jakob_fuglsang,DEN
event_Q25386275,athlete_elisa_di_francisca,ITA
event_Q950563,athlete_leisel_jones,AUS
event_Q47296499,athlete_oarmikhail_kolyada_evgenia_medvedeva_alina_zagitova_evgenia_tarasova_vladimir_morozov_natalia_zabiiako_alexander_enbert_ekaterina_bobrova_dmitri_soloviev,
event_Q26242953,athlete_jack_laugher,GBR
event_Q26235881,athlete_david_boudiasteele_johnson,USA
event_Q26237528,athlete_cheong_jun_hoongpandelela_rinong,MAS
event_Q26237418,athlete_sergey_kamenskiy,RUS
event_Q26243423,athlete_he_zi,CHN
event_Q26234145,athlete_jessica_ennis_hill,GBR
event_Q26261258,athlete_dong_dong,CHN
event_Q26262523,athlete_daria_shmelevaanastasia_voynova,RUS
event_Q26259596,athlete_eddie_dawkinsethan_mitchellsam_webster,NZL
event_Q26261256,athlete_bryony_page,GBR
event_Q26265815,athlete_becky_james,GBR
event_Q26262252,athlete_callum_skinner,GBR
event_Q26273359,athlete_nia_ali,USA
event_Q26263572,athlete_becky_james,GBR
event_Q26260960,athlete_sarah_hammerkelly_catlinchloé_dygertjennifer_valente,USA
event_Q26234144,athlete_sunette_viljoen,RSA
event_Q26234119,athlete_zhang_wenxiu,CHN
event_Q26291516,athlete_matthijs_büchli,NED
event_Q26234051,athlete_valerie_adams,NZL
event_Q26233995,athlete_yulimar_rojas,VEN
event_Q26430868,athlete_germán_sánchez,MEX
event_Q284413,athlete_huang_shanshan,CHN
event_Q3223718,athlete_usa,
event_Q26233317,athlete_hyvin_jepkemoi,KEN
event_Q26233122,athlete_cai_zelin,CHN
event_Q3082710,athlete_marit_bouwmeester,NED
event_Q26229077,athlete_tania_cagnottofrancesca_dallapé,ITA
event_Q26233320,athlete_lupita_gonzález,MEX
event_Q284936,athlete_darya_dmitriyeva,RUS
event_Q26233297,athlete_vivian_cheruiyot,KEN
event_Q26233103,athlete_boniface_mucheru_tumuti,KEN
event_Q284423,athlete_dmitry_ushakov,RUS
event_Q326112,athlete_maryna_hancharova_anastasia_ivankova_nataliya_leshchyk_aliaksandra_narkevich_ksenia_sankovich_alina_tumilovich,BLR
event_Q26233319,athlete_sara_petersen,DEN
event_Q1064016,athlete_corina_căprioriu,ROU
event_Q1055931,athlete_mitchell_watt,AUS
event_Q26219862,athlete_hellen_onsando_obiri,KEN
event_Q26225492,athlete_brittney_reese,USA
event_Q1064728,athlete_emma_johansson,SWE
event_Q26212225,athlete_taoufik_makhloufi,ALG
event_Q26224939,athlete_sandi_morris,USA
event_Q26219861,athlete_paul_kipkemoi_chelimo,USA
event_Q369846,athlete_matt_grevers,USA
event_Q26225938,athlete_jared_tallent,AUS
event_Q326384,athlete_clemente_russo,ITA
event_Q26212202,athlete_luvo_manyonga,RSA
event_Q1005787,athlete_ole_bischof,GER
event_Q26223026,athlete_paul_tanui,KEN
event_Q26219858,athlete_kirani_james,GRN
event_Q26221551,athlete_jonathan_brownlee,GBR
event_Q26219856,athlete_andre_de_grasse,CAN
event_Q1050909,athlete_erick_barrondo,GUA
event_Q1064358,athlete_paola_espinosaalejandra_orozco,MEX
event_Q1064845,athlete_haley_anderson,USA
event_Q1140736,athlete_lee_chong_wei,MAS
event_Q62020022,athlete_kjetil_borch,NOR
event_Q65235520,athlete_saeid_mollaei,MGL
event_Q26219821,athlete_zhang_binbin,CHN
event_Q26219841,athlete_tori_bowie,USA
event_Q110316274,athlete_victoria_sinitsinaand_nikita_katsalapov,ROC
event_Q65243912,athlete_kelvin_hoefler,BRA
event_Q65235537,athlete_funa_tonaki,JPN
event_Q1076273,athlete_lee_chong_wei,MAS
event_Q2070009,athlete_si_tianfeng,CHN
event_Q65235488,athlete_cho_gu_ham,KOR
event_Q1188476,athlete_annekatrin_thielecarina_bärjulia_richterbritta_oppelt,GER
event_Q65235512,athlete_lasha_shavdatuashvili,GEO
event_Q47295256,athlete_evgenia_medvedeva,OAR
event_Q65235562,athlete_michaela_polleres,AUT
event_Q2000949,athlete_derek_drouin,CAN
event_Q2000949,athlete_robert_grabarz,GBR
event_Q2000949,athlete_mutaz_essa_barshim,QAT
event_Q2000999,athlete_jason_richardson,USA
event_Q65235574,athlete_idalys_ortiz,CUB
event_Q2000988,athlete_priscah_jeptoo,KEN
event_Q1094662,athlete_maki_tsukada,JPN
event_Q110316264,athlete_evgenia_tarasovaand_vladimir_morozov,ROC
event_Q627905,athlete_alina_dumitru,ROU
event_Q65243916,athlete_rayssa_leal,BRA
event_Q590226,athlete_yalennis_castillo,CUB
event_Q1193963,athlete_deborah_gravenstijn,NED
event_Q26219839,athlete_allyson_felix,USA
event_Q65235568,athlete_madeleine_malonga,FRA
event_Q2000979,athlete_will_claye,USA
event_Q65242281,athlete_dina_averina,ROC
event_Q110264101,athlete_johannes_lochnerflorian_bauer,GER
event_Q62020023,athlete_marius_cozmiucciprian_tudosă,ROU
event_Q645932,athlete_yelena_sokolova,RUS
event_Q370500,athlete_janine_hansonrachelle_viinbergkrista_guloienlauren_wilkinsonnatalie_mastracciashley_brzozowiczdarcy_marquardtandréanne_morinlesley_thompson_willie,CAN
event_Q1065654,athlete_jennifer_kessyapril_ross,USA
event_Q110264143,athlete_johannes_lochnerflorian_bauerchristopher_weberchristian_rasp,GER
event_Q26214545,athlete_piotr_małachowski,POL
event_Q2070547,athlete_brigetta_barrett,USA
event_Q2071171,athlete_dejen_gebremeskel,ETH
event_Q62020027,athlete_mihăiță_țigănescu_mugurel_semciuc_ștefan_berariu_cosmin_pascari,ROU
event_Q26208357,athlete_brady_ellisonzach_garrettjake_kaminski,USA
event_Q62020029,athlete_harry_leaskangus_groomtom_barrasjack_beaumont,GBR
event_Q1144277,athlete_lee_hyo_junglee_kyung_won,KOR
event_Q1193975,athlete_lucie_décosse,FRA
event_Q531436,athlete_mireia_belmonte_garcía,ESP
event_Q47155555,athlete_marte_olsbutiril_eckhoffjohannes_thingnes_bøemil_hegle_svendsen,NOR
event_Q26086643,athlete_kevin_mayer,FRA
event_Q62020033,athlete_hanna_prakatsen,ROC
event_Q1076798,athlete_gemma_gibbons,GBR
event_Q47296003,athlete_gabriella_papadakisand_guillaume_cizeron,FRA
event_Q65242368,athlete_katie_zafereskevin_mcdowelltaylor_knibbmorgan_pearson,USA
event_Q591384,athlete_leonel_manzano,USA
event_Q62020025,athlete_melvin_twellaarstef_broenink,NED
event_Q1076967,athlete_xu_lili,CHN
event_Q47263008,athlete_sui_wenjingand_han_cong,CHN
event_Q2000968,athlete_björn_otto,GER
event_Q1067177,athlete_hedda_berntsen,NOR
event_Q62020035,athlete_ellen_hogerwerf_karolien_florijn_ymkje_clevering_veronique_meester,NED
event_Q26208442,athlete_mutaz_essa_barshim,QAT
event_Q62020026,athlete_jonathan_rommelmannjason_osborne,GER
event_Q47455933,athlete_john_henry_krueger,USA
event_Q2069991,athlete_betty_heidler,GER
event_Q110316174,athlete_yuma_kagiyama,JPN
event_Q62020030,athlete_agnieszka_kobusmarta_wieliczkomaria_sajdakkatarzyna_zillmann,POL
event_Q65235495,athlete_yang_yung_wei,TPE
event_Q47310015,athlete_kim_boutin,CAN
event_Q586832,athlete_meryl_davisand_charlie_white,USA
event_Q62020031,athlete_brooke_donoghuehannah_osborne,NZL
event_Q110324226,athlete_alexandra_trusova,ROC
event_Q25991470,athlete_rachele_bruni,ITA
event_Q2000939,athlete_christina_obergföll,GER
event_Q603519,athlete_mika_sugimoto,JPN
event_Q26219842,athlete_dafne_schippers,NED
event_Q65235505,athlete_vazha_margvelashvili,GEO
event_Q2036655,athlete_nino_schurter,SUI
event_Q110264144,athlete_elana_meyers_taylor,USA
event_Q26215594,athlete_ivan_tsikhan,BLR
event_Q62020028,athlete_johannes_weißenfeldlaurits_follertolaf_roggensacktorben_johannesenjakob_schneidermalte_jakschikrichard_schmidthannes_ocikmartin_sauer,GER
event_Q536380,athlete_peter_chambersrob_williamsrichard_chamberschris_bartley,GBR
event_Q585714,athlete_hiroaki_hiraoka,JPN
event_Q26037158,athlete_angelique_kerber,GER
event_Q47155815,athlete_simon_schempp,GER
event_Q26208457,athlete_renaud_lavillenie,FRA
event_Q25991460,athlete_spyridon_gianniotis,GRE
event_Q65235542,athlete_amandine_buchard,FRA
event_Q65243918,athlete_kokona_hiraki,JPN
event_Q26203840,athlete_orlando_ortega,ESP
event_Q26208447,athlete_joe_kovacs,USA
event_Q25991453,athlete_masato_sakai,JPN
event_Q62020036,athlete_laura_tarantolaclaire_bové,FRA
event_Q2001050,athlete_james_magnussen,AUS
event_Q62020024,athlete_vasilisa_stepanovaelena_oriabinskaia,ROC
event_Q62020034,athlete_ella_greenslade_emma_dykelucy_spoors_kelsey_bevangrace_prendergast_kerri_gowler_beth_ross_jackie_gowler_caleb_shepherd,NZL
event_Q57083855,athlete_li_junhuiliu_yuchen,CHN
event_Q47295100,athlete_shoma_uno,JPN
event_Q1068773,athlete_kim_crowbrooke_pratley,AUS
event_Q110264107,athlete_mariama_jamankaalexandra_burghardt,GER
event_Q21858018,athlete_feyisa_lilesa,ETH
event_Q22968982,athlete_damir_martin,CRO
event_Q47155505,athlete_linn_perssonmona_brorssonanna_magnussonhanna_öberg,SWE
event_Q1772012,athlete_michael_tinsley,USA
event_Q1798905,athlete_thiago_pereira,BRA
event_Q24906828,athlete_sam_dormanmichael_hixon,USA
event_Q942500,athlete_helen_uppertonshelley_ann_brown,CAN
event_Q938805,athlete_maja_włoszczowska,POL
event_Q28209,athlete_brittany_broben,AUS
event_Q25476845,athlete_jaroslav_kulhavý,CZE
event_Q25476835,athlete_maja_włoszczowska,POL
event_Q24995398,athlete_ágatha_bednarczukbárbara_seixas,BRA
event_Q1798873,athlete_yarisley_silva,CUB
event_Q666951,athlete_bode_miller,USA
event_Q25301754,athlete_christinna_pedersenkamilla_rytter_juhl,DEN
event_Q1649415,athlete_yohan_blake,JAM
event_Q1827915,athlete_dawn_harper,USA
event_Q21858030,athlete_eunice_kirwa,BRN
event_Q25301787,athlete_goh_v_shemtan_wee_kiong,MAS
event_Q739527,athlete_keri_anne_payne,GBR
event_Q47091419,athlete_marte_olsbu,NOR
event_Q15055975,athlete_elana_meyerslauryn_williams,USA
event_Q938130,athlete_yanet_bermoy,CUB
event_Q247273,athlete_anaysi_hernández,CUB
event_Q25396697,athlete_lisa_unruh,GER
event_Q47155365,athlete_anastasiya_kuzmina,SVK
event_Q1798983,athlete_abel_kirui,KEN
event_Q25397537,athlete_justin_gatlin,USA
event_Q693595,athlete_jaouad_gharib,MAR
event_Q843287,athlete_lizzie_armitstead,GBR
event_Q960100,athlete_naidangiin_tüvshinbayar,MGL
event_Q24825467,athlete_daniele_lupopaolo_nicolai,ITA
event_Q2437166,athlete_bryan_coquard,FRA
event_Q1753402,athlete_galen_rupp,USA
event_Q956242,athlete_liu_hong,CHN
event_Q1345726,athlete_wang_yihan,CHN
event_Q22968981,athlete_jacob_barsøejacob_larsenkasper_winther_jørgensenmorten_jørgensen,DEN
event_Q1222270,athlete_fie_udby_erichsen,DEN
event_Q932145,athlete_miklós_ungvári,HUN
event_Q22968972,athlete_lindsay_jennerichpatricia_obee,CAN
event_Q1005337,athlete_ondřej_synek,CZE
event_Q1005506,athlete_james_chapmanjosh_dunkley_smithdrew_ginnwill_lockwood,AUS
event_Q782396,athlete_nova_widiantoliliyana_natsir,INA
event_Q25476761,athlete_alise_post,USA
event_Q1337276,athlete_mathias_boecarsten_mogensen,DEN
event_Q25301916,athlete_chan_peng_soongoh_liu_ying,MAS
event_Q47105341,athlete_michal_krčmář,CZE
event_Q938833,athlete_jean_christophe_péraud,FRA
event_Q1986718,athlete_antti_ruuskanen,FIN
event_Q937510,athlete_ilya_zakharovevgeny_kuznetsov,RUS
event_Q15056097,athlete_marie_martinod,FRA
event_Q2268451,athlete_thomas_lurz,GER
event_Q25396702,athlete_tuyana_dashidorzhievaksenia_perovainna_stepanova,RUS
event_Q31850,athlete_denys_berinchyk,UKR
event_Q1798882,athlete_christine_ohuruogu,GBR
event_Q764131,athlete_qin_kai,CHN
event_Q916735,athlete_mao_asada,JPN
event_Q937526,athlete_iván_garcíagermán_sánchez,MEX
event_Q25301472,athlete_lee_chong_wei,MAS
event_Q658077,athlete_pang_qingand_tong_jian,CHN
event_Q24761058,athlete_emma_johansson,SWE
event_Q22968977,athlete_genevieve_behrentrebecca_scown,NZL
event_Q15056098,athlete_mike_riddle,CAN
event_Q1005551,athlete_riki_nakaya,JPN
event_Q1636766,athlete_luguelín_santos,DOM
event_Q22968980,athlete_gary_odonovanpaul_odonovan,IRL
event_Q25476545,athlete_sarah_hammer,USA
event_Q732985,athlete_andreas_matt,AUT
event_Q843436,athlete_lilli_schwarzkopf,GER
event_Q1799251,athlete_gong_lijiao,CHN
event_Q22968985,athlete_lawrence_brittainshaun_keeling,RSA
event_Q733756,athlete_caterine_ibargüen,COL
event_Q15620701,athlete_tessa_virtueand_scott_moir,CAN
event_Q1005683,athlete_david_šainmartin_sinkovićdamir_martinvalent_sinković,CRO
event_Q15620726,athlete_ksenia_stolbovaand_fedor_klimov,RUS
event_Q15054997,athlete_christof_innerhofer,ITA
event_Q47155425,athlete_anastasiya_kuzmina,SVK
event_Q22968983,athlete_mindaugas_griškonissaulius_ritter,LTU
event_Q1772017,athlete_carmelita_jeter,USA
event_Q945090,athlete_zac_purchasemark_hunter,GBR
event_Q1798867,athlete_shelly_ann_fraser_pryce,JAM
event_Q47155541,athlete_lars_helge_birkelandtarjei_bøjohannes_thingnes_bøemil_hegle_svendsen,NOR
event_Q22968979,athlete_katie_grevesmelanie_wilsonfrances_houghtonpolly_swannjessica_eddieolivia_carnegie_brownkaren_bennettzoe_leezoe_de_toledo,GBR
event_Q767351,athlete_germain_chardindorian_mortelette,FRA
event_Q1799157,athlete_zuzana_hejnová,CZE
event_Q1771958,athlete_li_yanfeng,CHN
event_Q1005508,athlete_alessio_sartoriromano_battisti,ITA
event_Q25396694,athlete_jean_charles_valladont,FRA
event_Q22968974,athlete_victoria_thornleykatherine_grainger,GBR
event_Q22968986,athlete_will_lockwoodjosh_dunkley_smithjosh_boothalexander_hill,AUS
event_Q15052026,athlete_veronika_vítkovágabriela_soukalovájaroslav_soukupondřej_moravec,CZE
event_Q15056101,athlete_kelsey_serwa,CAN
event_Q47155408,athlete_jakov_fak,SLO
event_Q1005554,athlete_asley_gonzález,CUB
event_Q947750,athlete_eunice_jepkorir,KEN
event_Q1005379,athlete_qiu_bo,CHN
event_Q2269155,athlete_sabine_spitz,GER
event_Q22968973,athlete_genevra_stone,USA
event_Q1005663,athlete_aleksandr_mikhailine,RUS
event_Q28166,athlete_kelci_bryantabigail_johnston,USA
event_Q143007,athlete_cai_yunfu_haifeng,CHN
event_Q1414502,athlete_xu_chenma_jin,CHN
event_Q15055978,athlete_steven_holcomb_steven_langton,USA
event_Q734020,athlete_yohan_blake,JAM
event_Q25476541,athlete_mark_cavendish,GBR
event_Q15620700,athlete_canpatrick_chan_kevin_reynolds_kaetlyn_osmond_meagan_duhamel_eric_radford_kirsten_moore_towers_dylan_moscovitch_tessa_virtue_scott_moir,
event_Q22968984,athlete_karsten_forsterlingalexander_belonogoffcameron_girdlestonejames_mcrae,AUS
event_Q1004931,athlete_david_davies,GBR
event_Q15292539,athlete_patrick_chan,CAN
event_Q47155467,athlete_darya_domracheva,BLR
event_Q1754221,athlete_ona_carbonellandrea_fuentes,ESP
event_Q779173,athlete_kerstin_thiele,GER
event_Q225969,athlete_christoph_sumann,AUT
event_Q23747965,athlete_juan_martín_del_potro,ARG
event_Q427022,athlete_kate_hornseysarah_tait,AUS
event_Q765839,athlete_ehsan_haddadi,IRI
event_Q25301483,athlete_p_v_sindhu,IND
event_Q14643120,athlete_ondřej_moravec,CZE
event_Q841530,athlete_primož_kozmus,SLO
event_Q22968976,athlete_chantal_achterbergnicole_beukersinge_janssencarline_bouw,NED
event_Q832282,athlete_aksel_lund_svindal,NOR
event_Q918063,athlete_alison_ceruttiemanuel_rego,BRA
event_Q15056102,athlete_arnaud_bovolenta,FRA
event_Q47155371,athlete_sebastian_samuelsson,SWE
event_Q769542,athlete_evgeni_plushenko,RUS
event_Q1464256,athlete_mizuki_fujiireika_kakiiwa,JPN
event_Q28163,athlete_he_zi,CHN
event_Q1222420,athlete_xu_dongxiangwenyi_huang,CHN
event_Q15056279,athlete_martins_dukurs,LAT
event_Q26237421,athlete_hoàng_xuân_vinh,VIE
event_Q26242954,athlete_tonči_stipanović,CRO
event_Q26237420,athlete_kim_jong_hyun,KOR
event_Q26237423,athlete_marco_innocenti,ITA
event_Q26237427,athlete_chiara_cainero,ITA
event_Q26245392,athlete_angelina_melnikovaaliya_mustafinamaria_pasekadaria_spiridonovaseda_tutkhalyan,RUS
event_Q26254891,athlete_chen_peina,CHN
event_Q26250761,athlete_nick_dempsey,GBR
event_Q26235041,athlete_monika_karsch,GER
event_Q26237425,athlete_marcus_svensson,SWE
event_Q26241858,athlete_annalise_murphy,IRL
event_Q26237636,athlete_siobhan_marie_oconnor,GBR
event_Q26254912,athlete_yana_kudryavtseva,RUS
event_Q26271841,athlete_yasmany_lugo,CUB
event_Q26265496,athlete_aly_raisman,USA
event_Q26262259,athlete_nathan_outteridgeiain_jensen,AUS
event_Q26269194,athlete_isaquias_queiroz,BRA
event_Q26263222,athlete_mark_madsen,DEN
event_Q26262262,athlete_jason_waterhouselisa_darmanin,AUS
event_Q26262295,athlete_vasilij_žbogar,SLO
event_Q26268459,athlete_rıza_kayaalp,TUR
event_Q26265678,athlete_sandra_aguilarartemi_gavezouelena_lópezlourdes_mohedanoalejandra_quereda,ESP
event_Q26260943,athlete_alex_edmondsonjack_bobridgemichael_hepburnsam_welsfordcallum_scotson,AUS
event_Q26269219,athlete_franziska_webertina_dietze,GER
event_Q26263261,athlete_mathew_belcherwill_ryan,AUS
event_Q26256610,athlete_huang_xuechensun_wenyan,CHN
event_Q26269232,athlete_marta_walczykiewicz,POL
event_Q26256651,athlete_gu_xiao_guo_li_li_xiaolu_liang_xinping_sun_wenyan_tang_mengni_yin_chengxin_zeng_zhen_huang_xuechen,CHN
event_Q26271817,athlete_mihran_harutyunyan,ARM
event_Q26265754,athlete_jo_alehpolly_powrie,NZL
event_Q26262261,athlete_alex_maloneymolly_meech,NZL
event_Q26268456,athlete_zhan_beleniuk,UKR
event_Q2732034,athlete_dimitrios_mougiosvasileios_polymeros,GRE
event_Q26389812,athlete_peder_fredricson,SWE
event_Q2718015,athlete_grégory_baugé,FRA
event_Q26419091,athlete_khetag_gazyumov,AZE
event_Q26308744,athlete_erlon_silvaisaquias_queiroz,BRA
event_Q26406504,athlete_élodie_clouvel,FRA
event_Q2648878,athlete_adam_van_koeverden,CAN
event_Q26404105,athlete_selim_yaşar,TUR
event_Q2726820,athlete_emily_crosserinn_smarthanna_thompson,USA
event_Q26334986,athlete_maxime_beaumont,FRA
event_Q2726788,athlete_tim_morehousejason_rogerskeeth_smartjames_williams,USA
event_Q26334232,athlete_emma_jørgensen,DEN
event_Q26305911,athlete_liam_heathjon_schofield,GBR
event_Q26320658,athlete_saori_yoshida,JPN
event_Q2726746,athlete_nam_hyun_hee,KOR
event_Q26308566,athlete_kent_farrington_lucy_davis_mclain_ward_elizabeth_madden,USA
event_Q269521,athlete_im_jyoung_hwa,KOR
event_Q26404138,athlete_komeil_ghasemi,IRI
event_Q26406514,athlete_pavlo_tymoshchenko,UKR
event_Q26328066,athlete_guzel_manyurova,KAZ
event_Q26334713,athlete_si_yajie,CHN
event_Q2726750,athlete_robert_andrzejuktomasz_motykaadam_wierciochradosław_zawrotniak,POL
event_Q263926,athlete_hannah_teter,USA
event_Q26339635,athlete_aniuar_geduev,RUS
event_Q26334907,athlete_denis_myšákerik_vlčekjuraj_tarrtibor_linka,SVK
event_Q2687405,athlete_pavlos_kontides,CYP
event_Q2634280,athlete_mandy_mulderannemieke_besmerel_witteveen,NED
event_Q2715839,athlete_triyatno,INA
event_Q26280676,athlete_natalia_vorobieva,RUS
event_Q26294065,athlete_mariya_stadnik,AZE
event_Q26339577,athlete_rei_higuchi,JPN
event_Q2732321,athlete_minna_nieminen_and_sanna_stén,FIN
event_Q2731531,athlete_luca_agamennonisimone_venierrossano_galtarossasimone_raineri,ITA
event_Q2731998,athlete_łukasz_pawłowskibartłomiej_pawełczakmiłosz_bernatajtyspaweł_rańda,POL
event_Q26294109,athlete_valeria_koblova,RUS
event_Q2718019,athlete_victoria_pendleton,GBR
event_Q26333692,athlete_valentin_demyanenko,AZE
event_Q26401684,athlete_nicola_spirig_hug,SUI
event_Q26419030,athlete_toghrul_asgarov,AZE
event_Q26335055,athlete_sabrina_heringfranziska_webersteffi_kriegersteintina_dietze,GER
event_Q26234091,athlete_mélina_robert_michon,FRA
event_Q26328052,athlete_maryia_mamashuk,BLR
event_Q2732386,athlete_vasilij_žbogar,SLO
event_Q26233790,athlete_diego_hypólito,BRA
event_Q26233786,athlete_oleg_verniaiev,UKR
event_Q26233793,athlete_arthur_zanetti,BRA
event_Q26233796,athlete_laurie_hernandez,USA
event_Q26233794,athlete_danell_leyva,USA
event_Q26233798,athlete_maria_paseka,RUS
event_Q288549,athlete_christina_obergföll,GER
event_Q305439,athlete_karam_gaber,EGY
event_Q3039134,athlete_tuuli_petäjä,FIN
event_Q303268,athlete_johnny_spillane,USA
event_Q26233791,athlete_louis_smith,GBR
event_Q26233478,athlete_giovanni_pellielo,ITA
event_Q2936542,athlete_raman_piatrushenkavadzim_makhneu,BLR
event_Q2740554,athlete_lu_haojie,CHN
event_Q26233783,athlete_denis_ablyazindavid_belyavskiyivan_stretovichnikolai_kuksenkovnikita_nagornyy,RUS
event_Q26233795,athlete_danell_leyva,USA
event_Q3082335,athlete_dorothee_schneiderkristina_sprehehelen_langehanenberg,GER
event_Q305171,athlete_lu_ying,CHN
event_Q26233789,athlete_denis_ablyazin,RUS
event_Q26233797,athlete_madison_kocian,USA
event_Q326382,athlete_roberto_cammarelle,ITA
event_Q26228283,athlete_natalie_rooney,NZL
event_Q1043354,athlete_janeth_jepkosgei_busienei,KEN
event_Q1042705,athlete_carolin_leonhardtfranziska_weberkatrin_wagner_augustintina_dietze,GER
event_Q26212366,athlete_zhang_jike,CHN
event_Q26212190,athlete_zhazira_zhapparkul,KAZ
event_Q1043361,athlete_sally_mclellan,AUS
event_Q1043405,athlete_park_tae_hwan,KOR
event_Q348720,athlete_adilbek_niyazymbetov,KAZ
event_Q1043347,athlete_meseret_defar,ETH
event_Q3513763,athlete_brigitte_yagüe,ESP
event_Q348714,athlete_fred_evans,GBR
event_Q26220718,athlete_vitalina_batsarashkina,RUS
event_Q1005771,athlete_simon_whitfield,CAN
event_Q26219852,athlete_abdoul_issoufou,NIG
event_Q1064571,athlete_anna_meares,AUS
event_Q26212275,athlete_matej_beňuš,SVK
event_Q26212310,athlete_kim_kuk_hyang,PRK
event_Q26219853,athlete_eva_calvo,ESP
event_Q1064381,athlete_laëtitia_le_corguillé,FRA
event_Q334901,athlete_kim_jong_hyun,KOR
event_Q332673,athlete_nyambayaryn_tögstsogt,MGL
event_Q1005722,athlete_matthew_emmons,USA
event_Q1042441,athlete_andrea_fuentesgemma_mengual,ESP
event_Q26219865,athlete_spencer_wiltonfiona_bigwoodcarl_hestercharlotte_dujardin,GBR
event_Q1064410,athlete_yekaterina_ilyukhina,RUS
event_Q26219855,athlete_maría_espinoza,MEX
event_Q1051974,athlete_ana_maria_brânză,ROU
event_Q26212177,athlete_choe_hyo_sim,PRK
event_Q26213159,athlete_luuka_jones,NZL
event_Q368950,athlete_darren_bundockglenn_ashby,AUS
event_Q1005719,athlete_tore_brovold,NOR
event_Q1750589,athlete_sergey_filimonov,KAZ
event_Q25991462,athlete_yuliya_yefimova,RUS
event_Q1077323,athlete_yoanka_gonzález,CUB
event_Q497491,athlete_hannah_millssaskia_clark,GBR
event_Q1565131,athlete_lee_dong_sooyoo_yong_sung,KOR
event_Q2171151,athlete_tamás_lőrincz,HUN
event_Q107861717,athlete_martin_ponsiluoma,SWE
event_Q544177,athlete_mahiedine_mekhissi_benabbad,FRA
event_Q539696,athlete_zoltán_kammererdávid_tóthtamás_kulifaidániel_pauman,HUN
event_Q26218171,athlete_du_li,CHN
event_Q656724,athlete_brett_camerotatodd_lodwickjohnny_spillanebill_demong,USA
event_Q7372006,athlete_xeno_müller,SUI
event_Q370708,athlete_xu_li,CHN
event_Q2570052,athlete_fabrice_jeannet,FRA
event_Q7400301,athlete_mark_reynolds_hal_haenel,USA
event_Q2070431,athlete_nadezda_torlopova,RUS
event_Q1573389,athlete_jeannie_longo_ciprelli,FRA
event_Q2563908,athlete_robert_scheidtbruno_prada,BRA
event_Q18391270,athlete_peter_michael_kolbe,FRG
event_Q22964432,athlete_veronica_cochelaelisabeta_lipă,ROU
event_Q25991452,athlete_michael_phelps,USA
event_Q25991452,athlete_chad_le_clos,RSA
event_Q25991452,athlete_lászló_cseh,HUN
event_Q7400304,athlete_paul_foerster_stephen_bourdow,USA
event_Q7372003,athlete_jochem_verbernedirk_lippitsdiederik_simonmichiel_bartman,NED
event_Q1439757,athlete_evelyn_ashford,USA
event_Q1573400,athlete_jutta_niehaus,FRG
event_Q526367,athlete_david_cal,ESP
event_Q1066796,athlete_azize_tanrıkulu,TUR
event_Q25932069,athlete_sarah_sjöström,SWE
event_Q602540,athlete_alessia_filippi,ITA
event_Q25863642,athlete_simone_manuel,USA
event_Q2570149,athlete_nicolas_lopez,FRA
event_Q47309900,athlete_sjinkie_knegt,NED
event_Q22964430,athlete_dănuț_dobredragoș_neagu,ROU
event_Q1560063,athlete_hendrawan,INA
event_Q7400296,athlete_tõnu_tõniste_toomas_tõniste,URS
event_Q7372011,athlete_claudia_blasbergvalerie_viehoff,GER
event_Q26212154,athlete_bektemir_melikuziev,UZB
event_Q2070029,athlete_aliaksandra_herasimenia,BLR
event_Q17063531,athlete_krisztina_egerszegi,HUN
event_Q47309816,athlete_hwang_dae_heon,KOR
event_Q26155833,athlete_henrik_stenson,SWE
event_Q522820,athlete_diego_salazar,COL
event_Q26212159,athlete_yeldos_smetov,KAZ
event_Q2070048,athlete_sofya_ochigava,RUS
event_Q2071238,athlete_sideris_tasiadis,GER
event_Q107802331,athlete_anaïs_chevalier_bouchetjulia_simonémilien_jacquelinquentin_fillon_maillet,FRA
event_Q1067796,athlete_ryan_cochrane,CAN
event_Q26212148,athlete_daniyar_i̇smayilov,TUR
event_Q2022105,athlete_mia_audina,INA
event_Q603505,athlete_jiao_liuyang,CHN
event_Q2566720,athlete_iker_martínez_xabier_fernández,ESP
event_Q526698,athlete_aaron_peirsol,USA
event_Q1997551,athlete_wu_jingbiao,CHN
event_Q383513,athlete_magdalena_neuner,GER
event_Q2026292,athlete_aliaksandra_herasimenia,BLR
event_Q1192124,athlete_o_jong_ae,PRK
event_Q1856784,athlete_filip_meirhaeghe,BEL
event_Q508776,athlete_tigran_martirosyan,ARM
event_Q65242336,athlete_markéta_vondroušová,CZE
event_Q26212150,athlete_om_yun_chol,PRK
event_Q2065523,athlete_judith_arndt,GER
event_Q580474,athlete_maximilian_levy,GER
event_Q578012,athlete_adam_małysz,POL
event_Q1444605,athlete_yuko_arimori,JPN
event_Q2071266,athlete_mireia_belmonte_garcia,ESP
event_Q17033536,athlete_mirosław_rzepkowski,POL
event_Q379473,athlete_sung_si_bak,KOR
event_Q727674,athlete_leisel_jones,AUS
event_Q15056263,athlete_worapoj_petchkoom,THA
event_Q7400300,athlete_ole_petter_pollen_erik_bjørkum,NOR
event_Q65242164,athlete_anouk_vetter,NED
event_Q734628,athlete_richard_richardsson,SWE
event_Q26212147,athlete_lü_xiaojun,CHN
event_Q2212666,athlete_josé_antonio_hermida,ESP
event_Q609985,athlete_emma_pooley,GBR
event_Q727687,athlete_roland_schoeman,RSA
event_Q107802335,athlete_anton_smolski,BLR
event_Q2133123,athlete_hanka_kupfernagel,GER
event_Q26218913,athlete_isabell_werth,GER
event_Q22964428,athlete_alf_hansenrolf_thorsenlars_bjønnessvetle_vinje,NOR
event_Q22964421,athlete_irina_kalimbetsvitlana_maziyinna_frolovaantonina_zelikovich,URS
event_Q22964427,athlete_raoul_rodriguezthomas_bohrerrichard_kennellydavid_krmpotich,USA
event_Q635304,athlete_dencasper_jørgensen_jens_erik_madsen_michael_mørkøv_alex_rasmussen_michael_færk_christensen,
event_Q25927636,athlete_sun_yang,CHN
event_Q25991454,athlete_kosuke_hagino,JPN
event_Q7372004,athlete_kate_slatterrachael_taylor,AUS
event_Q684586,athlete_terrence_trammell,USA
event_Q25932068,athlete_jazmin_carlin,GBR
event_Q22964424,athlete_doina_șnep_bălanveronica_neculaherta_anitașmarioara_trașcăadriana_bazonmihaela_armășescurodica_arbaolga_homeghiecaterina_oancia,ROU
event_Q1184283,athlete_gina_miles,USA
event_Q1067970,athlete_nina_solheim,NOR
event_Q26208276,athlete_sofiane_oumiha,FRA
event_Q26218605,athlete_nouchka_fontijn,NED
event_Q17018014,athlete_erin_hartwell,USA
event_Q65235550,athlete_sarah_léonie_cysique,FRA
event_Q7400311,athlete_morgan_reeser_kevin_burnham,USA
event_Q1095367,athlete_leydi_solís,COL
event_Q574129,athlete_xie_xingfang,CHN
event_Q7372002,athlete_elia_luinileonardo_pettinari,ITA
event_Q22964423,athlete_radka_stoyanova_lalka_berberova,BUL
event_Q26217722,athlete_koki_niwajun_mizutanimaharu_yoshimura,JPN
event_Q1194001,athlete_katie_hoff,USA
event_Q2025976,athlete_oh_sang_eunjoo_se_hyukryu_seung_min,KOR
event_Q1139399,athlete_óscar_figueroa,COL
event_Q600157,athlete_mindaugas_mizgaitis,LTU
event_Q257545,athlete_jeremy_wariner,USA
event_Q25932666,athlete_katinka_hosszú,HUN
event_Q17063534,athlete_silvia_poll,CRC
event_Q1750582,athlete_li_zhuo,CHN
event_Q17515791,athlete_derek_porter,CAN
event_Q26218947,athlete_cameron_van_der_burgh,RSA
event_Q2563992,athlete_wang_nan,CHN
event_Q7372009,athlete_tessa_appeldoorncarin_ter_beekpieta_van_dishoeckelien_meijereeke_van_nesnelleke_penninxmartijntje_quikanneke_venemamarieke_westerhof,NED
event_Q374871,athlete_aída_román,MEX
event_Q2022221,athlete_lee_dong_sooyoo_yong_sung,KOR
event_Q26212176,athlete_pimsiri_sirikaew,THA
event_Q571174,athlete_kanatbek_begaliev,KGZ
event_Q2022115,athlete_dong_jiong,CHN
event_Q65242363,athlete_alex_yee,GBR
event_Q1750592,athlete_le_maosheng,CHN
event_Q571263,athlete_charlotte_kallaanna_haag,SWE
event_Q15703663,athlete_klaus_sulzenbacher,AUT
event_Q613571,athlete_pavol_hurajt,SVK
event_Q22964422,athlete_anne_marden,USA
event_Q2051400,athlete_anastasia_zuyeva,RUS
event_Q595972,athlete_ivan_skobrev,RUS
event_Q17515790,athlete_maarten_van_der_lindenpepijn_aardewijn,NED
event_Q593761,athlete_david_storl,GER
event_Q65242200,athlete_kevin_mayer,FRA
event_Q47309929,athlete_li_jinyu,CHN
event_Q26208602,athlete_vasily_levit,KAZ
event_Q737066,athlete_shon_seung_mo,KOR
event_Q22964434,athlete_shelagh_donohoecynthia_eckertcarol_feeneyamy_fuller,USA
event_Q628945,athlete_mike_day,USA
event_Q2570068,athlete_sada_jacobson,USA
event_Q26212144,athlete_simon_martirosyan,ARM
event_Q107861723,athlete_anaïs_chevalier_bouchet,FRA
event_Q1066390,athlete_hyleas_fountain,USA
event_Q7400298,athlete_peter_holmberg,ISV
event_Q26212146,athlete_tian_tao,CHN
event_Q26219832,athlete_travis_stevens,USA
event_Q17088224,athlete_robert_foth,USA
event_Q47309958,athlete_arianna_fontanalucia_peretticecilia_maffeimartina_valcepina,ITA
event_Q198766,athlete_carl_lewis,USA
event_Q1067077,athlete_buttree_puedpong,THA
event_Q25991451,athlete_josh_prenot,USA
event_Q584030,athlete_samantha_murray,GBR
event_Q7371998,athlete_valter_moleariccardo_dei_rossilorenzo_carboncinicarlo_mornati,ITA
event_Q595962,athlete_kristina_šmigun_vähi,EST
event_Q581364,athlete_david_musuľbes,SVK
event_Q26217871,athlete_yuri_alvear,COL
event_Q20948675,athlete_marko_tomićevićmilenko_zorić,SRB
event_Q25927635,athlete_chad_le_clos,RSA
event_Q7400299,athlete_john_kostecki_william_baylis_robert_billingham,USA
event_Q1137721,athlete_sylwia_bogacka,POL
event_Q26218607,athlete_yin_junhua,CHN
event_Q547331,athlete_annekatrin_thielechristiane_huth,GER
event_Q26219824,athlete_jean_quiquampoix,FRA
event_Q1440658,athlete_anastasia_kelesidou,GRE
event_Q18449954,athlete_penny_vilagosvicky_vilagos,CAN
event_Q2142977,athlete_m_bagheri_motamed,IRI
event_Q7400307,athlete_kevin_mahaney_jim_brady_doug_kern,USA
event_Q2048869,athlete_sadegh_goudarzi,IRI
event_Q25991449,athlete_mitch_larkin,AUS
event_Q1156695,athlete_britta_heidemann,GER
event_Q2198226,athlete_marian_oprea,ROU
event_Q1143843,athlete_bartosz_piasecki,NOR
event_Q16968702,athlete_guin_battenmiriam_battenkatherine_graingergillian_lindsay,GBR
event_Q1750576,athlete_wu_meijin,CHN
event_Q1193987,athlete_lisbeth_trickett,AUS
event_Q679870,athlete_lee_bae_young,KOR
event_Q374383,athlete_jo_wilfried_tsongamichaël_llodra,FRA
event_Q735286,athlete_iztok_čopluka_špik,SLO
event_Q2563962,athlete_marcelien_de_koninglobke_berkhout,NED
event_Q1089565,athlete_sara_isakovič,SLO
event_Q1439323,athlete_steffi_nerius,GER
event_Q2563927,athlete_julien_bontemps,FRA
event_Q26212160,athlete_an_ba_ul,KOR
event_Q577260,athlete_ross_edgar,GBR
event_Q26219830,athlete_rustam_orujov,AZE
event_Q2091137,athlete_rovshan_bayramov,AZE
event_Q220855,athlete_francis_obikwelu,POR
event_Q26213161,athlete_david_florencerichard_hounslow,GBR
event_Q2618235,athlete_sara_algotsson_ostholt,SWE
event_Q1075752,athlete_edvinas_krungolcas,LTU
event_Q1439338,athlete_allyson_felix,USA
event_Q25991466,athlete_maya_dirado,USA
event_Q656634,athlete_phillips_idowu,GBR
event_Q579227,athlete_milorad_čavić,SRB
event_Q25991463,athlete_penny_oleksiak,CAN
event_Q221335,athlete_yevgeny_dementyev,RUS
event_Q613470,athlete_johnny_spillane,USA
event_Q1156706,athlete_shin_a_lamjung_hyo_jungchoi_in_jeongchoi_eun_sook,KOR
event_Q1156710,athlete_ryo_miyakeyuki_otakenta_chidasuguru_awaji,JPN
event_Q65235579,athlete_jpnhifumi_abeuta_abeshohei_onotsukasa_yoshidashoichiro_mukaichizuru_araitakanori_nagasemiku_tashirohisayoshi_harasawashori_hamadaaaron_wolfakira_sone,
event_Q1156700,athlete_alaaeldin_abouelkassem,EGY
event_Q607576,athlete_li_hongli,CHN
event_Q2157561,athlete_anne_caroline_graffe,FRA
event_Q65242174,athlete_jakub_vadlejch,CZE
event_Q2112865,athlete_alison_sydor,CAN
event_Q1575430,athlete_mia_audina,NED
event_Q596094,athlete_grant_hackett,AUS
event_Q107861696,athlete_fabien_claudeémilien_jacquelinsimon_desthieuxquentin_fillon_maillet,FRA
event_Q2070832,athlete_grégory_baugemichaël_dalmeidakévin_sireau,FRA
event_Q107861714,athlete_elvira_öberg,SWE
event_Q47309836,athlete_yara_van_kerkhof,NED
event_Q584005,athlete_nick_dempsey,GBR
event_Q517035,athlete_piotr_małachowski,POL
event_Q1750716,athlete_ri_song_hui,PRK
event_Q26212152,athlete_shakur_stevenson,USA
event_Q1604222,athlete_wang_meng,CHN
event_Q162056,athlete_tri_kusharyanto_minarti_timur,INA
event_Q107861706,athlete_irina_kazakevichkristina_reztsovasvetlana_mironovauliana_nigmatullina,ROC
event_Q7400306,athlete_natalia_vía_dufresne,ESP
event_Q1084677,athlete_sheena_tosta,USA
event_Q22964420,athlete_zhang_xianghuahu_yadongyang_xiaozhou_shouyingli_ronghua,CHN
event_Q107861726,athlete_tiril_eckhoff,NOR
event_Q733026,athlete_rachid_el_basir,MAR
event_Q1534918,athlete_marc_girardelli,LUX
event_Q25863624,athlete_florent_manaudou,FRA
event_Q259965,athlete_adam_małysz,POL
event_Q7400309,athlete_mike_gebhardt,USA
event_Q16953154,athlete_seung_bae_lee,KOR
event_Q2072744,athlete_kim_jong_shin,KOR
event_Q609385,athlete_wu_yougao_yulan,CHN
event_Q26217896,athlete_audrey_tcheuméo,FRA
event_Q19819174,athlete_herbert_blöcker,GER
event_Q47309990,athlete_wu_dajinghan_tianyuchen_dequanxu_hongzhiren_ziwei,CHN
event_Q25991461,athlete_yuliya_yefimova,RUS
event_Q1094686,athlete_rebecca_soni,USA
event_Q2096231,athlete_tonya_verbeek,CAN
event_Q26155830,athlete_hidilyn_diaz,PHI
event_Q26218598,athlete_clarisse_agbegnenou,FRA
event_Q26212155,athlete_joe_joyce,GBR
event_Q26155834,athlete_lydia_ko,NZL
event_Q2570158,athlete_yuki_ota,JPN
event_Q25991459,athlete_kathleen_baker,USA
event_Q7400308,athlete_brian_ledbetter,USA
event_Q1067772,athlete_elizabeth_beisel,USA
event_Q1750578,athlete_raema_lisa_rumbewas,INA
event_Q107861699,athlete_quentin_fillon_maillet,FRA
event_Q107861710,athlete_elvira_öberg,SWE
event_Q26212161,athlete_odette_giuffrida,ITA
event_Q1193982,athlete_kirsty_coventry,ZIM
event_Q635823,athlete_benjamin_karl,AUT
event_Q2201769,athlete_john_moffitt,USA
event_Q7371997,athlete_ted_murphysebastian_bea,USA
event_Q1005685,athlete_mark_lópez,USA
event_Q2564420,athlete_nick_rogersjoe_glanfield,GBR
event_Q586729,athlete_kristina_groves,CAN
event_Q22964419,athlete_elisabeta_lipăveronica_cogeanu,ROU
event_Q26218466,athlete_hisayoshi_harasawa,JPN
event_Q22964425,athlete_beat_schwerzmannueli_bodenmann,SUI
event_Q26215191,athlete_will_claye,USA
event_Q26155829,athlete_sri_wahyuni_agustiani,INA
event_Q1075735,athlete_heather_fell,GBR
event_Q1193966,athlete_christine_magnuson,USA
event_Q26217865,athlete_sumiya_dorjsuren,MGL
event_Q1156715,athlete_sofiya_velikaya,RUS
event_Q662887,athlete_li_nina,CHN
event_Q1439291,athlete_kenenisa_bekele,ETH
event_Q580481,athlete_stephanie_beckert,GER
event_Q1131387,athlete_rolf_göran_bengtsson,SWE
event_Q2070058,athlete_ren_cancan,CHN
event_Q65235532,athlete_guram_tushishvili,GEO
event_Q7400302,athlete_chris_timms_rex_sellers,NZL
event_Q1997032,athlete_abeer_abdelrahman,EGY
event_Q7372007,athlete_pieta_van_dishoeckeeke_van_nes,NED
event_Q1750591,athlete_natalya_zabolotnaya,RUS
event_Q26212162,athlete_jeong_bo_kyeong,KOR
event_Q610603,athlete_emil_hegle_svendsen,NOR
event_Q26218320,athlete_julia_krajewskisandra_auffarthingrid_klimkemichael_jung,GER
event_Q2022215,athlete_huang_nanyan_yang_wei,CHN
event_Q1750587,athlete_eszter_krutzler,HUN
event_Q664418,athlete_claudia_pechstein,GER
event_Q634029,athlete_matt_ryanjames_marburgcameron_mckenzie_mchargfrancis_hegerty,AUS
event_Q1067383,athlete_fang_yutingcheng_mingxu_jing,CHN
event_Q25932075,athlete_jazmin_carlin,GBR
event_Q26212145,athlete_vadzim_straltsou,BLR
event_Q26212151,athlete_lorenzo_sotomayor,AZE
event_Q26218274,athlete_astier_nicolas,FRA
event_Q1750595,athlete_andrei_rybakou,BLR
event_Q26219847,athlete_elmar_gasimov,AZE
event_Q651065,athlete_stanka_zlateva,BUL
event_Q107861704,athlete_tarjei_bø,NOR
event_Q1439276,athlete_vadims_vasiļevskis,LAT
event_Q25991448,athlete_connor_jaeger,USA
event_Q7400297,athlete_jan_boersma,AHO
event_Q1137646,athlete_arianna_errigo,ITA
event_Q735299,athlete_björn_kircheisengeorg_hettichmarcel_höhligronny_ackermann,GER
event_Q22964429,athlete_mario_streitdetlef_kirchhoffrené_rensch_cox,GDR
event_Q26219831,athlete_varlam_liparteliani,GEO
event_Q25927634,athlete_pieter_timmers,BEL
event_Q15056264,athlete_kim_song_guk,PRK
event_Q1092809,athlete_yoon_jin_hee,KOR
event_Q65242345,athlete_karen_khachanov,ROC
event_Q25991456,athlete_mehdy_metella_fabien_gilot_florent_manaudou_jérémy_stravius_william_meynard_clément_mignon,FRA
event_Q2562124,athlete_wang_hao,CHN
event_Q26205999,athlete_yoel_finol,VEN
event_Q26213160,athlete_peter_kauzer,SLO
event_Q1065640,athlete_ele_opeloge,SAM
event_Q26212149,athlete_eko_yuli_irawan,INA
event_Q1094667,athlete_dara_torres,USA
event_Q722895,athlete_aleksandr_blinov,RUS
event_Q65242359,athlete_georgia_taylor_brown,GBR
event_Q26037184,athlete_yuberjen_martínez,COL
event_Q7400305,athlete_rod_davis_don_cowie,NZL
event_Q548072,athlete_déborah_anthonioz,FRA
event_Q730927,athlete_sara_renner_beckie_scott,CAN
event_Q65235526,athlete_eduard_trippel,GER
event_Q26218608,athlete_sarah_ourahmoune,FRA
event_Q65242331,athlete_belinda_bencicviktorija_golubic,SUI
event_Q1570183,athlete_ardy_wiranata,INA
event_Q1750579,athlete_khadzhimurat_akkaev,RUS
event_Q65235557,athlete_tina_trstenjak,SLO
event_Q22964435,athlete_anişoara_dobredoina_ignatconstanța_burcicăveronica_cochela,ROU
event_Q26208316,athlete_shakhram_giyasov,UZB
event_Q734997,athlete_mardy_fish,USA
event_Q614894,athlete_katherine_reutter,USA
event_Q1750583,athlete_ihor_razoronov,UKR
event_Q26208513,athlete_adilbek_niyazymbetov,KAZ
event_Q599412,athlete_diego_occhiuzzi,ITA
event_Q25991447,athlete_xu_jiayu,CHN
event_Q26219849,athlete_alexey_denisenko,RUS
event_Q25991455,athlete_chase_kalisz,USA
event_Q17063526,athlete_károly_güttler,HUN
event_Q581788,athlete_roger_federer,SUI
event_Q588440,athlete_marc_houtzager_gerco_schroder_maikel_van_der_vleuten_jur_vrieling,NED
event_Q260204,athlete_karine_sergerie,CAN
event_Q25991464,athlete_madeline_groves,AUS
event_Q7371994,athlete_václav_chalupa,TCH
event_Q26217860,athlete_han_yingpetrissa_soljashan_xiaona,GER
event_Q26218599,athlete_idalys_ortiz,CUB
event_Q2174649,athlete_lisa_nordén,SWE
event_Q7371999,athlete_olaf_tuftefredrik_bekken,NOR
event_Q2000524,athlete_kaeo_pongprayoon,THA
event_Q662184,athlete_mark_grimmette_brian_martin,USA
event_Q26219848,athlete_tawin_hanprab,THA
event_Q7372001,athlete_simon_burgessanthony_edwardsdarren_balmforthrobert_richards,AUS
event_Q1194982,athlete_alena_kartashova,RUS
event_Q384953,athlete_pietro_piller_cottrer,ITA
event_Q1439249,athlete_terrence_trammell,USA
event_Q22964437,athlete_annelies_bredael,BEL
event_Q7400312,athlete_zhang_xiaodong,CHN
event_Q1222467,athlete_hilary_lindh,USA
event_Q22964445,athlete_colin_von_ettingshausenpeter_hoeltzenbein,GER
event_Q1222171,athlete_kateřina_neumannová,CZE
event_Q826852,athlete_sergey_klevchenya,RUS
event_Q1221935,athlete_olena_petrova,UKR
event_Q31844,athlete_han_soon_chul,KOR
event_Q1222146,athlete_kateřina_neumannová,CZE
event_Q917323,athlete_khotso_mokoena,RSA
event_Q7500747,athlete_cha_young_chul,KOR
event_Q1222543,athlete_femke_dekkermarlies_smuldersnienke_kingmaroline_repelaer_van_drielannemarieke_van_rumpthelen_tangersarah_siegelaarannemiek_de_haancox_ester_workel,NED
event_Q22964449,athlete_teresa_belllindsay_burns,USA
event_Q3001407,athlete_léon_van_bon,NED
event_Q2550697,athlete_heiki_nabi,EST
event_Q748648,athlete_tobias_angererjens_filbrichandreas_schlütterrené_sommerfeldt,GER
event_Q14643126,athlete_dominik_landertinger,AUT
event_Q7656687,athlete_frank_baltrusch,GDR
event_Q7500819,athlete_tatiana_goldobina,RUS
event_Q4786035,athlete_park_sung_soo,KOR
event_Q2299006,athlete_sushil_kumar,IND
event_Q2494175,athlete_andrei_bahdanovichaliaksandr_bahdanovich,BLR
event_Q2358274,athlete_revaz_lashkhi,GEO
event_Q8979743,athlete_gerco_schroder,NED
event_Q782429,athlete_shani_davis,USA
event_Q15056068,athlete_akito_watabe,JPN
event_Q905472,athlete_dale_begg_smith,AUS
event_Q2521962,athlete_jing_ruixue,CHN
event_Q848666,athlete_jenny_wolf,GER
event_Q27961940,athlete_aneta_szczepańska,POL
event_Q826539,athlete_gianni_romme,NED
event_Q25397018,athlete_li_xiaoxia,CHN
event_Q769467,athlete_vladimir_selkov,EUN
event_Q1005322,athlete_grégory_baugé_kévin_sireau_arnaud_tournant,FRA
event_Q1222469,athlete_picabo_street,USA
event_Q7979982,athlete_sergey_syrtsov,RUS
event_Q15055009,athlete_ivica_kostelić,CRO
event_Q15055028,athlete_therese_johaug,NOR
event_Q15055033,athlete_aino_kaisa_saarinenkerttu_niskanen,FIN
event_Q886732,athlete_yang_wei,CHN
event_Q1433101,athlete_joachim_olsen,DEN
event_Q7979974,athlete_yoto_yotov,BUL
event_Q3499001,athlete_kenan_şimşek,TUR
event_Q1432187,athlete_javier_sotomayor,CUB
event_Q1005244,athlete_vencelas_dabaya,FRA
event_Q7500847,athlete_wei_ning,CHN
event_Q781406,athlete_andrus_veerpalu,EST
event_Q906128,athlete_olga_zaitseva,RUS
event_Q1221939,athlete_larisa_lazutina,RUS
event_Q848696,athlete_mo_tae_bum,KOR
event_Q22964443,athlete_kjetil_undsetper_sætersdallars_bjønnessrolf_thorsen,NOR
event_Q963859,athlete_alexei_nemov,RUS
event_Q1222533,athlete_deborah_compagnoni,ITA
event_Q7979972,athlete_liu_shoubin,CHN
event_Q3001455,athlete_erik_dekker,NED
event_Q685266,athlete_michelle_guerette,USA
event_Q7979977,athlete_krzysztof_siemion,POL
event_Q765657,athlete_wang_manli,CHN
event_Q7500737,athlete_nicolas_berthelot,FRA
event_Q1005423,athlete_ralf_schumann,GER
event_Q61539,athlete_kenichi_yumoto,JPN
event_Q899312,athlete_vadim_devyatovskiy,BLR
event_Q22964442,athlete_jeffrey_mclaughlinwilliam_burdenthomas_bohrerpatrick_manning,USA
event_Q7400314,athlete_leslie_jean_egnot_jan_shearer,NZL
event_Q1222168,athlete_tamara_tikhonova,URS
event_Q15056105,athlete_gus_kenworthy,USA
event_Q7674783,athlete_trude_gundersen,NOR
event_Q4951839,athlete_bulat_zhumadilov,KAZ
event_Q15056067,athlete_magnus_moan,NOR
event_Q2353351,athlete_jessica_fox,AUS
event_Q932865,athlete_shericka_williams,JAM
event_Q906859,athlete_hanna_batsiushka,BLR
event_Q3498676,athlete_leri_khabelov,URS
event_Q846788,athlete_ole_einar_bjørndalen,NOR
event_Q247070,athlete_jared_tallent,AUS
event_Q691742,athlete_peetu_piiroinen,FIN
event_Q7400334,athlete_ian_walker_mark_covell,GBR
event_Q7500748,athlete_alfonso_de_iruarrizaga,CHI
event_Q1222651,athlete_veronica_brenner,CAN
event_Q7656712,athlete_birte_weigang,GDR
event_Q1222109,athlete_gunda_niemann_kleemann,GER
event_Q240257,athlete_kirsty_coventry,ZIM
event_Q15056095,athlete_chloé_dufour_lapointe,CAN
event_Q7656705,athlete_antoaneta_frenkeva,BUL
event_Q5280017,athlete_elvis_stojko,CAN
event_Q1222524,athlete_mateja_svet,YUG
event_Q22964439,athlete_viorica_neculaiadriana_bazonmaria_păduraruiulia_buliedoina_robuvictoria_lepădatudoina_șnep_bălanelena_georgescuioana_olteanu,ROU
event_Q1221810,athlete_nathalie_lambert,CAN
event_Q15055034,athlete_maxim_vylegzhaninnikita_kryukov,RUS
event_Q638285,athlete_chris_witty,USA
event_Q4786049,athlete_magnus_petersson,SWE
event_Q917752,athlete_michael_walchhofer,AUT
event_Q7656695,athlete_duncan_armstrong,AUS
event_Q3498940,athlete_adlan_varaev,URS
event_Q2724464,athlete_matt_hemingway,USA
event_Q847288,athlete_ole_einar_bjørndalen,NOR
event_Q1222212,athlete_vreni_schneider,SUI
event_Q870649,athlete_bjarte_engen_vikknut_tore_apelandfred_børre_lundberg,NOR
event_Q775967,athlete_giovanni_pellielo,ITA
event_Q917348,athlete_allyson_felix,USA
event_Q3498987,athlete_heiko_balz,GER
event_Q4951834,athlete_mansueto_velasco,PHI
event_Q1202526,athlete_wendy_houvenaghel,GBR
event_Q1222025,athlete_stefania_belmondo,ITA
event_Q15052012,athlete_martin_fourcade,FRA
event_Q1222529,athlete_elfi_eder,AUT
event_Q7500840,athlete_valentina_turisini,ITA
event_Q1221864,athlete_raisa_smetanina,URS
event_Q15056096,athlete_mikaël_kingsbury,CAN
event_Q7400342,athlete_andreas_geritzer,AUT
event_Q1337042,athlete_brady_ellisonjacob_wukiejake_kaminski,USA
event_Q25386274,athlete_rossella_fiamingo,ITA
event_Q7656689,athlete_nick_gillingham,GBR
event_Q841897,athlete_julia_mancuso,USA
event_Q1432476,athlete_paul_tergat,KEN
event_Q7500739,athlete_ralf_schumann,GDR
event_Q2557145,athlete_sajjad_anoushiravani,IRI
event_Q15055073,athlete_nikolay_olyunin,RUS
event_Q3400664,athlete_marion_clignet,FRA
event_Q7400341,athlete_rafael_trujillo,ESP
event_Q7500816,athlete_petr_málek,CZE
event_Q762663,athlete_kōhei_uchimura,JPN
event_Q15055013,athlete_andrew_weibrecht,USA
event_Q15055074,athlete_enni_rukajärvi,FIN
event_Q906865,athlete_jang_mi_ran,KOR
event_Q853003,athlete_shawn_crawford,USA
event_Q3001409,athlete_milton_wynants,URU
event_Q7979978,athlete_sergey_syrtsov,EUN
event_Q7979968,athlete_tymur_taimazov,EUN
event_Q771886,athlete_hoàng_anh_tuấn,VIE
event_Q4951846,athlete_gaydarbek_gaydarbekov,RUS
event_Q2364389,athlete_bartłomiej_bonk,POL
event_Q1433079,athlete_irina_simagina,RUS
event_Q15056100,athlete_david_morris,AUS
event_Q7400319,athlete_john_merricks_ian_walker,GBR
event_Q7656686,athlete_matt_biondi,USA
event_Q3498597,athlete_elmadi_zhabrailov,EUN
event_Q3498966,athlete_sergey_smal,EUN
event_Q1360895,athlete_otryadyn_gündegmaa,MGL
event_Q1222466,athlete_brigitte_oertli,SUI
event_Q24906829,athlete_shinobu_ota,JPN
event_Q7400328,athlete_luca_devoti,ITA
event_Q3001459,athlete_alexander_vinokourov,KAZ
event_Q7400320,athlete_carlos_mauricio_espinola,ARG
event_Q279295,athlete_lea_ann_parsley,USA
event_Q841946,athlete_julia_mancuso,USA
event_Q14643199,athlete_tora_berger,NOR
event_Q1222632,athlete_shelley_rudman,GBR
event_Q1005235,athlete_rovshan_bayramov,AZE
event_Q923513,athlete_yusup_abdusalomov,TJK
event_Q704595,athlete_gabriel_mercedes,DOM
event_Q942244,athlete_elena_dementieva,RUS
event_Q15056104,athlete_devin_logan,USA
event_Q1432289,athlete_gete_wami,ETH
event_Q2297621,athlete_jack_bobridgeglenn_oshearohan_dennismichael_hepburn,AUS
event_Q917333,athlete_blessing_okagbare,NGR
event_Q1372090,athlete_kim_min_jae,KOR
event_Q488601,athlete_linford_christie,GBR
event_Q1222644,athlete_svetlana_gladysheva,RUS
event_Q3498626,athlete_akira_ota,JPN
event_Q1222474,athlete_pernilla_wiberg,SWE
event_Q15055083,athlete_tomoka_takeuchi,JPN
event_Q681571,athlete_massimo_fabbrizi,ITA
event_Q523492,athlete_espen_bredesen,NOR
event_Q15055007,athlete_nicole_hosp,AUT
event_Q936086,athlete_eamon_sullivan,AUS
event_Q2430785,athlete_ai_fukuharasayaka_hiranokasumi_ishikawa,JPN
event_Q1221869,athlete_stefania_belmondo,ITA
event_Q1222299,athlete_doriane_vidal,FRA
event_Q7500827,athlete_jin_jong_oh,KOR
event_Q917747,athlete_ivica_kostelić,CRO
event_Q1222092,athlete_ann_elen_skjelbreidlinda_tjørhomgunn_margit_andreassenliv_grete_poirée,NOR
event_Q905493,athlete_hiromi_miyake,JPN
event_Q3499032,athlete_park_jang_soon,KOR
event_Q7500842,athlete_lee_bo_na,KOR
event_Q780808,athlete_heike_warnicke,GER
event_Q1005260,athlete_chang_yongxiang,CHN
event_Q15055036,athlete_teodor_peterson,SWE
event_Q917217,athlete_elena_khrustaleva,KAZ
event_Q7979967,athlete_leonid_taranenko,EUN
event_Q7500813,athlete_juha_hirvi,FIN
event_Q1222023,athlete_marit_wold,NOR
event_Q1221915,athlete_gunda_niemann_stirnemann,GER
event_Q7656694,athlete_patrick_kühl,GDR
event_Q15056225,athlete_jan_smeekens,NED
event_Q2308161,athlete_cao_zhongrong,CHN
event_Q4786036,athlete_jay_barrsrichard_mckinneydarrell_pace,USA
event_Q1198508,athlete_alicia_coutts,AUS
event_Q1005486,athlete_thomas_florschützrichard_adjei,GER
event_Q679802,athlete_andriy_stadnik,UKR
event_Q1426735,athlete_merlene_ottey,JAM
event_Q15052025,athlete_fanny_welle_strand_horntiril_eckhoffann_kristin_aafedt_flatlandtora_berger,NOR
event_Q1222497,athlete_laure_pequegnot,FRA
event_Q7979984,athlete_leonidas_sabanis,GRE
event_Q918076,athlete_martins_dukurs,LAT
event_Q1222232,athlete_antje_misersky,GER
event_Q3499929,athlete_kim_sung_moon,KOR
event_Q263070,athlete_renate_götschl,AUT
event_Q7674782,athlete_tran_hieu_ngan,VIE
event_Q761318,athlete_nastia_liukin,USA
event_Q3400667,athlete_philippe_ermenault,FRA
event_Q15054999,athlete_anna_fenninger,AUT
event_Q841622,athlete_andrea_hlaváčková_lucie_hradecká,CZE
event_Q904345,athlete_blanka_vlašić,CRO
event_Q1432202,athlete_hestrie_cloete,RSA
event_Q22964447,athlete_zhang_xiuyuncao_mianying,CHN
event_Q1222127,athlete_susan_auch,CAN
event_Q15055004,athlete_marcel_hirscher,AUT
event_Q4786041,athlete_ismo_falckjari_lipponentomi_poikolainen,FIN
event_Q975449,athlete_nathan_robertsongail_emms,GBR
event_Q429621,athlete_marlies_schild,AUT
event_Q915092,athlete_martina_glagowandrea_henkelkatrin_apelkati_wilhelm,GER
event_Q942805,athlete_conchita_martínezvirginia_ruano_pascual,ESP
event_Q1221917,athlete_choi_eun_kyung,KOR
event_Q2329168,athlete_guo_shuang,CHN
event_Q15056099,athlete_xu_mengtao,CHN
event_Q7500743,athlete_ragnar_skanåker,SWE
event_Q1222187,athlete_uschi_disl,GER
event_Q1222124,athlete_evgeniya_radanova,BUL
event_Q2460802,athlete_ondřej_synek,CZE
event_Q2358214,athlete_vladimer_khinchegashvili,GEO
event_Q637365,athlete_frank_busemann,GER
event_Q7674793,athlete_elisavet_mystakidou,GRE
event_Q22964450,athlete_svitlana_maziydina_miftakhutdynovainna_frolovaolena_ronzhyna,UKR
event_Q2521899,athlete_nicola_wilson_mary_king_zara_phillips_kristina_cook_william_fox_pitt,GBR
event_Q970610,athlete_michael_hadschieff,AUT
event_Q6303884,athlete_daima_beltrán,CUB
event_Q827175,athlete_stefanie_böhlerviola_bauerevi_sachenbacher_stehleclaudia_künzel,GER
event_Q7500822,athlete_deborah_gelisio,ITA
event_Q3499038,athlete_valentin_getsov,BUL
event_Q956359,athlete_frode_estil,NOR
event_Q1222186,athlete_svetlana_paramygina,BLR
event_Q906117,athlete_ivica_kostelić,CRO
event_Q1222259,athlete_barbara_niedernhuber,GER
event_Q955688,athlete_jan_ykema,NED
event_Q7656707,athlete_zhuang_yong,CHN
event_Q1222137,athlete_yang_yang_s,CHN
event_Q7500809,athlete_igor_basinski,BLR
event_Q1222492,athlete_liz_mcintyre,USA
event_Q1222654,athlete_marie_lindgren,SWE
event_Q2358254,athlete_rustam_totrov,RUS
event_Q922361,athlete_zhang_wenxiu,CHN
event_Q870651,athlete_jari_mantilahannu_manninentapio_nurmelasamppa_lajunen,FIN
event_Q25384916,athlete_jérémy_cadotenzo_leforterwan_le_péchouxjean_paul_tony_helissey,FRA
event_Q6303861,athlete_girolamo_giovinazzo,ITA
event_Q914969,athlete_vanessa_fernandes,POR
event_Q1222101,athlete_olga_melnikgalina_kuklevaalbina_akhatovaolga_romasko,RUS
event_Q1438466,athlete_igor_trandenkov,RUS
event_Q5198393,athlete_oxana_grichina,RUS
event_Q840683,athlete_gbr_laura_robson_andy_murray,
event_Q632742,athlete_hugues_obry,FRA
event_Q1221912,athlete_gunda_niemann_kleemann,GER
event_Q1222549,athlete_annabel_vernondebbie_floodfrances_houghtonkatherine_grainger,GBR
event_Q752428,athlete_fernando_gonzález,CHI
event_Q7500741,athlete_erich_buljung,USA
event_Q1222437,athlete_isolde_kostner,ITA
event_Q7656701,athlete_tom_jager,USA
event_Q3499009,athlete_bruce_baumgartner,USA
event_Q1005036,athlete_lászló_cseh,HUN
event_Q15055029,athlete_maxim_vylegzhanin,RUS
event_Q3001452,athlete_bernd_gröne,FRG
event_Q7500830,athlete_sergei_polyakov,RUS
event_Q15055018,athlete_charlotte_kalla,SWE
event_Q910720,athlete_ivica_kostelić,CRO
event_Q962650,athlete_adelinde_cornelissen,NED
event_Q7500802,athlete_irina_gerasimenok,RUS
event_Q526793,athlete_karin_kania,GDR
event_Q31843483,athlete_greg_bestlisa_ann_jacquinanne_kursinskijoseph_fargis,USA
event_Q1222018,athlete_lyubov_yegorova,EUN
event_Q7400345,athlete_nikolaos_kaklamanakis,GRE
event_Q940196,athlete_jin_jong_oh,KOR
event_Q7500810,athlete_michel_ansermet,SUI
event_Q30680431,athlete_isabell_werth,GER
event_Q7400325,athlete_yumiko_shige_alicia_kinoshita,JPN
event_Q746397,athlete_simon_schoch,SUI
event_Q1426854,athlete_hezekiél_sepeng,RSA
event_Q7400340,athlete_lenka_šmídová,CZE
event_Q848641,athlete_david_möller,GER
event_Q829370,athlete_maria_sharapova,RUS
event_Q635603,athlete_gretha_smit,NED
event_Q3499066,athlete_necmi_gençalp,TUR
event_Q782385,athlete_tanith_belbin_benjamin_agosto,USA
event_Q7500832,athlete_christian_lusch,GER
event_Q1222251,athlete_angelika_neuner,AUT
event_Q6303859,athlete_yukimasa_nakamura,JPN
event_Q2558792,athlete_alessandra_sensini,ITA
event_Q18728,athlete_nor,
event_Q736527,athlete_natalia_paderina,RUS
event_Q24906792,athlete_olga_zabelinskaya,RUS
event_Q7400344,athlete_nick_rogers_joe_glanfield,GBR
event_Q3390067,athlete_zhang_xiangsen,CHN
event_Q22964444,athlete_carmine_abbagnalegiuseppe_abbagnalegiuseppe_di_capua_cox,ITA
event_Q4951843,athlete_marian_simion,ROM
event_Q1005262,athlete_murad_gaidarov,BLR
event_Q2269694,athlete_gong_jinjieguo_shuang,CHN
event_Q30680433,athlete_margit_otto_crépin,FRA
event_Q2410252,athlete_jonas_høgh_christensen,DEN
event_Q847592,athlete_jennifer_stuczynski,USA
event_Q1222641,athlete_michela_figini,SUI
event_Q2269716,athlete_satomi_suzuki,JPN
event_Q2634499,athlete_sileshi_sihine,ETH
event_Q905715,athlete_tina_maze,SLO
event_Q936622,athlete_paquillo_fernández,ESP
event_Q7400317,athlete_margriet_matthijsse,NED
event_Q7400350,athlete_ruslana_taranganna_kalininasvitlana_matevusheva,UKR
event_Q15052022,athlete_gabriela_soukalová,CZE
event_Q1426826,athlete_roman_šebrle,CZE
event_Q919242,athlete_inna_osypenko,UKR
event_Q901754,athlete_jordi_arrese,ESP
event_Q853040,athlete_sherone_simpson,JAM
event_Q853040,athlete_kerron_stewart,JAM
event_Q1222257,athlete_susi_erdmann,GER
event_Q919388,athlete_inna_osypenko,UKR
event_Q15056224,athlete_olga_fatkulina,RUS
event_Q1005237,athlete_nurbakyt_tengizbayev,KAZ
event_Q15055037,athlete_anne_kyllönenaino_kaisa_saarinenkerttu_niskanenkrista_lähteenmäki,FIN
event_Q7500798,athlete_marina_logvinenko,RUS
event_Q901122,athlete_steffi_graf,GER
event_Q2303578,athlete_nur_tatar,TUR
event_Q1222203,athlete_brigitte_oertli,SUI
event_Q853023,athlete_jefferson_perez,ECU
event_Q4786038,athlete_lilies_handayaninurfitriyana_saimankusuma_wardhani,INA
event_Q15055081,athlete_ayumu_hirano,JPN
event_Q7674779,athlete_sin_joon_sik,KOR
event_Q2451718,athlete_ding_ning,CHN
event_Q7656727,athlete_yang_wenyi,CHN
event_Q25396733,athlete_felipe_almeida_wu,BRA
event_Q1005660,athlete_alexandros_nikolaidis,GRE
event_Q7500799,athlete_petra_horneber,GER
event_Q916724,athlete_axel_teichmann,GER
event_Q1001497,athlete_zach_railey,USA
event_Q2268100,athlete_anders_golding,DEN
event_Q1005434,athlete_saúl_craviotto,ESP
event_Q917743,athlete_reinfried_herbst,AUT
event_Q15055079,athlete_torah_bright,AUS
event_Q1360804,athlete_park_sung_hyun,KOR
event_Q1222176,athlete_uschi_disl,GER
event_Q2723756,athlete_isabella_ochichi,KEN
event_Q963453,athlete_elena_dolgopolova_rozalia_galiyeva_elena_groshevasvetlana_khorkina_dina_kochetkova_yevgeniya_kuznetsova_and_oksana_lyapina,RUS
event_Q1222165,athlete_lyubov_yegorova,EUN
event_Q2390636,athlete_ivan_shtyl,RUS
event_Q767959,athlete_valeriy_andriytsev,UKR
event_Q683164,athlete_lászló_cseh,HUN
event_Q2380135,athlete_milka_maneva,BUL
event_Q339188,athlete_ye_qiaobo,CHN
event_Q3499941,athlete_zhivko_vangelov,BUL
event_Q241789,athlete_citra_febrianti,INA
event_Q1222108,athlete_gunda_niemann_stirnemann,GER
event_Q7656716,athlete_birte_weigang,GDR
event_Q15055001,athlete_steve_missillier,FRA
event_Q947678,athlete_kjersti_plätzer,NOR
event_Q1005606,athlete_zhu_qinan,CHN
event_Q7656720,athlete_heike_friedrich,GDR
event_Q782722,athlete_peter_burlingblair_tuke,NZL
event_Q3498614,athlete_askari_mohammadian,IRI
event_Q275887,athlete_abraham_olano,ESP
event_Q15021060,athlete_erik_lesser,GER
event_Q7656713,athlete_kathrin_zimmermann,GDR
event_Q1221812,athlete_yang_yang_s,CHN
event_Q6303882,athlete_carlos_honorato,BRA
event_Q220386,athlete_anna_haag,SWE
event_Q938791,athlete_lee_ho_suk,KOR
event_Q1005363,athlete_jason_kenny,GBR
event_Q7400316,athlete_sébastien_godefroid,BEL
event_Q1005614,athlete_joan_llanerasantonio_tauler,ESP
event_Q7500834,athlete_marko_kemppainen,FIN
event_Q927660,athlete_sergi_bruguera,ESP
event_Q629871,athlete_felix_gottwald,AUT
event_Q848278,athlete_misleydis_gonzález,CUB
event_Q916711,athlete_tim_tscharnkeaxel_teichmann,GER
event_Q2196657,athlete_kianoush_rostami,IRI
event_Q15056222,athlete_koen_verweij,NED
event_Q1222134,athlete_li_yan,CHN
event_Q1346374,athlete_jury_sukhorukov,UKR
event_Q903439,athlete_yevgeny_lukyanenko,RUS
event_Q25455359,athlete_josef_dostál,CZE
event_Q905555,athlete_michael_jamieson,GBR
event_Q727488,athlete_gustav_larsson,SWE
event_Q1222209,athlete_anita_wachter,AUT
event_Q2353509,athlete_zuzana_štefečeková,SVK
event_Q15052019,athlete_selina_gasparin,SUI
event_Q531844,athlete_magnus_moan,NOR
event_Q1004896,athlete_dmitry_klokov,RUS
event_Q1222646,athlete_michaela_dorfmeister,AUT
event_Q916771,athlete_stephanie_beckert,GER
event_Q276040,athlete_jeannie_longo_ciprelli,FRA
event_Q905659,athlete_ole_einar_bjørndalen,NOR
event_Q905659,athlete_sergey_novikov,BLR
event_Q1222066,athlete_marit_bjørgenbente_skarihilde_g_pedersenanita_moen,NOR
event_Q7979973,athlete_nikolaj_pešalov,BUL
event_Q25386262,athlete_géza_imre,HUN
event_Q31843481,athlete_ian_stark,GBR
event_Q7500753,athlete_silvia_sperber,FRG
event_Q938779,athlete_marianne_st_gelais,CAN
event_Q7400318,athlete_ben_ainslie,GBR
event_Q7656726,athlete_astrid_strauss,GDR
event_Q3498949,athlete_sergey_martynov,EUN
event_Q1426670,athlete_steve_backley,GBR
event_Q1433072,athlete_zoltán_kővágó,HUN
event_Q280553,athlete_raphaël_poirée,FRA
event_Q15052014,athlete_christoph_sumanndaniel_mesotitschsimon_ederdominik_landertinger,AUT
event_Q7500838,athlete_lenka_hyková,CZE
event_Q1432033,athlete_tatiana_grigorieva,AUS
event_Q7500750,athlete_miloslav_bednařík,TCH
event_Q850209,athlete_françois_louis_tremblay,CAN
event_Q7500804,athlete_susanne_kiermayer,GER
event_Q7400335,athlete_darren_bundock_john_forbes,AUS
event_Q7674778,athlete_faissal_ebnoutalib,GER
event_Q917760,athlete_janica_kostelić,CRO
event_Q7400322,athlete_georgy_shayduko_dmitri_shabanov_igor_skalin,RUS
event_Q15055011,athlete_maria_höfl_riesch,GER
event_Q750803,athlete_travis_mayer,USA
event_Q942846,athlete_cathy_freeman,AUS
event_Q7674788,athlete_alexandros_nikolaidis,GRE
event_Q4951837,athlete_raimkul_malakhbekov,RUS
event_Q1202903,athlete_park_kyung_mo,KOR
event_Q4786045,athlete_ma_xiangjunwang_hongwang_xiaozhu,CHN
event_Q850196,athlete_kari_traa,NOR
event_Q15055087,athlete_žan_košir,SLO
event_Q302701,athlete_sasha_cohen,USA
event_Q7979969,athlete_artur_akoyev,EUN
event_Q776835,athlete_marie_laure_brunetsylvie_becaertmarie_dorinsandrine_bailly,FRA
event_Q6303889,athlete_céline_lebrun,FRA
event_Q7500807,athlete_oleg_moldovan,MDA
event_Q4951842,athlete_rudolf_kraj,CZE
event_Q1339098,athlete_anthony_obame,GAB
event_Q946243,athlete_adam_małysz,POL
event_Q7500814,athlete_russell_mark,AUS
event_Q843860,athlete_anastasiya_kuzmina,SVK
event_Q220866,athlete_anabel_medina_garriguesvirginia_ruano_pascual,ESP
event_Q1222238,athlete_barbara_niedernhuber,GER
event_Q830711,athlete_sileshi_sihine,ETH
event_Q25384919,athlete_olha_kharlanalina_komashchukolena_kravatskaolena_voronina,UKR
event_Q1426809,athlete_mirela_manjani_tzelili,GRE
event_Q905561,athlete_jennifer_heil,CAN
event_Q3499898,athlete_šaban_trstena,YUG
event_Q4471528,athlete_márcio_araújofabio_luiz_magalhães,BRA
event_Q853049,athlete_shalane_flanagan,USA
event_Q2362858,athlete_sarah_walker,NZL
event_Q784131,athlete_kirsty_coventry,ZIM
event_Q1202770,athlete_hayden_roulston,NZL
event_Q7400332,athlete_amelie_lux,GER
event_Q853072,athlete_eliud_kipchoge,KEN
event_Q1222080,athlete_trude_dybendahlmarit_woldanne_jahrenmarianne_dahlmo,NOR
event_Q1004892,athlete_alexander_dale_oen,NOR
event_Q1005294,athlete_mirko_englich,GER
event_Q1222173,athlete_manuela_di_centa,ITA
event_Q4951841,athlete_rafael_lozano,ESP
event_Q1222255,athlete_ute_oberhoffner_weiß,GDR
event_Q962842,athlete_zuzana_štefečeková,SVK
event_Q977229,athlete_tian_jiawang_jie,CHN
event_Q1222483,athlete_shannon_bahrke,USA
event_Q963481,athlete_gina_gogean,ROU
event_Q1221867,athlete_kati_wilhelm,GER
event_Q5198382,athlete_shane_kelly,AUS
event_Q7656719,athlete_yelena_dendeberova,URS
event_Q1222287,athlete_evi_sachenbacher,GER
event_Q7400349,athlete_yin_jian,CHN
event_Q532360,athlete_kjell_storelid,NOR
event_Q826846,athlete_sabine_völker,GER
event_Q15055072,athlete_dominique_maltais,CAN
event_Q766954,athlete_kerron_clement,USA
event_Q527985,athlete_tatyana_lebedeva,RUS
event_Q4951845,athlete_andriy_kotelnyk,UKR
event_Q1005040,athlete_lászló_cseh,HUN
event_Q757054,athlete_simon_aspelinthomas_johansson,SWE
event_Q1005230,athlete_tomohiro_matsunaga,JPN
event_Q2521952,athlete_mariya_stadnik,AZE
event_Q7979975,athlete_pablo_lara,CUB
event_Q28402472,athlete_gella_vandecaveye,BEL
event_Q754844,athlete_richard_thompson,TRI
event_Q7674780,athlete_natalia_ivanova,RUS
event_Q934172,athlete_nicolás_garcía,ESP
event_Q1360866,athlete_chen_lingguo_danzhang_juanjuan,CHN
event_Q848689,athlete_tobias_angerer,GER
event_Q15055085,athlete_anke_karstens,GER
event_Q1222526,athlete_annelise_coberger,NZL
event_Q15055980,athlete_steven_holcombsteven_langtoncurtis_tomaseviczchristopher_fogt,USA
event_Q3498926,athlete_jeff_thue,CAN
event_Q972253,athlete_hou_yuzhuo,CHN
event_Q647742,athlete_mathieu_gourdain,FRA
event_Q15055031,athlete_charlotte_kalla,SWE
event_Q1005298,athlete_sam_willoughby,AUS
event_Q2322860,athlete_tõnu_endrekson_jüri_jaanson,EST
event_Q952970,athlete_karine_ruby,FRA
event_Q7674777,athlete_gabriel_esparza,ESP
event_Q4786042,athlete_chung_jae_hun,KOR
event_Q765044,athlete_stéphane_lambiel,SUI
event_Q841942,athlete_keiichiro_nagashima,JPN
event_Q7400346,athlete_john_lovellcharlie_ogletree,USA
event_Q647750,athlete_dong_zhaozhi_wang_haibin_ye_chong,CHN
event_Q7500821,athlete_svetlana_demina,RUS
event_Q7400333,athlete_jochen_schümann_gunnar_bahr_ingo_borkowski,GER
event_Q1222639,athlete_carole_merle,FRA
event_Q4786037,athlete_wang_hee_kyung,KOR
event_Q793973,athlete_ji_wallace,AUS
event_Q827019,athlete_andré_florschütz_torsten_wustlich,GER
event_Q2352412,athlete_vavřinec_hradilek,CZE
event_Q4951844,athlete_ricardo_williams,USA
event_Q938164,athlete_li_nina,CHN
event_Q763031,athlete_kim_rhode,USA
event_Q3001405,athlete_ingrid_haringa,NED
event_Q905485,athlete_apolo_anton_ohno,USA
event_Q25384917,athlete_hao_jialusun_yiwensun_yujiexu_anqi,CHN
event_Q4786044,athlete_kim_soo_nyung,KOR
event_Q1221932,athlete_anne_briand,FRA
event_Q963420,athlete_lu_ying_chi,TPE
event_Q2774005,athlete_mari_holden,USA
event_Q7674790,athlete_myriam_baverel,FRA
event_Q1222098,athlete_uschi_dislantje_harveysimone_greiner_petter_memmpetra_schaaf,GER
event_Q632472,athlete_ralf_bißdorf,GER
event_Q915058,athlete_martina_glagow,GER
event_Q15056267,athlete_michael_hayböck_thomas_morgensternthomas_diethartgregor_schlierenzauer,AUT
event_Q7500745,athlete_alister_allan,GBR
event_Q2361588,athlete_luke_patiencestuart_bithell,GBR
event_Q1203058,athlete_roger_kluge,GER
event_Q1005018,athlete_park_tae_hwan,KOR
event_Q1371783,athlete_tatiana_kashirina,RUS
event_Q632754,athlete_jean_françois_di_martino_hugues_obry_éric_srecki,FRA
event_Q916916,athlete_marit_bjørgen,NOR
event_Q7400329,athlete_robert_scheidt,BRA
event_Q939181,athlete_kerstin_szymkowiak,GER
event_Q18713,athlete_canada,CAN
event_Q7674781,athlete_urbia_melendez,CUB
event_Q7500817,athlete_tao_luna,CHN
event_Q6303879,athlete_shinichi_shinohara,JPN
event_Q848681,athlete_tina_maze,SLO
event_Q1221793,athlete_anke_baier,GER
event_Q6303863,athlete_ryoko_tamura,JPN
event_Q2353475,athlete_choi_young_rae,KOR
event_Q385563,athlete_chiharu_icho,JPN
event_Q1344366,athlete_ilario_di_buòmauro_nespolimarco_galiazzo,ITA
event_Q729339,athlete_arsen_kasabiev,GEO
event_Q955943,athlete_seppo_räty,FIN
event_Q659097,athlete_amaury_leveaux,FRA
event_Q279234,athlete_heike_warnicke,GER
event_Q955487,athlete_lydia_valentín,ESP
event_Q786799,athlete_sven_kramer,NED
event_Q536083,athlete_arantxa_sánchez_vicario,ESP
event_Q22964440,athlete_arnold_jonkechristoph_zerbst,AUT
event_Q15056065,athlete_fabian_rießlebjörn_kircheisenjohannes_rydzekeric_frenzel,GER
event_Q7674791,athlete_nia_abdallah,USA
event_Q6303877,athlete_nicolas_gill,CAN
event_Q249265,athlete_cullen_jones,USA
event_Q7400321,athlete_barbara_kendall,NZL
event_Q7656722,athlete_noemi_lung,ROM
event_Q2995946,athlete_flavio_anastasia_luca_colombo_gianfranco_contri_andrea_peron,ITA
event_Q25386279,athlete_sofiya_velikaya,RUS
event_Q658704,athlete_bao_yingyinghuang_haiyangni_hongtan_xue,CHN
event_Q7500812,athlete_torben_grimmel,DEN
event_Q653672,athlete_anna_carin_olofsson,SWE
event_Q1426702,athlete_ato_boldon,TRI
event_Q15055002,athlete_marlies_schild,AUT
event_Q7656681,athlete_david_berkoff,USA
event_Q886372,athlete_svetlana_khorkina,RUS
event_Q7500796,athlete_josh_lakatos,USA
event_Q938765,athlete_rareș_dumitrescutiberiu_dolniceanuflorin_zalomiralexandru_sirițeanu,ROU
event_Q7656697,athlete_david_wharton,USA
event_Q140244,athlete_giorgi_gogshelidze,GEO
event_Q7400313,athlete_randy_smyth_keith_notary,USA
event_Q737732,athlete_wang_hao,CHN
event_Q4951838,athlete_ricardo_juarez,USA
event_Q7674792,athlete_yanelis_labrada,CUB
event_Q15056223,athlete_jan_blokhuijsen,NED
event_Q645460,athlete_romas_ubartas,URS
event_Q1221934,athlete_kateřina_neumannová,CZE
event_Q6303888,athlete_kate_howey,GBR
event_Q7400339,athlete_rodion_lukageorge_leonchuk,UKR
event_Q7656684,athlete_chris_jacobs,USA
event_Q7656714,athlete_huang_xiaomin,CHN
event_Q2297633,athlete_sarah_hammerdotsie_bauschjennie_reedlauren_tamayo,USA
event_Q771123,athlete_martina_schild,SUI
event_Q3498666,athlete_alfred_ter_mkrtchyan,EUN
event_Q5124014,athlete_natalia_mishkutenokartur_dmitriev,RUS
event_Q1222498,athlete_tatjana_mittermayer,GER
event_Q7500801,athlete_diana_iorgova,BUL
event_Q4951848,athlete_sergey_dotsenko,UKR
event_Q4951847,athlete_mukhtarkhan_dildabekov,KAZ
event_Q15055032,athlete_marcus_hellner,SWE
event_Q875653,athlete_alexander_popov,RUS
event_Q5395306,athlete_michael_anti,USA
event_Q1222301,athlete_stine_brun_kjeldaas,NOR
event_Q7656691,athlete_benny_nielsen,DEN
event_Q916976,athlete_olga_rypakova,KAZ
event_Q916930,athlete_ryan_lochte,USA
event_Q752413,athlete_dinara_safina,RUS
event_Q900405,athlete_denis_nizhegorodov,RUS
event_Q31843484,athlete_greg_best,USA
event_Q2268043,athlete_celine_goberville,FRA
event_Q2254560,athlete_niccolò_campriani,ITA
event_Q1221927,athlete_svetlana_pechorskaya,EUN
event_Q826560,athlete_silke_kraushaar,GER
event_Q1005272,athlete_zoltán_fodor,HUN
event_Q670039,athlete_kjetil_jansrud,NOR
event_Q2332511,athlete_olivia_pricenina_curtislucinda_whitty,AUS
event_Q2455198,athlete_dave_calder_scott_frandsen,CAN
event_Q7400324,athlete_mitch_booth_andrew_landenberger,AUS
event_Q1221836,athlete_yuliya_chepalova,RUS
event_Q921100,athlete_håkan_dahlby,SWE
event_Q847284,athlete_martina_glagow,GER
event_Q905540,athlete_annette_gerritsen,NED
event_Q848291,athlete_christian_cantwell,USA
event_Q906854,athlete_viktors_ščerbatihs,LAT
event_Q7500751,athlete_nino_salukvadze,URS
event_Q7400347,athlete_david_ross_macdonaldmike_wolfs,CAN
event_Q7674776,athlete_daniel_trenton,AUS
event_Q922248,athlete_ainārs_kovals,LAT
event_Q14643284,athlete_olga_vilukhina,RUS
event_Q267771,athlete_markus_rogan,AUT
event_Q905503,athlete_mike_robertson,CAN
event_Q25386268,athlete_daryl_homer,USA
event_Q2353533,athlete_chen_ying,CHN
event_Q6303864,athlete_jung_sun_yong,KOR
event_Q952458,athlete_susan_auch,CAN
event_Q15055075,athlete_ståle_sandbech,NOR
event_Q5198390,athlete_stefan_nimke,GER
event_Q15055038,athlete_dmitry_yaparovalexander_bessmertnykhalexander_legkovmaxim_vylegzhanin,RUS
event_Q916174,athlete_tony_martin,GER
event_Q4951836,athlete_paea_wolfgramm,TGA
event_Q3498605,athlete_rıfat_yıldız,GER
event_Q22964438,athlete_ingeburg_schwerzmannstefani_werremeier,GER
event_Q15055084,athlete_nevin_galmarini,SUI
event_Q4786048,athlete_jang_yong_hokim_bo_ramoh_kyo_moon,KOR
event_Q917328,athlete_nicholas_willis,NZL
event_Q4951840,athlete_sultan_ibragimov,RUS
event_Q1221875,athlete_olga_danilova,RUS
event_Q4786050,athlete_he_ying,CHN
event_Q1222214,athlete_martina_ertl_renz,GER
event_Q942891,athlete_eric_flaim,USA
event_Q776870,athlete_christa_rothenburger,GDR
event_Q1360834,athlete_francesco_daniello,ITA
event_Q938848,athlete_aida_chanaevalarisa_korobeynikovainna_deriglazovakamila_gafurzyanova,RUS
event_Q1004861,athlete_evgeny_chigishev,RUS
event_Q1221922,athlete_liv_grete_poirée,NOR
event_Q943291,athlete_yelena_prokhorova,RUS
event_Q927998,athlete_yuliya_chepalova,RUS
event_Q385894,athlete_jeret_peterson,USA
event_Q677027,athlete_ismail_ahmed_ismail,SUD
event_Q843851,athlete_alexander_panzhinskiy,RUS
event_Q15055035,athlete_ingvild_flugstad_østberg,NOR
event_Q4820134,athlete_leonidas_sabanis,GRE
event_Q4786051,athlete_barbara_mensingcornelia_pfohlsandra_wagner_sachse,GER
event_Q7400330,athlete_carlos_espinola,ARG
event_Q2268082,athlete_wei_ning,CHN
event_Q15055025,athlete_johan_olsson,SWE
event_Q794388,athlete_oxana_tsyhuleva,UKR
event_Q7656692,athlete_anders_holmertz,SWE
event_Q776944,athlete_ilya_markov,RUS
event_Q7979971,athlete_lin_qisheng,CHN
event_Q1222133,athlete_zhang_yanmei,CHN
event_Q31843476,athlete_piet_raymakers,NED
event_Q7500836,athlete_giovanni_pellielo,ITA
event_Q1221798,athlete_ko_gi_hyun,KOR
event_Q2574045,athlete_tanja_poutiainen,FIN
event_Q3498697,athlete_kenny_monday,USA
event_Q2352927,athlete_david_florencerichard_hounslow,GBR
event_Q921409,athlete_simon_ederdaniel_mesotitschdominik_landertingerchristoph_sumann,AUT
event_Q256759,athlete_frank_luck,GER
event_Q2353523,athlete_vijay_kumar,IND
event_Q848655,athlete_justyna_kowalczyk,POL
event_Q903679,athlete_takaharu_furukawa,JPN
event_Q2289605,athlete_stanka_zlateva,BUL
event_Q525031,athlete_claudia_pechstein,GER
event_Q25386266,athlete_alexander_massialas,USA
event_Q25384913,athlete_enrico_garozzomarco_ficherapaolo_pizzoandrea_santarelli,ITA
event_Q7979983,athlete_ronny_weller,GER
event_Q2341653,athlete_gintarė_scheidt,LTU
event_Q905607,athlete_nina_reithmayer,AUT
event_Q847280,athlete_kati_wilhelm,GER
event_Q1222635,athlete_janica_kostelić,CRO
event_Q947691,athlete_catherine_ndereba,KEN
event_Q1222014,athlete_stefania_belmondo,ITA
event_Q4786058,athlete_matteo_bisianiilario_di_buòmichele_frangilli,ITA
event_Q1221877,athlete_manuela_di_centa,ITA
event_Q1221943,athlete_marjut_lukkarinen,FIN
event_Q826580,athlete_albert_demtschenko,RUS
event_Q7500829,athlete_li_jie,CHN
event_Q3499058,athlete_vincenzo_maenza,ITA
event_Q916747,athlete_lee_eun_byul,KOR
event_Q7500849,athlete_maría_quintanal,ESP
event_Q5198388,athlete_florian_rousseau,FRA
event_Q3498573,athlete_zeke_jones,USA
event_Q1222488,athlete_yelizaveta_kozhevnikova,EUN
event_Q919261,athlete_katalin_kovácsnatasa_dusev_janics,HUN
event_Q7400323,athlete_hans_wallén_bobby_lohse,SWE
event_Q7400327,athlete_margriet_matthijsse,NED
event_Q886359,athlete_maria_olaru,ROU
event_Q3001408,athlete_brian_walton,CAN
event_Q3879624,athlete_amanda_beard,USA
event_Q25803,athlete_bence_szabó_csaba_köves_józsef_navarrete,HUN
event_Q8037964,athlete_sammie_henson,USA
event_Q3879652,athlete_summer_sanders,USA
event_Q3811011,athlete_liu_xia,CHN
event_Q5443156,athlete_rita_könig,GER
event_Q3879619,athlete_marianne_limpert,CAN
event_Q1004918,athlete_sven_fischer,GER
event_Q1005749,athlete_hans_knauss,AUT
event_Q1005749,athlete_didier_cuche,SUI
event_Q3879623,athlete_tom_malchow,USA
event_Q3998590,athlete_michellie_jones,AUS
event_Q3628689,athlete_butch_reynolds,USA
event_Q3628678,athlete_salvatore_antibo,ITA
event_Q3628682,athlete_colin_jackson,GBR
event_Q7500779,athlete_nonka_matova,BUL
event_Q1004860,athlete_joey_cheek,USA
event_Q10572415,athlete_daniel_petrov,BUL
event_Q3951953,athlete_giovanna_trillini,ITA
event_Q10572416,athlete_michael_carbajal,USA
event_Q5443153,athlete_gianna_hablützel_bürki_sophie_lamon_diana_romagnoli,SUI
event_Q1005277,athlete_bode_miller,USA
event_Q3628765,athlete_wilson_boit_kipketer,KEN
event_Q8037927,athlete_armen_mkrtchyan,ARM
event_Q8037900,athlete_ivan_tsonov,BUL
event_Q3879615,athlete_sandra_völker,GER
event_Q10522584,athlete_nikolai_kovsh,URS
event_Q10466379,athlete_yael_arad,ISR
event_Q10522549,athlete_toshihiko_koga,JPN
event_Q1005744,athlete_helmut_mayer,AUT
event_Q10522555,athlete_kim_min_soo,KOR
event_Q129295,athlete_rolf_sørensen,DEN
event_Q1422131,athlete_wang_junxia,CHN
event_Q5443144,athlete_sabine_bau,FRG
event_Q1028699,athlete_pieter_van_den_hoogenband,NED
event_Q3837513,athlete_moon_eui_jae,KOR
event_Q3879643,athlete_anita_nall,USA
event_Q1076253,athlete_diana_munz,USA
event_Q25791,athlete_laura_cârlescu_badea_reka_zsofia_lazăr_szabo_roxana_scarlat,ROU
event_Q38591,athlete_zita_eva_funkenhauser_sabine_bau_anja_fichtel_mauritz_monika_weber_koszto_annette_dobmeier,GER
event_Q3879653,athlete_danyon_loader,NZL
event_Q5443138,athlete_matthias_gey_thorsten_weidner_matthias_behr_ulrich_schreck_thomas_endres,FRG
event_Q1004914,athlete_kjell_storelid,NOR
event_Q1004868,athlete_jan_bos,NED
event_Q10522554,athlete_marc_meiling,FRG
event_Q1409048,athlete_patrick_sang,KEN
event_Q3879625,athlete_allison_wagner,USA
event_Q2297686,athlete_thomas_frischknecht,SUI
event_Q1408913,athlete_guillaume_leblanc,CAN
event_Q7500771,athlete_juan_giha,PER
event_Q587012,athlete_jeļena_rubļevska,LAT
event_Q1408709,athlete_yelena_nikolayeva,EUN
event_Q2311876,athlete_niki_bakogianni,GRE
event_Q3628696,athlete_diana_gansky,GDR
event_Q3837511,athlete_guzel_manyurova,RUS
event_Q3879664,athlete_kieren_perkins,AUS
event_Q3879579,athlete_natalie_coughlin_amanda_beard_jenny_thompson_kara_lynn_joyce_haley_cope_tara_kirk_rachel_komisarz_amanda_weir,USA
event_Q7500774,athlete_jasna_šekarić,IOP
event_Q1005740,athlete_jeff_pain,CAN
event_Q1005810,athlete_stephan_eberharter,AUT
event_Q5443137,athlete_janusz_olech,POL
event_Q10495989,athlete_faustino_reyes,ESP
event_Q1222684,athlete_anja_pärson,SWE
event_Q3628786,athlete_yoel_garcía,CUB
event_Q7980004,athlete_valentina_popova,RUS
event_Q3837512,athlete_gennadiy_laliyev,KAZ
event_Q4160921,athlete_kevin_asano,USA
event_Q13655354,athlete_sabine_john,GDR
event_Q3879621,athlete_jani_sievinen,FIN
event_Q3879645,athlete_crissy_ahmann_leighton,USA
event_Q10581226,athlete_egerton_marcus,CAN
event_Q3879650,athlete_dagmar_hase,GER
event_Q3879610,athlete_liu_limin,CHN
event_Q3628781,athlete_noé_hernández,MEX
event_Q7979994,athlete_ronny_weller,GER
event_Q988363,athlete_lasse_ottesen,NOR
event_Q4443763,athlete_artem_khadjibekov,RUS
event_Q25239316,athlete_stefan_topurov,BUL
event_Q1222715,athlete_martina_ertl,GER
event_Q3879646,athlete_rafał_szukała,POL
event_Q3628761,athlete_hicham_el_guerrouj,MAR
event_Q1005069,athlete_erling_jevne,NOR
event_Q8037958,athlete_juan_marén,CUB
event_Q4467907,athlete_wu_wenxiong,CHN
event_Q1004927,athlete_ricco_groß,GER
event_Q3879658,athlete_lin_li,CHN
event_Q1406131,athlete_stefka_kostadinova,BUL
event_Q825048,athlete_claudia_künzel,GER
event_Q3925465,athlete_magomed_aripgadjiev,BLR
event_Q823754,athlete_hiroyasu_shimizu,JPN
event_Q3837507,athlete_masoud_mostafa_jokar,IRI
event_Q613746,athlete_nadine_kleinert,GER
event_Q2303728,athlete_mike_powell,USA
event_Q1133965,athlete_bang_soo_hyun,KOR
event_Q2303535,athlete_winthrop_graham,JAM
event_Q2313511,athlete_ana_guevara,MEX
event_Q1042778,athlete_cindy_klassen,CAN
event_Q7500789,athlete_sergey_belyayev,KAZ
event_Q1004987,athlete_vladimir_smirnov,KAZ
event_Q4443764,athlete_jasna_šekarić,YUG
event_Q3565567,athlete_rangel_gerovski,BUL
event_Q3628775,athlete_adam_nelson,USA
event_Q1042789,athlete_kristina_groves,CAN
event_Q2445057,athlete_sérgio_paulinho,POR
event_Q7980002,athlete_agata_wróbel,POL
event_Q10466402,athlete_estela_rodríguez,CUB
event_Q7500772,athlete_kazumi_watanabe,JPN
event_Q1005190,athlete_an_yulong,CHN
event_Q1005188,athlete_toshiyuki_kuroiwa,JPN
event_Q3811003,athlete_frédérique_jossinet,FRA
event_Q585893,athlete_hermann_maier,AUT
event_Q8037907,athlete_islam_dugushiev,EUN
event_Q2313481,athlete_lauryn_williams,USA
event_Q7500793,athlete_sergey_belyayev,KAZ
event_Q10572441,athlete_oktay_urkal,GER
event_Q10719576,athlete_juan_hernández_sierra,CUB
event_Q10466376,athlete_hyun_sook_hee,KOR
event_Q8037959,athlete_katsuhiko_nagata,JPN
event_Q7980001,athlete_szymon_kołecki,POL
event_Q10522543,athlete_józsef_csák,HUN
event_Q1005755,athlete_philippe_laroche,CAN
event_Q10466381,athlete_li_shufang,CHN
event_Q38594,athlete_pavel_kolobkov,EUN
event_Q251465,athlete_andreas_kofler,AUT
event_Q3879620,athlete_tripp_schwenk,USA
event_Q7500788,athlete_igor_basinski,BLR
event_Q8037930,athlete_jang_jae_sung,KOR
event_Q8037934,athlete_park_jang_soon,KOR
event_Q2377414,athlete_torsten_voss,GDR
event_Q3628705,athlete_igor_lapshin,URS
event_Q2318836,athlete_olimpiada_ivanova,RUS
event_Q3879667,athlete_zhuang_yong,CHN
event_Q3879614,athlete_jeremy_linn,USA
event_Q1115025,athlete_markus_rogan,AUT
event_Q3879585,athlete_aaron_peirsol,USA
event_Q58412558,athlete_orhan_delibaş,NED
event_Q3565575,athlete_daulet_turlykhanov,URS
event_Q10522535,athlete_yoon_hyun,KOR
event_Q22964454,athlete_anna_van_der_kamptosha_tsanglesley_thompsonemma_robinsonjessica_monroeheather_mcdermidmaria_maundertheresa_lukealison_korn,CAN
event_Q825035,athlete_gretchen_bleiler,USA
event_Q5970589,athlete_stefan_pfeiffer,FRG
event_Q3980076,athlete_huang_chih_hsiung,TPE
event_Q5448039,athlete_maya_usovaalexander_zhulin,RUS
event_Q1408881,athlete_liliya_nurutdinova,EUN
event_Q589310,athlete_tommy_haas,GER
event_Q1005616,athlete_olivier_allamand,FRA
event_Q1222717,athlete_alexandra_meissnitzer,AUT
event_Q3879598,athlete_martina_moravcová,SVK
event_Q1076376,athlete_yasuko_tajima,JPN
event_Q1004934,athlete_frode_andresen,NOR
event_Q3879567,athlete_inge_de_bruijn,NED
event_Q7500786,athlete_emil_milev,BUL
event_Q1005334,athlete_armin_zöggeler,ITA
event_Q1421749,athlete_arnaud_tournant,FRA
event_Q8037908,athlete_józef_tracz,POL
event_Q595055,athlete_hadi_souan_somayli,KSA
event_Q252875,athlete_andrea_ehrig,GDR
event_Q8037965,athlete_yevhen_buslovych,UKR
event_Q3879600,athlete_erik_vendt,USA
event_Q3628692,athlete_joaquim_cruz,BRA
event_Q1408936,athlete_tetyana_dorovskikh,EUN
event_Q3628764,athlete_darren_campbell,GBR
event_Q1005746,athlete_tommy_moe,USA
event_Q1004871,athlete_li_jiajun,CHN
event_Q826510,athlete_jan_bos,NED
event_Q7500777,athlete_vesela_letcheva,BUL
event_Q1005365,athlete_andrejus_zadneprovskis,LTU
event_Q1026904,athlete_shannon_miller,USA
event_Q25239314,athlete_chun_byung_kwan,KOR
event_Q4160924,athlete_jung_bu_kyung,KOR
event_Q3628782,athlete_aigars_fadejevs,LAT
event_Q3561230,athlete_annett_neumann,GER
event_Q570058,athlete_malia_metella,FRA
event_Q478542,athlete_kateřina_neumannová,CZE
event_Q3879662,athlete_janet_evans,USA
event_Q3879607,athlete_rodolfo_falcón,CUB
event_Q3628785,athlete_jai_taurima,AUS
event_Q824928,athlete_daniel_kass,USA
event_Q10466403,athlete_estela_rodríguez,CUB
event_Q1130659,athlete_duje_draganja,CRO
event_Q5644525,athlete_evgeni_plushenko,RUS
event_Q1183979,athlete_amélie_mauresmo,FRA
event_Q10466384,athlete_yoko_tanabe,JPN
event_Q599322,athlete_grant_hackett,AUS
event_Q3879583,athlete_grant_hackett_michael_klim_nicholas_sprenger_ian_thorpe_antony_matkovich_todd_pearson_craig_stevens,AUS
event_Q3879651,athlete_wang_xiaohong,CHN
event_Q3879608,athlete_whitney_hedgepeth,USA
event_Q3879593,athlete_denys_sylantyev,UKR
event_Q3628686,athlete_tatyana_ledovskaya,URS
event_Q4443765,athlete_wang_yifu,CHN
event_Q3628680,athlete_gloria_siebert,GDR
event_Q3879569,athlete_stanislava_komarova,RUS
event_Q3628770,athlete_ali_saïdi_sief,ALG
event_Q1004926,athlete_valeriy_medvedtsev,URS
event_Q5443136,athlete_udo_wagner,GDR
event_Q7500785,athlete_xiao_jun,CHN
event_Q8037923,athlete_jacek_fafiński,POL
event_Q1408927,athlete_paul_bitok,KEN
event_Q8037919,athlete_ghani_yalouz,FRA
event_Q2557141,athlete_brimin_kipruto,KEN
event_Q4160925,athlete_noriko_narazaki,JPN
event_Q3628703,athlete_hollis_conway,USA
event_Q8037924,athlete_abbas_jadidi,IRI
event_Q1004869,athlete_frédéric_blackburn,CAN
event_Q370917,athlete_marko_yli_hannuksela,FIN
event_Q562654,athlete_tim_mayotte,USA
event_Q8037913,athlete_sergey_lishtvan,BLR
event_Q7500784,athlete_wolfram_waibel,AUT
event_Q8037937,athlete_yang_hyung_mo,KOR
event_Q8037922,athlete_thomas_zander,GER
event_Q1005313,athlete_georg_hackl,GER
event_Q3628704,athlete_heike_drechsler,GDR
event_Q826500,athlete_emese_hunyady,AUT
event_Q10522577,athlete_armen_bagdasarov,UZB
event_Q10522587,athlete_martin_vinnicombe,AUS
event_Q587805,athlete_chad_hedrick,USA
event_Q8037926,athlete_aleksey_medvedev,BLR
event_Q1005371,athlete_daniel_kass,USA
event_Q1222712,athlete_anita_wachter,AUT
event_Q1222712,athlete_diann_roffe,USA
event_Q4354074,athlete_lioubov_galkina,RUS
event_Q8037917,athlete_dennis_hall,USA
event_Q3879628,athlete_franziska_van_almsick,GER
event_Q10522589,athlete_henry_stöhr,GDR
event_Q25939,athlete_lionel_plumenail,FRA
event_Q1422103,athlete_inna_lasovskaya,RUS
event_Q3628792,athlete_mark_crear,USA
event_Q1005284,athlete_bernhard_gstrein,AUT
event_Q3730943,athlete_chris_kappler,USA
event_Q1076363,athlete_massimiliano_rosolino,ITA
event_Q7979997,athlete_viktor_mitrou,GRE
event_Q3837496,athlete_georgiy_tsurtsumia,KAZ
event_Q1005211,athlete_maurilio_de_zolt,ITA
event_Q1005811,athlete_thomas_prugger,ITA
event_Q3565605,athlete_andrzej_głąb,POL
event_Q1005575,athlete_kjetil_andré_aamodt,NOR
event_Q1377439,athlete_gao_ling_huang_sui,CHN
event_Q2463752,athlete_otis_harris,USA
event_Q3925468,athlete_atagün_yalçınkaya,TUR
event_Q1005065,athlete_bjørn_dæhlie,NOR
event_Q3879761,athlete_miya_tachibanamiho_takeda,JPN
event_Q13572928,athlete_marc_huster,GER
event_Q1005801,athlete_joël_chenal,FRA
event_Q3628772,athlete_stephanie_graf,AUT
event_Q2318914,athlete_yipsi_moreno,CUB
event_Q1005571,athlete_peter_müller,SUI
event_Q5403447,athlete_huang_shiping,CHN
event_Q1004961,athlete_ådne_søndrål,NOR
event_Q3879632,athlete_paul_palmer,GBR
event_Q7979995,athlete_alan_tsagaev,BUL
event_Q22964453,athlete_karen_kraftmelissa_schwen,USA
event_Q562647,athlete_gabriela_sabatini,ARG
event_Q1074316,athlete_mai_nakamura,JPN
event_Q3837498,athlete_ara_abrahamian,SWE
event_Q8037960,athlete_matt_lindland,USA
event_Q256529,athlete_tomasz_sikora,POL
event_Q1005286,athlete_gianfranco_martin,ITA
event_Q2557677,athlete_svetlana_feofanova,RUS
event_Q7500761,athlete_wang_yifu,CHN
event_Q1408888,athlete_carlos_mercenario,MEX
event_Q3879626,athlete_károly_güttler,HUN
event_Q10572465,athlete_tontcho_tontchev,BUL
event_Q10426127,athlete_wayne_mccullough,IRL
event_Q3879611,athlete_scott_miller,AUS
event_Q3879617,athlete_daniel_kowalski,AUS
event_Q3628774,athlete_larisa_peleshenko,RUS
event_Q1005731,athlete_martin_rettl,AUT
event_Q1004964,athlete_rintje_ritsma,NED
event_Q3628783,athlete_lawrence_johnson,USA
event_Q3628702,athlete_rodion_gataullin,URS
event_Q988370,athlete_samppa_lajunen,FIN
event_Q5443151,athlete_mathieu_gourdain_damien_touya_julien_pillet_cédric_séguin,FRA
event_Q3879635,athlete_dagmar_hase,GER
event_Q3837500,athlete_ramaz_nozadze,GEO
event_Q1222721,athlete_heidi_renoth,GER
event_Q10497007,athlete_andreas_tews,GDR
event_Q1076295,athlete_ed_moses,USA
event_Q12808128,athlete_anatoly_khrapaty,KAZ
event_Q22964459,athlete_david_weightmanrob_scott,AUS
event_Q3628752,athlete_ionela_târlea_manolache,ROM
event_Q3879654,athlete_greg_burgess,USA
event_Q25800,athlete_adam_krzesiński_piotr_kiełpikowski_ryszard_sobczak_jarosław_rodzewicz,POL
event_Q38601,athlete_iván_kovács_krisztián_kulcsár_ferenc_hegedűs_ernő_kolczonay_gábor_totola,HUN
event_Q384008,athlete_kim_dae_eun,KOR
event_Q3628691,athlete_christine_wachtel,GDR
event_Q3628698,athlete_yuriy_sedykh,URS
event_Q3565736,athlete_harri_koskela,FIN
event_Q3879589,athlete_therese_alshammar,SWE
event_Q2303677,athlete_frankie_fredericks,NAM
event_Q988374,athlete_sylvain_guillaume,FRA
event_Q3628694,athlete_kathrin_neimke,GDR
event_Q3628754,athlete_shawn_crawfordjustin_gatlincoby_millermaurice_greenedarvis_patton_only_competed_inthe_preliminary_heats,USA
event_Q3628710,athlete_jan_železný,TCH
event_Q1005155,athlete_leo_visser,NED
event_Q3899247,athlete_gábor_balogh,HUN
event_Q3837508,athlete_stephen_abas,USA
event_Q3628777,athlete_lars_riedel,GER
event_Q3628685,athlete_paula_ivan,ROM
event_Q8037969,athlete_moon_eui_jae,KOR
event_Q1005189,athlete_jonathan_guilmette,CAN
event_Q4160922,athlete_lyubov_bruletova,RUS
event_Q1004936,athlete_vladimir_smirnov,KAZ
event_Q255955,athlete_igor_zhelezovski,BLR
event_Q8037967,athlete_arsen_gitinov,RUS
event_Q1004968,athlete_li_jiajun,CHN
event_Q2313564,athlete_bernard_williams,USA
event_Q3879588,athlete_susie_oneill,AUS
event_Q3561235,athlete_gary_neiwand,AUS
event_Q823663,athlete_mikko_ronkainen,FIN
event_Q3628763,athlete_susanthika_jayasinghe,SRI
event_Q988367,athlete_jaakko_tallus,FIN
event_Q1005804,athlete_hubert_strolz,AUT
event_Q7980006,athlete_erzsébet_márkus,HUN
event_Q3879573,athlete_amanda_beard,USA
event_Q577507,athlete_andrea_ehrig,GDR
event_Q3899244,athlete_carlo_massullo,ITA
event_Q1421581,athlete_tamilla_abassova,RUS
event_Q8037902,athlete_tomas_johansson,SWE
event_Q1005572,athlete_franck_piccard,FRA
event_Q5443140,athlete_elmar_borrmann_volker_fischer_thomas_gerull_alexander_pusch_arnd_schmitt,FRG
event_Q1409055,athlete_sandra_farmer_patrick,USA
event_Q10466383,athlete_yoko_tanabe,JPN
event_Q10572431,athlete_rostyslav_zaulychnyi,EUN
event_Q3879616,athlete_gary_hall_jr,USA
event_Q3899249,athlete_attila_mizsér,HUN
event_Q1005328,athlete_georg_hackl,FRG
event_Q3879602,athlete_therese_alshammar,SWE
event_Q3628690,athlete_dieter_baumann,FRG
event_Q1005187,athlete_jeremy_wotherspoon,CAN
event_Q825731,athlete_roddy_darragon,FRA
event_Q2313552,athlete_tatyana_tomashova,RUS
event_Q3879595,athlete_tom_dolan,USA
event_Q22964458,athlete_tim_youngbrian_jamiesoneric_muellerjason_gailes,USA
event_Q4467905,athlete_li_feng_ying,TPE
event_Q10426128,athlete_aleksandar_khristov,BUL
event_Q3628687,athlete_amadou_dia_ba,SEN
event_Q8037974,athlete_islam_bayramukov,KAZ
event_Q2311975,athlete_not_awarded,
event_Q1005331,athlete_markus_prock,AUT
event_Q3925463,athlete_amir_khan,GBR
event_Q825222,athlete_monique_garbrecht_enfeldt,GER
event_Q825088,athlete_amelie_kober,GER
event_Q988361,athlete_martin_höllwarth,AUT
event_Q4467910,athlete_ri_song_hui,PRK
event_Q1156252,athlete_fernand_sanz,FRA
event_Q1005158,athlete_rintje_ritsma,NED
event_Q3811001,athlete_daima_beltrán,CUB
event_Q3925469,athlete_mohamed_aly,EGY
event_Q1005808,athlete_urs_kälin,SUI
event_Q10497009,athlete_bulat_jumadilov,KAZ
event_Q1005108,athlete_ricco_großpeter_sendelsven_fischerfrank_luck,GER
event_Q3879562,athlete_otylia_jędrzejczak,POL
event_Q8037956,athlete_kim_in_sub,KOR
event_Q822588,athlete_geidar_mamedaliyev,RUS
event_Q2312004,athlete_hestrie_cloete,RSA
event_Q3879630,athlete_dagmar_hase,GER
event_Q10684072,athlete_riddick_bowe,USA
event_Q10522572,athlete_kwak_dae_sung,KOR
event_Q1005351,athlete_peter_schlickenrieder,GER
event_Q5443142,athlete_philippe_riboud,FRA
event_Q3879668,athlete_matt_biondi,USA
event_Q10466392,athlete_emanuela_pierantozzi,ITA
event_Q3837518,athlete_magomed_ibragimov,UZB
event_Q3879594,athlete_beatrice_câșlaru,ROM
event_Q3628708,athlete_howard_davisdevon_morriswinthrop_grahambert_camerontrevor_graham,JAM
event_Q1076347,athlete_martina_moravcová,SVK
event_Q8037915,athlete_brandon_paulson,USA
event_Q10466400,athlete_christa_luding_rothenburger,GDR
event_Q3628683,athlete_peter_elliott,GBR
event_Q1004965,athlete_ids_postma,NED
event_Q1005617,athlete_sergey_shupletsov,RUS
event_Q2558525,athlete_austra_skujytė,LTU
event_Q38410,athlete_wang_huifeng,CHN
event_Q3811009,athlete_edith_bosch,NED
event_Q1069209,athlete_renate_groenewold,NED
event_Q1408901,athlete_nixon_kiprotich,KEN
event_Q22964457,athlete_brian_peakerjeffrey_laydave_boyesgavin_hassett,CAN
event_Q8037906,athlete_piotr_stępień,POL
event_Q988372,athlete_takanori_kono,JPN
event_Q3628709,athlete_fatima_whitbread,GBR
event_Q3811005,athlete_kye_sun_hui,PRK
event_Q2328217,athlete_kim_nam_soon,KOR
event_Q4088890,athlete_gustav_wederdonat_acklinkurt_meierdomenico_semeraro,SUI
event_Q3628766,athlete_deon_hemmings,JAM
event_Q8037901,athlete_dennis_koslowski,USA
event_Q3879633,athlete_le_jingyi,CHN
event_Q10684073,athlete_richard_igbineghu,NGR
event_Q3879596,athlete_kristy_kowal,USA
event_Q2311908,athlete_kjersti_plätzer,NOR
event_Q3500417,athlete_atsuji_miyahara,JPN
event_Q1004913,athlete_johann_olav_koss,NOR
event_Q22964456,athlete_bertrand_vectenolivier_monceletdaniel_fauchégilles_bosquet,FRA
event_Q4088891,athlete_reto_götschiguido_acklin,SUI
event_Q1004989,athlete_vegard_ulvang,NOR
event_Q10572423,athlete_alfredo_duvergel,CUB
event_Q1076244,athlete_leisel_jones,AUS
event_Q10581228,athlete_chris_byrd,USA
event_Q3899246,athlete_emily_de_riel,USA
event_Q1005621,athlete_sébastien_amiez,FRA
event_Q988359,athlete_pavel_ploc,TCH
event_Q3500407,athlete_gerhard_himmel,FRG
event_Q3879581,athlete_johan_kenkhuis_mitja_zastrow_klaas_erik_zwering_pieter_van_den_hoogenband_mark_veens,NED
event_Q3879564,athlete_brooke_hanson,AUS
event_Q1408869,athlete_juliet_cuthbert,JAM
event_Q1408852,athlete_steve_lewis,USA
event_Q3628679,athlete_liz_mccolgan,GBR
event_Q10706346,athlete_baik_hyun_man,KOR
event_Q8037929,athlete_guivi_sissaouri,CAN
event_Q1141105,athlete_erik_vendt,USA
event_Q1005157,athlete_falko_zandstra,NED
event_Q1408920,athlete_lavonna_martin,USA
event_Q1004870,athlete_chae_ji_hoon,KOR
event_Q3837497,athlete_roberto_monzón,CUB
event_Q3837499,athlete_şeref_eroğlu,TUR
event_Q3837505,athlete_alireza_rezaei,IRI
event_Q3879627,athlete_eric_namesnik,USA
event_Q824919,athlete_marit_bjørgen,NOR
event_Q8037932,athlete_townsend_saunders,USA
event_Q8037918,athlete_juan_marén,CUB
event_Q541316,athlete_uwe_jens_mey,GDR
event_Q2311887,athlete_olga_kuzenkova,RUS
event_Q4160927,athlete_tiago_camilo,BRA
event_Q1005292,athlete_kjetil_andré_aamodt,NOR
event_Q3879580,athlete_steffen_driesen_jens_kruppa_thomas_rupprath_lars_conrad_helge_meeuw,GER
event_Q3879561,athlete_kirsty_coventry,ZIM
event_Q7500758,athlete_franck_badiou,FRA
event_Q824803,athlete_frode_estil,NOR
event_Q1005214,athlete_niklas_jonsson,SWE
event_Q10522594,athlete_ernesto_pérez,ESP
event_Q4354615,athlete_mikhail_nestruyev,RUS
event_Q7979985,athlete_valerios_leonidis,GRE
event_Q1423968,athlete_james_beckford,JAM
event_Q2426715,athlete_barbara_blatter,SUI
event_Q7979988,athlete_yoto_yotov,BUL
event_Q3811004,athlete_yuki_yokosawa,JPN
event_Q1004928,athlete_ricco_groß,GER
event_Q988351,athlete_sven_hannawald,GER
event_Q3879629,athlete_gustavo_borges,BRA
event_Q2312939,athlete_mbulaeni_mulaudzi,RSA
event_Q3811006,athlete_nestor_khergiani,GEO
event_Q38605,athlete_elvis_gregory_guillermo_betancourt_oscar_garcía_tulio_díaz_hermenegildo_garcía,CUB
event_Q1004924,athlete_halvard_hanevold,NOR
event_Q2310230,athlete_marie_hélène_prémont,CAN
event_Q3879642,athlete_tünde_szabó,HUN
event_Q25784,athlete_valentina_vezzali,ITA
event_Q10466389,athlete_nicola_fairbrother,GBR
event_Q1005557,athlete_lasse_kjus,NOR
event_Q3925471,athlete_yudel_johnson,CUB
event_Q826487,athlete_jochem_uytdehaage,NED
event_Q3879613,athlete_amanda_beard,USA
event_Q825058,athlete_lukáš_bauer,CZE
event_Q3879574,athlete_ryan_lochte,USA
event_Q3980074,athlete_óscar_salazar,MEX
event_Q3879656,athlete_norbert_rózsa,HUN
event_Q5443145,athlete_dorina_vaccaroni_margherita_zalaffi_francesca_bortolozzi_borella_lucia_traversa_annapia_gandolfi,ITA
event_Q3811007,athlete_claudia_heill,AUT
event_Q10522575,athlete_pascal_tayot,FRA
event_Q3951952,athlete_salvatore_sanzo,ITA
event_Q3628699,athlete_douglas_wakiihuri,KEN
event_Q3628759,athlete_glory_alozie,NGR
event_Q1408856,athlete_richard_chelimo,KEN
event_Q10522548,athlete_jason_morris,USA
event_Q25782,athlete_elisa_uga_laura_chiesa_margherita_zalaffi,ITA
event_Q10572432,athlete_nurmagomed_shanavazov,URS
event_Q2558983,athlete_bernard_lagat,KEN
event_Q3879565,athlete_brendan_hansen,USA
event_Q10466371,athlete_ryoko_tani,JPN
event_Q2313443,athlete_ejagayehu_dibaba,ETH
event_Q376518,athlete_mikhail_botvinov,AUT
event_Q2557129,athlete_hasna_benhassi,MAR
event_Q1005643,athlete_ole_kristian_furuseth,NOR
event_Q1005782,athlete_bode_miller,USA
event_Q579346,athlete_nataliya_burdeynaolena_sadovnychakateryna_serdyuk,UKR
event_Q3998587,athlete_bevan_docherty,NZL
event_Q25780,athlete_sergey_sharikov,RUS
event_Q8037962,athlete_davyd_saldadze,UKR
event_Q3628776,athlete_anastasia_kelesidou,GRE
event_Q3925462,athlete_viktar_zuyev,BLR
event_Q8037914,athlete_matt_ghaffari,USA
event_Q8037957,athlete_lázaro_rivas,CUB
event_Q7500762,athlete_anatoli_asrabayev,EUN
event_Q3837510,athlete_jamill_kelly,USA
event_Q1222713,athlete_christa_kinshofer,FRG
event_Q823194,athlete_radoslav_židek,SVK
event_Q10522593,athlete_naoya_ogawa,JPN
event_Q3628688,athlete_petra_müller,GDR
event_Q25793,athlete_iván_trevejo,CUB
event_Q1005374,athlete_daniel_franck,NOR
event_Q1004937,athlete_markus_gandler,AUT
event_Q1110152,athlete_olena_krasovska,UKR
event_Q8037928,athlete_namig_abdullayev,AZE
event_Q1424018,athlete_paul_tergat,KEN
event_Q13583141,athlete_gennady_golovkin,KAZ
event_Q1005047,athlete_pieralberto_carrara,ITA
event_Q1005741,athlete_stephan_eberharter,AUT
event_Q10495988,athlete_daniel_dumitrescu,ROU
event_Q1304082,athlete_camilla_martin,DEN
event_Q1074357,athlete_matt_welsh,AUS
event_Q3879634,athlete_gary_hall_jr,USA
event_Q8037916,athlete_aleksandr_pavlov,BLR
event_Q10719575,athlete_juan_hernández_sierra,CUB
event_Q10581227,athlete_malik_beyleroglu,TUR
event_Q2558493,athlete_hrysopiyi_devetzi,GRE
event_Q1005041,athlete_valeriy_medvedtsev,URS
event_Q8037903,athlete_askari_mohammadian,IRI
event_Q22964455,athlete_kjetil_undsetsteffen_størseth,NOR
event_Q591555,athlete_fabio_majgiorgio_di_centapietro_piller_cottrercristian_zorzi,ITA
event_Q3628779,athlete_lidia_șimon,ROM
event_Q3628697,athlete_lisa_martin,AUS
event_Q3628684,athlete_grace_jackson,JAM
event_Q2443986,athlete_meb_keflezighi,USA
event_Q4443767,athlete_ian_peel,GBR
event_Q11883936,athlete_tomoko_hasegawa,JPN
event_Q3925466,athlete_jérôme_thomas,FRA
event_Q370863,athlete_federica_pellegrini,ITA
event_Q3991750,athlete_he_yinglin_sangzhang_juanjuan,CHN
event_Q10706347,athlete_david_izonritei,NGR
event_Q8037970,athlete_yoel_romero,CUB
event_Q55615395,athlete_janusz_pawłowski,POL
event_Q8037909,athlete_hakkı_başar,TUR
event_Q10572462,athlete_george_cramne,SWE
event_Q3879587,athlete_michael_klim,AUS
event_Q38407,athlete_bence_szabó_csaba_köves_györgy_nébald_péter_abay_imre_bujdosó,HUN
event_Q605663,athlete_zhang_dan_zhang_hao,CHN
event_Q988348,athlete_jani_soininen,FIN
event_Q38599,athlete_serhiy_holubytskiy,EUN
event_Q3811013,athlete_hiroshi_izumi,JPN
event_Q1405425,athlete_mike_powell,USA
event_Q1005042,athlete_mark_kirchner,GER
event_Q1005124,athlete_valeri_kiriyenkovladimir_drachevsergei_tarasovsergei_tchepikov,RUS
event_Q1005133,athlete_egil_gjellandhalvard_hanevolddag_bjørndalenole_einar_bjørndalen,NOR
event_Q25795,athlete_valérie_barlois_mevel_leroux,FRA
event_Q4357642,athlete_rajyavardhan_singh_rathore,IND
event_Q2308435,athlete_roger_black,GBR
event_Q3837506,athlete_tonya_verbeek,CAN
event_Q4160923,athlete_driulis_gonzález,CUB
event_Q1005213,athlete_maurilio_de_zolt,ITA
event_Q10572439,athlete_mark_leduc,CAN
event_Q7979998,athlete_georgi_markov,BUL
event_Q10572421,athlete_roy_jones_jr,USA
event_Q7500782,athlete_wang_yifu,CHN
event_Q3879669,athlete_hayley_lewis,AUS
event_Q826529,athlete_derek_parra,USA
event_Q1005639,athlete_frank_wörndl,FRG
event_Q3998589,athlete_loretta_harrop,AUS
event_Q3561232,athlete_marty_nothstein,USA
event_Q1005103,athlete_marco_albarellofulvio_valbusafabio_majsilvio_fauner,ITA
event_Q8037955,athlete_aleksandr_karelin,RUS
event_Q3837504,athlete_chiharu_icho,JPN
event_Q10522553,athlete_raymond_stevens,GBR
event_Q3879622,athlete_petria_thomas,AUS
event_Q10609400,athlete_sandra_azónnatalia_vía_dufresne,ESP
event_Q2311149,athlete_steve_backley,GBR
event_Q3811000,athlete_tamerlan_tmenov,RUS
event_Q7500768,athlete_harald_stenvaag,NOR
event_Q1005172,athlete_dmitry_dorofeyev,RUS
event_Q25798,athlete_aleksandr_beketov_pavel_kolobkov_valery_zakharevich,RUS
event_Q3628791,athlete_brigita_bukovec,SLO
event_Q3628780,athlete_erick_wainaina,KEN
event_Q3879563,athlete_ian_crocker,USA
event_Q5443139,athlete_sergey_mindirgasov_mikhail_burtsev_heorhiy_pohosov_andrey_alshan_sergey_koryashkin,URS
event_Q1408906,athlete_lyudmila_rogachova,EUN
event_Q13424670,athlete_gianna_hablützel_bürki,SUI
event_Q3879641,athlete_jeff_rouse,USA
event_Q2526348,athlete_jan_ullrich,GER
event_Q1408846,athlete_juliet_cuthbert,JAM
event_Q1076288,athlete_ian_thorpe,AUS
event_Q7500760,athlete_vesela_letcheva,BUL
event_Q582514,athlete_bryan_clay,USA
event_Q7500776,athlete_li_duihong,CHN
event_Q1005212,athlete_mika_myllylä,FIN
event_Q3811002,athlete_jang_sung_ho,KOR
event_Q7500756,athlete_sergei_pyzhianov,EUN
event_Q7500764,athlete_afanasijs_kuzmins,LAT
event_Q8037905,athlete_stepan_sarkisyan,URS
event_Q8037920,athlete_marko_asell,FIN
event_Q10719573,athlete_laurent_boudouani,FRA
event_Q10572440,athlete_grahame_cheney,AUS
event_Q1004985,athlete_pål_gunnar_mikkelsplass,NOR
event_Q10466375,athlete_noriko_mizoguchi,JPN
event_Q3879570,athlete_takashi_yamamoto,JPN
event_Q3811010,athlete_vitaliy_makarov,RUS
event_Q252584,athlete_svetlana_fedotkina,RUS
event_Q8037963,athlete_artur_taymazov,UZB
event_Q10522571,athlete_bertalan_hajtós,HUN
event_Q3628767,athlete_lorraine_fenton,JAM
event_Q988369,athlete_andreas_schaadhippolyt_kempffredy_glanzmann,SUI
event_Q1409616,athlete_natalya_shikolenko,EUN
event_Q1221778,athlete_karin_kania,GDR
event_Q2306535,athlete_elana_meyer,RSA
event_Q3879618,athlete_whitney_hedgepeth,USA
event_Q7500791,athlete_albano_pera,ITA
event_Q3980075,athlete_bahri_tanrıkulu,TUR
event_Q1004952,athlete_shani_davis,USA
event_Q10581231,athlete_sándor_bárdosi,HUN
event_Q4000244,athlete_yelena_miroshina,EUN
event_Q826519,athlete_sabine_völker,GER
event_Q1027135,athlete_grigory_misutin,EUN
event_Q1408797,athlete_olha_bryzhina,EUN
event_Q3879649,athlete_glen_housman,AUS
event_Q3879644,athlete_norbert_rózsa,HUN
event_Q988364,athlete_ronny_ackermann,GER
event_Q4354069,athlete_kang_cho_hyun,KOR
event_Q10522576,athlete_vladimir_shestakov,URS
event_Q1005757,athlete_sébastien_foucras,FRA
event_Q3837509,athlete_sara_mcmann,USA
event_Q3628681,athlete_laimutė_baikauskaitė,URS
event_Q1005618,athlete_janne_lahtela,FIN
event_Q5448040,athlete_nancy_kerrigan,USA
event_Q38412,athlete_marco_marin,ITA
event_Q1004991,athlete_bjørn_dæhlie,NOR
event_Q988347,athlete_martin_höllwarth,AUT
event_Q5443155,athlete_sylwia_gruchała_magdalena_mroczkiewicz_anna_rybicka_barbara_wolnicka_szewczyk,POL
event_Q1408897,athlete_frankie_fredericks,NAM
event_Q10706348,athlete_david_defiagbon,CAN
event_Q3565760,athlete_tibor_komáromi,HUN
event_Q596754,athlete_nor_jens_arne_svartedal_tor_arne_hetland,
event_Q10497008,athlete_raúl_gonzález,CUB
event_Q3628701,athlete_ronald_weigel,GDR
event_Q3879647,athlete_jenny_thompson,USA
event_Q3628778,athlete_nicola_vizzoni,ITA
event_Q3561228,athlete_michelle_ferris,AUS
event_Q2552272,athlete_catherine_ndereba,KEN
event_Q3879655,athlete_lin_li,CHN
event_Q1005753,athlete_joe_pack,USA
event_Q988362,athlete_kazuyoshi_funaki,JPN
event_Q4000234,athlete_hu_jia_tian_liang,CHN
event_Q1005296,athlete_lasse_kjus,NOR
event_Q1005066,athlete_bjørn_dæhlie,NOR
event_Q3879576,athlete_otylia_jędrzejczak,POL
event_Q7979991,athlete_leonidas_kokas,GRE
event_Q3998591,athlete_stephan_vuckovic,GER
event_Q1004915,athlete_bob_de_jong,NED
event_Q1415848,athlete_theo_bos,NED
event_Q3879572,athlete_petria_thomas,AUS
event_Q8037940,athlete_makharbek_khadartsev,RUS
event_Q8037966,athlete_serafim_barzakov,BUL
event_Q10522550,athlete_cho_in_chul,KOR
event_Q3628695,athlete_randy_barnes,USA
event_Q3879660,athlete_anders_holmertz,SWE
event_Q3628700,athlete_ronald_weigel,GDR
event_Q3628760,athlete_violeta_szekely,ROM
event_Q1005063,athlete_vladimir_smirnov,URS
event_Q26860,athlete_frank_fredericks,NAM
event_Q3879659,athlete_franziska_van_almsick,GER
event_Q1141034,athlete_kaitlin_sandeno,USA
event_Q1005333,athlete_markus_prock,AUT
event_Q3925470,athlete_lorenzo_aragón,CUB
event_Q1005044,athlete_frank_luck,GER
event_Q10572463,athlete_marco_rudolph,GER
event_Q4467904,athlete_raema_lisa_rumbewas,INA
event_Q1005576,athlete_lasse_kjus,NOR
event_Q12808144,athlete_ruth_ogbeifo,NGR
event_Q55615399,athlete_frank_wieneke,FRG
event_Q7979987,athlete_kim_myong_nam,PRK
event_Q25239317,athlete_manfred_nerlinger,FRG
event_Q3879597,athlete_terence_parkin,RSA
event_Q1042644,athlete_nicole_hosp,AUT
event_Q1004935,athlete_marco_albarello,ITA
event_Q3811012,athlete_roman_gontyuk,UKR
event_Q1408876,athlete_tony_dees,USA
event_Q5481589,athlete_jasna_šekarić,SCG
event_Q3500383,athlete_stoyan_balov,BUL
event_Q372925,athlete_matti_hautamäki,FIN
event_Q3879657,athlete_eric_namesnik,USA
event_Q2306561,athlete_galina_astafei,ROM
event_Q4443766,athlete_delphine_racinet,FRA
event_Q615345,athlete_marlies_schild,AUT
event_Q576599,athlete_dmitri_dashinski,BLR
event_Q7979999,athlete_marc_huster,GER
event_Q1005805,athlete_marc_girardelli,LUX
event_Q55615398,athlete_sven_loll,GDR
event_Q3879648,athlete_gustavo_borges,BRA
event_Q3811008,athlete_jozef_krnáč,SVK
event_Q1421727,athlete_joan_llaneras,ESP
event_Q1004863,athlete_kim_yoon_man,KOR
event_Q128040,athlete_imelda_chiappa,ITA
event_Q1005192,athlete_mirko_vuillermin,ITA
event_Q4160926,athlete_larbi_benboudaoud,FRA
event_Q823675,athlete_lindsey_jacobellis,USA
event_Q3628773,athlete_wilson_kipketer,DEN
event_Q3879603,athlete_yana_klochkova,UKR
event_Q1407627,athlete_koichi_morishita,JPN
event_Q1408300,athlete_chen_szu_yuanliu_ming_huangwang_cheng_pang,TPE
